gross_delta,delta,iota,kappa,lambda,sigmah,sigmal,V0,r,alpha,pi,xi,mu_b,m,c,p,vb,sg_debt,debt,debt_diff,abs_debt_diff,debt_per_diff,abs_debt_per_diff,eq_vb,eq_min_val,sg_equity,equity,eq_negative,firm_value,leverage,ROE,cvml_vb,cvmh_vb,eq_deriv
0.02,0.0199,0.0001,0.01,NaN,NaN,0.25,100.0,0.08,0.6,0.27,1.0,1.0,3.0,1.2313231323132314,13.56275520756691,36.7275023853744,40.68805601730592,40.68948173027574,0.0012161075750043437,0.0012161075750043437,2.9888410242924066e-5,2.9888410242924066e-5,3.019806626980426e-14,NaN,63.594270642269294,63.614021096633806,false,104.30350282690955,39.010657003340974,7.255884710598326,NaN,NaN,NaN
