gross_delta,delta,iota,kappa,lambda,sigmah,sigmal,mu_b,m,c,p,vb,debt_diff,eq_deriv,eq_deriv_min_val,eq_min_val,eq_negative,eq_vb,abs_debt_diff,debt_per_diff,abs_debt_per_diff,debt,equity,firm_value,leverage,ROE,V0,r,alpha,pi,xi,opt
0.02,0.02,0.0,0.0025,0.2,0.2,0.15,1.0,5.0,3.0,18.984310273132575,86.55795941879296,-1.6382058093095395,-0.12685007286442274,-0.12685007286442274,-0.03780956598954124,true,0.0,1.6382058093095395,-0.01725852333574636,0.01725852333574636,93.28334555635334,9.387429671125869,102.67077522747921,90.85676556904639,39.763475252259205,100.0,0.08,0.6,0.27,1.0,false
0.02,0.02,0.0,0.0025,0.2,0.2,0.15,1.0,5.0,3.0,19.377341681536574,85.43077644605044,-1.4170616029663847,-0.2410951053472947,-0.2410951053472947,-0.1282049399845085,true,0.0,1.4170616029663847,-0.014625964967285599,0.014625964967285599,95.46964680471649,10.227478098638594,105.69712490335509,90.32378779650803,125.75454181555389,100.0,0.08,0.6,0.27,1.0,false
0.02,0.02,0.0,0.0025,0.2,0.2,0.15,1.0,5.0,3.0,19.770373089940573,84.39342595461463,-1.379956387056282,-0.3531184156198271,-0.3531184156198271,-0.25910693286806874,true,0.0,1.379956387056282,-0.013959841635547303,0.013959841635547303,97.47190906264659,11.029405532804894,108.50131459545148,89.83477244130343,336.27408214798135,100.0,0.08,0.6,0.27,1.0,false
0.02,0.02,0.0,0.0025,0.2,0.2,0.15,1.0,5.0,3.0,21.342498723556563,80.61324958215427,-1.10740075434218,-0.6685825685262425,-0.6685825685262425,-0.7688801191277018,true,0.0,1.10740075434218,-0.010377423643651414,0.010377423643651414,105.60509286344063,14.816589633689075,120.42168249712971,87.69607820913627,-364.34155498708463,100.0,0.08,0.6,0.27,1.0,false
0.02,0.02,0.0,0.0025,0.2,0.2,0.15,1.0,5.0,3.0,21.71615742011321,80.00748208852833,-1.0822529412303117,-0.7053908453195764,-0.7053908453195764,-0.8320399942989479,true,0.0,1.0822529412303117,-0.009947160181109325,0.009947160181109325,107.49853415933572,15.593859412631097,123.09239357196682,87.33158161920538,-307.95877009130714,100.0,0.08,0.6,0.27,1.0,false
0.02,0.02,0.0,0.0025,0.2,0.2,0.15,1.0,5.0,3.0,22.12856154036456,79.5734173493282,-1.1215193635325136,-0.7265248964720202,-0.7265248964720202,-0.8527770539749043,true,0.0,1.1215193635325136,-0.010136396452943926,0.010136396452943926,109.52128833829029,16.263538663827905,125.78482700211819,87.07034938041134,-270.8123741870452,100.0,0.08,0.6,0.27,1.0,false
