gross_delta,delta,iota,kappa,lambda,sigmah,sigmal,mu_b,m,c,p,vb,debt_diff,eq_deriv,eq_deriv_min_val,eq_min_val,eq_negative,eq_vb,abs_debt_diff,debt_per_diff,abs_debt_per_diff,debt,equity,firm_value,leverage,ROE,V0,r,alpha,pi,xi,opt
0.02,0.02,0.0,0.005,0.5,0.275,0.15,1.0,1.0,10.0,59.63013143419605,50.360695097953986,2.3963414989942606,4.2327252813834093e-16,0.041291892746512765,0.015614772474420531,false,0.0,2.3963414989942606,0.04018675527553897,0.04018675527553897,62.02647293319031,49.59128801127016,111.61776094446047,55.570432884829025,30.59436887182081,100.0,0.08,0.6,0.27,1.0,false
0.02,0.02,0.0,0.005,0.5,0.275,0.15,1.0,1.0,10.0,72.1893413025513,58.69885483901855,1.7887437668919404,-1.3877787807814457e-16,-0.013123999695646843,0.010412603868813916,false,0.0,1.7887437668919404,0.02477850240238614,0.02477850240238614,73.97808506944324,29.26502938105222,103.24311445049545,71.65425555320239,12.463012269274486,100.0,0.08,0.6,0.27,1.0,false
0.02,0.02,0.0,0.005,0.5,0.275,0.15,1.0,1.0,10.0,73.64434031579039,72.07190003472328,-0.00010865085790645601,4.3810223189264293e-16,-0.008334585332927434,-0.008857320942588585,true,0.0,0.00010865085790645601,0.00026682776459837493,0.00026682776459837493,73.64423166493248,23.2533516280852,96.89758329301768,76.00213458599147,-11.771300565176169,100.0,0.08,0.6,0.27,1.0,true
0.02,0.02,0.0,0.005,0.5,0.275,0.15,1.0,1.0,10.0,75.77768697922423,84.36761707010152,-2.0367678986014823,4.3021142204224816e-16,-0.004922512493795134,-0.0034013653107498086,false,0.0,2.0367678986014823,-0.026878200955908007,0.026878200955908007,73.74091908062275,16.485660158454632,90.22657923907738,81.72859893671482,-37.21920348594746,100.0,0.08,0.6,0.27,1.0,false
0.02,0.02,0.0,0.005,0.5,0.275,0.15,1.0,1.0,10.0,77.57185981756069,86.48373390644801,-3.049473264837019,-3.4954678040932663e-16,-0.005493117024366242,0.02607278647046622,false,0.0,3.049473264837019,-0.039311591497341924,0.039311591497341924,74.52238655272367,13.15047085933847,87.67285741206214,85.00052211423737,-48.38421233388988,100.0,0.08,0.6,0.27,1.0,false
0.02,0.02,0.0,0.005,0.5,0.275,0.15,1.0,1.0,10.0,79.36603265589716,88.6010108120348,-4.160606190307973,-3.885780586188048e-16,1.5736789795509076e-5,-0.0043834465092340395,false,0.0,4.160606190307973,-0.0524230083207873,0.0524230083207873,75.20542646558918,10.053690161445527,85.25911662703471,88.20807608712941,-59.452054509053575,100.0,0.08,0.6,0.27,1.0,false
