gross_delta,delta,iota,kappa,lambda,sigmah,sigmal,mu_b,m,c,p,vb,debt_diff,eq_deriv,eq_deriv_min_val,eq_min_val,eq_negative,eq_vb,abs_debt_diff,debt_per_diff,abs_debt_per_diff,debt,equity,firm_value,leverage,ROE,V0,r,alpha,pi,xi,opt
0.02,0.02,0.0,0.005,0.2,0.35,0.15,1.0,5.0,10.0,16.29841931561577,100.0,-21.49209419389335,-1.6372243438399356,-1.6372243438399356,-3.767560432676105,true,0.0,21.49209419389335,-0.263732252529562,0.263732252529562,60.00000238418551,0.4046532784756678,60.40465566266118,99.33009587748415,-98.9883667435128,100.0,0.08,0.6,0.27,1.0,false
0.02,0.02,0.0,0.005,0.2,0.35,0.15,1.0,5.0,10.0,17.687211644527896,96.74235720510181,-2.656280102122238e-6,-1.8938978360431857,-1.8938978360431857,-4.6218568572515,true,0.0,2.656280102122238e-6,-0.0023228075834353314,0.0023228075834353314,88.43605556635936,-3.8852246010938516,84.5508309652655,104.5951347334362,-133.5977453315268,100.0,0.08,0.6,0.27,1.0,false
0.02,0.02,0.0,0.005,0.2,0.35,0.15,1.0,5.0,10.0,19.741003047673185,94.1000968373889,13.191797281574168,-1.635641245125333,-1.635641245125333,-3.3310204127828995,true,0.0,13.191797281574168,0.13364870315572994,0.13364870315572994,111.8968125199401,-3.242073052502847,108.65473946743725,102.98383031278122,-72.74838914147088,100.0,0.08,0.6,0.27,1.0,false
0.02,0.02,0.0,0.005,0.2,0.35,0.15,1.0,5.0,10.0,20.88853095835899,93.77271638849271,11.566013958904918,-1.3850093298315096,-1.3850093298315096,-2.3111461759166243,true,0.0,11.566013958904918,0.11074032905388717,0.11074032905388717,116.00866875069987,-1.7908717443015878,114.21779700639829,101.56794456839442,-88.81311261922829,100.0,0.08,0.6,0.27,1.0,false
0.02,0.02,0.0,0.005,0.2,0.35,0.15,1.0,5.0,10.0,22.036058869044798,94.08761584028996,5.288467203798703,-1.1721498059305095,-1.1721498059305095,-1.6178117288877303,true,0.0,5.288467203798703,0.04799830346457904,0.04799830346457904,115.46876154902269,-0.8233337400165122,114.64542780900618,100.71815662931465,-94.67744242221815,100.0,0.08,0.6,0.27,1.0,false
0.02,0.02,0.0,0.005,0.2,0.35,0.15,1.0,5.0,10.0,23.757350735073505,93.60225484947811,3.089235261338743,-0.7511276354752188,-0.7511276354752188,-0.6230304461227681,true,0.0,3.089235261338743,0.026006563575104665,0.026006563575104665,121.87598893670626,1.8858149133174789,123.76180385002374,98.47625450288142,-108.62047845596238,100.0,0.08,0.6,0.27,1.0,false
