gross_delta,delta,iota,kappa,lambda,sigmah,sigmal,mu_b,m,c,p,vb,debt_diff,eq_deriv,eq_deriv_min_val,eq_min_val,eq_negative,eq_vb,abs_debt_diff,debt_per_diff,abs_debt_per_diff,debt,equity,firm_value,leverage,ROE,V0,r,alpha,pi,xi,opt
0.02,0.02,0.0,0.005,0.2,0.35,0.15,1.0,5.0,8.0,16.035203520352034,100.0,-20.176015217574673,-1.0813091261683105,-1.0813091261683105,-2.0701369402761087,true,0.0,20.176015217574673,-0.25164651252436027,0.25164651252436027,60.00000238418551,0.253549888560402,60.25355227274591,99.57919511962933,-99.36612524081711,100.0,0.08,0.6,0.27,1.0,false
0.02,0.02,0.0,0.005,0.2,0.35,0.15,1.0,5.0,8.0,17.628512851285127,98.02862845347929,-13.258806362267237,-1.4945547463522337,-1.4945547463522337,-3.53472711170421,true,0.0,13.258806362267237,-0.1504245590551975,0.1504245590551975,74.88375789415839,-2.0615279471159127,72.82222994704247,102.8309047232076,-108.20794742473213,100.0,0.08,0.6,0.27,1.0,false
0.02,0.02,0.0,0.005,0.2,0.35,0.15,1.0,5.0,8.0,18.15961596159616,98.10516396486076,-16.174709829136603,-1.601734104605788,-1.601734104605788,-3.9842826100380417,true,0.0,16.174709829136603,-0.17813933800519544,0.17813933800519544,74.6233699788442,-2.1573304703079588,72.46603950853624,102.97702273359899,-108.50124885971641,100.0,0.08,0.6,0.27,1.0,false
0.02,0.02,0.0,0.005,0.2,0.35,0.15,1.0,5.0,8.0,20.05276255182794,95.45463027870697,-0.0005597823243288502,-1.877006933717776,-1.877006933717776,-5.021549192383802,true,0.0,0.0005597823243288502,-0.011201590574624871,0.011201590574624871,100.26325297681537,-3.8692467902555485,96.39400618655982,104.01399105953439,1369.782730308599,100.0,0.08,0.6,0.27,1.0,false
0.02,0.02,0.0,0.005,0.2,0.35,0.15,1.0,5.0,8.0,21.346234623462344,92.82200441875348,20.949798718619277,-1.9300408113109673,-1.9300408113109673,-5.072459511612474,true,0.0,20.949798718619277,0.19628565963191155,0.19628565963191155,127.680971835931,-5.036336880709226,122.64463495522178,104.10644695754365,-81.80578012014787,100.0,0.08,0.6,0.27,1.0,false
0.02,0.02,0.0,0.005,0.2,0.35,0.15,1.0,5.0,8.0,23.47064706470647,92.47027453982939,30.62349493790302,-1.6736805925529892,-1.6736805925529892,-3.644122352716304,true,0.0,30.62349493790302,0.26095143311112634,0.26095143311112634,147.97673026143536,-3.234270756569308,144.74245950486605,102.23450034470403,-93.25866781886744,100.0,0.08,0.6,0.27,1.0,false
