gross_delta,delta,iota,kappa,lambda,sigmah,sigmal,mu_b,m,c,p,vb,debt_diff,eq_deriv,eq_deriv_min_val,eq_min_val,eq_negative,eq_vb,abs_debt_diff,debt_per_diff,abs_debt_per_diff,debt,equity,firm_value,leverage,ROE,V0,r,alpha,pi,xi,opt
0.02,0.02,0.0,0.001,0.1,0.2,0.15,1.0,1.0,11.0,74.8187634552929,76.55204657474344,1.840626703501627,1.214306433183765e-15,-1.5255611134884495e-5,0.0016200318122707078,false,0.0,1.840626703501627,0.024601137715961754,0.024601137715961754,76.65939015879452,39.68269429413486,116.34208445292938,65.89136727201239,70.01567038783662,100.0,0.08,0.6,0.27,1.0,false
0.02,0.02,0.0,0.001,0.1,0.2,0.15,1.0,1.0,11.0,76.41965380748601,78.38062926228243,1.484084351087958,1.8735013540549517e-16,-6.0418492362011855e-5,0.0020886621427901107,false,0.0,1.484084351087958,0.019420192020584346,0.019420192020584346,77.90373815857397,36.04924949943005,113.95298765800402,68.364805311098,63.14637180776428,100.0,0.08,0.6,0.27,1.0,false
0.02,0.02,0.0,0.001,0.1,0.2,0.15,1.0,1.0,11.0,81.15976144346743,83.7958285081561,-3.89930116969639e-5,-1.3158431761562318e-15,0.0003106904341452145,0.008988481320189602,false,0.0,3.89930116969639e-5,-0.0008176018499707356,0.0008176018499707356,81.15972245045575,24.641987662429294,105.80171011288505,76.70927281219032,30.79418600722994,100.0,0.08,0.6,0.27,1.0,true
0.02,0.02,0.0,0.001,0.1,0.2,0.15,1.0,1.0,11.0,87.6258862728378,91.18436141700876,-7.186666781855237,-8.357030345518268e-16,0.00048141747480209916,0.009529837756204175,false,0.0,7.186666781855237,-0.08201533915991847,0.08201533915991847,80.43921949098257,9.756125041747094,90.19534453272966,89.18333857219555,-50.12405032994689,100.0,0.08,0.6,0.27,1.0,false
0.02,0.02,0.0,0.001,0.1,0.2,0.15,1.0,1.0,11.0,90.82766697722404,94.84295735415897,-15.16434788657972,-2.5153490401663703e-16,-2.5153490401663703e-16,0.0031929346056768448,false,0.0,15.16434788657972,-0.16695736432801178,0.16695736432801178,75.66331909064432,3.8852659803218104,79.54858507096613,95.11585784102166,-84.03534978827697,100.0,0.08,0.6,0.27,1.0,false
0.02,0.02,0.0,0.001,0.1,0.2,0.15,1.0,1.0,11.0,92.42855732941715,96.67184021723078,-21.00961557096062,-2.5890747878953846e-16,-2.5890747878953846e-16,0.009058443180832071,false,0.0,21.00961557096062,-0.22730654007810538,0.22730654007810538,71.41894175845653,1.7516766539931177,73.17061841244964,97.60603819948709,-93.87119735319317,100.0,0.08,0.6,0.27,1.0,false
