gross_delta,delta,iota,kappa,lambda,sigmah,sigmal,mu_b,m,c,p,vb,debt_diff,eq_deriv,eq_deriv_min_val,eq_min_val,eq_negative,eq_vb,abs_debt_diff,debt_per_diff,abs_debt_per_diff,debt,equity,firm_value,leverage,ROE,V0,r,alpha,pi,xi,opt
0.02,0.02,0.0,0.003,0.2,0.35,0.15,1.0,10.0,5.0,4.25,91.21193104058273,121.68813000796393,-4.775760562059475,-4.775760562059475,-33.142853866692825,true,0.0,121.68813000796393,2.8632501178344456,2.8632501178344456,164.18813000796393,-24.627979839175698,139.56015016878823,117.64685679213578,-61.63156671471803,100.0,0.08,0.6,0.27,1.0,false
0.02,0.02,0.0,0.003,0.2,0.35,0.15,1.0,10.0,5.0,4.25,91.21193104058274,121.68813000796396,-4.775760562059477,-4.775760562059477,-33.142853866692825,true,0.0,121.68813000796396,2.8632501178344465,2.8632501178344465,164.188130007964,-24.6279798391757,139.56015016878828,117.64685679213578,-61.631566714718055,100.0,0.08,0.6,0.27,1.0,false
0.02,0.02,0.0,0.003,0.2,0.35,0.15,1.0,10.0,5.0,4.328947368421052,91.21193104058273,122.05323828843481,-4.76834480418785,-4.76834480418785,-33.07317460740804,true,0.0,122.05323828843481,2.8194669027115644,2.8194669027115644,165.34271197264533,-24.56665191977832,140.77606005286702,117.45087333070165,-62.4033787730409,100.0,0.08,0.6,0.27,1.0,false
0.02,0.02,0.0,0.003,0.2,0.35,0.15,1.0,10.0,5.0,4.407894736842105,91.21193104058273,122.4030523281479,-4.7607858238840475,-4.7607858238840475,-33.00015497580806,true,0.0,122.4030523281479,2.7769050677430567,2.7769050677430567,166.48199969656895,-24.503962761859462,141.97803693470948,117.25898124167469,-63.14195891564904,100.0,0.08,0.6,0.27,1.0,false
0.02,0.02,0.0,0.003,0.2,0.35,0.15,1.0,10.0,5.0,4.4868421052631575,91.21193104058273,122.73188924502692,-4.7531084699597175,-4.7531084699597175,-32.92384085501418,true,0.0,122.73188924502692,2.7353734846398963,2.7353734846398963,167.6003102976585,-24.440114151427345,143.16019614623116,117.07186411400481,-63.84615093656769,100.0,0.08,0.6,0.27,1.0,false
0.02,0.02,0.0,0.003,0.2,0.35,0.15,1.0,10.0,5.0,4.565789473684211,91.21193104058273,123.04523529741272,-4.745317416923887,-4.745317416923887,-32.843953447430465,true,0.0,123.04523529741272,2.694938871067252,2.694938871067252,168.70313003425483,-24.375166400323902,144.32796363393092,116.88873437038738,-64.52102489628837,100.0,0.08,0.6,0.27,1.0,false
