gross_delta,delta,iota,kappa,lambda,sigmah,sigmal,V0,r,alpha,pi,xi,mu_b,m,c,p,vb,sg_debt,debt,debt_diff,abs_debt_diff,debt_per_diff,abs_debt_per_diff,eq_vb,eq_min_val,sg_equity,equity,eq_negative,firm_value,leverage,ROE,cvml_vb,cvmh_vb,eq_deriv
0.02,0.0199,0.0001,0.015000000000000001,NaN,NaN,0.25,100.0,0.08,0.6,0.27,1.0,1.0,7.0,0.7388238823882388,7.275912027048726,40.782217053359496,50.93013114436242,51.047907567064435,0.11652337772335386,0.11652337772335386,0.0022878502043095833,0.0022878502043095833,-5.1514348342607263e-14,NaN,52.83463359991954,52.81751357726846,false,103.86542114433288,49.14812553075535,7.8963348699108815,NaN,NaN,NaN
