gross_delta,delta,iota,kappa,lambda,sigmah,sigmal,mu_b,m,c,p,vb,debt_diff,eq_deriv,eq_deriv_min_val,eq_min_val,eq_negative,eq_vb,abs_debt_diff,debt_per_diff,abs_debt_per_diff,debt,equity,firm_value,leverage,ROE,V0,r,alpha,pi,xi,opt
0.02,0.02,0.0,0.0025,0.3,0.275,0.15,1.0,3.0,6.0,28.755229470315452,91.87896244514874,-4.279790305127108,-0.27771893413148746,-0.27771893413148746,-0.16778178212342218,true,0.0,4.279790305127108,-0.04961173305357916,0.04961173305357916,81.98589810581925,3.163203257156749,85.149101362976,96.28510083309916,-82.44040543492991,100.0,0.08,0.6,0.27,1.0,false
0.02,0.02,0.0,0.0025,0.3,0.275,0.15,1.0,3.0,6.0,31.8737939583432,87.4382222320424,-3.447346098198139,-0.9167685336940735,-0.9167685336940735,-1.35520366352816,true,0.0,3.447346098198139,-0.03605204223782895,0.03605204223782895,92.17403577683146,4.775174134731499,96.94920991156296,95.07456106234655,-38.982929150190415,100.0,0.08,0.6,0.27,1.0,false
0.02,0.02,0.0,0.0025,0.3,0.275,0.15,1.0,3.0,6.0,32.92203192926124,82.49751201105656,-7.64056828053139e-5,-1.0696703304776873,-1.0696703304776873,-1.559161491724879,true,0.0,7.64056828053139e-5,-0.0007479228473244812,0.0007479228473244812,98.76601938210091,11.047659330614207,109.81367871271512,89.93963278516867,795.2862930232521,100.0,0.08,0.6,0.27,1.0,false
0.02,0.02,0.0,0.0025,0.3,0.275,0.15,1.0,3.0,6.0,34.212717324364014,78.38742650861305,3.2211157756587028,-1.1369548410117123,-1.1369548410117123,-1.5660736101673367,true,0.0,3.2211157756587028,0.03138322070045806,0.03138322070045806,105.85926774875075,16.695105071254034,122.55437282000479,86.37738932761373,-384.9350087272181,100.0,0.08,0.6,0.27,1.0,false
0.02,0.02,0.0,0.0025,0.3,0.275,0.15,1.0,3.0,6.0,35.771999568377886,78.92679591670752,3.797950396676484,-1.041305330725632,-1.041305330725632,-1.2731426682983469,true,0.0,3.797950396676484,0.03539034666314671,0.03539034666314671,111.11394910181015,16.526313962615717,127.64026306442587,87.05242878238654,-248.6988451289924,100.0,0.08,0.6,0.27,1.0,false
0.02,0.02,0.0,0.0025,0.3,0.275,0.15,1.0,3.0,6.0,37.331281812391765,81.44151343241803,4.267761455999761,-1.0593281425428531,-1.0593281425428531,-1.3578446500369978,true,0.0,4.267761455999761,0.03810710704092957,0.03810710704092957,116.26160689317506,12.681514286065578,128.94312117924062,90.16503232581341,-177.98438597964122,100.0,0.08,0.6,0.27,1.0,false
