gross_delta,delta,iota,kappa,lambda,sigmah,sigmal,mu_b,m,c,p,vb,debt_diff,eq_deriv,eq_deriv_min_val,eq_min_val,eq_negative,eq_vb,abs_debt_diff,debt_per_diff,abs_debt_per_diff,debt,equity,firm_value,leverage,ROE,V0,r,alpha,pi,xi,opt
0.02,0.02,0.0,0.004,0.75,0.3,0.15,1.0,7.0,4.0,10.980528315989494,98.3398118835597,-7.696710611966807,-1.9042189540438985,-1.9042189540438985,-8.770285334493844,true,0.0,7.696710611966807,-0.10013453413008636,0.10013453413008636,69.16698759995965,-2.514613503739231,66.65237409622043,103.77272908555229,-108.15558814401132,100.0,0.08,0.6,0.27,1.0,false
0.02,0.02,0.0,0.004,0.75,0.3,0.15,1.0,7.0,4.0,11.598095335849374,98.41621809863952,-12.091578630057256,-1.9679631232032824,-1.9679631232032824,-9.124049496153495,true,0.0,12.091578630057256,-0.14893552136816984,0.14893552136816984,69.09508872088836,-2.4753563216799352,66.61973239920842,103.71565035243124,-108.00958882982785,100.0,0.08,0.6,0.27,1.0,false
0.02,0.02,0.0,0.004,0.75,0.3,0.15,1.0,7.0,4.0,12.524445865639196,98.53083186723038,-18.74555147294923,-2.06330631704122,-2.06330631704122,-9.654104041955884,true,0.0,18.74555147294923,-0.21381671919345727,0.21381671919345727,68.92556958652514,-2.39999766629248,66.52557192023266,103.60763176778124,-107.7233842563105,100.0,0.08,0.6,0.27,1.0,false
0.02,0.02,0.0,0.004,0.75,0.3,0.15,1.0,7.0,4.0,15.637718804865028,88.21625620125474,-1.9512654738488053,-2.8460897199535227,-2.8460897199535227,-12.483481809560189,true,0.0,1.9512654738488053,-0.019593770680717423,0.019593770680717423,107.5127661602064,-12.714018623617697,94.7987475365887,113.41158923930989,69.23218895007386,100.0,0.08,0.6,0.27,1.0,false
0.02,0.02,0.0,0.004,0.75,0.3,0.15,1.0,7.0,4.0,15.92106447486854,89.51166471879775,-2.479794718914988,-2.8171463610910963,-2.8171463610910963,-12.524736305264776,true,0.0,2.479794718914988,-0.022250797927212837,0.022250797927212837,108.96765660516479,-12.439133767299866,96.52852283786493,112.88648515651003,38.71108490188762,100.0,0.08,0.6,0.27,1.0,false
0.02,0.02,0.0,0.004,0.75,0.3,0.15,1.0,7.0,4.0,16.22984798479848,91.9149922030771,-4.4140868279630325,-2.7413990791111527,-2.7413990791111527,-12.473518102376575,true,0.0,4.4140868279630325,-0.038853341889386606,0.038853341889386606,109.19484906562631,-11.528593254368506,97.66625581125781,111.8040700532718,25.380995077630743,100.0,0.08,0.6,0.27,1.0,false
