gross_delta,delta,iota,kappa,lambda,sigmah,sigmal,mu_b,m,c,p,vb,debt_diff,eq_deriv,eq_deriv_min_val,eq_min_val,eq_negative,eq_vb,abs_debt_diff,debt_per_diff,abs_debt_per_diff,debt,equity,firm_value,leverage,ROE,V0,r,alpha,pi,xi,opt
0.02,0.02,0.0,0.0025,0.2,0.35,0.15,1.0,3.0,2.0,19.956291681799758,75.80157908600424,0.35811635526815877,0.016316760471263774,0.016316760471263774,0.0033821063675412303,false,0.0,0.35811635526815877,0.005981678376227963,0.005981678376227963,60.22699140066744,13.244398437407344,73.47138983807478,81.97339336223669,-66.70003375698965,100.0,0.08,0.6,0.27,1.0,false
0.02,0.02,0.0,0.0025,0.2,0.35,0.15,1.0,3.0,2.0,20.22514909263557,77.65845408118942,-1.7179353538893045e-5,0.04301539629327582,0.04301539629327582,0.001182090133214399,false,0.0,1.7179353538893045e-5,4.353161009332136e-5,4.353161009332136e-5,60.67543009855318,11.847817317196965,72.52324741575015,83.66342140020618,-69.87171799490918,100.0,0.08,0.6,0.27,1.0,false
0.02,0.02,0.0,0.0025,0.2,0.35,0.15,1.0,3.0,2.0,20.55980861244019,77.6342958653003,-0.18033450272731955,-1.3757130501099168e-7,-1.3757130501099168e-7,0.0015029670066329438,false,0.0,0.18033450272731955,-0.0029237383500123953,0.0029237383500123953,61.499091334593246,11.70083873830241,73.19993007289565,84.01523235520825,-69.60892835026601,100.0,0.08,0.6,0.27,1.0,false
0.02,0.02,0.0,0.0025,0.2,0.35,0.15,1.0,3.0,2.0,21.163325543080624,73.57982602848136,-0.12756575646409374,-0.2388563785472736,-0.2388563785472736,-0.183091048040008,true,0.0,0.12756575646409374,-0.0020092267037524814,0.0020092267037524814,63.36241087277778,14.655667802468571,78.01807867524636,81.2150362437488,-59.99827458193964,100.0,0.08,0.6,0.27,1.0,false
0.02,0.02,0.0,0.0025,0.2,0.35,0.15,1.0,3.0,2.0,21.766842473721056,67.84920564810879,-0.0730532746084549,-0.608768745626442,-0.608768745626442,-0.8278799344729333,true,0.0,0.0730532746084549,-0.0011187241128588366,0.0011187241128588366,65.22747414655471,19.98716901116011,85.21464315771482,76.54491262239056,-42.52022675775863,100.0,0.08,0.6,0.27,1.0,false
0.02,0.02,0.0,0.0025,0.2,0.35,0.15,1.0,3.0,2.0,24.180910196282785,50.84222813432434,-1.0652698669999836,-2.4492799164977175,-2.4492799164977175,-4.879966419606197,true,0.0,1.0652698669999836,-0.014684722484981044,0.014684722484981044,71.47746072184837,47.31360213744529,118.79106285929366,60.170739280708695,65.88145142353328,100.0,0.08,0.6,0.27,1.0,false
