gross_delta,delta,iota,kappa,lambda,sigmah,sigmal,mu_b,m,c,p,vb,debt_diff,eq_deriv,eq_deriv_min_val,eq_min_val,eq_negative,eq_vb,abs_debt_diff,debt_per_diff,abs_debt_per_diff,debt,equity,firm_value,leverage,ROE,V0,r,alpha,pi,xi,opt
0.02,0.02,0.0,0.0025,0.2,0.35,0.15,1.0,3.0,10.0,32.05483706265363,91.21193104058273,0.2346725143911499,-1.163511889028463,-1.163511889028463,-1.8324727168132688,true,0.0,0.2346725143911499,0.0024403234778832754,0.0024403234778832754,96.39918370235205,0.7913393843862275,97.19052308673828,99.1857854456859,-78.02333362845727,100.0,0.08,0.6,0.27,1.0,false
0.02,0.02,0.0,0.0025,0.2,0.35,0.15,1.0,3.0,10.0,32.22304893158048,91.16264333724892,-3.082110272750022e-5,-1.1928916325619685,-1.1928916325619685,-1.910490887216359,true,0.0,3.082110272750022e-5,-0.00020027070017764414,0.00020027070017764414,96.6691159736387,0.6963071911905432,97.36542316482924,99.28485167674795,-79.09542374697455,100.0,0.08,0.6,0.27,1.0,false
0.02,0.02,0.0,0.0025,0.2,0.35,0.15,1.0,3.0,10.0,33.007761302446035,91.21193104058273,-1.793510574506442,-1.331700867362979,-1.331700867362979,-2.32297368222359,true,0.0,1.793510574506442,-0.018112008648236054,0.018112008648236054,97.22977333283167,-0.06544882028248689,97.16432451254919,100.06735890010128,-102.36257996712548,100.0,0.08,0.6,0.27,1.0,false
0.02,0.02,0.0,0.0025,0.2,0.35,0.15,1.0,3.0,10.0,34.91360978203083,90.73993707988821,-2.833899107375217,-1.599730308732944,-1.599730308732944,-3.182362780784631,true,0.0,2.833899107375217,-0.02705629815104132,0.02705629815104132,101.90693023871728,-1.1157021719799494,100.79122806673733,101.10694372256404,-41.492239761720896,100.0,0.08,0.6,0.27,1.0,false
0.02,0.02,0.0,0.0025,0.2,0.35,0.15,1.0,3.0,10.0,35.866534021823234,89.0179380253742,2.3432079553194285,-1.6491027897232875,-1.6491027897232875,-3.2659794901027506,true,0.0,2.3432079553194285,0.02177710614481351,0.02177710614481351,109.94281002078912,0.2497428271279948,110.19255284791711,99.77335779898604,-102.51179321143434,100.0,0.08,0.6,0.27,1.0,false
0.02,0.02,0.0,0.0025,0.2,0.35,0.15,1.0,3.0,10.0,37.77238250140804,89.72221825870493,4.291147548026075,-1.58867668070442,-1.58867668070442,-3.028665109619356,true,0.0,4.291147548026075,0.03786847482960259,0.03786847482960259,117.6082950522502,-0.15180664507260686,117.45648840717759,100.12924500564529,-99.13786857488394,100.0,0.08,0.6,0.27,1.0,false
