gross_delta,delta,iota,kappa,lambda,sigmah,sigmal,mu_b,m,c,p,vb,debt_diff,eq_deriv,eq_deriv_min_val,eq_min_val,eq_negative,eq_vb,abs_debt_diff,debt_per_diff,abs_debt_per_diff,debt,equity,firm_value,leverage,ROE,V0,r,alpha,pi,xi,opt
0.02,0.02,0.0,0.0025,0.2,0.35,0.15,1.0,3.0,4.0,30.094412072786223,78.56431999145548,-0.5110384445589489,-1.4286207647726104,-1.4286207647726104,-3.143524490887143,true,0.0,0.5110384445589489,-0.00566039129703939,0.00566039129703939,89.77219777379972,9.138724121393311,98.91092189519303,90.76065216430113,-10.648212399112577,100.0,0.08,0.6,0.27,1.0,false
0.02,0.02,0.0,0.0025,0.2,0.35,0.15,1.0,3.0,4.0,30.899913675578084,76.17747496088,-0.4385214257998058,-1.7383113252603757,-1.7383113252603757,-4.110649972306905,true,0.0,0.4385214257998058,-0.004730557183254028,0.004730557183254028,92.26121960093444,11.173049978818188,103.43426957975262,89.19792248331851,44.37740060652588,100.0,0.08,0.6,0.27,1.0,false
0.02,0.02,0.0,0.0025,0.2,0.35,0.15,1.0,3.0,4.0,31.70541527836994,73.32764786220613,-0.33944356410680143,-2.0115046962324934,-2.0115046962324934,-4.931783198229331,true,0.0,0.33944356410680143,-0.0035687233145770794,0.0035687233145770794,94.77680227100302,14.366679395903542,109.14348166690657,86.83688739218618,175.0552466383922,100.0,0.08,0.6,0.27,1.0,false
0.02,0.02,0.0,0.0025,0.2,0.35,0.15,1.0,3.0,4.0,32.5109168811618,69.43844314416015,-0.17370930400876716,-2.198334282617358,-2.198334282617358,-5.129583042656441,true,0.0,0.17370930400876716,-0.0017810356302134078,0.0017810356302134078,97.35904133947663,20.18723648085786,117.5462778203345,82.82613719873515,664.3904761787256,100.0,0.08,0.6,0.27,1.0,false
0.02,0.02,0.0,0.0025,0.2,0.35,0.15,1.0,3.0,4.0,33.316418483953655,62.782864519709996,-0.07470151981098638,-2.307350961368917,-2.307350961368917,-4.3384780183451115,true,0.0,0.07470151981098638,-0.0007473944600514331,0.0007473944600514331,99.87455393204998,33.169884538621154,133.04443847067114,75.06856737500284,26341.54980755231,100.0,0.08,0.6,0.27,1.0,false
0.02,0.02,0.0,0.0025,0.2,0.35,0.15,1.0,3.0,4.0,33.316418483953655,62.782864519709996,-0.07470151981098638,-2.307350961368917,-2.307350961368917,-4.3384780183451115,true,0.0,0.07470151981098638,-0.0007473944600514331,0.0007473944600514331,99.87455393204998,33.169884538621154,133.04443847067114,75.06856737500284,26341.54980755231,100.0,0.08,0.6,0.27,1.0,false
