gross_delta,delta,iota,kappa,lambda,sigmah,sigmal,mu_b,m,c,p,vb,debt_diff,eq_deriv,eq_deriv_min_val,eq_min_val,eq_negative,eq_vb,abs_debt_diff,debt_per_diff,abs_debt_per_diff,debt,equity,firm_value,leverage,ROE,V0,r,alpha,pi,xi,opt
0.02,0.02,0.0,0.0025,0.2,0.35,0.15,1.0,3.0,1.0,11.631589474736947,43.961191121962536,0.15085179328823983,7.213351012266833e-7,7.213351012266833e-7,1.9933742101326327e-5,false,0.0,0.15085179328823983,0.00432304898701019,0.00432304898701019,35.04562021749908,37.55301103984915,72.59863125734823,48.27311425923317,-42.18555982584235,100.0,0.08,0.6,0.27,1.0,false
0.02,0.02,0.0,0.0025,0.2,0.35,0.15,1.0,3.0,1.0,11.841651270390196,44.75804210303259,0.07354308526642228,1.9482573904855416e-8,1.9482573904855416e-8,6.491531614557003e-5,false,0.0,0.07354308526642228,0.002070181024226895,0.002070181024226895,35.59849689643701,36.834096468116876,72.4325933645539,49.14706935490968,-42.805532956452,100.0,0.08,0.6,0.27,1.0,false
0.02,0.02,0.0,0.0025,0.2,0.35,0.15,1.0,3.0,1.0,12.051713066043446,45.553993052876656,0.002979578042307196,-3.791762555829819e-7,-3.791762555829819e-7,0.000585652269932125,false,0.0,0.002979578042307196,8.241091331384715e-5,8.241091331384715e-5,36.15811877617264,36.121219823488936,72.27933859966157,50.02552524234352,-43.42080914431511,100.0,0.08,0.6,0.27,1.0,false
0.02,0.02,0.0,0.0025,0.2,0.35,0.15,1.0,3.0,1.0,12.06255656437005,45.526742750279425,-1.0339806508245422e-7,-0.004202298400225746,-0.004202298400225746,-0.0005797784602654513,false,0.0,1.0339806508245422e-7,-2.2286707344787654e-7,2.2286707344787654e-7,36.18766958971209,36.17844853056244,72.36611812027454,50.00637111633811,-43.30492508587383,100.0,0.08,0.6,0.27,1.0,false
0.02,0.02,0.0,0.0025,0.2,0.35,0.15,1.0,3.0,1.0,12.261774861696695,43.99430866965105,-0.04813687691868296,-0.1462143039729935,-0.1462143039729935,-0.04822128129702253,true,0.0,0.04813687691868296,-0.0013085891578130564,0.0013085891578130564,36.737187708171405,38.66093216980711,75.39811987797852,48.72427557560518,-38.888375699350966,100.0,0.08,0.6,0.27,1.0,false
0.02,0.02,0.0,0.0025,0.2,0.35,0.15,1.0,3.0,1.0,12.471836657349945,43.0659161859797,-0.12007459573710833,-0.2618364267464738,-0.2618364267464738,-0.13520404318576998,true,0.0,0.12007459573710833,-0.003209219808224091,0.003209219808224091,37.295435376312724,40.40493810995755,77.70037348627028,47.999042608080714,-35.56300350310673,100.0,0.08,0.6,0.27,1.0,false
