gross_delta,delta,iota,kappa,lambda,sigmah,sigmal,mu_b,m,c,p,vb,debt_diff,eq_deriv,eq_deriv_min_val,eq_min_val,eq_negative,eq_vb,abs_debt_diff,debt_per_diff,abs_debt_per_diff,debt,equity,firm_value,leverage,ROE,V0,r,alpha,pi,xi,opt
0.02,0.02,0.0,0.005,0.2,0.25,0.15,1.0,5.0,11.0,16.504878119390888,100.0,-22.52438821276894,-0.8301904602298957,-0.8301904602298957,-0.8932576014003316,true,0.0,22.52438821276894,-0.27294219381488166,0.27294219381488166,60.00000238418551,0.14240135756563507,60.14240374175114,99.76322636159158,-99.64399658486646,100.0,0.08,0.6,0.27,1.0,false
0.02,0.02,0.0,0.005,0.2,0.25,0.15,1.0,5.0,11.0,19.770957358893785,94.36874439347855,15.710351593379798,-0.3205645025300199,-0.3205645025300199,-0.11291120319071395,true,0.0,15.710351593379798,0.15892352917662472,0.15892352917662472,114.56513838784872,3.2863353223050944,117.85147371015381,97.21146013804837,-122.56302161225459,100.0,0.08,0.6,0.27,1.0,false
0.02,0.02,0.0,0.005,0.2,0.25,0.15,1.0,5.0,11.0,21.2952953310727,95.52146468946702,-2.9843980041466267e-5,-0.03210343747098751,0.015934717846716906,-0.004495140937546799,false,0.0,2.9843980041466267e-5,0.00646932190129066,0.00646932190129066,106.47644681138345,2.827599544190177,109.30404635557363,97.4130879519393,-143.65973544660616,100.0,0.08,0.6,0.27,1.0,false
0.02,0.02,0.0,0.005,0.2,0.25,0.15,1.0,5.0,11.0,22.492690058479532,95.92233271785385,-7.881000768919094,0.29960514614538786,0.29960514614538786,0.057412861521758576,false,0.0,7.881000768919094,-0.07007610693455522,0.07007610693455522,104.58244952347856,3.7939659512730164,108.37641547475158,96.49926975841261,-182.7934040917269,100.0,0.08,0.6,0.27,1.0,false
0.02,0.02,0.0,0.005,0.2,0.25,0.15,1.0,5.0,11.0,23.037036598396682,95.67098709188552,-7.611175630735218,0.47729638139758346,0.4041509056207379,0.08920479857516028,false,0.0,7.611175630735218,-0.06607773181438567,0.06607773181438567,107.57400736124819,4.865957118681373,112.43996447992957,95.67239536121524,-164.2454764907895,100.0,0.08,0.6,0.27,1.0,false
0.02,0.02,0.0,0.005,0.2,0.25,0.15,1.0,5.0,11.0,23.581383138313832,95.32465415688927,-6.427234014550166,0.5873161329953185,0.35130630536119595,0.1080261084156649,false,0.0,6.427234014550166,-0.05451108594311012,0.05451108594311012,111.479681677019,5.946452332595625,117.42613400961463,94.93600604094763,-151.79980159641303,100.0,0.08,0.6,0.27,1.0,false
