gross_delta,delta,iota,kappa,lambda,sigmah,sigmal,mu_b,m,c,p,vb,debt_diff,eq_deriv,eq_deriv_min_val,eq_min_val,eq_negative,eq_vb,abs_debt_diff,debt_per_diff,abs_debt_per_diff,debt,equity,firm_value,leverage,ROE,V0,r,alpha,pi,xi,opt
0.02,0.02,0.0,0.005,0.2,0.25,0.15,1.0,5.0,2.0,15.276571078160446,83.06105303282298,0.8163950120097354,-6.61120152444742e-8,-6.61120152444742e-8,0.0009831347012544914,false,0.0,0.8163950120097354,0.010688197080781598,0.010688197080781598,77.19925040281197,9.974460119041316,87.17371052185328,88.55794934122846,-56.25380614560389,100.0,0.08,0.6,0.27,1.0,false
0.02,0.02,0.0,0.005,0.2,0.25,0.15,1.0,5.0,2.0,15.576770133651088,82.99589693469954,-3.179437957918414e-5,-0.07147608648257917,-0.07147608648257917,-0.10601353769612269,true,0.0,3.179437957918414e-5,0.0002602764692652525,0.0002602764692652525,77.88381887387588,10.120871469635464,88.00469034351134,88.49962265632621,-54.23770762267601,100.0,0.08,0.6,0.27,1.0,false
0.02,0.02,0.0,0.005,0.2,0.25,0.15,1.0,5.0,2.0,16.895227680662803,80.8015413346161,-1.327089032180453,-0.31844969454234134,-0.31844969454234134,-0.28274874416844215,true,0.0,1.327089032180453,-0.015709631823421406,0.015709631823421406,83.14904937113356,10.844613141176472,93.99366251231002,88.46239964342682,-35.6439088807301,100.0,0.08,0.6,0.27,1.0,false
0.02,0.02,0.0,0.005,0.2,0.25,0.15,1.0,5.0,2.0,17.70455598191398,75.84565770847634,-0.9219752019312466,-0.6697587696480979,-0.6697587696480979,-0.9636484811190827,true,0.0,0.9219752019312466,-0.010415118039368926,0.010415118039368926,87.60080470763866,15.375724058588615,102.97652876622728,85.06871008101866,24.005822120254816,100.0,0.08,0.6,0.27,1.0,false
0.02,0.02,0.0,0.005,0.2,0.25,0.15,1.0,5.0,2.0,18.10922013253957,71.67871930048621,-0.570181831356777,-0.9608138361363752,-0.9608138361363752,-1.6418207745433842,true,0.0,0.570181831356777,-0.006297143965158888,0.006297143965158888,89.97591883134108,20.285713477909162,110.26163230925025,81.60220100767788,102.36980463939216,100.0,0.08,0.6,0.27,1.0,false
0.02,0.02,0.0,0.005,0.2,0.25,0.15,1.0,5.0,2.0,18.513884283165158,65.88970863325623,-0.2985069993211624,-1.26996133830671,-1.26996133830671,-2.294207815649162,true,0.0,0.2985069993211624,-0.0032246825653177227,0.0032246825653177227,92.27091441650462,28.972194141665565,121.24310855817019,76.10404872804358,274.8463363315907,100.0,0.08,0.6,0.27,1.0,false
