gross_delta,delta,iota,kappa,lambda,sigmah,sigmal,mu_b,m,c,p,vb,debt_diff,eq_deriv,eq_deriv_min_val,eq_min_val,eq_negative,eq_vb,abs_debt_diff,debt_per_diff,abs_debt_per_diff,debt,equity,firm_value,leverage,ROE,V0,r,alpha,pi,xi,opt
0.02,0.02,0.0,0.005,0.2,0.25,0.15,1.0,5.0,4.0,18.32896052763171,92.56717730551111,-5.618686775357048,-0.35936259109984464,-0.35936259109984464,-0.3076352591899267,true,0.0,5.618686775357048,-0.06130938813345833,0.06130938813345833,86.0261158628015,1.8084000577527224,87.83451592055422,97.94112822413867,-87.05871581589288,100.0,0.08,0.6,0.27,1.0,false
0.02,0.02,0.0,0.005,0.2,0.25,0.15,1.0,5.0,4.0,19.201105636879475,91.44036200056365,-6.008109187182441,-0.5431911044603341,-0.5431911044603341,-0.6454380845585267,true,0.0,6.008109187182441,-0.06258086696468868,0.06258086696468868,89.99741899721494,1.7811263919536349,91.77854538916857,98.0593216155245,-82.19333198643723,100.0,0.08,0.6,0.27,1.0,false
0.02,0.02,0.0,0.005,0.2,0.25,0.15,1.0,5.0,4.0,20.509323300751127,88.69456257635446,-5.033216994916074,-0.893535033335477,-0.893535033335477,-1.4973497018008723,true,0.0,5.033216994916074,-0.049082233685708576,0.049082233685708576,97.51339950883957,2.3473154147347457,99.86071492357432,97.64941056497422,-5.601425597751907,100.0,0.08,0.6,0.27,1.0,false
0.02,0.02,0.0,0.005,0.2,0.25,0.15,1.0,5.0,4.0,22.25361351924666,87.7764148639128,-6.0976718600599185,-1.1077283294023015,-1.1077283294023015,-2.134140616698317,true,0.0,6.0976718600599185,-0.054801633494588886,0.054801633494588886,105.17039573617338,1.9147326905648283,107.08512842673821,98.21195275320159,-137.03261390939346,100.0,0.08,0.6,0.27,1.0,false
0.02,0.02,0.0,0.005,0.2,0.25,0.15,1.0,5.0,4.0,22.78244835531295,84.80984777858643,-0.0003102522262201646,-1.1288126713050886,-1.1288126713050886,-2.031084932489272,true,0.0,0.0003102522262201646,-0.000972380498191705,0.000972380498191705,113.91193152433857,5.823684674625346,119.73561619896391,95.13621355157336,-141.8610792069883,100.0,0.08,0.6,0.27,1.0,false
0.02,0.02,0.0,0.005,0.2,0.25,0.15,1.0,5.0,4.0,23.125758628494427,81.40581588454842,7.211036099070483,-1.1385331246930401,-1.1385331246930401,-1.859566921135737,true,0.0,7.211036099070483,0.06236367173862481,0.06236367173862481,122.83982924154262,10.382864802864729,133.22269404440735,92.20638429710498,-145.4594677265786,100.0,0.08,0.6,0.27,1.0,false
