gross_delta,delta,iota,kappa,lambda,sigmah,sigmal,mu_b,m,c,p,vb,debt_diff,eq_deriv,eq_deriv_min_val,eq_min_val,eq_negative,eq_vb,abs_debt_diff,debt_per_diff,abs_debt_per_diff,debt,equity,firm_value,leverage,ROE,V0,r,alpha,pi,xi,opt
0.02,0.02,0.0,0.005,0.2,0.25,0.15,1.0,5.0,9.0,15.297863996926008,100.0,-16.489317600444537,-0.2419020823118473,-0.2419020823118473,-0.09646615294483948,true,0.0,16.489317600444537,-0.21557673154576276,0.21557673154576276,60.00000238418551,0.04123936700731033,60.041241751192814,99.93131493319508,-99.89690157633659,100.0,0.08,0.6,0.27,1.0,false
0.02,0.02,0.0,0.005,0.2,0.25,0.15,1.0,5.0,9.0,16.30919934098673,100.0,-21.54599432074815,-0.42112306015041123,-0.42112306015041123,-0.28218352572187405,true,0.0,21.54599432074815,-0.26421890946664445,0.26421890946664445,60.00000238418551,0.07075945268571239,60.07076183687122,99.88220650026403,-99.82310135774173,100.0,0.08,0.6,0.27,1.0,false
0.02,0.02,0.0,0.005,0.2,0.25,0.15,1.0,5.0,9.0,18.331870029108174,98.87937256308973,-21.66584097624039,-0.8628982978420265,-0.8628982978420265,-1.0748729425193635,true,0.0,21.66584097624039,-0.2363734953590483,0.2363734953590483,69.99350916930048,-0.6585870635442722,69.3349221057562,100.9498634216964,-102.19481533932144,100.0,0.08,0.6,0.27,1.0,false
0.02,0.02,0.0,0.005,0.2,0.25,0.15,1.0,5.0,9.0,19.677070735603845,95.24689418013627,-0.00016065560785316624,-0.8689713117944958,-0.8689713117944958,-0.9870729907308727,true,0.0,0.00016065560785316624,-0.004719118915935607,0.004719118915935607,98.38519302241136,0.34446728204715904,98.72966030445852,99.65110050922397,-78.66820698523703,100.0,0.08,0.6,0.27,1.0,false
0.02,0.02,0.0,0.005,0.2,0.25,0.15,1.0,5.0,9.0,20.354540717229618,93.7048206267887,8.908939579013406,-0.7841948967967866,-0.7841948967967866,-0.7822863901359569,true,0.0,8.908939579013406,0.08753761337854417,0.08753761337854417,110.68164316516149,1.1417857523534087,111.8234289175149,98.97893870416401,-110.68923324528738,100.0,0.08,0.6,0.27,1.0,false
0.02,0.02,0.0,0.005,0.2,0.25,0.15,1.0,5.0,9.0,21.36587606129034,93.69043063656557,5.566315015413295,-0.594489601666371,-0.594489601666371,-0.43847035008072205,true,0.0,5.566315015413295,0.05210472062503513,0.05210472062503513,112.39569532186499,2.1903172322110893,114.58601255407608,98.08849511088675,-117.66998280723753,100.0,0.08,0.6,0.27,1.0,false
