gross_delta,delta,iota,kappa,lambda,sigmah,sigmal,mu_b,m,c,p,vb,debt_diff,eq_deriv,eq_deriv_min_val,eq_min_val,eq_negative,eq_vb,abs_debt_diff,debt_per_diff,abs_debt_per_diff,debt,equity,firm_value,leverage,ROE,V0,r,alpha,pi,xi,opt
0.02,0.02,0.0,0.004,0.3,0.2,0.15,1.0,10.0,1.0,7.516026602660265,88.92336130436259,-0.991295825179833,-0.2743232885471983,-0.2743232885471983,-0.41140356059934624,true,0.0,0.991295825179833,-0.013189094152872852,0.013189094152872852,74.16897020142281,1.23766026902266,75.40663047044546,98.35868509002303,-95.20862978102859,100.0,0.08,0.6,0.27,1.0,false
0.02,0.02,0.0,0.004,0.3,0.2,0.15,1.0,10.0,1.0,7.7004068827935415,87.73088104218469,-1.158555425902776,-0.3270552739833416,-0.3270552739833416,-0.5464024877627193,true,0.0,1.158555425902776,-0.015045379335623848,0.015045379335623848,75.84551340203264,1.451947121993085,77.29746052402572,98.12161083669523,-93.98891333871171,100.0,0.08,0.6,0.27,1.0,false
0.02,0.02,0.0,0.004,0.3,0.2,0.15,1.0,10.0,1.0,8.069167443060094,83.75007655612974,-0.5821951981448734,-0.45334735119729935,-0.45334735119729935,-0.8728266748328392,true,0.0,0.5821951981448734,-0.0072150590783141046,0.0072150590783141046,80.10947923245607,2.9650631647305237,83.07454239718659,96.43084020787704,-85.0930842918466,100.0,0.08,0.6,0.27,1.0,false
0.02,0.02,0.0,0.004,0.3,0.2,0.15,1.0,10.0,1.0,8.253547723193371,81.85594053754069,-0.5801264858913555,-0.5212509602403189,-0.5212509602403189,-1.056790218491965,true,0.0,0.5801264858913555,-0.007028813612613358,0.007028813612613358,81.95535074604236,3.8828007286540145,85.83815147469637,95.47660258061521,-78.48225989872084,100.0,0.08,0.6,0.27,1.0,false
0.02,0.02,0.0,0.004,0.3,0.2,0.15,1.0,10.0,1.0,8.437928003326647,78.97438159382179,-0.4606333823985551,-0.6151843913584502,-0.6151843913584502,-1.302845449482325,true,0.0,0.4606333823985551,-0.005459081687079467,0.005459081687079467,83.91864665086791,5.692447410531539,89.61109406139946,93.64760862462944,-64.60218684990986,100.0,0.08,0.6,0.27,1.0,false
0.02,0.02,0.0,0.004,0.3,0.2,0.15,1.0,10.0,1.0,8.437928003326647,78.97438159382179,-0.4606333823985551,-0.6151843913584502,-0.6151843913584502,-1.302845449482325,true,0.0,0.4606333823985551,-0.005459081687079467,0.005459081687079467,83.91864665086791,5.692447410531539,89.61109406139946,93.64760862462944,-64.60218684990986,100.0,0.08,0.6,0.27,1.0,false
