gross_delta,delta,iota,kappa,lambda,sigmah,sigmal,mu_b,m,c,p,vb,debt_diff,eq_deriv,eq_deriv_min_val,eq_min_val,eq_negative,eq_vb,abs_debt_diff,debt_per_diff,abs_debt_per_diff,debt,equity,firm_value,leverage,ROE,V0,r,alpha,pi,xi,opt
0.02,0.02,0.0,0.001,0.2,0.3,0.15,1.0,3.0,2.0,20.24131492096578,74.63278800108912,0.5798480280563822,0.1671369404777516,0.1671369404777516,0.020128230665804117,false,0.0,0.5798480280563822,0.00954891896961662,0.00954891896961662,61.30379279095373,17.335690012571288,78.63948280352501,77.95548826804566,-55.2005448003736,100.0,0.08,0.6,0.27,1.0,false
0.02,0.02,0.0,0.001,0.2,0.3,0.15,1.0,3.0,2.0,20.811074528505483,72.16821579445963,0.47569937610713,-8.247587367546085e-7,-8.247587367546085e-7,0.0010070253020812393,false,0.0,0.47569937610713,0.007619330683054542,0.007619330683054542,62.908922961623574,19.58600576322243,82.494928724846,76.25792752843064,-47.194831406600315,100.0,0.08,0.6,0.27,1.0,false
0.02,0.02,0.0,0.001,0.2,0.3,0.15,1.0,3.0,2.0,21.380834136045184,74.19283323080171,0.014241089997781842,-1.5024964461750898e-6,-1.5024964461750898e-6,0.0012110894073090665,false,0.0,0.014241089997781842,0.00022202267549785467,0.00022202267549785467,64.15674349813334,17.544688448622757,81.70143194675609,78.5258495101329,-51.051633805346185,100.0,0.08,0.6,0.27,1.0,false
0.02,0.02,0.0,0.001,0.2,0.3,0.15,1.0,3.0,2.0,21.400308714176674,74.24317887883774,5.1466352467177335e-6,-0.0006013810315114256,-0.0006013810315114256,0.001761171690117153,false,0.0,5.1466352467177335e-6,-8.667037730391086e-7,8.667037730391086e-7,64.20093128916527,17.491157103493677,81.69208839265895,78.58892158635832,-51.140748255834076,100.0,0.08,0.6,0.27,1.0,false
0.02,0.02,0.0,0.001,0.2,0.3,0.15,1.0,3.0,2.0,21.950593743584886,73.68304176797616,-0.24558386197807636,-0.09803286129288721,-0.09803286129288721,-0.029018381124168557,true,0.0,0.24558386197807636,-0.003729342735886113,0.003729342735886113,65.60619736877658,17.94646686105169,83.55266422982827,78.52077246551187,-47.82063776582963,100.0,0.08,0.6,0.27,1.0,false
0.02,0.02,0.0,0.001,0.2,0.3,0.15,1.0,3.0,2.0,22.520353351124587,68.3127975851055,-0.13114184090058245,-0.433327460152922,-0.433327460152922,-0.40663612958307854,true,0.0,0.13114184090058245,-0.0019410861936887812,0.0019410861936887812,67.42991821247318,23.71418473775521,91.14410295022839,73.98165764963977,-27.190281889814294,100.0,0.08,0.6,0.27,1.0,false
