gross_delta,delta,iota,kappa,lambda,sigmah,sigmal,mu_b,m,c,p,vb,debt_diff,eq_deriv,eq_deriv_min_val,eq_min_val,eq_negative,eq_vb,abs_debt_diff,debt_per_diff,abs_debt_per_diff,debt,equity,firm_value,leverage,ROE,V0,r,alpha,pi,xi,opt
0.02,0.02,0.0,0.004,0.5,0.3,0.15,1.0,7.0,3.0,10.637538753875386,68.67732071295654,3.376294268472776,-2.9899328234994007,-2.9899328234994007,-11.813069839989593,true,0.0,3.376294268472776,0.0453420442264664,0.0453420442264664,77.83906554560048,3.147542787390516,80.986608332991,96.11350215525901,-85.79688598480718,100.0,0.08,0.6,0.27,1.0,false
0.02,0.02,0.0,0.004,0.5,0.3,0.15,1.0,7.0,3.0,11.589995841689431,70.3278168482831,2.530938267747132,-2.9546014416682844,-2.9546014416682844,-12.125977031013692,true,0.0,2.530938267747132,0.03119609485774052,0.03119609485774052,83.66090915957315,0.549830193933325,84.21073935350648,99.34707829648045,-96.63487889685445,100.0,0.08,0.6,0.27,1.0,false
0.02,0.02,0.0,0.004,0.5,0.3,0.15,1.0,7.0,3.0,12.451244726692373,86.65113908891891,-2.38852606766482e-5,-2.202940073232922,-2.202940073232922,-10.211494019309626,true,0.0,2.38852606766482e-5,0.0005311554507122125,0.0005311554507122125,87.15868920158597,-7.0263518404389576,80.13233736114701,108.76843490633752,-154.71678048090504,100.0,0.08,0.6,0.27,1.0,false
0.02,0.02,0.0,0.004,0.5,0.3,0.15,1.0,7.0,3.0,12.859938625441488,89.87733182970173,-0.6326003315921156,-2.102436443429726,-2.102436443429726,-10.098907522662405,true,0.0,0.6326003315921156,-0.007027364482357963,0.007027364482357963,89.3869700464983,-9.76174974011273,79.62522030638557,112.2596203847864,-191.97891443707752,100.0,0.08,0.6,0.27,1.0,false
0.02,0.02,0.0,0.004,0.5,0.3,0.15,1.0,7.0,3.0,13.494910017317519,82.4199702377646,-0.0703300455504916,-2.6151693310267023,-2.6151693310267023,-11.970094175964224,true,0.0,0.0703300455504916,-0.0007445139946441146,0.0007445139946441146,94.39404007567214,-10.905840024342826,83.48820005132931,113.06273223957135,-294.54009967169725,100.0,0.08,0.6,0.27,1.0,false
0.02,0.02,0.0,0.004,0.5,0.3,0.15,1.0,7.0,3.0,16.35228128075965,73.16366956581429,-0.20811276063730588,-2.5009136209930203,-2.5009136209930203,-9.34174471335316,true,0.0,0.20811276063730588,-0.0018181190664656208,0.0018181190664656208,114.25785620468025,-3.2361869216885473,111.02166928299171,102.91491466718949,-77.30242979567822,100.0,0.08,0.6,0.27,1.0,false
