gross_delta,delta,iota,kappa,lambda,sigmah,sigmal,V0,r,alpha,pi,xi,mu_b,m,c,p,vb,sg_debt,debt,debt_diff,abs_debt_diff,debt_per_diff,abs_debt_per_diff,eq_vb,eq_min_val,sg_equity,equity,eq_negative,firm_value,leverage,ROE,cvml_vb,cvmh_vb,eq_deriv
0.02,0.0185,0.0015,0.015000000000000001,NaN,NaN,0.25,100.0,0.08,0.6,0.27,1.0,1.0,7.0,0.767001700170017,7.403698622572851,44.168759299419186,51.825819097245684,51.953520439902974,0.12763008189301672,0.12763008189301672,0.0024626703180853473,0.0024626703180853473,-1.9539925233402755e-14,NaN,44.982351193485265,44.94693458353571,false,96.90045502343868,53.61535240194305,-6.451138574438897,NaN,NaN,NaN
