gross_delta,delta,iota,kappa,lambda,sigmah,sigmal,mu_b,m,c,p,vb,debt_diff,eq_deriv,eq_deriv_min_val,eq_min_val,eq_negative,eq_vb,abs_debt_diff,debt_per_diff,abs_debt_per_diff,debt,equity,firm_value,leverage,ROE,V0,r,alpha,pi,xi,opt
0.02,0.02,0.0,0.005,0.1,0.35,0.15,1.0,10.0,1.0,7.912712323863965,85.59661751216471,-1.6087720714974836,-0.38025706684805965,-0.38025706684805965,-0.6708235695867683,true,0.0,1.6087720714974836,-0.02033148692447196,0.02033148692447196,77.51835116714217,2.2663675710238556,79.78471873816602,97.15939642720116,-89.91903312842663,100.0,0.08,0.6,0.27,1.0,false
0.02,0.02,0.0,0.005,0.1,0.35,0.15,1.0,10.0,1.0,8.163443975976545,83.38981708559194,-1.3451234906726341,-0.5139958622015474,-0.5139958622015474,-1.0898625192108444,true,0.0,1.3451234906726341,-0.01647740211889829,0.01647740211889829,80.28931626909282,2.634248216630991,82.92356448572382,96.82328149667939,-86.63542953357636,100.0,0.08,0.6,0.27,1.0,false
0.02,0.02,0.0,0.005,0.1,0.35,0.15,1.0,10.0,1.0,9.166370584426863,71.78093648129122,-0.44626435983209944,-1.286311655231242,-1.286311655231242,-3.9289760770925457,true,0.0,0.44626435983209944,-0.0048684957227266915,0.0048684957227266915,91.21744148443653,7.310014418532795,98.52745590296934,92.58073361223113,-16.766687001529146,100.0,0.08,0.6,0.27,1.0,false
0.02,0.02,0.0,0.005,0.1,0.35,0.15,1.0,10.0,1.0,9.417102236539444,67.34719811914204,-0.38719688533629437,-1.6200211038842702,-1.6200211038842702,-5.122648426500563,true,0.0,0.38719688533629437,-0.0041116351464670926,0.0041116351464670926,93.78382548005814,10.70582004057377,104.48964552063191,89.75418091694084,72.22521675073406,100.0,0.08,0.6,0.27,1.0,false
0.02,0.02,0.0,0.005,0.1,0.35,0.15,1.0,10.0,1.0,9.667675926131567,53.72025213978718,-9.159311972848174e-6,-2.7391224732103447,-2.7391224732103447,-8.276626571629903,true,0.0,9.159311972848174e-6,-1.747592464265592e-7,1.747592464265592e-7,96.6767501020037,28.59962209416463,125.27637219616832,77.17077722415131,760.5919798992024,100.0,0.08,0.6,0.27,1.0,false
0.02,0.02,0.0,0.005,0.1,0.35,0.15,1.0,10.0,1.0,9.667833888652023,53.706792364030164,0.00043742500790244776,-2.7402425086566593,-2.7402425086566593,-8.279637725488527,true,0.0,0.00043742500790244776,4.5245399635578295e-6,4.5245399635578295e-6,96.67877631152814,28.618592325263553,125.29736863679169,77.15946261551407,761.6881911507546,100.0,0.08,0.6,0.27,1.0,false
