gross_delta,delta,iota,kappa,lambda,sigmah,sigmal,mu_b,m,c,p,vb,debt_diff,eq_deriv,eq_deriv_min_val,eq_min_val,eq_negative,eq_vb,abs_debt_diff,debt_per_diff,abs_debt_per_diff,debt,equity,firm_value,leverage,ROE,V0,r,alpha,pi,xi,opt
0.02,0.02,0.0,0.004,0.1,0.3,0.15,1.0,3.0,4.0,23.546933640732494,83.19095172052104,3.9129862491350877,0.44882807345344705,0.44882807345344705,0.063947497795452,false,0.0,3.9129862491350877,0.05539272202540258,0.05539272202540258,74.55378717133257,16.43475534921299,90.98854252054556,81.93755510975245,-35.41374718560174,100.0,0.08,0.6,0.27,1.0,false
0.02,0.02,0.0,0.004,0.1,0.3,0.15,1.0,3.0,4.0,32.300316830445766,75.94493236010116,-1.5954244254046124e-5,-1.3424668179524617,-1.3424668179524617,-2.327798401786665,true,0.0,1.5954244254046124e-5,-0.0005141632779442993,0.0005141632779442993,96.90093453709312,18.66800823062153,115.56894276771465,83.84686423225062,502.3754081371101,100.0,0.08,0.6,0.27,1.0,false
0.02,0.02,0.0,0.004,0.1,0.3,0.15,1.0,3.0,4.0,33.17798885151673,77.03596064354639,-1.0266337333788584,-1.4114022968890116,-1.4114022968890116,-2.612202722236413,true,0.0,1.0266337333788584,-0.01031440591505218,0.01031440591505218,98.50733282117133,16.157422300376293,114.66475512154763,85.90898983454069,982.4531100801325,100.0,0.08,0.6,0.27,1.0,false
0.02,0.02,0.0,0.004,0.1,0.3,0.15,1.0,3.0,4.0,33.91883925234628,76.37866376788284,-1.1946132956023092,-1.5353211974929708,-1.5353211974929708,-2.9424230838159233,true,0.0,1.1946132956023092,-0.011739919190775118,0.011739919190775118,100.56190446143653,16.689848074146703,117.25175253558322,85.76580075501924,-3070.2287879114856,100.0,0.08,0.6,0.27,1.0,false
0.02,0.02,0.0,0.004,0.1,0.3,0.15,1.0,3.0,4.0,34.65968965317584,74.40922812111796,-0.7809109211753764,-1.7131804371018517,-1.7131804371018517,-3.336985223912202,true,0.0,0.7809109211753764,-0.007510270374505234,0.007510270374505234,103.19815803835215,19.471847576187937,122.67000561454009,84.12664328281409,-708.8456962627405,100.0,0.08,0.6,0.27,1.0,false
0.02,0.02,0.0,0.004,0.1,0.3,0.15,1.0,3.0,4.0,35.4005400540054,73.3426955504041,-0.7412194433747743,-1.8450016293284075,-1.8450016293284075,-3.63410267805165,true,0.0,0.7412194433747743,-0.006979360976263873,0.006979360976263873,105.46040071864141,21.04529475483413,126.50569547347554,83.36415236004397,-485.4166724978083,100.0,0.08,0.6,0.27,1.0,false
