gross_delta,delta,iota,kappa,lambda,sigmah,sigmal,mu_b,m,c,p,vb,debt_diff,eq_deriv,eq_deriv_min_val,eq_min_val,eq_negative,eq_vb,abs_debt_diff,debt_per_diff,abs_debt_per_diff,debt,equity,firm_value,leverage,ROE,V0,r,alpha,pi,xi,opt
0.02,0.02,0.0,0.004,0.1,0.3,0.15,1.0,3.0,11.0,33.61494570509682,91.21193104058273,1.5133971008938119,-0.41430156438788157,-0.41430156438788157,-0.21492785132217068,true,0.0,1.5133971008938119,0.015007184742275172,0.015007184742275172,102.35823421618427,6.788132685917964,109.14636690210223,93.780706698184,-387.84811276724946,100.0,0.08,0.6,0.27,1.0,false
0.02,0.02,0.0,0.004,0.1,0.3,0.15,1.0,3.0,11.0,34.53256904637832,91.21193104058273,0.8120884375311874,-0.5100981310673496,-0.5100981310673496,-0.3191230600672208,true,0.0,0.8120884375311874,0.007838864970636147,0.007838864970636147,104.40979557666616,6.249212286507152,110.65900786317331,94.35273060261473,-241.7120630165721,100.0,0.08,0.6,0.27,1.0,false
0.02,0.02,0.0,0.004,0.1,0.3,0.15,1.0,3.0,11.0,35.00115809149417,91.38034069867068,6.654064409472582e-6,-0.5496880374183517,-0.5496880374183517,-0.3688384226032218,true,0.0,6.654064409472582e-6,0.00021213737345486018,0.00021213737345486018,105.0034809285469,5.738545702831698,110.74202663137861,94.81809582378936,-214.69106777425583,100.0,0.08,0.6,0.27,1.0,false
0.02,0.02,0.0,0.004,0.1,0.3,0.15,1.0,3.0,11.0,35.45019238765982,91.21193104058273,0.6233274351610589,-0.5786202628732161,-0.5786202628732161,-0.4029126601188942,true,0.0,0.6233274351610589,0.0058610630218379174,0.0058610630218379174,106.9739045981405,5.869448849706728,112.84335344784724,94.7985870054638,-184.16302183531064,100.0,0.08,0.6,0.27,1.0,false
0.02,0.02,0.0,0.004,0.1,0.3,0.15,1.0,3.0,11.0,36.36781572894131,89.70169714540948,6.858097318437871,-0.6063619680407574,-0.6063619680407574,-0.4183965383866758,true,0.0,6.858097318437871,0.06285866757898463,0.06285866757898463,115.9615445052618,8.338566466897296,124.30011097215909,93.29158566176584,-152.2416014574808,100.0,0.08,0.6,0.27,1.0,false
0.02,0.02,0.0,0.004,0.1,0.3,0.15,1.0,3.0,11.0,37.28543907022281,89.8371183152379,7.641020478546622,-0.6015123730234313,-0.6015123730234313,-0.40443104377348366,true,0.0,7.641020478546622,0.06831103212664909,0.06831103212664909,119.49733768921504,8.232034542086167,127.72937223130121,93.55509668740952,-142.22132617952101,100.0,0.08,0.6,0.27,1.0,false
