gross_delta,delta,iota,kappa,lambda,sigmah,sigmal,mu_b,m,c,p,vb,debt_diff,eq_deriv,eq_deriv_min_val,eq_min_val,eq_negative,eq_vb,abs_debt_diff,debt_per_diff,abs_debt_per_diff,debt,equity,firm_value,leverage,ROE,V0,r,alpha,pi,xi,opt
0.02,0.02,0.0,0.003,0.75,0.3,0.15,1.0,3.0,1.0,10.906081397613445,44.34827423598636,0.43705748881298945,2.0083176968232336e-7,2.0083176968232336e-7,0.00027425402947635997,false,0.0,0.43705748881298945,0.013358219537606785,0.013358219537606785,33.15530168165332,34.43546020218803,67.59076188384135,49.05300777439472,-48.48438085816503,100.0,0.08,0.6,0.27,1.0,false
0.02,0.02,0.0,0.003,0.75,0.3,0.15,1.0,3.0,1.0,11.497677399318878,46.65661332213247,0.040140551399417745,-4.0287045225892437e-7,-4.0287045225892437e-7,0.0005815289493327448,false,0.0,0.040140551399417745,0.0011637292763665953,0.0011637292763665953,34.533172749356055,32.479084447590594,67.01225719694665,51.53262133502574,-50.388485571108646,100.0,0.08,0.6,0.27,1.0,false
0.02,0.02,0.0,0.003,0.75,0.3,0.15,1.0,3.0,1.0,11.694876066554022,47.427789561115105,0.029586793541668044,-3.8414842845092834e-7,-3.8414842845092834e-7,0.0005793996252709811,false,0.0,0.029586793541668044,0.0008432979073710983,0.0008432979073710983,35.11421499320373,31.849661393422814,66.96387638662654,52.43754825432485,-50.9142697586431,100.0,0.08,0.6,0.27,1.0,false
0.02,0.02,0.0,0.003,0.75,0.3,0.15,1.0,3.0,1.0,11.888554702378705,48.21310086859534,8.45544685575475e-7,0.0010985284527326132,0.0010985284527326132,0.0011196884621354573,false,0.0,8.45544685575475e-7,1.9285195323806705e-7,1.9285195323806705e-7,35.66566495268079,31.18932856369449,66.85499351637529,53.34779509618072,-51.51993326618809,100.0,0.08,0.6,0.27,1.0,false
0.02,0.02,0.0,0.003,0.75,0.3,0.15,1.0,3.0,1.0,11.892074733789167,48.19924807624871,-0.000556673628963722,-3.185495299302607e-7,-3.185495299302607e-7,0.0005828672826695745,false,0.0,0.000556673628963722,-1.5603490599837193e-5,1.5603490599837193e-5,35.67566752773854,31.21994335442237,66.89561088216091,53.33035614336873,-51.46480009274045,100.0,0.08,0.6,0.27,1.0,false
0.02,0.02,0.0,0.003,0.75,0.3,0.15,1.0,3.0,1.0,12.089273401024311,43.570877457023286,-0.014146781949904152,-0.214796720828191,-0.214796720828191,-0.10436902279780971,true,0.0,0.014146781949904152,-0.0003900643013749559,0.0003900643013749559,36.253673421123025,38.77300295479048,75.0266763759135,48.32104415698451,-39.17609839554531,100.0,0.08,0.6,0.27,1.0,false
