gross_delta,delta,iota,kappa,lambda,sigmah,sigmal,mu_b,m,c,p,vb,debt_diff,eq_deriv,eq_deriv_min_val,eq_min_val,eq_negative,eq_vb,abs_debt_diff,debt_per_diff,abs_debt_per_diff,debt,equity,firm_value,leverage,ROE,V0,r,alpha,pi,xi,opt
0.02,0.02,0.0,0.003,0.75,0.3,0.15,1.0,3.0,11.0,31.04428469162706,91.21193104058273,2.6672092060365458,-1.4540566483974273,-1.4540566483974273,-2.6876931115858933,true,0.0,2.6672092060365458,0.028638757316425005,0.028638757316425005,95.80006328091773,-0.801530100719235,94.99853318019849,100.84372892284436,-119.08433755864725,100.0,0.08,0.6,0.27,1.0,false
0.02,0.02,0.0,0.003,0.75,0.3,0.15,1.0,3.0,11.0,31.728048403267366,91.17846186980255,-5.195999262039286e-5,-1.576170044097974,-1.576170044097974,-3.0800076827190597,true,0.0,5.195999262039286e-5,-0.0001236612359163874,0.0001236612359163874,95.1840932498095,-1.3553113857179522,93.82878186409154,101.44445164776954,-128.1423926172229,100.0,0.08,0.6,0.27,1.0,false
0.02,0.02,0.0,0.003,0.75,0.3,0.15,1.0,3.0,11.0,31.974211894873697,91.21193104058273,-0.8721626954965132,-1.6340805027990195,-1.6340805027990195,-3.270191836597102,true,0.0,0.8721626954965132,-0.009092355409874789,0.009092355409874789,95.05047298912459,-1.6422627354187964,93.40821025370579,101.75815673050394,-133.18019543706527,100.0,0.08,0.6,0.27,1.0,false
0.02,0.02,0.0,0.003,0.75,0.3,0.15,1.0,3.0,11.0,32.90413909812034,90.70010190102178,-1.7214341486421034,-1.7827533725149804,-1.7827533725149804,-3.7655827134210544,true,0.0,1.7214341486421034,-0.017438881508785024,0.017438881508785024,96.99098314571891,-2.021737212010595,94.96924593370832,102.1288335946374,-167.18929503947987,100.0,0.08,0.6,0.27,1.0,false
0.02,0.02,0.0,0.003,0.75,0.3,0.15,1.0,3.0,11.0,33.83406630136698,88.8236346862625,2.6020120611670734,-1.6812873842783764,-1.6812873842783764,-3.4466973997084134,true,0.0,2.6020120611670734,0.02563503145016049,0.02563503145016049,104.10421096526801,-0.5201741904477056,103.5840367748203,100.50217601731288,-87.32584180370617,100.0,0.08,0.6,0.27,1.0,false
0.02,0.02,0.0,0.003,0.75,0.3,0.15,1.0,3.0,11.0,34.763993504613616,89.43800031365461,5.305039403032055,-1.5331192922270072,-1.5331192922270072,-3.0130279113915974,true,0.0,5.305039403032055,0.050867184388429645,0.050867184388429645,109.59701991687291,-0.6938783672712059,108.9031415496017,100.63715183730963,-92.7698559210941,100.0,0.08,0.6,0.27,1.0,false
