gross_delta,delta,iota,kappa,lambda,sigmah,sigmal,mu_b,m,c,p,vb,debt_diff,eq_deriv,eq_deriv_min_val,eq_min_val,eq_negative,eq_vb,abs_debt_diff,debt_per_diff,abs_debt_per_diff,debt,equity,firm_value,leverage,ROE,V0,r,alpha,pi,xi,opt
0.02,0.02,0.0,0.003,0.75,0.3,0.15,1.0,3.0,9.0,31.106588290407984,91.21193104058273,-1.367547683964446,-1.2477264051169004,-1.2477264051169004,-2.2880784280044355,true,0.0,1.367547683964446,-0.01465442702145237,0.01465442702145237,91.9522171872595,-0.6184278891626196,91.33378929809689,100.6771074472167,-107.68445053193511,100.0,0.08,0.6,0.27,1.0,false
0.02,0.02,0.0,0.003,0.75,0.3,0.15,1.0,3.0,9.0,31.981729751922558,88.35558366328814,-0.8182108962753034,-1.6102217995132306,-1.6102217995132306,-3.3310422819671013,true,0.0,0.8182108962753034,-0.008527899133057548,0.008527899133057548,95.12697835949237,0.22324232747319442,95.35022068696557,99.76587120001945,-95.41881107981415,100.0,0.08,0.6,0.27,1.0,false
0.02,0.02,0.0,0.003,0.75,0.3,0.15,1.0,3.0,9.0,32.48442478578148,86.77226422984828,3.391587477305502e-5,-1.6392313197513846,-1.6392313197513846,-3.3910621649647137,true,0.0,3.391587477305502e-5,-0.00011365127103932574,0.00011365127103932574,97.45330827321919,1.4232895450016798,98.87659781822087,98.56053952461197,-44.11221703693147,100.0,0.08,0.6,0.27,1.0,false
0.02,0.02,0.0,0.003,0.75,0.3,0.15,1.0,3.0,9.0,33.732012674951704,84.6215254163379,2.1890841314443463,-1.4540651447703892,-1.4540651447703892,-2.7810897815835123,true,0.0,2.1890841314443463,0.021632113017178378,0.021632113017178378,103.38512215629946,3.769127212027309,107.15424936832677,96.48252193987054,-211.34390541898895,100.0,0.08,0.6,0.27,1.0,false
0.02,0.02,0.0,0.003,0.75,0.3,0.15,1.0,3.0,9.0,34.60715413646627,85.51419096695334,2.8859363301522336,-1.336030221475586,-1.336030221475586,-2.419103282526526,true,0.0,2.8859363301522336,0.027797107295331008,0.027797107295331008,106.70739873955104,3.052037447057504,109.75943618660854,97.21933935423233,-145.50254973005815,100.0,0.08,0.6,0.27,1.0,false
0.02,0.02,0.0,0.003,0.75,0.3,0.15,1.0,3.0,9.0,35.482295597980844,87.2282033145496,2.991699630608622,-1.3125636999358132,-1.3125636999358132,-2.406001772754919,true,0.0,2.991699630608622,0.028105092790547143,0.028105092790547143,109.43858642455115,1.3591230942927388,110.79770951884389,98.7733292500405,-114.39964665426446,100.0,0.08,0.6,0.27,1.0,false
