gross_delta,delta,iota,kappa,lambda,sigmah,sigmal,mu_b,m,c,p,vb,debt_diff,eq_deriv,eq_deriv_min_val,eq_min_val,eq_negative,eq_vb,abs_debt_diff,debt_per_diff,abs_debt_per_diff,debt,equity,firm_value,leverage,ROE,V0,r,alpha,pi,xi,opt
0.02,0.02,0.0,0.003,0.75,0.3,0.15,1.0,3.0,5.0,27.274963022618053,88.82589127080281,-1.031957026239482,-0.6014053009062384,-0.6014053009062384,-0.8437213063851876,true,0.0,1.031957026239482,-0.012611774216812205,0.012611774216812205,80.79293204161468,2.349258850352444,83.14219089196712,97.17440829361232,-87.76877941264941,100.0,0.08,0.6,0.27,1.0,false
0.02,0.02,0.0,0.003,0.75,0.3,0.15,1.0,3.0,5.0,28.05115906327475,86.61098989672493,-0.9397210340000441,-0.7667640902647606,-0.7667640902647606,-1.2193283199298166,true,0.0,0.9397210340000441,-0.011166752288563475,0.011166752288563475,83.2137561558242,3.4208428759665845,86.63459903179078,96.0514125831975,-79.62115344134305,100.0,0.08,0.6,0.27,1.0,false
0.02,0.02,0.0,0.003,0.75,0.3,0.15,1.0,3.0,5.0,28.827355103931446,83.82882177106474,-0.6351310240978592,-0.9792960323133731,-0.9792960323133731,-1.738773023526792,true,0.0,0.6351310240978592,-0.007344077894162416,0.007344077894162416,85.84693428769648,5.189183724907872,91.03611801260436,94.29986269384926,-63.3352672107159,100.0,0.08,0.6,0.27,1.0,false
0.02,0.02,0.0,0.003,0.75,0.3,0.15,1.0,3.0,5.0,29.603551144588142,79.14555330250974,-0.2988644497371098,-1.3931755531830707,-1.3931755531830707,-2.8152128432346464,true,0.0,0.2988644497371098,-0.003365186925012379,0.003365186925012379,88.51178898402732,9.249143078588627,97.76093206261595,90.53901913223929,-19.49013588165256,100.0,0.08,0.6,0.27,1.0,false
0.02,0.02,0.0,0.003,0.75,0.3,0.15,1.0,3.0,5.0,30.12810191241121,73.3410669694891,5.6517828061763975e-6,-1.3894517159045092,-1.3894517159045092,-2.5349271029459324,true,0.0,5.6517828061763975e-6,-8.280148270202806e-6,8.280148270202806e-6,90.38431138901642,17.014851253069665,107.39916264208608,84.15737065867764,76.94885869779873,100.0,0.08,0.6,0.27,1.0,false
0.02,0.02,0.0,0.003,0.75,0.3,0.15,1.0,3.0,5.0,30.37974718524484,69.41136588183645,0.18433876139813776,-1.192092947603674,-1.192092947603674,-1.7341227571639275,true,0.0,0.18433876139813776,0.0020226058309406577,0.0020226058309406577,91.32358031713267,23.15543089585943,114.47901121299209,79.77320851175247,166.87771848545657,100.0,0.08,0.6,0.27,1.0,false
