gross_delta,delta,iota,kappa,lambda,sigmah,sigmal,mu_b,m,c,p,vb,debt_diff,eq_deriv,eq_deriv_min_val,eq_min_val,eq_negative,eq_vb,abs_debt_diff,debt_per_diff,abs_debt_per_diff,debt,equity,firm_value,leverage,ROE,V0,r,alpha,pi,xi,opt
0.02,0.02,0.0,0.004,0.5,0.275,0.15,1.0,7.0,1.0,8.072407240724074,69.65185493840146,1.3537620364681473,-0.4123841517082666,-0.4123841517082666,-0.7579344774680475,true,0.0,1.3537620364681473,0.023957485155439183,0.023957485155439183,57.86061272153666,9.23346197947193,67.0940747010086,86.23803663644067,-78.08828610046976,100.0,0.08,0.6,0.27,1.0,false
0.02,0.02,0.0,0.004,0.5,0.275,0.15,1.0,7.0,1.0,8.348932261647219,70.749674985585,1.0167377548650265,-0.4126444535219851,-0.4126444535219851,-0.7626305051901231,true,0.0,1.0167377548650265,0.017397224716055697,0.017397224716055697,59.45926358639556,8.542599272229314,68.00186285862488,87.43769815543246,-78.92835693689413,100.0,0.08,0.6,0.27,1.0,false
0.02,0.02,0.0,0.004,0.5,0.275,0.15,1.0,7.0,1.0,8.625457282570363,71.80463106163467,1.0929822074155666,-0.41299937946980486,-0.41299937946980486,-0.7661961799439054,true,0.0,1.0929822074155666,0.018102265216778348,0.018102265216778348,61.4711831854081,7.954130510342756,69.42531369575086,88.54289583018537,-79.35537302217308,100.0,0.08,0.6,0.27,1.0,false
0.02,0.02,0.0,0.004,0.5,0.275,0.15,1.0,7.0,1.0,9.178507324416653,78.16619264144747,0.2814819656885277,-0.3155177971222346,-0.3155177971222346,-0.5422127223330124,true,0.0,0.2814819656885277,0.004381072865421619,0.004381072865421619,64.5310332366051,4.747000883850747,69.27803412045584,93.14789897819995,-86.61646696528582,100.0,0.08,0.6,0.27,1.0,false
0.02,0.02,0.0,0.004,0.5,0.275,0.15,1.0,7.0,1.0,9.277299641314825,79.73202487496373,3.7387149591332214e-5,-0.2885712582084097,-0.2885712582084097,-0.4790569512159696,true,0.0,3.7387149591332214e-5,-0.00020481942582625617,0.00020481942582625617,64.94113487635335,4.003440241478015,68.94457511783136,94.19324836706029,-88.58080480540781,100.0,0.08,0.6,0.27,1.0,false
0.02,0.02,0.0,0.004,0.5,0.275,0.15,1.0,7.0,1.0,11.943757533648101,53.75543539938723,-5.1970082291773565,-1.3438041600541943,-1.3438041600541943,-2.515038013753866,true,0.0,5.1970082291773565,-0.06216048382879126,0.06216048382879126,78.40929450635936,39.07511600855101,117.48441051491037,66.74016932349348,80.98119128187011,100.0,0.08,0.6,0.27,1.0,false
