gross_delta,delta,iota,kappa,lambda,sigmah,sigmal,mu_b,m,c,p,vb,debt_diff,eq_deriv,eq_deriv_min_val,eq_min_val,eq_negative,eq_vb,abs_debt_diff,debt_per_diff,abs_debt_per_diff,debt,equity,firm_value,leverage,ROE,V0,r,alpha,pi,xi,opt
0.02,0.02,0.0,0.004,0.5,0.275,0.15,1.0,7.0,3.0,13.582379290560633,83.99718619844694,-0.3681514973582125,-2.3978310348931737,-2.3978310348931737,-10.490219039167663,true,0.0,0.3681514973582125,-0.003872154497093444,0.003872154497093444,94.70850353656621,-9.706957597271359,85.00154593929486,111.41974241763053,-283.4444691468671,100.0,0.08,0.6,0.27,1.0,false
0.02,0.02,0.0,0.004,0.5,0.275,0.15,1.0,7.0,3.0,13.891118059174337,73.18801246929682,-0.24498047133053547,-2.5075566098485202,-2.5075566098485202,-9.927642598386266,true,0.0,0.24498047133053547,-0.0025193947701684614,0.0025193947701684614,96.99284594288983,-0.9912660107505609,96.00157993213926,101.03255176784722,-132.96359255046454,100.0,0.08,0.6,0.27,1.0,false
0.02,0.02,0.0,0.004,0.5,0.275,0.15,1.0,7.0,3.0,14.19985682778804,74.36420496145793,-0.1559601301461413,-2.4882008877233592,-2.4882008877233592,-9.974153897945822,true,0.0,0.1559601301461413,-0.001569031213660239,0.001569031213660239,99.24303766437014,-2.506658489174229,96.7363791751959,102.59122628999222,-431.14705596130483,100.0,0.08,0.6,0.27,1.0,false
0.02,0.02,0.0,0.004,0.5,0.275,0.15,1.0,7.0,3.0,15.434811902242853,72.40241635830981,-0.1211101453886414,-2.314753388290218,-2.314753388290218,-7.963010522166746,true,0.0,0.1211101453886414,-0.0011209368439870906,0.0011209368439870906,107.92257317031132,0.6046367482392643,108.52720991855058,99.44287082594951,-107.631822833837,100.0,0.08,0.6,0.27,1.0,false
0.02,0.02,0.0,0.004,0.5,0.275,0.15,1.0,7.0,3.0,15.541778605683792,72.7543092020642,-2.6211970525213957e-6,-2.3123621172623166,-2.3123621172623166,-8.009717270914768,true,0.0,2.6211970525213957e-6,-4.232842371828388e-5,4.232842371828388e-5,108.7924476185895,0.2644984895307778,109.05694610812029,99.75746754427861,-103.00824640651325,100.0,0.08,0.6,0.27,1.0,false
0.02,0.02,0.0,0.004,0.5,0.275,0.15,1.0,7.0,3.0,16.05228943947026,80.14583788787156,1.2182398114234871,-2.3646907790725797,-2.3646907790725797,-9.872308144490148,true,0.0,1.2182398114234871,0.010841709491411161,0.010841709491411161,113.58426588771532,-7.787985500739313,105.79628038697601,107.3613036982518,-42.66907343309413,100.0,0.08,0.6,0.27,1.0,false
