gross_delta,delta,iota,kappa,lambda,sigmah,sigmal,mu_b,m,c,p,vb,debt_diff,eq_deriv,eq_deriv_min_val,eq_min_val,eq_negative,eq_vb,abs_debt_diff,debt_per_diff,abs_debt_per_diff,debt,equity,firm_value,leverage,ROE,V0,r,alpha,pi,xi,opt
0.02,0.02,0.0,0.004,0.3,0.225,0.15,1.0,3.0,10.0,32.64951495149515,91.21193104058273,0.3690487654684489,-0.43970216138719426,-0.43970216138719426,-0.25875185401239914,true,0.0,0.3690487654684489,0.003767782012654869,0.003767782012654869,98.3175936199539,6.207540233937417,104.52513385389132,94.06119848397944,268.96794422328037,100.0,0.08,0.6,0.27,1.0,false
0.02,0.02,0.0,0.004,0.3,0.225,0.15,1.0,3.0,10.0,33.434368436843684,91.21193104058273,-1.3989298613123538,-0.5610003885779605,-0.5610003885779605,-0.41012649866578466,true,0.0,1.3989298613123538,-0.01394702444138065,0.01394702444138065,98.9041754492187,5.607934366602987,104.51210981582169,94.63417743983385,411.75476608957496,100.0,0.08,0.6,0.27,1.0,false
0.02,0.02,0.0,0.004,0.3,0.225,0.15,1.0,3.0,10.0,34.104333920126884,90.36786665568141,-5.0349082461154104e-5,-0.6408248517465247,-0.6408248517465247,-0.5147712470478736,true,0.0,5.0349082461154104e-5,-0.0003595149702017085,0.0003595149702017085,102.31295141129819,6.452534324977982,108.76548573627616,94.06747987994699,-378.97405425202504,100.0,0.08,0.6,0.27,1.0,false
0.02,0.02,0.0,0.004,0.3,0.225,0.15,1.0,3.0,10.0,35.00407540754075,89.37878104986711,2.7012740323782225,-0.6796291608620116,-0.6796291608620116,-0.5611085022382012,true,0.0,2.7012740323782225,0.025723424114937013,0.025723424114937013,107.71350025500048,7.6602151425582745,115.37371539755875,93.36051966761889,-199.3091967241764,100.0,0.08,0.6,0.27,1.0,false
0.02,0.02,0.0,0.004,0.3,0.225,0.15,1.0,3.0,10.0,35.78892889288929,89.50309344987465,3.778872835079767,-0.6315303880592724,-0.6315303880592724,-0.48217149649707164,true,0.0,3.778872835079767,0.03519592000447352,0.03519592000447352,111.14565951374763,7.6148636566899635,118.7605231704376,93.58805143880883,-168.32133753321102,100.0,0.08,0.6,0.27,1.0,false
0.02,0.02,0.0,0.004,0.3,0.225,0.15,1.0,3.0,10.0,36.57378237823782,89.62728059228255,6.267733300641538,-0.5465861404624441,-0.5465861404624441,-0.3584144165241632,true,0.0,6.267733300641538,0.057124100863856074,0.057124100863856074,115.989080435355,7.874498608334841,123.86357904368985,93.64260368614303,-149.24922755984625,100.0,0.08,0.6,0.27,1.0,false
