gross_delta,delta,iota,kappa,lambda,sigmah,sigmal,mu_b,m,c,p,vb,debt_diff,eq_deriv,eq_deriv_min_val,eq_min_val,eq_negative,eq_vb,abs_debt_diff,debt_per_diff,abs_debt_per_diff,debt,equity,firm_value,leverage,ROE,V0,r,alpha,pi,xi,opt
0.02,0.02,0.0,0.004,0.3,0.225,0.15,1.0,3.0,4.0,28.996031182065572,82.72976097611804,-0.7982733384338445,-0.341921079266479,-0.341921079266479,-0.22725867027800603,true,0.0,0.7982733384338445,-0.009176811513979278,0.009176811513979278,86.18982020776288,13.558944615320302,99.74876482308318,86.40690474777429,-1.8192027960276302,100.0,0.08,0.6,0.27,1.0,false
0.02,0.02,0.0,0.004,0.3,0.225,0.15,1.0,3.0,4.0,29.636482069259557,80.98934266182259,-0.6755157768256339,-0.5286839664775216,-0.5286839664775216,-0.48913341484870554,true,0.0,0.6755157768256339,-0.007597795348392724,0.007597795348392724,88.23393043095304,15.43846786393147,103.6723982948845,85.10841061087592,31.21176764537834,100.0,0.08,0.6,0.27,1.0,false
0.02,0.02,0.0,0.004,0.3,0.225,0.15,1.0,3.0,4.0,32.198285618035484,70.32755156285042,0.30431516358608235,-0.8606909189702832,-0.8606909189702832,-0.8290636539639104,true,0.0,0.30431516358608235,0.003150428226688192,0.003150428226688192,96.89917201769254,33.455490578970505,130.35466259666305,74.33502575777682,978.9212032998613,100.0,0.08,0.6,0.27,1.0,false
0.02,0.02,0.0,0.004,0.3,0.225,0.15,1.0,3.0,4.0,32.83873650522947,67.35596850130263,0.1414745688730079,-0.816312746370246,-0.816312746370246,-0.6521585302062645,true,0.0,0.1414745688730079,0.001436053717134524,0.001436053717134524,98.65768408456142,40.31286180341575,138.97054588797718,70.99179430732642,2903.2320513941236,100.0,0.08,0.6,0.27,1.0,false
0.02,0.02,0.0,0.004,0.3,0.225,0.15,1.0,3.0,4.0,33.387730091159135,65.47601576786094,-1.279692349009584e-6,-0.7924190866899699,-0.7924190866899699,-0.5562795873898949,true,0.0,1.279692349009584e-6,-1.0813500620217515e-5,1.0813500620217515e-5,100.16318899378504,45.17434011081456,145.3375291045996,68.91763580327381,-27782.222350313525,100.0,0.08,0.6,0.27,1.0,false
0.02,0.02,0.0,0.004,0.3,0.225,0.15,1.0,3.0,4.0,33.47918739242345,65.2688994793302,-0.00816811771417747,-0.7938532838137772,-0.7938532838137772,-0.5561623847272243,true,0.0,0.00816811771417747,-8.132532826474722e-5,8.132532826474722e-5,100.42939405955616,45.7719970278064,146.20139108736257,68.69250238497705,-10759.671695299732,100.0,0.08,0.6,0.27,1.0,false
