gross_delta,delta,iota,kappa,lambda,sigmah,sigmal,mu_b,m,c,p,vb,debt_diff,eq_deriv,eq_deriv_min_val,eq_min_val,eq_negative,eq_vb,abs_debt_diff,debt_per_diff,abs_debt_per_diff,debt,equity,firm_value,leverage,ROE,V0,r,alpha,pi,xi,opt
0.02,0.02,0.0,0.005,0.3,0.35,0.15,1.0,3.0,8.0,30.57729983524668,91.21193104058273,-2.334144403601101,-1.157388294826631,-1.157388294826631,-2.189245762411691,true,0.0,2.334144403601101,-0.025445285840342204,0.025445285840342204,89.39775510213894,-0.7138906097437666,88.68386449239517,100.80498365044184,-106.73339105652795,100.0,0.08,0.6,0.27,1.0,false
0.02,0.02,0.0,0.005,0.3,0.35,0.15,1.0,3.0,8.0,31.45391776019707,89.98127303929179,-1.9099213421380057,-1.3738271892205312,-1.3738271892205312,-2.8631375820197045,true,0.0,1.9099213421380057,-0.020240418132744124,0.020240418132744124,92.4518319384532,-0.8727057269690025,91.5791262114842,100.95295266844286,-111.56182162152552,100.0,0.08,0.6,0.27,1.0,false
0.02,0.02,0.0,0.005,0.3,0.35,0.15,1.0,3.0,8.0,33.20715361009785,87.33516087367546,-1.4927896186449203,-1.8376784985095445,-1.8376784985095445,-4.436774542887,true,0.0,1.4927896186449203,-0.014984618838182938,0.014984618838182938,98.12867121164862,-0.9589663271468434,97.16970488450178,100.98689846623152,-151.24520784996224,100.0,0.08,0.6,0.27,1.0,false
0.02,0.02,0.0,0.005,0.3,0.35,0.15,1.0,3.0,8.0,34.083771535048236,86.50442975687147,-1.49566349275986,-1.941026763159852,-1.941026763159852,-4.839812371343436,true,0.0,1.49566349275986,-0.014627327761364613,0.014627327761364613,100.75565111238484,-0.8835879294000913,99.87206318298475,100.88471981176677,16.93067275603981,100.0,0.08,0.6,0.27,1.0,false
0.02,0.02,0.0,0.005,0.3,0.35,0.15,1.0,3.0,8.0,37.29164665128736,86.56824891596366,-1.847819511224813e-5,-1.7741208748746926,-1.7741208748746926,-4.396648587374748,true,0.0,1.847819511224813e-5,-0.001324064835488449,0.001324064835488449,111.87492147566674,-0.6943899529315865,111.18053152273515,100.62456074226411,-94.15246699227038,100.0,0.08,0.6,0.27,1.0,false
0.02,0.02,0.0,0.005,0.3,0.35,0.15,1.0,3.0,8.0,39.34347908475058,88.16546071369356,5.187170036038864,-1.7538840845924555,-1.7538840845924555,-3.9620743074252442,true,0.0,5.187170036038864,0.04394773209951835,0.04394773209951835,123.21760729029059,-1.4932866948884873,121.7243205954021,101.22677759677296,-93.56830065984893,100.0,0.08,0.6,0.27,1.0,false
