gross_delta,delta,iota,kappa,lambda,sigmah,sigmal,mu_b,m,c,p,vb,debt_diff,eq_deriv,eq_deriv_min_val,eq_min_val,eq_negative,eq_vb,abs_debt_diff,debt_per_diff,abs_debt_per_diff,debt,equity,firm_value,leverage,ROE,V0,r,alpha,pi,xi,opt
0.02,0.02,0.0,0.005,0.3,0.35,0.15,1.0,3.0,6.0,29.035133776535545,89.00449707235322,-1.6243261614726947,-0.9513682399841088,-0.9513682399841088,-1.7446925796694603,true,0.0,1.6243261614726947,-0.018647823632959894,0.018647823632959894,85.48107516813394,0.9790956018636662,86.4601707699976,98.8675761415412,-93.25641799787576,100.0,0.08,0.6,0.27,1.0,false
0.02,0.02,0.0,0.005,0.3,0.35,0.15,1.0,3.0,6.0,33.190490101641736,81.7716546960235,-1.04552629919786,-1.9801473365507691,-1.9801473365507691,-5.1447539769016375,true,0.0,1.04552629919786,-0.010500259722951424,0.010500259722951424,98.52594400572735,2.959961009530017,101.48590501525737,97.08337723441987,100.80383791597897,100.0,0.08,0.6,0.27,1.0,false
0.02,0.02,0.0,0.005,0.3,0.35,0.15,1.0,3.0,6.0,33.588203232648965,79.86822146078089,9.710598288081851e-6,-2.0046023298693694,-2.0046023298693694,-5.078920524349627,true,0.0,9.710598288081851e-6,-8.976048558386146e-5,8.976048558386146e-5,100.7646194085452,5.230267433102548,105.99488684164776,95.06554741558773,-784.0354004424095,100.0,0.08,0.6,0.27,1.0,false
0.02,0.02,0.0,0.005,0.3,0.35,0.15,1.0,3.0,6.0,34.02156136666298,78.31248568960804,0.8287315653487894,-2.0120541732291968,-2.0120541732291968,-4.955044897583213,true,0.0,0.8287315653487894,0.008119670115638748,0.008119670115638748,102.89341566533773,7.14777516881629,110.04119083415402,93.50445490944487,-347.03589098671665,100.0,0.08,0.6,0.27,1.0,false
0.02,0.02,0.0,0.005,0.3,0.35,0.15,1.0,3.0,6.0,35.68370389670545,77.64402774226579,0.9611174656548656,-1.910714482859946,-1.910714482859946,-4.254109424830609,true,0.0,0.9611174656548656,0.008978117559741344,0.008978117559741344,108.01222915577122,8.422762961429596,116.43499211720082,92.76612399049984,-205.12384004097868,100.0,0.08,0.6,0.27,1.0,false
0.02,0.02,0.0,0.005,0.3,0.35,0.15,1.0,3.0,6.0,37.34584642674793,79.21884922048251,1.0338785361634564,-1.8929319648959508,-1.8929319648959508,-4.172810363711097,true,0.0,1.0338785361634564,0.009227965401644321,0.009227965401644321,113.07141781640726,6.4524231576843185,119.52384097409158,94.60155973477879,-149.3628407286104,100.0,0.08,0.6,0.27,1.0,false
