gross_delta,delta,iota,kappa,lambda,sigmah,sigmal,mu_b,m,c,p,vb,debt_diff,eq_deriv,eq_deriv_min_val,eq_min_val,eq_negative,eq_vb,abs_debt_diff,debt_per_diff,abs_debt_per_diff,debt,equity,firm_value,leverage,ROE,V0,r,alpha,pi,xi,opt
0.02,0.02,0.0,0.003,0.1,0.225,0.15,1.0,5.0,7.0,19.473332859601747,91.21193104058273,13.189115668106965,-0.2469230221944214,-0.2469230221944214,-0.08842812638309813,true,0.0,13.189115668106965,0.1354582265213403,0.1354582265213403,110.55577996611571,6.842455520702678,117.39823548681838,94.1715857207488,-164.82188471782393,100.0,0.08,0.6,0.27,1.0,false
0.02,0.02,0.0,0.003,0.1,0.225,0.15,1.0,5.0,7.0,19.93833067517278,91.21193104058273,12.587888783975671,-0.3090124935995002,-0.3090124935995002,-0.13709410320438797,true,0.0,12.587888783975671,0.12626823166946588,0.12626823166946588,112.27954215983956,6.479184900292602,118.75872706013217,94.5442452435416,-152.76405924548945,100.0,0.08,0.6,0.27,1.0,false
0.02,0.02,0.0,0.003,0.1,0.225,0.15,1.0,5.0,7.0,20.40332849074381,91.21193104058273,12.3604503888659,-0.35674814998035353,-0.35674814998035353,-0.18035221851301836,true,0.0,12.3604503888659,0.12116111735860502,0.12116111735860502,114.37709284258494,6.198121513610356,120.5752143561953,94.85953929528146,-143.11109054851147,100.0,0.08,0.6,0.27,1.0,false
0.02,0.02,0.0,0.003,0.1,0.225,0.15,1.0,5.0,7.0,20.433190949084363,91.21193104058274,12.359598806742758,-0.35945884884673657,-0.35945884884673657,-0.18294081505757115,true,0.0,12.359598806742758,0.12097553695566064,0.12097553695566064,114.52555355216455,6.182553178849111,120.70810673101366,94.87809613928721,-142.5632879094498,100.0,0.08,0.6,0.27,1.0,false
0.02,0.02,0.0,0.003,0.1,0.225,0.15,1.0,5.0,7.0,20.86832630631484,91.21193104058273,12.530851746066432,-0.39443451038048094,-0.39443451038048094,-0.21735335868418845,true,0.0,12.530851746066432,0.1200944585793116,0.1200944585793116,116.87248327764064,5.99002482515216,122.8625081027928,95.12461130930144,-135.5017381056772,100.0,0.08,0.6,0.27,1.0,false
0.02,0.02,0.0,0.003,0.1,0.225,0.15,1.0,5.0,7.0,21.33332412188587,91.21193104058273,13.051592825001691,-0.42046138635001934,-0.42046138635001934,-0.2446163182953941,true,0.0,13.051592825001691,0.12235873556725325,0.12235873556725325,119.71821343443104,5.86461709678642,125.58283053121745,95.33008049589343,-129.74213214745865,100.0,0.08,0.6,0.27,1.0,false
