gross_delta,delta,iota,kappa,lambda,sigmah,sigmal,mu_b,m,c,p,vb,debt_diff,eq_deriv,eq_deriv_min_val,eq_min_val,eq_negative,eq_vb,abs_debt_diff,debt_per_diff,abs_debt_per_diff,debt,equity,firm_value,leverage,ROE,V0,r,alpha,pi,xi,opt
0.02,0.02,0.0,0.003,0.1,0.225,0.15,1.0,5.0,4.0,20.128818144972392,88.98618373072439,-2.3080292371516293,-0.2624016882799901,-0.2624016882799901,-0.1368450405810672,true,0.0,2.3080292371516293,-0.022932585713961645,0.022932585713961645,98.33606148771034,7.037921141243587,105.37398262895393,93.32100679346463,322.96762105464234,100.0,0.08,0.6,0.27,1.0,false
0.02,0.02,0.0,0.003,0.1,0.225,0.15,1.0,5.0,4.0,20.653037212545605,88.01408479346597,-1.7806763895455817,-0.40695224746598835,-0.40695224746598835,-0.312646411151895,true,0.0,1.7806763895455817,-0.017303057907817113,0.017303057907817113,101.48450967318249,7.438290689114406,108.9228003622969,93.17104346897682,-601.060439247137,100.0,0.08,0.6,0.27,1.0,false
0.02,0.02,0.0,0.003,0.1,0.225,0.15,1.0,5.0,4.0,20.9851248282723,87.65143464491744,-1.9033315033093459,-0.4787479023297742,-0.4787479023297742,-0.41903538205582175,true,0.0,1.9033315033093459,-0.01813981588277306,0.01813981588277306,103.02229263805216,7.468012246438318,110.49030488449048,93.2410248534968,-347.0975891749309,100.0,0.08,0.6,0.27,1.0,false
0.02,0.02,0.0,0.003,0.1,0.225,0.15,1.0,5.0,4.0,21.413278169922254,87.33413092889019,-2.1902642137277724,-0.5579349540025745,-0.5579349540025745,-0.5541305714536026,true,0.0,2.1902642137277724,-0.02045706590412938,0.02045706590412938,104.8761266358835,7.385557875465219,112.26168451134872,93.42112323753827,-251.46361911757538,100.0,0.08,0.6,0.27,1.0,false
0.02,0.02,0.0,0.003,0.1,0.225,0.15,1.0,5.0,4.0,22.269584853222163,86.84266535716831,-2.192754917095101,-0.6921507760644894,-0.6921507760644894,-0.8128755777833824,true,0.0,2.192754917095101,-0.019692822578844197,0.019692822578844197,109.15516934901572,7.1975982739292075,116.35276762294492,93.81398618960756,-178.6178605718858,100.0,0.08,0.6,0.27,1.0,false
0.02,0.02,0.0,0.003,0.1,0.225,0.15,1.0,5.0,4.0,22.69773819487212,86.66878624103408,-1.9405675879663846,-0.7428349063085568,-0.7428349063085568,-0.917356151443734,true,0.0,1.9405675879663846,-0.01709921553685731,0.01709921553685731,111.54812338639421,7.134375916602438,118.68249930299665,93.98868749941947,-161.77952623027937,100.0,0.08,0.6,0.27,1.0,false
