gross_delta,delta,iota,kappa,lambda,sigmah,sigmal,V0,r,alpha,pi,xi,mu_b,m,c,p,vb,sg_debt,debt,debt_diff,abs_debt_diff,debt_per_diff,abs_debt_per_diff,eq_vb,eq_min_val,sg_equity,equity,eq_negative,firm_value,leverage,ROE,cvml_vb,cvmh_vb,eq_deriv
0.02,0.0195,0.0005,0.01,NaN,NaN,0.25,100.0,0.08,0.6,0.27,1.0,1.0,1.0,2.70024502450245,30.00331043899611,33.28071585148482,30.003281873599008,30.003279729771588,-3.070922452153013e-5,3.070922452153013e-5,-1.02352787316484e-6,1.02352787316484e-6,6.394884621840902e-14,NaN,71.14174266104418,71.14171798727018,false,101.14499771704178,29.663631822611013,1.6357876663669613,NaN,NaN,NaN
