gross_delta,delta,iota,kappa,lambda,sigmah,sigmal,V0,r,alpha,pi,xi,mu_b,m,c,p,vb,sg_debt,debt,debt_diff,abs_debt_diff,debt_per_diff,abs_debt_per_diff,eq_vb,eq_min_val,sg_equity,equity,eq_negative,firm_value,leverage,ROE,cvml_vb,cvmh_vb,eq_deriv
0.02,0.015,0.005,0.015000000000000001,NaN,NaN,0.2,100.0,0.08,0.6,0.27,1.0,1.0,3.0,12.218221822182219,26.999412148138788,93.28484366837982,81.02686112791842,81.02746109197055,0.0292246475541873,0.0292246475541873,0.00036080597352563604,0.00036080597352563604,8.618883384770015e-12,NaN,3.435542182330288,3.4353897853781348,false,84.46285087734869,95.9326618155871,-81.89283046390682,NaN,NaN,NaN
