gross_delta,delta,iota,kappa,lambda,sigmah,sigmal,mu_b,m,c,p,vb,debt_diff,eq_deriv,eq_deriv_min_val,eq_min_val,eq_negative,eq_vb,abs_debt_diff,debt_per_diff,abs_debt_per_diff,debt,equity,firm_value,leverage,ROE,V0,r,alpha,pi,xi,opt
0.02,0.02,0.0,0.001,0.75,0.225,0.15,1.0,7.0,8.0,7.342609260926092,89.3923746237203,4.12376431983737,-3.600260966154059,-3.600260966154059,-13.984266297208048,true,0.0,4.12376431983737,0.0802315862949643,0.0802315862949643,55.522029146320016,-13.916476317921548,41.605552828398466,133.44860330379424,-131.2884694396308,100.0,0.08,0.6,0.27,1.0,false
0.02,0.02,0.0,0.001,0.75,0.225,0.15,1.0,7.0,8.0,7.548717578108557,88.3285938300958,3.646609418295484,-3.6830811557095275,-3.6830811557095275,-14.177112553310074,true,0.0,3.646609418295484,0.06926615614273933,0.06926615614273933,56.48763246505536,-13.820033011581465,42.6675994534739,132.38999425465983,-131.76116077913397,100.0,0.08,0.6,0.27,1.0,false
0.02,0.02,0.0,0.001,0.75,0.225,0.15,1.0,7.0,8.0,7.661146377795673,87.74596972783185,3.762550161886061,-3.729268591231031,-3.729268591231031,-14.281037434627878,true,0.0,3.762550161886061,0.07016014829602811,0.07016014829602811,57.390574806455774,-13.642605956512796,43.74796884994298,131.18454711190682,-132.01781271290136,100.0,0.08,0.6,0.27,1.0,false
0.02,0.02,0.0,0.001,0.75,0.225,0.15,1.0,7.0,8.0,8.298220611534838,84.9731462040721,6.482232147863023,-3.9679554971259963,-3.9679554971259963,-14.821003351058874,true,0.0,6.482232147863023,0.1115941847452466,0.1115941847452466,64.56977642860689,-11.996242936318389,52.5735334922885,122.81802675119411,-133.85878418787155,100.0,0.08,0.6,0.27,1.0,false
0.02,0.02,0.0,0.001,0.75,0.225,0.15,1.0,7.0,8.0,8.61675772840442,84.21449211570255,7.298756183715852,-4.053160444189805,-4.053160444189805,-15.04359536690442,true,0.0,7.298756183715852,0.12100600802311581,0.12100600802311581,67.61606028254678,-11.365637449143048,56.25042283340373,120.20542580240603,-135.09652484628847,100.0,0.08,0.6,0.27,1.0,false
0.02,0.02,0.0,0.001,0.75,0.225,0.15,1.0,7.0,8.0,9.253831962143583,82.76302887265052,6.981747919980094,-4.221901566561381,-4.221901566561381,-15.47101176741149,true,0.0,6.981747919980094,0.10778157244235474,0.10778157244235474,71.75857165498518,-9.851272033759955,61.90729962122522,115.91294095209153,-134.8823434615654,100.0,0.08,0.6,0.27,1.0,false
