gross_delta,delta,iota,kappa,lambda,sigmah,sigmal,mu_b,m,c,p,vb,debt_diff,eq_deriv,eq_deriv_min_val,eq_min_val,eq_negative,eq_vb,abs_debt_diff,debt_per_diff,abs_debt_per_diff,debt,equity,firm_value,leverage,ROE,V0,r,alpha,pi,xi,opt
0.02,0.02,0.0,0.001,0.75,0.225,0.15,1.0,7.0,5.0,13.373639995578506,91.21193104058273,0.09120901548891425,-2.562563049556144,-2.562563049556144,-9.718541012637678,true,0.0,0.09120901548891425,0.0009742941607421027,0.0009742941607421027,93.70668898453846,-9.690894353280607,84.01579463125785,111.53461012398154,-253.98721482971064,100.0,0.08,0.6,0.27,1.0,false
0.02,0.02,0.0,0.001,0.75,0.225,0.15,1.0,7.0,5.0,13.373639995578506,91.21193104058273,0.09120901548891419,-2.5625630495561444,-2.5625630495561444,-9.718541012637678,true,0.0,0.09120901548891419,0.0009742941607421017,0.0009742941607421017,93.70668898453847,-9.690894353280608,84.01579463125786,111.53461012398154,-253.987214829711,100.0,0.08,0.6,0.27,1.0,false
0.02,0.02,0.0,0.001,0.75,0.225,0.15,1.0,7.0,5.0,13.676875582295072,85.37939947608486,2.799837895172061,-2.869341676283396,-2.869341676283396,-10.364870528027886,true,0.0,2.799837895172061,0.02924475255775621,0.02924475255775621,98.53796697123757,-8.080123234293955,90.45784373694362,108.93247384692408,-652.6635223236735,100.0,0.08,0.6,0.27,1.0,false
0.02,0.02,0.0,0.001,0.75,0.225,0.15,1.0,7.0,5.0,13.980111169011638,84.3335645603523,2.973246986167041,-2.9565213873061813,-2.9565213873061813,-10.59542278315695,true,0.0,2.973246986167041,0.030382417158022017,0.030382417158022017,100.8340251692485,-7.355040789058966,93.47898438018954,107.86812227136014,781.8727611885133,100.0,0.08,0.6,0.27,1.0,false
0.02,0.02,0.0,0.001,0.75,0.225,0.15,1.0,7.0,5.0,15.49628910259447,81.57914689769082,2.958492119840699,-3.2806772195820684,-3.2806772195820684,-11.539953108729803,true,0.0,2.958492119840699,0.02727373815806348,0.02727373815806348,111.43251583800199,-4.930808778173168,106.50170705982882,104.6297931876371,-56.87030879254916,100.0,0.08,0.6,0.27,1.0,false
0.02,0.02,0.0,0.001,0.75,0.225,0.15,1.0,7.0,5.0,15.799524689311037,81.30215521468384,3.0115692110682346,-3.332370028243935,-3.332370028243935,-11.707587051656686,true,0.0,3.0115692110682346,0.027230197203388682,0.027230197203388682,113.60824203624549,-4.675485409626665,108.93275662661883,104.2920839923775,-65.6422527085164,100.0,0.08,0.6,0.27,1.0,false
