gross_delta,delta,iota,kappa,lambda,sigmah,sigmal,mu_b,m,c,p,vb,debt_diff,eq_deriv,eq_deriv_min_val,eq_min_val,eq_negative,eq_vb,abs_debt_diff,debt_per_diff,abs_debt_per_diff,debt,equity,firm_value,leverage,ROE,V0,r,alpha,pi,xi,opt
0.02,0.02,0.0,0.004,0.5,0.3,0.15,1.0,5.0,6.0,15.39463814802533,100.0,-16.973188355941147,-0.9840316139725404,-0.9840316139725404,-2.315069342124398,true,0.0,16.973188355941147,-0.22050779229414103,0.22050779229414103,60.00000238418551,0.1822812393895571,60.18228362357507,99.69711810783106,-99.5442968743641,100.0,0.08,0.6,0.27,1.0,false
0.02,0.02,0.0,0.004,0.5,0.3,0.15,1.0,5.0,6.0,16.876407377579863,97.57231460942614,-11.21313954121419,-1.2732560017717005,-1.2732560017717005,-3.402592265881367,true,0.0,11.21313954121419,-0.13288538597510668,0.13288538597510668,73.16889734668513,-2.164062487631424,71.0048348590537,103.04776779204845,-108.06549963895749,100.0,0.08,0.6,0.27,1.0,false
0.02,0.02,0.0,0.004,0.5,0.3,0.15,1.0,5.0,6.0,18.358176607134396,95.59961970331332,-7.567482492789495,-1.5869711695720623,-1.5869711695720623,-4.705513961930214,true,0.0,7.567482492789495,-0.08244263746595185,0.08244263746595185,84.22340054288249,-4.083792892506506,80.13960765037598,105.09584837290795,-125.8851275498671,100.0,0.08,0.6,0.27,1.0,false
0.02,0.02,0.0,0.004,0.5,0.3,0.15,1.0,5.0,6.0,19.346022760170754,94.53713015545742,-6.201789369714334,-1.8385275355939936,-1.8385275355939936,-5.8096967481011985,true,0.0,6.201789369714334,-0.06411436031681371,0.06411436031681371,90.52832443113944,-5.380641016282155,85.14768341485728,106.31918661846211,-156.80769972708686,100.0,0.08,0.6,0.27,1.0,false
0.02,0.02,0.0,0.004,0.5,0.3,0.15,1.0,5.0,6.0,21.252940529323705,92.80345913499492,4.004728783524314e-5,-2.1690374815884175,-2.1690374815884175,-7.251633520271615,true,0.0,4.004728783524314e-5,-0.005172592431406664,0.005172592431406664,106.26474269390634,-6.965639512828239,99.29910318107811,107.01480606539413,11.187958598900671,100.0,0.08,0.6,0.27,1.0,false
0.02,0.02,0.0,0.004,0.5,0.3,0.15,1.0,5.0,6.0,23.29740737231618,90.86683444039186,24.479329042989065,-1.7261287668522665,-1.7261287668522665,-5.040703597966216,true,0.0,24.479329042989065,0.2101463793956519,0.2101463793956519,140.96636590456995,-4.9731183756078465,135.99324752896212,103.65688625425959,-87.86048441008268,100.0,0.08,0.6,0.27,1.0,false
