gross_delta,delta,iota,kappa,lambda,sigmah,sigmal,V0,r,alpha,pi,xi,mu_b,m,c,p,vb,sg_debt,debt,debt_diff,abs_debt_diff,debt_per_diff,abs_debt_per_diff,eq_vb,eq_min_val,sg_equity,equity,eq_negative,firm_value,leverage,ROE,cvml_vb,cvmh_vb,eq_deriv
0.02,0.015,0.005,0.005,NaN,NaN,0.2,100.0,0.08,0.6,0.27,1.0,1.0,7.0,1.0953345334533453,9.89565464837985,69.99104598321402,69.26868522495673,69.13466223919136,-0.13492029946759487,0.13492029946759487,-0.0019477567862098294,0.0019477567862098294,-5.861977570020827e-14,NaN,17.180944597792397,17.196346883047756,false,86.33100912223911,80.08091523788534,-44.28589437021204,NaN,NaN,NaN
