gross_delta,delta,iota,kappa,lambda,sigmah,sigmal,mu_b,m,c,p,vb,debt_diff,eq_deriv,eq_deriv_min_val,eq_min_val,eq_negative,eq_vb,abs_debt_diff,debt_per_diff,abs_debt_per_diff,debt,equity,firm_value,leverage,ROE,V0,r,alpha,pi,xi,opt
0.02,0.02,0.0,0.004,0.3,0.225,0.15,1.0,7.0,6.0,9.400017633342282,100.0,-5.800121049210148,-1.6037299586055156,-1.6037299586055156,-4.773075521178523,true,0.0,5.800121049210148,-0.08814757095526016,0.08814757095526016,60.00000238418582,0.22019154234114013,60.22019392652696,99.63435597266627,-99.44952111133605,100.0,0.08,0.6,0.27,1.0,false
0.02,0.02,0.0,0.004,0.3,0.225,0.15,1.0,7.0,6.0,10.835549344408125,100.0,-15.848843026671062,-1.8984025133828493,-1.8984025133828493,-6.2355936967932735,true,0.0,15.848843026671062,-0.20895298986848498,0.20895298986848498,60.00000238418582,0.266681295191114,60.26668367937693,99.55749797581383,-99.3332967222836,100.0,0.08,0.6,0.27,1.0,false
0.02,0.02,0.0,0.004,0.3,0.225,0.15,1.0,7.0,6.0,11.409762028834463,100.0,-19.868331817655417,-1.998316737604743,-1.998316737604743,-6.782102652082898,true,0.0,19.868331817655417,-0.2487635683930088,0.2487635683930088,60.00000238418582,0.28731240713832934,60.28731479132415,99.52342809074707,-99.28171893934129,100.0,0.08,0.6,0.27,1.0,false
0.02,0.02,0.0,0.004,0.3,0.225,0.15,1.0,7.0,6.0,12.271081055473969,99.02049345801855,-16.744275280235954,-2.109953781180437,-2.109953781180437,-7.435435639597359,true,0.0,16.744275280235954,-0.19493305560726745,0.19493305560726745,69.15329210808183,-1.6314079826769414,67.52188412540488,102.41611738743401,-105.28875881469469,100.0,0.08,0.6,0.27,1.0,false
0.02,0.02,0.0,0.004,0.3,0.225,0.15,1.0,7.0,6.0,13.548757249972423,96.14739559397428,0.00016317052595571369,-2.0572024849030277,-2.0572024849030277,-6.9936159816066645,true,0.0,0.00016317052595571369,0.011866932516855888,0.011866932516855888,94.84146392033287,-5.224647873705223,89.61681604662765,105.82998604970169,-201.28159991550083,100.0,0.08,0.6,0.27,1.0,false
0.02,0.02,0.0,0.004,0.3,0.225,0.15,1.0,7.0,6.0,14.567931793179318,93.7022314547832,12.505966677415401,-1.6838422864559066,-1.6838422864559066,-4.302913808999399,true,0.0,12.505966677415401,0.12263694624371235,0.12263694624371235,114.48148922967063,-4.302187211143425,110.17930201852721,103.90471452652694,-70.29181776188584,100.0,0.08,0.6,0.27,1.0,false
