gross_delta,delta,iota,kappa,lambda,sigmah,sigmal,mu_b,m,c,p,vb,debt_diff,eq_deriv,eq_deriv_min_val,eq_min_val,eq_negative,eq_vb,abs_debt_diff,debt_per_diff,abs_debt_per_diff,debt,equity,firm_value,leverage,ROE,V0,r,alpha,pi,xi,opt
0.02,0.02,0.0,0.004,0.3,0.225,0.15,1.0,7.0,9.0,9.326857685768577,96.93995917798647,32.5598785549375,-2.299771592805111,-2.299771592805111,-7.044358173246045,true,0.0,32.5598785549375,0.4987115037931052,0.4987115037931052,97.84788235531754,-4.739367912082516,93.10851444323502,105.09015522417333,-320.21881209852694,100.0,0.08,0.6,0.27,1.0,false
0.02,0.02,0.0,0.004,0.3,0.225,0.15,1.0,7.0,9.0,10.223947394739472,97.49645763131988,20.716456917844823,-2.0158156077781757,-2.0158156077781757,-5.332576669509487,true,0.0,20.716456917844823,0.28946684985186366,0.28946684985186366,92.28408868102113,-3.463275059749782,88.82081362127136,103.8991706093991,-144.88484790164898,100.0,0.08,0.6,0.27,1.0,false
0.02,0.02,0.0,0.004,0.3,0.225,0.15,1.0,7.0,9.0,10.52297729772977,97.68182061375431,16.645595411521967,-1.919848650033482,-1.919848650033482,-4.802477244296354,true,0.0,16.645595411521967,0.2259761790191273,0.2259761790191273,90.30643649563036,-3.0736101549433585,87.23282634068701,103.52345588682338,-131.7077424990082,100.0,0.08,0.6,0.27,1.0,false
0.02,0.02,0.0,0.004,0.3,0.225,0.15,1.0,7.0,9.0,10.822007200720071,97.63024214512762,15.410843470606835,-1.801033223922111,-1.801033223922111,-4.170404263530627,true,0.0,15.410843470606835,0.203432600477577,0.203432600477577,91.16489387564734,-2.8670070537036207,88.29788682194372,103.24697131142567,-132.45017109416648,100.0,0.08,0.6,0.27,1.0,false
0.02,0.02,0.0,0.004,0.3,0.225,0.15,1.0,7.0,9.0,11.12103710371037,97.6202410893637,13.676077453823353,-1.6876865871809934,-1.6876865871809934,-3.6161888948881225,true,0.0,13.676077453823353,0.17567834117686396,0.17567834117686396,91.52333717979594,-2.6326585598379584,88.89067861995798,102.96168124792206,-131.05772419734615,100.0,0.08,0.6,0.27,1.0,false
0.02,0.02,0.0,0.004,0.3,0.225,0.15,1.0,7.0,9.0,11.12103710371037,97.6202410893637,13.676077453823353,-1.6876865871809934,-1.6876865871809934,-3.6161888948881225,true,0.0,13.676077453823353,0.17567834117686396,0.17567834117686396,91.52333717979594,-2.6326585598379584,88.89067861995798,102.96168124792206,-131.05772419734615,100.0,0.08,0.6,0.27,1.0,false
