gross_delta,delta,iota,kappa,lambda,sigmah,sigmal,mu_b,m,c,p,vb,debt_diff,eq_deriv,eq_deriv_min_val,eq_min_val,eq_negative,eq_vb,abs_debt_diff,debt_per_diff,abs_debt_per_diff,debt,equity,firm_value,leverage,ROE,V0,r,alpha,pi,xi,opt
0.02,0.02,0.0,0.004,0.3,0.225,0.15,1.0,7.0,7.0,10.100764023770797,100.0,-10.705345782209761,-2.319122777497026,-2.319122777497026,-8.263538010286815,true,0.0,10.705345782209761,-0.15140786460758474,0.15140786460758474,60.00000238418582,0.3410814332215512,60.34108381740737,99.43474427099508,-99.14729636612103,100.0,0.08,0.6,0.27,1.0,false
0.02,0.02,0.0,0.004,0.3,0.225,0.15,1.0,7.0,7.0,10.682359025376222,100.0,-14.776510793447727,-2.3552906549673622,-2.3552906549673622,-8.57852244777506,true,0.0,14.776510793447727,-0.19760898396460053,0.19760898396460053,60.00000238418582,0.3463979874842449,60.346400371670065,99.4259840100639,-99.13400497967206,100.0,0.08,0.6,0.27,1.0,false
0.02,0.02,0.0,0.004,0.3,0.225,0.15,1.0,7.0,7.0,11.476686158040172,97.93480903972717,0.00022974118676777344,-2.2545533492061853,-2.2545533492061853,-7.79306560374716,true,0.0,0.00022974118676777344,-0.01080689611851704,0.01080689611851704,80.33703284746797,-2.5457993198493027,77.79123352761866,103.27260438535848,-112.94717780943593,100.0,0.08,0.6,0.27,1.0,false
0.02,0.02,0.0,0.004,0.3,0.225,0.15,1.0,7.0,7.0,12.427144030192492,95.66275940024053,16.1302004387327,-2.013809673050396,-2.013809673050396,-6.048853241303239,true,0.0,16.1302004387327,0.18542589856461916,0.18542589856461916,103.12020865008014,-5.116228687773354,98.00397996230679,105.22042950678238,63.970723164360855,100.0,0.08,0.6,0.27,1.0,false
0.02,0.02,0.0,0.004,0.3,0.225,0.15,1.0,7.0,7.0,12.717941530995205,95.56201957927117,15.370835570276398,-1.9338342281033383,-1.9338342281033383,-5.528695847514974,true,0.0,15.370835570276398,0.17265637269562129,0.17265637269562129,104.39642628724283,-4.849624883151805,99.54680140409103,104.87170337444162,10.308340599819111,100.0,0.08,0.6,0.27,1.0,false
0.02,0.02,0.0,0.004,0.3,0.225,0.15,1.0,7.0,7.0,13.008739031797917,95.50100358293453,14.27832991410962,-1.8545452262623268,-1.8545452262623268,-5.031986664742498,true,0.0,14.27832991410962,0.15679931862077348,0.15679931862077348,105.33950313669504,-4.553905574439622,100.78559756225542,104.51840906298806,-14.712933809449492,100.0,0.08,0.6,0.27,1.0,false
