gross_delta,delta,iota,kappa,lambda,sigmah,sigmal,mu_b,m,c,p,vb,debt_diff,eq_deriv,eq_deriv_min_val,eq_min_val,eq_negative,eq_vb,abs_debt_diff,debt_per_diff,abs_debt_per_diff,debt,equity,firm_value,leverage,ROE,V0,r,alpha,pi,xi,opt
0.02,0.02,0.0,0.004,0.3,0.225,0.15,1.0,7.0,1.0,9.382683005142619,72.4282620486743,2.155486436565795,-6.21749752793832e-8,-6.21749752793832e-8,-0.03927917736207951,true,0.0,2.155486436565795,0.032818612077839565,0.032818612077839565,67.83426747256412,15.665060938481789,83.49932841104591,81.23929708587991,-51.29891438001538,100.0,0.08,0.6,0.27,1.0,false
0.02,0.02,0.0,0.004,0.3,0.225,0.15,1.0,7.0,1.0,9.629164232212695,73.71620794288116,1.4332114215634988,2.8119832858330973e-6,2.8119832858330973e-6,-0.03803473529888699,true,0.0,1.4332114215634988,0.021262955315462215,0.021262955315462215,68.83736104705235,14.777480266379962,83.61484131343232,82.32672569336559,-52.57949659304392,100.0,0.08,0.6,0.27,1.0,false
0.02,0.02,0.0,0.004,0.3,0.225,0.15,1.0,7.0,1.0,9.87564545928277,74.76118323098575,0.6675824860685253,2.671123367471717e-6,2.671123367471717e-6,-0.004753206144934011,false,0.0,0.6675824860685253,0.009656981609396919,0.009656981609396919,69.79710070104792,14.07419614561771,83.87129684666563,83.21929351903513,-53.401175144447045,100.0,0.08,0.6,0.27,1.0,false
0.02,0.02,0.0,0.004,0.3,0.225,0.15,1.0,7.0,1.0,10.076800800248067,75.8625976778755,-1.1586665150926587e-5,0.0044764510581375965,0.0044764510581375965,0.0030443306644822414,false,0.0,1.1586665150926587e-5,1.1014002040059202e-5,1.1014002040059202e-5,70.53759401507132,13.244073067159874,83.7816670822312,84.19215858505072,-55.0475508553687,100.0,0.08,0.6,0.27,1.0,false
0.02,0.02,0.0,0.004,0.3,0.225,0.15,1.0,7.0,1.0,10.122126686352845,75.89457962737931,-0.11701569608909779,-1.186572929884333e-6,-1.186572929884333e-6,0.0003345128143285068,false,0.0,0.11701569608909779,-0.0016514837771459934,0.0016514837771459934,70.73787110838082,13.242010304536702,83.97988141291752,84.23192545435072,-54.74693466909963,100.0,0.08,0.6,0.27,1.0,false
0.02,0.02,0.0,0.004,0.3,0.225,0.15,1.0,7.0,1.0,10.36860791342292,72.23695907494924,-0.17050220559808338,-0.11774534474639162,-0.11774534474639162,-0.051278702156723165,true,0.0,0.17050220559808338,-0.00234915411460885,0.00234915411460885,72.40975318836236,16.566815878354994,88.97656906671736,81.38069825334276,-39.954085980241885,100.0,0.08,0.6,0.27,1.0,false
