gross_delta,delta,iota,kappa,lambda,sigmah,sigmal,mu_b,m,c,p,vb,debt_diff,eq_deriv,eq_deriv_min_val,eq_min_val,eq_negative,eq_vb,abs_debt_diff,debt_per_diff,abs_debt_per_diff,debt,equity,firm_value,leverage,ROE,V0,r,alpha,pi,xi,opt
0.02,0.02,0.0,0.003,0.2,0.3,0.15,1.0,5.0,6.0,15.475955490285871,100.0,-17.379775067243855,-0.2619169176050391,-0.2619169176050391,-0.1649800636081183,true,0.0,17.379775067243855,-0.22460358041418502,0.22460358041418502,60.00000238418551,0.05099998570379841,60.051002369889304,99.91507221579808,-99.8725000281409,100.0,0.08,0.6,0.27,1.0,false
0.02,0.02,0.0,0.003,0.2,0.3,0.15,1.0,5.0,6.0,16.984905069454314,98.37966979345698,-15.838318470127774,-0.542074221975843,-0.542074221975843,-0.629234080586548,true,0.0,15.838318470127774,-0.18649875763640783,0.18649875763640783,69.0862068771438,-0.5286535509523419,68.55755332619145,100.77110912700901,-101.71008956698194,100.0,0.08,0.6,0.27,1.0,false
0.02,0.02,0.0,0.003,0.2,0.3,0.15,1.0,5.0,6.0,21.008770613903497,93.94998810912368,-9.133969345115304,-1.4330747353529758,-1.4330747353529758,-3.3129944301751983,true,0.0,9.133969345115304,-0.08695386810564242,0.08695386810564242,95.90988372440218,-3.276027170522582,92.6338565538796,103.53653328534055,-180.09618675311984,100.0,0.08,0.6,0.27,1.0,false
0.02,0.02,0.0,0.003,0.2,0.3,0.15,1.0,5.0,6.0,21.643989410770143,92.01156184949104,0.0005057074869597167,-1.4944661922479494,-1.4944661922479494,-3.4269861259963625,true,0.0,0.0005057074869597167,-0.0021463704904712503,0.0021463704904712503,108.22045276133767,-2.5900073089455438,105.63044545239212,102.45195151630111,-68.49313068099079,100.0,0.08,0.6,0.27,1.0,false
0.02,0.02,0.0,0.003,0.2,0.3,0.15,1.0,5.0,6.0,22.517720193071938,89.43864337665055,13.623552466177614,-1.5208386772309481,-1.5208386772309481,-3.359749546365922,true,0.0,13.623552466177614,0.12100294656267373,0.12100294656267373,126.2121534315373,-1.2965042978756562,124.91564913366165,101.03790382299368,-95.05380471214639,100.0,0.08,0.6,0.27,1.0,false
0.02,0.02,0.0,0.003,0.2,0.3,0.15,1.0,5.0,6.0,24.026669772240382,89.1724257602411,21.56597072484425,-1.4174075677143492,-1.4174075677143492,-2.8035331838699045,true,0.0,21.56597072484425,0.17951693621527903,0.17951693621527903,141.69931958604616,-0.05366809058192925,141.64565149546422,100.03788897859928,-99.87129744294464,100.0,0.08,0.6,0.27,1.0,false
