gross_delta,delta,iota,kappa,lambda,sigmah,sigmal,V0,r,alpha,pi,xi,mu_b,m,c,p,vb,sg_debt,debt,debt_diff,abs_debt_diff,debt_per_diff,abs_debt_per_diff,eq_vb,eq_min_val,sg_equity,equity,eq_negative,firm_value,leverage,ROE,cvml_vb,cvmh_vb,eq_deriv
0.02,0.018000000000000002,0.002,0.0025,NaN,NaN,0.25,100.0,0.08,0.6,0.27,1.0,1.0,5.0,1.41999199919992,13.359244973979076,57.66876817165643,66.79506668418071,66.77528301367032,-0.020941856225064726,0.020941856225064726,-0.0003135185598565628,0.0003135185598565628,2.0605739337042905e-13,NaN,32.927062393350994,32.91480410634604,false,99.69008712001636,66.98287156001771,-0.9327780884067605,NaN,NaN,NaN
