gross_delta,delta,iota,kappa,lambda,sigmah,sigmal,V0,r,alpha,pi,xi,mu_b,m,c,p,vb,sg_debt,debt,debt_diff,abs_debt_diff,debt_per_diff,abs_debt_per_diff,eq_vb,eq_min_val,sg_equity,equity,eq_negative,firm_value,leverage,ROE,cvml_vb,cvmh_vb,eq_deriv
0.02,0.018000000000000002,0.002,0.005,NaN,NaN,0.15,100.0,0.08,0.6,0.27,1.0,1.0,5.0,1.9761976197619762,17.177855739552847,78.58438332301439,85.88965754014136,85.8642933711056,-0.024985326658637064,0.024985326658637064,-0.0002909015774431862,0.0002909015774431862,-2.824407374646398e-13,NaN,18.588577159047613,18.581413893335494,false,104.4457072644411,82.20949967212142,31.450194752583172,NaN,NaN,NaN
