gross_delta,delta,iota,kappa,lambda,sigmah,sigmal,mu_b,m,c,p,vb,debt_diff,eq_deriv,eq_deriv_min_val,eq_min_val,eq_negative,eq_vb,abs_debt_diff,debt_per_diff,abs_debt_per_diff,debt,equity,firm_value,leverage,ROE,V0,r,alpha,pi,xi,opt
0.02,0.02,0.0,0.001,0.3,0.2,0.15,1.0,10.0,3.0,6.941616530074059,100.0,-9.41616291655508,-2.3245793234413026,-2.3245793234413026,-12.209518328309429,true,0.0,9.41616291655508,-0.1356479845257978,0.1356479845257978,60.00000238418551,0.2635218770457366,60.26352426123125,99.56271744761654,-99.34119526811784,100.0,0.08,0.6,0.27,1.0,false
0.02,0.02,0.0,0.001,0.3,0.2,0.15,1.0,10.0,3.0,6.941616530074059,99.99999999999999,-9.416162916555079,-2.324579323441302,-2.324579323441302,-12.209518328309425,true,0.0,9.416162916555079,-0.1356479845257978,0.1356479845257978,60.000002384185514,0.2635218770457365,60.263524261231254,99.56271744761654,-99.34119526811784,100.0,0.08,0.6,0.27,1.0,false
0.02,0.02,0.0,0.001,0.3,0.2,0.15,1.0,10.0,3.0,7.407780251709381,100.0,-14.077800132908308,-2.3941980272060435,-2.3941980272060435,-12.632850302773912,true,0.0,14.077800132908308,-0.19004073628749701,0.19004073628749701,60.00000238418551,0.27140518696101834,60.271407571146526,99.54969495835874,-99.32148699215493,100.0,0.08,0.6,0.27,1.0,false
0.02,0.02,0.0,0.001,0.3,0.2,0.15,1.0,10.0,3.0,8.495495602191797,98.29372453172076,-12.179199158235662,-2.6365915525899863,-2.6365915525899863,-13.89763945489888,true,0.0,12.179199158235662,-0.1433606669761972,0.1433606669761972,72.7757568636823,-3.774870262645859,69.00088660103644,105.47075617226803,-113.86584098497896,100.0,0.08,0.6,0.27,1.0,false
0.02,0.02,0.0,0.001,0.3,0.2,0.15,1.0,10.0,3.0,9.272435138250666,97.9913312713275,-17.178650004973207,-2.7322387916442756,-2.7322387916442756,-14.530392316372458,true,0.0,17.178650004973207,-0.18526578777680322,0.18526578777680322,75.54570137753345,-4.554175932419357,70.99152544511409,106.41509800481796,-118.6232122324513,100.0,0.08,0.6,0.27,1.0,false
0.02,0.02,0.0,0.001,0.3,0.2,0.15,1.0,10.0,3.0,9.738598859885988,97.68900561994442,-19.213229598624224,-2.7695567353077695,-2.7695567353077695,-14.840126564474902,true,0.0,19.213229598624224,-0.19728946509712955,0.19728946509712955,78.17275900023566,-5.23877977999072,72.93397922024494,107.1829068371146,-124.00110843164869,100.0,0.08,0.6,0.27,1.0,false
