gross_delta,delta,iota,kappa,lambda,sigmah,sigmal,mu_b,m,c,p,vb,debt_diff,eq_deriv,eq_deriv_min_val,eq_min_val,eq_negative,eq_vb,abs_debt_diff,debt_per_diff,abs_debt_per_diff,debt,equity,firm_value,leverage,ROE,V0,r,alpha,pi,xi,opt
0.02,0.02,0.0,0.001,0.3,0.2,0.15,1.0,10.0,2.0,8.036278627862785,95.71960853239773,-2.2478919147400376,-1.46032368025133,-1.46032368025133,-6.3798670706108265,true,0.0,2.2478919147400376,-0.027971801611585672,0.027971801611585672,78.11489436388781,-4.38460297795961,73.7302913859282,105.94681357626703,-120.03464388458175,100.0,0.08,0.6,0.27,1.0,false
0.02,0.02,0.0,0.001,0.3,0.2,0.15,1.0,10.0,2.0,8.962766013443447,93.01001171189215,-3.5950333549113935,-1.6925382234456858,-1.6925382234456858,-7.480325188712465,true,0.0,3.5950333549113935,-0.040110757655829964,0.040110757655829964,86.03262677952308,-6.7131141723923236,79.31951260713076,108.46338303368346,-148.06282517424637,100.0,0.08,0.6,0.27,1.0,false
0.02,0.02,0.0,0.001,0.3,0.2,0.15,1.0,10.0,2.0,9.333360967675713,91.06126996116785,-2.5496549191107505,-1.8388560389983277,-1.8388560389983277,-8.11914650803479,true,0.0,2.5496549191107505,-0.02731765039347547,0.02731765039347547,90.78395475764638,-7.9122300982123885,82.871724659434,109.54756297244705,-185.85276970918758,100.0,0.08,0.6,0.27,1.0,false
0.02,0.02,0.0,0.001,0.3,0.2,0.15,1.0,10.0,2.0,9.518658444791846,89.7939758268068,-2.0188181617048286,-1.9279678766429746,-1.9279678766429746,-8.493340164887053,true,0.0,2.0188181617048286,-0.021209061901043724,0.021209061901043724,93.16776628621363,-8.4630861860397,84.70468010017393,109.9912852230019,-223.86997489507027,100.0,0.08,0.6,0.27,1.0,false
0.02,0.02,0.0,0.001,0.3,0.2,0.15,1.0,10.0,2.0,9.641786143662962,89.01240553860886,-1.877755378771086,-1.9832143782586131,-1.9832143782586131,-8.726184584306607,true,0.0,1.877755378771086,-0.01943774806326327,0.01943774806326327,94.54010605785852,-8.75493091839656,85.78517513946196,110.20564556074355,-260.3498348351196,100.0,0.08,0.6,0.27,1.0,false
0.02,0.02,0.0,0.001,0.3,0.2,0.15,1.0,10.0,2.0,9.889253399024112,88.14684076992117,-2.7219082425648224,-2.052361749086505,-2.052361749086505,-9.038771775004419,true,0.0,2.7219082425648224,-0.027523900265650235,0.027523900265650235,96.1706257476763,-9.004764373956158,87.16586137372013,110.33060906189935,-335.149760264147,100.0,0.08,0.6,0.27,1.0,false
