gross_delta,delta,iota,kappa,lambda,sigmah,sigmal,mu_b,m,c,p,vb,debt_diff,eq_deriv,eq_deriv_min_val,eq_min_val,eq_negative,eq_vb,abs_debt_diff,debt_per_diff,abs_debt_per_diff,debt,equity,firm_value,leverage,ROE,V0,r,alpha,pi,xi,opt
0.02,0.02,0.0,0.004,0.75,0.275,0.15,1.0,7.0,5.0,10.0228838673341,100.0,-10.160184687152878,-2.1689469376053196,-2.1689469376053196,-9.867481715412831,true,0.0,10.160184687152878,-0.14481410485439597,0.14481410485439597,60.00000238418582,0.3761828272270605,60.37618521141288,99.3769350847361,-99.05954287587674,100.0,0.08,0.6,0.27,1.0,false
0.02,0.02,0.0,0.004,0.75,0.275,0.15,1.0,7.0,5.0,11.234931387875628,99.32738893001157,-13.65215463094114,-2.318690902613864,-2.318690902613864,-10.594052149968173,true,0.0,13.65215463094114,-0.17359321005955333,0.17359321005955333,64.99236508418825,-1.1128964637015595,63.87946862048669,101.74218178036729,-103.17901071117174,100.0,0.08,0.6,0.27,1.0,false
0.02,0.02,0.0,0.004,0.75,0.275,0.15,1.0,7.0,5.0,13.356014548823302,96.24516643530501,-5.505250563146802,-2.665556110884281,-2.665556110884281,-12.053226330374754,true,0.0,5.505250563146802,-0.058884659288808455,0.058884659288808455,87.98685127861631,-7.192888572078224,80.7939627065381,108.90275502168944,-159.87513131569506,100.0,0.08,0.6,0.27,1.0,false
0.02,0.02,0.0,0.004,0.75,0.275,0.15,1.0,7.0,5.0,13.4123571412416,96.1950876324698,-5.493441247261951,-2.673639023056785,-2.673639023056785,-12.089100323907688,true,0.0,5.493441247261951,-0.05830799161244313,0.05830799161244313,88.39305874142927,-7.292982482155562,81.1000762592737,108.9925716701427,-162.83294039047814,100.0,0.08,0.6,0.27,1.0,false
0.02,0.02,0.0,0.004,0.75,0.275,0.15,1.0,7.0,5.0,14.265050189229447,95.69776056237734,-7.043230697219727,-2.786505514715776,-2.786505514715776,-12.607874157216616,true,0.0,7.043230697219727,-0.07053433395195666,0.07053433395195666,92.8121206273864,-8.29395637674502,84.51816425064139,109.8132235245302,-215.38808523061297,100.0,0.08,0.6,0.27,1.0,false
0.02,0.02,0.0,0.004,0.75,0.275,0.15,1.0,7.0,5.0,15.174085829635594,94.96401211706653,-7.173178044097767,-2.9173669404223164,-2.9173669404223164,-13.180310696709874,true,0.0,7.173178044097767,-0.06753222118884011,0.06753222118884011,99.04542276335138,-9.637494549053653,89.40792821429773,110.77923931528085,-1109.608670628843,100.0,0.08,0.6,0.27,1.0,false
