gross_delta,delta,iota,kappa,lambda,sigmah,sigmal,mu_b,m,c,p,vb,debt_diff,eq_deriv,eq_deriv_min_val,eq_min_val,eq_negative,eq_vb,abs_debt_diff,debt_per_diff,abs_debt_per_diff,debt,equity,firm_value,leverage,ROE,V0,r,alpha,pi,xi,opt
0.02,0.02,0.0,0.004,0.75,0.275,0.15,1.0,7.0,7.0,7.965790000052637,100.0,4.239472383817358,-2.987980392997056,-2.987980392997056,-14.19627658471723,true,0.0,4.239472383817358,0.07602998722912684,0.07602998722912684,60.00000238418582,0.548063326383832,60.54806571056965,99.09482933938192,-98.62984160237261,100.0,0.08,0.6,0.27,1.0,false
0.02,0.02,0.0,0.004,0.75,0.275,0.15,1.0,7.0,7.0,8.27826466857212,100.0,2.0521497041809766,-3.020144133005381,-3.020144133005381,-14.370190387347074,true,0.0,2.0521497041809766,0.035413731644435543,0.035413731644435543,60.00000238418582,0.5539564085426737,60.553958792728494,99.08518547822972,-98.61510889609737,100.0,0.08,0.6,0.27,1.0,false
0.02,0.02,0.0,0.004,0.75,0.275,0.15,1.0,7.0,7.0,8.5704689026404,100.00063441839367,0.00010688676806112907,-3.049775846154101,-3.049775846154101,-14.529952198726686,true,0.0,0.00010688676806112907,2.2194708118822813e-5,2.2194708118822813e-5,59.993389205250864,0.5709619565237549,60.56435116177462,99.05726397530678,-98.57283097672774,100.0,0.08,0.6,0.27,1.0,false
0.02,0.02,0.0,0.004,0.75,0.275,0.15,1.0,7.0,7.0,8.590739337091604,100.0,-0.1351729754554043,-3.0518612427385143,-3.0518612427385143,-14.541092825125395,true,0.0,0.1351729754554043,-0.002247818762429743,0.002247818762429743,60.00000238418582,0.5699900035098404,60.56999238769566,99.05895645510164,-98.57502490629027,100.0,0.08,0.6,0.27,1.0,false
0.02,0.02,0.0,0.004,0.75,0.275,0.15,1.0,7.0,7.0,11.090536685247471,99.15366636511624,-8.643776593476034,-3.349435323109335,-3.349435323109335,-16.01637068427516,true,0.0,8.643776593476034,-0.11134043939298144,0.11134043939298144,68.98998020325627,-2.1027072831735376,66.88727292008272,103.14365826468344,-106.78073505581682,100.0,0.08,0.6,0.27,1.0,false
0.02,0.02,0.0,0.004,0.75,0.275,0.15,1.0,7.0,7.0,13.277859364883858,98.02096398424372,-11.209473609371543,-3.63387073690158,-3.63387073690158,-17.345072671457164,true,0.0,11.209473609371543,-0.12060327864312866,0.12060327864312866,81.73554194481547,-5.68032745251852,76.05521449229694,107.46868901815252,-131.10044346980285,100.0,0.08,0.6,0.27,1.0,false
