gross_delta,delta,iota,kappa,lambda,sigmah,sigmal,mu_b,m,c,p,vb,debt_diff,eq_deriv,eq_deriv_min_val,eq_min_val,eq_negative,eq_vb,abs_debt_diff,debt_per_diff,abs_debt_per_diff,debt,equity,firm_value,leverage,ROE,V0,r,alpha,pi,xi,opt
0.02,0.02,0.0,0.0025,0.3,0.225,0.15,1.0,7.0,2.0,12.826739252872656,88.20229747661818,-1.7729281242005754,-0.5201297539333742,-0.5201297539333742,-0.8313287248348956,true,0.0,1.7729281242005754,-0.019745894987118005,0.019745894987118005,88.01424664590802,1.9640775629490115,89.97832420885703,97.81716587831752,-83.6132322689715,100.0,0.08,0.6,0.27,1.0,false
0.02,0.02,0.0,0.0025,0.3,0.225,0.15,1.0,7.0,2.0,13.411958301093266,85.51308102315494,-1.358798012574269,-0.6781539635853102,-0.6781539635853102,-1.2377626577430838,true,0.0,1.358798012574269,-0.014473203497844239,0.014473203497844239,92.5249100950786,3.1721138272650276,95.69702392234362,96.68525342037894,-57.564205011412774,100.0,0.08,0.6,0.27,1.0,false
0.02,0.02,0.0,0.0025,0.3,0.225,0.15,1.0,7.0,2.0,13.997177349313878,81.79989731876454,-0.8807979484227246,-0.9145753144888754,-0.9145753144888754,-1.8947798507357432,true,0.0,0.8807979484227246,-0.00898954662114583,0.00898954662114583,97.09944349677443,5.500615600358422,102.60005909713286,94.63877930601295,89.64000853772183,100.0,0.08,0.6,0.27,1.0,false
0.02,0.02,0.0,0.0025,0.3,0.225,0.15,1.0,7.0,2.0,14.875005921644794,74.68238535816283,-0.48260851654116266,-1.230262594635809,-1.230262594635809,-2.692215305796308,true,0.0,0.48260851654116266,-0.0046348938719596305,0.0046348938719596305,103.64243293497239,12.718860631790708,116.3612935667631,89.06950907649272,-449.1858562355965,100.0,0.08,0.6,0.27,1.0,false
0.02,0.02,0.0,0.0025,0.3,0.225,0.15,1.0,7.0,2.0,15.460224969865406,63.176837275192696,-0.055755732331491004,-1.2869187630473387,-1.2869187630473387,-1.9768827443887835,true,0.0,0.055755732331491004,-0.0005151997874746173,0.0005151997874746173,108.16581905672635,32.50084352000244,140.66666257672878,76.89513426660396,-498.01082162396,100.0,0.08,0.6,0.27,1.0,false
0.02,0.02,0.0,0.0025,0.3,0.225,0.15,1.0,7.0,2.0,15.460224969865406,63.176837275192696,-0.055755732331491004,-1.2869187630473387,-1.2869187630473387,-1.9768827443887835,true,0.0,0.055755732331491004,-0.0005151997874746173,0.0005151997874746173,108.16581905672635,32.50084352000244,140.66666257672878,76.89513426660396,-498.01082162396,100.0,0.08,0.6,0.27,1.0,false
