gross_delta,delta,iota,kappa,lambda,sigmah,sigmal,mu_b,m,c,p,vb,debt_diff,eq_deriv,eq_deriv_min_val,eq_min_val,eq_negative,eq_vb,abs_debt_diff,debt_per_diff,abs_debt_per_diff,debt,equity,firm_value,leverage,ROE,V0,r,alpha,pi,xi,opt
0.02,0.02,0.0,0.005,0.5,0.225,0.15,1.0,5.0,7.0,17.766470068059437,91.21193104058273,14.491295475627368,-1.3412152067726049,-1.3412152067726049,-2.626155154668819,true,0.0,14.491295475627368,0.16313083488294977,0.16313083488294977,103.32364581592455,-1.0678092519568785,102.25583656396768,101.04425261954499,-67.87235129445217,100.0,0.08,0.6,0.27,1.0,false
0.02,0.02,0.0,0.005,0.5,0.225,0.15,1.0,5.0,7.0,18.215338639127072,91.21193104058273,12.618389331821433,-1.4146130708276856,-1.4146130708276856,-2.882371561739459,true,0.0,12.618389331821433,0.13854685418493148,0.13854685418493148,103.69508252745679,-1.466146394195266,102.22893613326153,101.43417945021365,-60.32168745079779,100.0,0.08,0.6,0.27,1.0,false
0.02,0.02,0.0,0.005,0.5,0.225,0.15,1.0,5.0,7.0,18.515639204862683,91.41048457718354,11.289609688016863,-1.4471878128208877,-1.4471878128208877,-3.013581971843712,true,0.0,11.289609688016863,0.12214594569966705,0.12214594569966705,103.86780571233027,-1.8147041177547363,102.05310159457554,101.77819594838378,-53.08181814899338,100.0,0.08,0.6,0.27,1.0,false
0.02,0.02,0.0,0.005,0.5,0.225,0.15,1.0,5.0,7.0,18.664207210194704,91.21193104058273,11.814235478621853,-1.4579633655589623,-1.4579633655589623,-3.053245708176113,true,0.0,11.814235478621853,0.1265977745057258,0.1265977745057258,105.13527152959537,-1.762726703335228,103.37254482626014,101.70521747945538,-65.67412856016747,100.0,0.08,0.6,0.27,1.0,false
0.02,0.02,0.0,0.005,0.5,0.225,0.15,1.0,5.0,7.0,19.113075781262335,89.38438619126167,18.461637542521714,-1.4643290889175677,-1.4643290889175677,-3.047319655413038,true,0.0,18.461637542521714,0.19318332385435039,0.19318332385435039,114.0270164488334,-0.6497375682160972,113.3772788806173,100.57307564146099,-95.36795603978824,100.0,0.08,0.6,0.27,1.0,false
0.02,0.02,0.0,0.005,0.5,0.225,0.15,1.0,5.0,7.0,19.56194435232997,89.48549731768145,20.80563237257769,-1.4149940740500948,-1.4149940740500948,-2.8907080296939482,true,0.0,20.80563237257769,0.21271538245736382,0.21271538245736382,118.61535413422754,-0.6065183628469408,118.0088357713806,100.51396012754668,-96.74183817039639,100.0,0.08,0.6,0.27,1.0,false
