gross_delta,delta,iota,kappa,lambda,sigmah,sigmal,V0,r,alpha,pi,xi,mu_b,m,c,p,vb,sg_debt,debt,debt_diff,abs_debt_diff,debt_per_diff,abs_debt_per_diff,eq_vb,eq_min_val,sg_equity,equity,eq_negative,firm_value,leverage,ROE,cvml_vb,cvmh_vb,eq_deriv
0.02,0.0175,0.0025,0.015000000000000001,NaN,NaN,0.2,100.0,0.08,0.6,0.27,1.0,1.0,7.0,0.9042154215421542,8.675190595708214,56.9749272515907,60.724565151115875,60.83652137795473,0.11018720799723525,0.11018720799723525,0.001814488055360783,0.001814488055360783,1.5987211554602254e-14,NaN,32.40454099478641,32.41805172677838,false,93.25457310473311,65.23703809102204,-17.223768502192915,NaN,NaN,NaN
