gross_delta,delta,iota,kappa,lambda,sigmah,sigmal,mu_b,m,c,p,vb,debt_diff,eq_deriv,eq_deriv_min_val,eq_min_val,eq_negative,eq_vb,abs_debt_diff,debt_per_diff,abs_debt_per_diff,debt,equity,firm_value,leverage,ROE,V0,r,alpha,pi,xi,opt
0.02,0.02,0.0,0.0025,0.75,0.25,0.15,1.0,7.0,9.0,5.856863317910737,83.78769158485632,7.820763108303822,-4.5901368017011706,-4.5901368017011706,-18.155265914812723,true,0.0,7.820763108303822,0.1907594239391228,0.1907594239391228,48.818806333678985,-14.983045165468274,33.83576116821071,144.28168496337867,-129.27451294542126,100.0,0.08,0.6,0.27,1.0,false
0.02,0.02,0.0,0.0025,0.75,0.25,0.15,1.0,7.0,9.0,6.191999463104205,83.18417715161239,9.572713815555787,-4.6743025137085015,-4.6743025137085015,-18.390213458886556,true,0.0,9.572713815555787,0.2208544353448346,0.2208544353448346,52.91671005728522,-14.503539113565862,38.41317094371936,137.756682818025,-130.80400526643743,100.0,0.08,0.6,0.27,1.0,false
0.02,0.02,0.0,0.0025,0.75,0.25,0.15,1.0,7.0,9.0,6.527135608297671,82.38652188025715,7.609017496479275,-4.773618811407819,-4.773618811407819,-18.639906016214983,true,0.0,7.609017496479275,0.16653591479165517,0.16653591479165517,53.298966754562976,-13.70671888420955,39.592247870353425,134.6197036578797,-129.34992639707556,100.0,0.08,0.6,0.27,1.0,false
0.02,0.02,0.0,0.0025,0.75,0.25,0.15,1.0,7.0,9.0,7.5325440438780715,81.05746553495946,6.970809165420796,-4.9982107321645275,-4.9982107321645275,-19.285463051382195,true,0.0,6.970809165420796,0.1322036585479697,0.1322036585479697,59.6986174725673,-12.287295874853433,47.411321597713865,125.91637495177083,-130.4885219917446,100.0,0.08,0.6,0.27,1.0,false
0.02,0.02,0.0,0.0025,0.75,0.25,0.15,1.0,7.0,9.0,7.867680189071539,80.73178095652297,6.508627372387352,-5.065585062630603,-5.065585062630603,-19.492471041969065,true,0.0,6.508627372387352,0.11818018628064951,0.11818018628064951,61.58238869588813,-11.925456036398364,49.65693265948976,124.01569206494139,-131.04163853915085,100.0,0.08,0.6,0.27,1.0,false
0.02,0.02,0.0,0.0025,0.75,0.25,0.15,1.0,7.0,9.0,7.867680189071539,80.73178095652297,6.508627372387352,-5.065585062630603,-5.065585062630603,-19.492471041969065,true,0.0,6.508627372387352,0.11818018628064951,0.11818018628064951,61.58238869588813,-11.925456036398364,49.65693265948976,124.01569206494139,-131.04163853915085,100.0,0.08,0.6,0.27,1.0,false
