gross_delta,delta,iota,kappa,lambda,sigmah,sigmal,mu_b,m,c,p,vb,debt_diff,eq_deriv,eq_deriv_min_val,eq_min_val,eq_negative,eq_vb,abs_debt_diff,debt_per_diff,abs_debt_per_diff,debt,equity,firm_value,leverage,ROE,V0,r,alpha,pi,xi,opt
0.02,0.02,0.0,0.003,0.75,0.2,0.15,1.0,10.0,3.0,6.912289913201847,100.0,-9.122896747832968,-1.368486347113889,-1.368486347113889,-4.648936290875397,true,0.0,9.122896747832968,-0.13198081767966738,0.13198081767966738,60.00000238418551,0.1556181055191734,60.15562048970468,99.74130745514327,-99.61095471301317,100.0,0.08,0.6,0.27,1.0,false
0.02,0.02,0.0,0.003,0.75,0.2,0.15,1.0,10.0,3.0,6.912289913201847,100.0,-9.122896747832968,-1.368486347113889,-1.368486347113889,-4.648936290875396,true,0.0,9.122896747832968,-0.1319808176796674,0.1319808176796674,60.00000238418551,0.15561810551917327,60.15562048970468,99.74130745514327,-99.61095471301317,100.0,0.08,0.6,0.27,1.0,false
0.02,0.02,0.0,0.003,0.75,0.2,0.15,1.0,10.0,3.0,7.350669277454061,100.0,-13.506690390355104,-1.4058348896570947,-1.4058348896570947,-4.805009201213854,true,0.0,13.506690390355104,-0.18374776337418366,0.18374776337418366,60.00000238418551,0.15985791870479077,60.159860302890294,99.73427810852627,-99.60035517941735,100.0,0.08,0.6,0.27,1.0,false
0.02,0.02,0.0,0.003,0.75,0.2,0.15,1.0,10.0,3.0,8.081301551207753,99.41872201559497,-16.466868108669175,-1.4826699288674574,-1.4826699288674574,-5.096876571917236,true,0.0,16.466868108669175,-0.2037650495322526,0.2037650495322526,64.34614740340835,-0.6610683777315487,63.68507902567681,101.03802709809784,-101.854128879735,100.0,0.08,0.6,0.27,1.0,false
0.02,0.02,0.0,0.003,0.75,0.2,0.15,1.0,10.0,3.0,8.665807370210706,100.0,-26.658071317921554,-1.5172300100868568,-1.5172300100868568,-5.271524341806449,true,0.0,26.658071317921554,-0.30762363134865495,0.30762363134865495,60.00000238418551,0.18259836754866507,60.18260075173417,99.69659276058553,-99.54350405391907,100.0,0.08,0.6,0.27,1.0,false
0.02,0.02,0.0,0.003,0.75,0.2,0.15,1.0,10.0,3.0,9.396439643964396,99.06501548667376,-26.53976194239482,-1.6047541237114962,-1.6047541237114962,-5.588760539918166,true,0.0,26.53976194239482,-0.28244487218562697,0.28244487218562697,67.42463449724914,-1.2140136213395578,66.21062087590958,101.83356326413981,-103.72678434333157,100.0,0.08,0.6,0.27,1.0,false
