gross_delta,delta,iota,kappa,lambda,sigmah,sigmal,mu_b,m,c,p,vb,debt_diff,eq_deriv,eq_deriv_min_val,eq_min_val,eq_negative,eq_vb,abs_debt_diff,debt_per_diff,abs_debt_per_diff,debt,equity,firm_value,leverage,ROE,V0,r,alpha,pi,xi,opt
0.02,0.02,0.0,0.001,0.3,0.275,0.15,1.0,5.0,6.0,19.457695769576958,91.21193104058273,3.180380450066423,-1.4022597104381538,-1.4022597104381538,-3.0682195538972503,true,0.0,3.180380450066423,0.03269020636080764,0.03269020636080764,100.46885929795121,-1.9636692744767703,98.50519002347444,101.99346783048571,318.81845642338146,100.0,0.08,0.6,0.27,1.0,false
0.02,0.02,0.0,0.001,0.3,0.275,0.15,1.0,5.0,6.0,19.964996499649963,91.21193104058273,1.8368580272658477,-1.4734528458060951,-1.4734528458060951,-3.348192804325078,true,0.0,1.8368580272658477,0.018400784866634486,0.018400784866634486,101.66184052551567,-2.3753260486580707,99.2865144768576,102.39239544380594,42.93345313149126,100.0,0.08,0.6,0.27,1.0,false
0.02,0.02,0.0,0.001,0.3,0.275,0.15,1.0,5.0,6.0,20.47229722972297,91.21193104058273,1.297453240788201,-1.521046104457002,-1.521046104457002,-3.55252186837694,true,0.0,1.297453240788201,0.01267520910066191,0.01267520910066191,103.65893938940305,-2.691281592034434,100.96765779736862,102.66548878199744,-26.446401385361128,100.0,0.08,0.6,0.27,1.0,false
0.02,0.02,0.0,0.001,0.3,0.275,0.15,1.0,5.0,6.0,20.73087099757886,91.28891325529577,1.0296883572210496,-1.5374439036448837,-1.5374439036448837,-3.633138251651411,true,0.0,1.0296883572210496,0.010042542473858133,0.010042542473858133,104.68404334511536,-2.8630205112617158,101.82102283385365,102.81181668733916,-38.87715590319314,100.0,0.08,0.6,0.27,1.0,false
0.02,0.02,0.0,0.001,0.3,0.275,0.15,1.0,5.0,6.0,20.979597959795978,91.21193104058273,1.6183914448770622,-1.546347115024262,-1.546347115024262,-3.6740846468493653,true,0.0,1.6183914448770622,0.015428240788774398,0.015428240788774398,106.51638124385696,-2.8928285768235513,103.62355266703341,102.79167091107064,-55.606824269978915,100.0,0.08,0.6,0.27,1.0,false
0.02,0.02,0.0,0.001,0.3,0.275,0.15,1.0,5.0,6.0,21.486898689868987,89.58655199847024,9.618844325774432,-1.5338044620400113,-1.5338044620400113,-3.5396895814390192,true,0.0,9.618844325774432,0.08953217925590808,0.08953217925590808,117.05333777511936,-1.8308876823033653,115.22245009281599,101.58900256055006,-89.26375759134608,100.0,0.08,0.6,0.27,1.0,false
