gross_delta,delta,iota,kappa,lambda,sigmah,sigmal,mu_b,m,c,p,vb,debt_diff,eq_deriv,eq_deriv_min_val,eq_min_val,eq_negative,eq_vb,abs_debt_diff,debt_per_diff,abs_debt_per_diff,debt,equity,firm_value,leverage,ROE,V0,r,alpha,pi,xi,opt
0.02,0.02,0.0,0.001,0.3,0.275,0.15,1.0,5.0,1.0,11.437277938320149,66.68543195754035,0.10107764238822625,6.132113228062615e-7,6.132113228062615e-7,0.0005791810426166254,false,0.0,0.10107764238822625,0.0017675122163389873,0.0017675122163389873,57.28746733398897,19.063723315586333,76.3511906495753,75.03153106926386,-55.367377849835385,100.0,0.08,0.6,0.27,1.0,false
0.02,0.02,0.0,0.001,0.3,0.275,0.15,1.0,5.0,1.0,11.683990204843806,59.45513303360464,3.091485588024856e-6,-0.2743290005306822,-0.2743290005306822,-0.21001805705030152,true,0.0,3.091485588024856e-6,-2.9942604293405604e-6,2.9942604293405604e-6,58.4199541157046,27.089833502781833,85.50978761848643,68.31961082204202,-34.84895717007003,100.0,0.08,0.6,0.27,1.0,false
0.02,0.02,0.0,0.001,0.3,0.275,0.15,1.0,5.0,1.0,11.689888725714678,59.42178826655163,-0.008588719942949297,-0.27410085542564383,-0.27410085542564383,-0.20705163506008023,true,0.0,0.008588719942949297,-0.0001469427151014085,0.0001469427151014085,58.44085490863044,27.08363181493962,85.52448672357006,68.33230709413246,-34.83111417379955,100.0,0.08,0.6,0.27,1.0,false
0.02,0.02,0.0,0.001,0.3,0.275,0.15,1.0,5.0,1.0,11.942499513109205,56.45827087453508,-0.23785841292928467,-0.44733369945654433,-0.44733369945654433,-0.4487619128806866,true,0.0,0.23785841292928467,-0.003983394140702104,0.003983394140702104,59.47463915261674,31.322524519675714,90.79716367229246,65.50275002782487,-22.708832531720148,100.0,0.08,0.6,0.27,1.0,false
0.02,0.02,0.0,0.001,0.3,0.275,0.15,1.0,5.0,1.0,12.195110300503734,44.04840662715184,0.13380825576073363,-1.3459413842526828,-1.3459413842526828,-1.9159374563793001,true,0.0,0.13380825576073363,0.0021944574909700735,0.0021944574909700735,61.1093597582794,54.769861804990875,115.87922156327028,52.735390291618046,40.83044522942971,100.0,0.08,0.6,0.27,1.0,false
0.02,0.02,0.0,0.001,0.3,0.275,0.15,1.0,5.0,1.0,12.447721087898262,43.16693025144748,-0.09068338391413278,-1.4673003606835504,-1.4673003606835504,-2.1293951110050955,true,0.0,0.09068338391413278,-0.0014570278892623266,0.0014570278892623266,62.147922055577176,57.74931181709276,119.89723387266994,51.83432515347089,52.56576376568945,100.0,0.08,0.6,0.27,1.0,false
