gross_delta,delta,iota,kappa,lambda,sigmah,sigmal,mu_b,m,c,p,vb,debt_diff,eq_deriv,eq_deriv_min_val,eq_min_val,eq_negative,eq_vb,abs_debt_diff,debt_per_diff,abs_debt_per_diff,debt,equity,firm_value,leverage,ROE,V0,r,alpha,pi,xi,opt
0.02,0.02,0.0,0.001,0.3,0.275,0.15,1.0,5.0,2.0,15.374040035582505,88.23088305027933,-2.298006433787961,-0.11431532276028197,-0.11431532276028197,-0.05509983853127475,true,0.0,2.298006433787961,-0.029894633140922378,0.029894633140922378,74.57219374412456,3.8597220321826553,78.43191577630722,95.07888849331331,-84.82086109457117,100.0,0.08,0.6,0.27,1.0,false
0.02,0.02,0.0,0.001,0.3,0.275,0.15,1.0,5.0,2.0,16.715880798606175,82.03034940582157,-1.4698960328907162,-0.4552788021616182,-0.4552788021616182,-0.606793532199044,true,0.0,1.4698960328907162,-0.017586821186392772,0.017586821186392772,82.10950796014016,7.177788802068298,89.28729676220846,91.96101902246598,-59.87931027231528,100.0,0.08,0.6,0.27,1.0,false
0.02,0.02,0.0,0.001,0.3,0.275,0.15,1.0,5.0,2.0,17.163161052947398,78.2925559565352,-0.7906302718186993,-0.655961785638333,-0.655961785638333,-1.0545065200417159,true,0.0,0.7906302718186993,-0.009213107881230606,0.009213107881230606,85.0251749929183,10.121046999700654,95.14622199261895,89.36263911720447,-32.412919717496955,100.0,0.08,0.6,0.27,1.0,false
0.02,0.02,0.0,0.001,0.3,0.275,0.15,1.0,5.0,2.0,17.61044130728862,73.73114387886322,-0.4451009509417503,-0.9415629209774969,-0.9415629209774969,-1.757669189139369,true,0.0,0.4451009509417503,-0.005054966461942457,0.005054966461942457,87.60710558550136,14.603474875202824,102.21058046070418,85.71236479689374,17.83748321229939,100.0,0.08,0.6,0.27,1.0,false
0.02,0.02,0.0,0.001,0.3,0.275,0.15,1.0,5.0,2.0,18.057721561629847,64.4684520272727,-0.17034862242154247,-1.4782000374951436,-1.4782000374951436,-3.0387030853334305,true,0.0,0.17034862242154247,-0.0018867122503816833,0.0018867122503816833,90.1182591857277,27.32993422031774,117.44819340604543,76.73022170223439,176.57003693969403,100.0,0.08,0.6,0.27,1.0,false
0.02,0.02,0.0,0.001,0.3,0.275,0.15,1.0,5.0,2.0,18.057721561629847,64.4684520272727,-0.17034862242154247,-1.4782000374951436,-1.4782000374951436,-3.0387030853334305,true,0.0,0.17034862242154247,-0.0018867122503816833,0.0018867122503816833,90.1182591857277,27.32993422031774,117.44819340604543,76.73022170223439,176.57003693969403,100.0,0.08,0.6,0.27,1.0,false
