gross_delta,delta,iota,kappa,lambda,sigmah,sigmal,mu_b,m,c,p,vb,debt_diff,eq_deriv,eq_deriv_min_val,eq_min_val,eq_negative,eq_vb,abs_debt_diff,debt_per_diff,abs_debt_per_diff,debt,equity,firm_value,leverage,ROE,V0,r,alpha,pi,xi,opt
0.02,0.02,0.0,0.003,0.75,0.35,0.15,1.0,5.0,1.0,11.327731457356261,44.54517806021715,0.6540345700166341,-1.3519969141003645,-1.3519969141003645,-2.2719384409261827,true,0.0,0.6540345700166341,0.011547494261825957,0.011547494261825957,57.292691856797944,39.683636998224856,96.9763288550228,59.07904798339922,-7.07998531501568,100.0,0.08,0.6,0.27,1.0,false
0.02,0.02,0.0,0.003,0.75,0.35,0.15,1.0,5.0,1.0,11.610632115843162,44.0230951799138,0.3972175983933539,-1.4551662099651939,-1.4551662099651939,-2.451735477616716,true,0.0,0.3972175983933539,0.006842307885224181,0.006842307885224181,58.45037817760916,42.16195844131448,100.61233661892365,58.09464340242301,1.4737477552531075,100.0,0.08,0.6,0.27,1.0,false
0.02,0.02,0.0,0.003,0.75,0.35,0.15,1.0,5.0,1.0,11.893532774330064,44.98137838401628,-2.5569643981629966,-1.4357320041511268,-1.4357320041511268,-2.4484318062556802,true,0.0,2.5569643981629966,-0.04299755920598663,0.04299755920598663,56.91069947348732,41.15978482432458,98.0704842978119,58.030405254924474,-4.477946215443607,100.0,0.08,0.6,0.27,1.0,false
0.02,0.02,0.0,0.003,0.75,0.35,0.15,1.0,5.0,1.0,12.176433432816966,41.991557317990434,-0.11641634485563657,-1.7154388177150852,-1.7154388177150852,-2.884392229217792,true,0.0,0.11641634485563657,-0.0019121583589802313,0.0019121583589802313,60.76575081922919,49.37932678702989,110.14507760625908,55.168830182726325,25.85770804359193,100.0,0.08,0.6,0.27,1.0,false
0.02,0.02,0.0,0.003,0.75,0.35,0.15,1.0,5.0,1.0,12.187192252447417,41.88374723860329,-1.7806397785521955e-5,-1.7255834080871528,-1.7255834080871528,-2.9003387228724558,true,0.0,1.7806397785521955e-5,5.0830832687581186e-5,5.0830832687581186e-5,60.935943455839315,49.67412361557492,110.61006707141424,55.09077525149375,27.16068941642016,100.0,0.08,0.6,0.27,1.0,false
0.02,0.02,0.0,0.003,0.75,0.35,0.15,1.0,5.0,1.0,12.459334091303866,42.86744815818405,-0.3732333164797197,-1.6969450789160212,-1.6969450789160212,-2.889697706371899,true,0.0,0.3732333164797197,-0.005991224149615221,0.005991224149615221,61.92343714003961,48.22590699432319,110.14934413436279,56.217708445457404,26.65509534484636,100.0,0.08,0.6,0.27,1.0,false
