gross_delta,delta,iota,kappa,lambda,sigmah,sigmal,mu_b,m,c,p,vb,debt_diff,eq_deriv,eq_deriv_min_val,eq_min_val,eq_negative,eq_vb,abs_debt_diff,debt_per_diff,abs_debt_per_diff,debt,equity,firm_value,leverage,ROE,V0,r,alpha,pi,xi,opt
0.02,0.02,0.0,0.003,0.75,0.35,0.15,1.0,5.0,4.0,15.294195208994584,62.61521932818,-3.95655523608022,-2.6108550315923376,-2.6108550315923376,-8.363295120143754,true,0.0,3.95655523608022,-0.051739306083308685,0.051739306083308685,72.5144208088927,12.518272656035679,85.03269346492837,85.27828280401488,-54.45512510762063,100.0,0.08,0.6,0.27,1.0,false
0.02,0.02,0.0,0.003,0.75,0.35,0.15,1.0,5.0,4.0,15.805254209631489,63.42020424865382,-3.3645837796282905,-2.5493070123411155,-2.5493070123411155,-8.318070461045451,true,0.0,3.3645837796282905,-0.042575509827332776,0.042575509827332776,75.66168726852915,11.213065606839708,86.87475287536886,87.09283740590773,-53.92833623860638,100.0,0.08,0.6,0.27,1.0,false
0.02,0.02,0.0,0.003,0.75,0.35,0.15,1.0,5.0,4.0,17.338431211542208,90.442945328758,-0.7692131811378999,-1.515581333013492,-1.515581333013492,-5.6236247834994355,true,0.0,0.7692131811378999,-0.008872927103414457,0.008872927103414457,85.92294287657313,-5.610253186767364,80.31268968980577,106.98551276073063,-139.85387810518185,100.0,0.08,0.6,0.27,1.0,false
0.02,0.02,0.0,0.003,0.75,0.35,0.15,1.0,5.0,4.0,17.849490212179113,87.48898898749934,-0.41065585176117736,-1.7054343179647273,-1.7054343179647273,-6.352070138221848,true,0.0,0.41065585176117736,-0.0046013174256481285,0.0046013174256481285,88.8367952091344,-6.206461957729482,82.6303332514049,107.51111814936793,-155.5974926018376,100.0,0.08,0.6,0.27,1.0,false
0.02,0.02,0.0,0.003,0.75,0.35,0.15,1.0,5.0,4.0,18.354416443480684,83.3049708754666,-3.8327221469364875e-6,-1.987643192534374,-1.987643192534374,-7.370437903539018,true,0.0,3.8327221469364875e-6,-2.911040489757773e-6,2.911040489757773e-6,91.77207838468127,-6.1861093406725844,85.58596904400868,107.22794800335981,-175.18434946141554,100.0,0.08,0.6,0.27,1.0,false
0.02,0.02,0.0,0.003,0.75,0.35,0.15,1.0,5.0,4.0,18.360549212816018,83.28979228167599,0.007597763886664666,-1.9899794730198541,-1.9899794730198541,-7.379608885050157,true,0.0,0.007597763886664666,8.276183679038621e-5,8.276183679038621e-5,91.81034382796675,-6.200880563254764,85.60946326471198,107.24321859615111,-175.71600605688513,100.0,0.08,0.6,0.27,1.0,false
