gross_delta,delta,iota,kappa,lambda,sigmah,sigmal,mu_b,m,c,p,vb,debt_diff,eq_deriv,eq_deriv_min_val,eq_min_val,eq_negative,eq_vb,abs_debt_diff,debt_per_diff,abs_debt_per_diff,debt,equity,firm_value,leverage,ROE,V0,r,alpha,pi,xi,opt
0.02,0.02,0.0,0.0025,0.3,0.35,0.15,1.0,1.0,9.0,61.04803243482243,68.28445575846587,1.8751544424266413,-4.85722573273506e-16,-0.010132148528556095,-0.013463921339780947,true,0.0,1.8751544424266413,0.030716050421913905,0.030716050421913905,62.92318687724907,42.246986202113185,105.17017307936226,59.82987860043429,13.94449156739892,100.0,0.08,0.6,0.27,1.0,false
0.02,0.02,0.0,0.0025,0.3,0.35,0.15,1.0,1.0,9.0,67.03382048731189,75.32627219783198,0.9330620709620234,9.11556529044344e-16,0.0015116339191256329,0.01550076288738472,false,0.0,0.9330620709620234,0.01391927334857235,0.01391927334857235,67.96688255827391,31.235053376226222,99.20193593450013,68.513665502607,-2.4913718340142443,100.0,0.08,0.6,0.27,1.0,false
0.02,0.02,0.0,0.0025,0.3,0.35,0.15,1.0,1.0,9.0,70.60826956734677,79.53622276714952,-1.3366074364751235e-5,1.9283988006466444e-15,-0.0009698409735711401,0.027489567637140333,false,0.0,1.3366074364751235e-5,-7.722031631986898e-5,7.722031631986898e-5,70.60825620127234,24.320014003627854,94.9282702049002,74.38064135042833,-17.25562739601505,100.0,0.08,0.6,0.27,1.0,true
0.02,0.02,0.0,0.0025,0.3,0.35,0.15,1.0,1.0,9.0,75.0148712239645,84.7312876705412,-1.8424322962075195,8.944667923005412e-16,-0.001830419149318452,0.016049458724572464,false,0.0,1.8424322962075195,-0.024560893942039187,0.024560893942039187,73.17243892775699,15.961969647398266,89.13440857515525,82.0922470877903,-40.50159981216769,100.0,0.08,0.6,0.27,1.0,false
0.02,0.02,0.0,0.0025,0.3,0.35,0.15,1.0,1.0,9.0,77.01013390812766,87.08471633047613,-2.9970744989381473,-6.175615574477433e-16,0.0002982732401012461,0.003382857514328998,false,0.0,2.9970744989381473,-0.038917923484117406,0.038917923484117406,74.01305940918951,12.380077830390062,86.39313723957957,85.67006798692994,-52.360387375619325,100.0,0.08,0.6,0.27,1.0,false
0.02,0.02,0.0,0.0025,0.3,0.35,0.15,1.0,1.0,9.0,79.00539659229081,89.43532544560189,-4.331411293852113,-8.101158632811689e-16,-0.0017458733199800097,0.023126783098688812,false,0.0,4.331411293852113,-0.05482424594619102,0.05482424594619102,74.6739852984387,9.038162017256251,83.71214731569495,89.2032849388374,-64.31273485480894,100.0,0.08,0.6,0.27,1.0,false
