gross_delta,delta,iota,kappa,lambda,sigmah,sigmal,mu_b,m,c,p,vb,debt_diff,eq_deriv,eq_deriv_min_val,eq_min_val,eq_negative,eq_vb,abs_debt_diff,debt_per_diff,abs_debt_per_diff,debt,equity,firm_value,leverage,ROE,V0,r,alpha,pi,xi,opt
0.02,0.02,0.0,0.0025,0.3,0.35,0.15,1.0,1.0,5.5,56.6426274206368,64.51961555789185,0.4028292946615508,-1.0269562977782698e-15,-0.00762394502529945,-0.013435404262781876,true,0.0,0.4028292946615508,0.007111769227618609,0.007111769227618609,57.04545671529835,43.868741170747874,100.91419788604622,56.528672783699776,2.1282914824328314,100.0,0.08,0.6,0.27,1.0,false
0.02,0.02,0.0,0.0025,0.3,0.35,0.15,1.0,1.0,5.5,58.23213110784762,66.3946302638097,0.33021413191535487,-1.0269562977782698e-15,-0.007100306180356494,-0.013370910446327048,true,0.0,0.33021413191535487,0.0056706516768858855,0.0056706516768858855,58.562345239762976,41.4022744765218,99.96461971628477,58.58307209687995,-0.0853819645922127,100.0,0.08,0.6,0.27,1.0,false
0.02,0.02,0.0,0.0025,0.3,0.35,0.15,1.0,1.0,5.5,59.82163479505845,68.26994473169906,0.21415094902133802,1.5543122344752192e-15,-0.005619946430789224,-0.011233737782806098,true,0.0,0.21415094902133802,0.003579824418958004,0.003579824418958004,60.03578574407979,38.86960600446318,98.90539174854297,60.700215309509865,-2.7389710315520066,100.0,0.08,0.6,0.27,1.0,false
0.02,0.02,0.0,0.0025,0.3,0.35,0.15,1.0,1.0,5.5,61.41113848226927,70.14233860814417,0.05838361202126663,-9.259086553026208e-16,-0.0020080912183958106,0.0347023684671833,false,0.0,0.05838361202126663,0.000950700694762779,0.000950700694762779,61.46952209429054,36.27356760976418,97.74308970405471,62.888867418051944,-5.857467694712537,100.0,0.08,0.6,0.27,1.0,false
0.02,0.02,0.0,0.0025,0.3,0.35,0.15,1.0,1.0,5.5,61.930577586603945,70.75488965463668,2.6598112061043677e-6,-1.7557851259495238e-15,-0.0028091525623408506,0.042394755314280025,false,0.0,2.6598112061043677e-6,-2.486866546699742e-7,2.486866546699742e-7,61.93058024641513,35.41176223486348,97.34234248127862,63.62141969033254,-6.981082285792195,100.0,0.08,0.6,0.27,1.0,true
0.02,0.02,0.0,0.0025,0.3,0.35,0.15,1.0,1.0,5.5,63.0006421694801,72.02038763795153,-0.13013301697550617,-9.610368056911511e-16,-0.012021482357400033,0.013386163165455253,false,0.0,0.13013301697550617,-0.0020655823892307486,0.0020655823892307486,62.870509152504596,33.61586618307732,96.48637533558193,65.15998650984604,-9.463164143160064,100.0,0.08,0.6,0.27,1.0,false
