gross_delta,delta,iota,kappa,lambda,sigmah,sigmal,V0,r,alpha,pi,xi,mu_b,m,c,p,vb,sg_debt,debt,debt_diff,abs_debt_diff,debt_per_diff,abs_debt_per_diff,eq_vb,eq_min_val,sg_equity,equity,eq_negative,firm_value,leverage,ROE,cvml_vb,cvmh_vb,eq_deriv
0.02,0.0195,0.0005,0.0025,NaN,NaN,0.25,100.0,0.08,0.6,0.27,1.0,1.0,3.0,1.4224422442244224,16.599838383873358,44.035068984915185,49.799630614721075,49.804652930247165,0.005137778627094747,0.005137778627094747,0.00010316924997065168,0.00010316924997065168,-2.6290081223123707e-13,NaN,55.40183287297241,55.41169756434553,false,105.21635049459269,47.33546896098315,10.392099664823329,NaN,NaN,NaN
