gross_delta,delta,iota,kappa,lambda,sigmah,sigmal,V0,r,alpha,pi,xi,mu_b,m,c,p,vb,sg_debt,debt,debt_diff,abs_debt_diff,debt_per_diff,abs_debt_per_diff,eq_vb,eq_min_val,sg_equity,equity,eq_negative,firm_value,leverage,ROE,cvml_vb,cvmh_vb,eq_deriv
0.02,0.019,0.001,0.01,NaN,NaN,0.15,100.0,0.08,0.6,0.27,1.0,1.0,5.0,1.5878337833783378,15.714122338257962,71.07008381750656,78.57163421838959,78.51583637684732,-0.054775314442494505,0.054775314442494505,-0.0006971476136358856,0.0006971476136358856,-1.723066134218243e-13,NaN,27.225363103308922,27.18697280408142,false,105.70280918092874,74.27980106229136,26.54424571028231,NaN,NaN,NaN
