gross_delta,delta,iota,kappa,lambda,sigmah,sigmal,V0,r,alpha,pi,xi,mu_b,m,c,p,vb,sg_debt,debt,debt_diff,abs_debt_diff,debt_per_diff,abs_debt_per_diff,eq_vb,eq_min_val,sg_equity,equity,eq_negative,firm_value,leverage,ROE,cvml_vb,cvmh_vb,eq_deriv
0.02,0.0195,0.0005,0.0025,NaN,NaN,0.3,100.0,0.08,0.6,0.27,1.0,1.0,3.0,1.1884438443844385,13.862906983097393,35.624233886730515,41.588687827966005,41.599070252396544,0.010349303104362662,0.010349303104362662,0.00024884879525343523,0.00024884879525343523,1.3322676295501878e-13,NaN,61.58937141325185,61.5773030447413,false,103.17637329713784,40.31840713434974,5.438908782557839,NaN,NaN,NaN
