gross_delta,delta,iota,kappa,lambda,sigmah,sigmal,mu_b,m,c,p,vb,debt_diff,eq_deriv,eq_deriv_min_val,eq_min_val,eq_negative,eq_vb,abs_debt_diff,debt_per_diff,abs_debt_per_diff,debt,equity,firm_value,leverage,ROE,V0,r,alpha,pi,xi,opt
0.02,0.02,0.0,0.005,0.75,0.2,0.15,1.0,3.0,7.0,27.280862296755988,86.5994369087226,9.846750269135612,0.020962946792574367,0.020962946792574367,0.0029520482363834303,false,0.0,9.846750269135612,0.12031328240318005,0.12031328240318005,91.68933715940358,12.78076815706856,104.47010531647214,87.76610005479397,53.78759073989021,100.0,0.08,0.6,0.27,1.0,false
0.02,0.02,0.0,0.005,0.75,0.2,0.15,1.0,3.0,7.0,32.61886978171501,88.89015843671224,-3.5344246650968785,-0.5535645464738864,-0.5535645464738864,-0.46370852903361043,true,0.0,3.5344246650968785,-0.03611840517211045,0.03611840517211045,94.32218468004817,7.218451247529129,101.5406359275773,92.89107145962961,27.134308545815223,100.0,0.08,0.6,0.27,1.0,false
0.02,0.02,0.0,0.005,0.75,0.2,0.15,1.0,3.0,7.0,32.884545070994314,85.37447901287233,-8.28874548686187e-5,-0.5041036467641127,-0.5041036467641127,-0.35679704404085405,true,0.0,8.28874548686187e-5,-0.00031728066704533875,0.00031728066704533875,98.65355232552812,12.833429891430656,111.48698221695878,88.48885346411457,853.1324636484211,100.0,0.08,0.6,0.27,1.0,false
0.02,0.02,0.0,0.005,0.75,0.2,0.15,1.0,3.0,7.0,33.28612071733489,81.44649862672959,3.9717800145272406,-0.41526862056765657,-0.41526862056765657,-0.2192109430415206,true,0.0,3.9717800145272406,0.03977413537467585,0.03977413537467585,103.83014216653191,19.241914595052414,123.07205676158432,84.36532621509046,-602.3812108905457,100.0,0.08,0.6,0.27,1.0,false
0.02,0.02,0.0,0.005,0.75,0.2,0.15,1.0,3.0,7.0,34.62062258857464,80.8756860866062,5.011559108661672,-0.04340576880070709,-0.04340576880070709,-0.0022173927638736795,false,0.0,5.011559108661672,0.0482521566044431,0.0482521566044431,108.8734268743856,21.624546584901452,130.49797345928704,83.42920888986227,-343.70005963900775,100.0,0.08,0.6,0.27,1.0,false
0.02,0.02,0.0,0.005,0.75,0.2,0.15,1.0,3.0,7.0,37.956877266674034,87.94518744830621,11.327825609640726,-0.06965210888208184,-0.06965210888208184,-0.006266088679905941,true,0.0,11.327825609640726,0.09947978184168227,0.09947978184168227,125.19845740966282,10.846845795283107,136.04530320494592,92.02703398077416,-143.04567386384406,100.0,0.08,0.6,0.27,1.0,false
