gross_delta,delta,iota,kappa,lambda,sigmah,sigmal,mu_b,m,c,p,vb,debt_diff,eq_deriv,eq_deriv_min_val,eq_min_val,eq_negative,eq_vb,abs_debt_diff,debt_per_diff,abs_debt_per_diff,debt,equity,firm_value,leverage,ROE,V0,r,alpha,pi,xi,opt
0.02,0.02,0.0,0.003,0.5,0.2,0.15,1.0,3.0,9.0,30.100798237718507,89.3845796837743,9.087148651900165,6.708467608813884e-7,6.708467608813884e-7,0.0016313363840912444,false,0.0,9.087148651900165,0.10063020677098745,0.10063020677098745,99.38954336505569,10.914958409448104,110.30450177450379,90.10470267862537,1687.998980540818,100.0,0.08,0.6,0.27,1.0,false
0.02,0.02,0.0,0.003,0.5,0.2,0.15,1.0,3.0,9.0,30.21350082133737,93.67004062078459,-0.0002707050141879516,-0.04725552826288263,-0.04725552826288263,-0.08247070104453004,true,0.0,0.0002707050141879516,0.0118276283949085,0.0118276283949085,90.64023175899794,3.7314997265071037,94.37173148550505,96.04595606356948,-60.132562789742664,100.0,0.08,0.6,0.27,1.0,false
0.02,0.02,0.0,0.003,0.5,0.2,0.15,1.0,3.0,9.0,34.416106084292636,91.68022923741445,-6.846167305263322,-0.527934646270057,-0.527934646270057,-0.37804078312211137,true,0.0,6.846167305263322,-0.06630778516406967,0.06630778516406967,96.40215094761459,4.9469608739555495,101.34911182157013,95.11889074798712,37.49773272660397,100.0,0.08,0.6,0.27,1.0,false
0.02,0.02,0.0,0.003,0.5,0.2,0.15,1.0,3.0,9.0,35.13532405872166,85.38256841689993,6.983459373992318,-0.44266658453554275,-0.44266658453554275,-0.22883682461089874,true,0.0,6.983459373992318,0.06625297627653265,0.06625297627653265,112.38943155015728,15.508601459157369,127.89803300931464,87.87424552649071,-225.176053448235,100.0,0.08,0.6,0.27,1.0,false
0.02,0.02,0.0,0.003,0.5,0.2,0.15,1.0,3.0,9.0,36.5737600075797,86.6544177297915,10.200245133458608,-0.2492428783968697,-0.2492428783968697,-0.07250759844581531,true,0.0,10.200245133458608,0.09296505774763715,0.09296505774763715,119.92152515619772,14.065995144269452,133.98752030046717,89.50201099869119,-170.60701946253062,100.0,0.08,0.6,0.27,1.0,false
0.02,0.02,0.0,0.003,0.5,0.2,0.15,1.0,3.0,9.0,37.29297798200872,87.86751995416061,11.271809707070801,-0.2064738666629137,-0.2064738666629137,-0.050290946949077174,true,0.0,11.271809707070801,0.10075006356879186,0.10075006356879186,123.15074365309697,12.211366636982886,135.36211029007984,90.97874094101073,-152.74718955021268,100.0,0.08,0.6,0.27,1.0,false
