gross_delta,delta,iota,kappa,lambda,sigmah,sigmal,mu_b,m,c,p,vb,debt_diff,eq_deriv,eq_deriv_min_val,eq_min_val,eq_negative,eq_vb,abs_debt_diff,debt_per_diff,abs_debt_per_diff,debt,equity,firm_value,leverage,ROE,V0,r,alpha,pi,xi,opt
0.02,0.02,0.0,0.003,0.2,0.3,0.15,1.0,3.0,6.0,26.69730525684147,91.99494845796916,-1.3625077223646969,-5.721602434130557e-7,-5.721602434130557e-7,0.002597338556391226,false,0.0,1.3625077223646969,-0.017011800869746827,0.017011800869746827,78.72940804815971,4.32805172176217,83.05745976992188,94.78908729721408,-79.65241526158977,100.0,0.08,0.6,0.27,1.0,false
0.02,0.02,0.0,0.003,0.2,0.3,0.15,1.0,3.0,6.0,29.106629083961025,91.05384496899445,-3.7812335664650476,-0.3338792847897275,-0.3338792847897275,-0.23315330518172436,true,0.0,3.7812335664650476,-0.043303234640668924,0.043303234640668924,83.53865368541803,3.6997500425558987,87.23840372797393,95.7590351445535,-77.52462057566613,100.0,0.08,0.6,0.27,1.0,false
0.02,0.02,0.0,0.003,0.2,0.3,0.15,1.0,3.0,6.0,33.92527673820013,85.64914148310335,-3.776076957534187,-1.294821424085595,-1.294821424085595,-2.4041834622482656,true,0.0,3.776076957534187,-0.03710190277566003,0.03710190277566003,97.99975325706622,4.805032005931166,102.80478526299738,95.32606192052361,140.22196376050968,100.0,0.08,0.6,0.27,1.0,false
0.02,0.02,0.0,0.003,0.2,0.3,0.15,1.0,3.0,6.0,34.69200352697228,81.99670632436307,-4.111717334664977e-7,-1.352355711822756,-1.352355711822756,-2.343786248023488,true,0.0,4.111717334664977e-7,-0.0005276791194339622,0.0005276791194339622,104.07601016974512,10.081843067152823,114.15785323689794,91.16850678136773,-347.3458761704528,100.0,0.08,0.6,0.27,1.0,false
0.02,0.02,0.0,0.003,0.2,0.3,0.15,1.0,3.0,6.0,35.5314926229465,78.92653847611919,3.5171272499219413,-1.3743839566805065,-1.3743839566805065,-2.1990589039087443,true,0.0,3.5171272499219413,0.03299539826302854,0.03299539826302854,110.11160511876145,14.764306623588142,124.87591174234959,88.1768177564536,-246.0134810465838,100.0,0.08,0.6,0.27,1.0,false
0.02,0.02,0.0,0.003,0.2,0.3,0.15,1.0,3.0,6.0,36.33460056531969,79.24181279375952,3.7915072248980835,-1.3669563518445331,-1.3669563518445331,-2.1448032544293922,true,0.0,3.7915072248980835,0.034783256784691026,0.034783256784691026,112.79530892085715,14.44391866502788,127.23922758588503,88.64821884015414,-212.88448566867652,100.0,0.08,0.6,0.27,1.0,false
