gross_delta,delta,iota,kappa,lambda,sigmah,sigmal,mu_b,m,c,p,vb,debt_diff,eq_deriv,eq_deriv_min_val,eq_min_val,eq_negative,eq_vb,abs_debt_diff,debt_per_diff,abs_debt_per_diff,debt,equity,firm_value,leverage,ROE,V0,r,alpha,pi,xi,opt
0.02,0.02,0.0,0.004,0.75,0.35,0.15,1.0,3.0,2.0,16.76412641264126,47.903658703794164,0.8198632075854562,-1.1573716966783425,-1.1573716966783425,-1.6063743115815237,true,0.0,0.8198632075854562,0.016301937192250093,0.016301937192250093,51.11224244550924,39.28412124011117,90.3963636856204,56.54236560141611,-19.644256138513384,100.0,0.08,0.6,0.27,1.0,false
0.02,0.02,0.0,0.004,0.75,0.35,0.15,1.0,3.0,2.0,17.94109410941094,48.65111112321383,0.5307321804938567,-1.3487670545027142,-1.3487670545027142,-2.0483464495987955,true,0.0,0.5307321804938567,0.009860643155452133,0.009860643155452133,54.35401450872668,39.88893363414273,94.24294814286941,57.67435715861484,-12.612394704965313,100.0,0.08,0.6,0.27,1.0,false
0.02,0.02,0.0,0.004,0.75,0.35,0.15,1.0,3.0,2.0,19.118061806180616,50.814342618041664,0.25234678932616106,-1.4166964954168146,-1.4166964954168146,-2.316493477495686,true,0.0,0.25234678932616106,0.004399797285667328,0.004399797285667328,57.60653220786801,37.61810677886843,95.22463898673644,60.49540625288362,-11.264379306450234,100.0,0.08,0.6,0.27,1.0,false
0.02,0.02,0.0,0.004,0.75,0.35,0.15,1.0,3.0,2.0,19.65610619952584,72.58302235575876,1.4354484713418117e-5,-0.4113788360832992,-0.4113788360832992,-0.5613561078232175,true,0.0,1.4354484713418117e-5,4.359438051547716e-6,4.359438051547716e-6,58.96833295306223,12.030738862599641,70.99907181566186,83.05507585530752,-70.67938076014022,100.0,0.08,0.6,0.27,1.0,false
0.02,0.02,0.0,0.004,0.75,0.35,0.15,1.0,3.0,2.0,19.706545654565456,75.27764832997194,-0.028170925837756045,-0.2846109995817727,-0.2846109995817727,-0.3376294792355956,true,0.0,0.028170925837756045,-0.000476507084355998,0.000476507084355998,59.09146603785861,8.864980611048523,67.95644664890713,86.95490855069437,-78.32975237085597,100.0,0.08,0.6,0.27,1.0,false
0.02,0.02,0.0,0.004,0.75,0.35,0.15,1.0,3.0,2.0,23.825932593259328,48.527061561764064,-2.788886970794266,-2.0569385601202224,-2.0569385601202224,-3.5689207955739364,true,0.0,2.788886970794266,-0.039017527923660776,0.039017527923660776,68.68891080898372,50.033202249013385,118.7221130579971,57.85688027253053,59.793873486102875,100.0,0.08,0.6,0.27,1.0,false
