gross_delta,delta,iota,kappa,lambda,sigmah,sigmal,mu_b,m,c,p,vb,debt_diff,eq_deriv,eq_deriv_min_val,eq_min_val,eq_negative,eq_vb,abs_debt_diff,debt_per_diff,abs_debt_per_diff,debt,equity,firm_value,leverage,ROE,V0,r,alpha,pi,xi,opt
0.02,0.02,0.0,0.004,0.75,0.35,0.15,1.0,3.0,1.0,11.44083487296098,45.4467527243966,-0.014594408282924576,-0.18859236262704654,-0.18859236262704654,-0.11197577414466517,true,0.0,0.014594408282924576,-0.0004252139651514617,0.0004252139651514617,34.30791021060002,30.439940055811437,64.74785026641146,52.986948708623856,-53.66270101408281,100.0,0.08,0.6,0.27,1.0,false
0.02,0.02,0.0,0.004,0.75,0.35,0.15,1.0,3.0,1.0,11.646019865144408,46.22717337311365,-0.026593015538090015,-0.18829565623529415,-0.18829565623529415,-0.11446902573105561,true,0.0,0.026593015538090015,-0.0007611474662881966,0.0007611474662881966,34.911466579895134,29.78361766520672,64.69508424510185,53.96309006667431,-54.24137540022217,100.0,0.08,0.6,0.27,1.0,false
0.02,0.02,0.0,0.004,0.75,0.35,0.15,1.0,3.0,1.0,11.733390560372987,45.50528192562156,-2.045611224334165e-8,-0.23407459151869847,-0.23407459151869847,-0.16149954494990099,true,0.0,2.045611224334165e-8,-8.233869141607278e-6,8.233869141607278e-6,35.200171660662846,31.0133241294267,66.21349579008955,53.1616270076642,-52.13980511334184,100.0,0.08,0.6,0.27,1.0,false
0.02,0.02,0.0,0.004,0.75,0.35,0.15,1.0,3.0,1.0,11.851204857327838,44.37229575500577,0.018647819346988115,-0.30452791286555486,-0.30452791286555486,-0.23605725726103863,true,0.0,0.018647819346988115,0.0005244985515954465,0.0005244985515954465,35.572262391330504,32.93146795543473,68.50373034676522,51.9274822133978,-48.88619532869735,100.0,0.08,0.6,0.27,1.0,false
0.02,0.02,0.0,0.004,0.75,0.35,0.15,1.0,3.0,1.0,12.056389849511268,43.50182984654908,-0.052794528276024266,-0.3837590544291867,-0.3837590544291867,-0.3297542337912776,true,0.0,0.052794528276024266,-0.0014596555280369829,0.0014596555280369829,36.11637502025778,34.766650214024885,70.88302523428266,50.95207900747166,-45.57815054319547,100.0,0.08,0.6,0.27,1.0,false
0.02,0.02,0.0,0.004,0.75,0.35,0.15,1.0,3.0,1.0,12.261574841694696,44.21250829939814,-0.12423687589886612,-0.3833538600217492,-0.3833538600217492,-0.3363935520670453,true,0.0,0.12423687589886612,-0.0033774040040492085,0.0033774040040492085,36.66048764918522,34.10108242378636,70.76157007297158,51.808471196130554,-46.16143832160764,100.0,0.08,0.6,0.27,1.0,false
