gross_delta,delta,iota,kappa,lambda,sigmah,sigmal,mu_b,m,c,p,vb,debt_diff,eq_deriv,eq_deriv_min_val,eq_min_val,eq_negative,eq_vb,abs_debt_diff,debt_per_diff,abs_debt_per_diff,debt,equity,firm_value,leverage,ROE,V0,r,alpha,pi,xi,opt
0.02,0.02,0.0,0.003,0.3,0.2,0.15,1.0,7.0,2.0,14.39273664208526,80.54765075456758,-0.856075926478681,-0.8109967190068195,-0.8109967190068195,-1.4152620255427615,true,0.0,0.856075926478681,-0.00849710266829472,0.00849710266829472,99.89308056811815,8.937680335757689,108.83076090387584,91.78754217876704,8259.266579001514,100.0,0.08,0.6,0.27,1.0,false
0.02,0.02,0.0,0.003,0.3,0.2,0.15,1.0,7.0,2.0,15.209963101573315,75.26906904570062,-0.6395141399870141,-0.9720149324206463,-0.9720149324206463,-1.6972058263912915,true,0.0,0.6395141399870141,-0.00600653415430295,0.00600653415430295,105.83022757102619,15.35383010360071,121.1840576746269,87.33015678941452,-363.34872724184703,100.0,0.08,0.6,0.27,1.0,false
0.02,0.02,0.0,0.003,0.3,0.2,0.15,1.0,7.0,2.0,15.482371921402667,73.05957946809619,-0.46824711689480125,-0.9924858628315941,-0.9924858628315941,-1.6321681760788698,true,0.0,0.46824711689480125,-0.0043205553780951665,0.0043205553780951665,107.90835633292387,18.793692477282423,126.70204881020629,85.16701769721618,-337.6434708567821,100.0,0.08,0.6,0.27,1.0,false
0.02,0.02,0.0,0.003,0.3,0.2,0.15,1.0,7.0,2.0,15.754780741232018,70.5126692976321,-0.23532847960711933,-1.003595679907018,-1.003595679907018,-1.5162639430349372,true,0.0,0.23532847960711933,-0.0021338509739843915,0.0021338509739843915,110.048136709017,23.223559164413814,133.27169587343082,82.57427504601621,-331.1230413851102,100.0,0.08,0.6,0.27,1.0,false
0.02,0.02,0.0,0.003,0.3,0.2,0.15,1.0,7.0,2.0,15.942899981133973,68.73033222208005,-0.16048790031642113,-1.0066415453645923,-1.0066415453645923,-1.4243243326491015,true,0.0,0.16048790031642113,-0.001432179053630948,0.001432179053630948,111.43981196762138,26.6324051675234,138.0722171351448,80.71124972125588,-332.8045709396475,100.0,0.08,0.6,0.27,1.0,false
0.02,0.02,0.0,0.003,0.3,0.2,0.15,1.0,7.0,2.0,16.02718956106137,67.97037941447714,-0.1802332727047684,-1.006871645545691,-1.006871645545691,-1.3839323610725311,true,0.0,0.1802332727047684,-0.001606495654668628,0.001606495654668628,112.01009365472483,28.190340001659152,140.20043365638398,79.89282966788062,-334.7220663892903,100.0,0.08,0.6,0.27,1.0,false
