gross_delta,delta,iota,kappa,lambda,sigmah,sigmal,mu_b,m,c,p,vb,debt_diff,eq_deriv,eq_deriv_min_val,eq_min_val,eq_negative,eq_vb,abs_debt_diff,debt_per_diff,abs_debt_per_diff,debt,equity,firm_value,leverage,ROE,V0,r,alpha,pi,xi,opt
0.02,0.02,0.0,0.001,0.3,0.225,0.15,1.0,1.0,11.0,66.57910791079108,69.60427066449581,2.680222184107919,-8.604228440844963e-16,0.00020002755361608893,0.0017505909292651282,false,0.0,2.680222184107919,0.04025620450936548,0.04025620450936548,69.259330094899,48.84421147132992,118.10354156622893,58.642890108473544,58.89117453235748,100.0,0.08,0.6,0.27,1.0,false
0.02,0.02,0.0,0.001,0.3,0.225,0.15,1.0,1.0,11.0,73.41469146914692,77.48972716663687,1.304006986456372,-4.85722573273506e-16,0.00020341822811791033,0.0007368148723666196,false,0.0,1.304006986456372,0.017762207541311956,0.017762207541311956,74.71869845560329,34.11424476808041,108.8329432236837,68.65448663097753,34.938641146192936,100.0,0.08,0.6,0.27,1.0,false
0.02,0.02,0.0,0.001,0.3,0.225,0.15,1.0,1.0,11.0,74.0825346612302,79.37855631925854,7.8360836929664e-6,-7.050864359752756e-16,0.0009297954242848638,-0.0008705792844968315,false,0.0,7.8360836929664e-6,0.002681045515408406,0.002681045515408406,74.08254249731391,31.91433521973045,105.99687771704436,69.89124971687859,23.13837195034598,100.0,0.08,0.6,0.27,1.0,true
0.02,0.02,0.0,0.001,0.3,0.225,0.15,1.0,1.0,11.0,88.79475447544755,95.24263827269652,-15.04334285631262,-6.106226635438361e-16,-1.5861979299480744e-9,-0.0003868977382749999,false,0.0,15.04334285631262,-0.16941702181824517,0.16941702181824517,73.75141161913493,2.9575871847851336,76.70899880392007,96.14440648307094,-88.73239527447815,100.0,0.08,0.6,0.27,1.0,false
0.02,0.02,0.0,0.001,0.3,0.225,0.15,1.0,1.0,11.0,93.92144214421442,73.99362769969306,1.3580549659870371,2.1961599205866378e-15,-0.018876209792331424,0.04457546953563828,false,0.0,1.3580549659870371,0.014459477356637815,0.014459477356637815,95.27949711020146,13.263169587823251,108.54266669802472,87.78068570516831,180.96941994223195,100.0,0.08,0.6,0.27,1.0,false
0.02,0.02,0.0,0.001,0.3,0.225,0.15,1.0,1.0,11.0,95.63033803380338,75.17002755030971,1.4859305785504375,-1.5161483180037294e-15,-0.020856136196965323,0.056551012591255785,false,0.0,1.4859305785504375,0.01553827591851857,0.01553827591851857,97.11626861235382,11.85337804329807,108.96964665565189,89.1223121235263,311.04307058825225,100.0,0.08,0.6,0.27,1.0,false
