gross_delta,delta,iota,kappa,lambda,sigmah,sigmal,mu_b,m,c,p,vb,debt_diff,eq_deriv,eq_deriv_min_val,eq_min_val,eq_negative,eq_vb,abs_debt_diff,debt_per_diff,abs_debt_per_diff,debt,equity,firm_value,leverage,ROE,V0,r,alpha,pi,xi,opt
0.02,0.02,0.0,0.005,0.5,0.2,0.15,1.0,7.0,5.0,10.232898289828983,62.845325709217754,-3.2730243076739214,-1.998208085195814,-1.998208085195814,-3.580153229397952,true,0.0,3.2730243076739214,-0.045693300944955335,0.045693300944955335,68.35726372112896,30.38435860803225,98.7416223291612,69.22841868371968,-3.976829499663259,100.0,0.08,0.6,0.27,1.0,false
0.02,0.02,0.0,0.005,0.5,0.2,0.15,1.0,7.0,5.0,10.365619041399988,63.310680832145074,7.473213334451001e-5,-1.9913979126534342,-1.9913979126534342,-3.5939529608503022,true,0.0,7.473213334451001e-5,-3.5570228793654554e-6,3.5570228793654554e-6,72.5594080219333,29.188320762118348,101.74772878405165,71.31304933197345,6.369136589504354,100.0,0.08,0.6,0.27,1.0,false
0.02,0.02,0.0,0.005,0.5,0.2,0.15,1.0,7.0,5.0,10.498103757744195,63.77524159525056,3.162813255501135,-1.9840577459630941,-1.9840577459630941,-3.6064236256139717,true,0.0,3.162813255501135,0.04303924551500897,0.04303924551500897,76.6495395597105,28.013291200270267,104.66283075998078,73.2347281294999,19.96890284842263,100.0,0.08,0.6,0.27,1.0,false
0.02,0.02,0.0,0.005,0.5,0.2,0.15,1.0,7.0,5.0,10.763309225659407,64.70523824735568,9.22161150121677,-1.9687788642807726,-1.9687788642807726,-3.6285786960972177,true,0.0,9.22161150121677,0.12239479921861,0.12239479921861,84.56477608083262,25.73356456532954,110.29834064616216,76.66912809877803,66.71973597593053,100.0,0.08,0.6,0.27,1.0,false
0.02,0.02,0.0,0.005,0.5,0.2,0.15,1.0,7.0,5.0,11.02851469357462,65.63527679636667,14.982228615745413,-1.9541423450742867,-1.9541423450742867,-3.649321082996785,true,0.0,14.982228615745413,0.1940713172304969,0.1940713172304969,92.18183147076775,23.557439501781143,115.7392709725489,79.64611380058847,201.31659881338595,100.0,0.08,0.6,0.27,1.0,false
0.02,0.02,0.0,0.005,0.5,0.2,0.15,1.0,7.0,5.0,11.293720161489832,66.56558164792447,20.50692687578976,-1.9406657470635331,-1.9406657470635331,-3.673301995065658,true,0.0,20.50692687578976,0.25939734120959673,0.25939734120959673,99.56296800621858,21.42019332569054,120.98316133190912,82.29489700064484,4801.287235369753,100.0,0.08,0.6,0.27,1.0,false
