gross_delta,delta,iota,kappa,lambda,sigmah,sigmal,mu_b,m,c,p,vb,debt_diff,eq_deriv,eq_deriv_min_val,eq_min_val,eq_negative,eq_vb,abs_debt_diff,debt_per_diff,abs_debt_per_diff,debt,equity,firm_value,leverage,ROE,V0,r,alpha,pi,xi,opt
0.02,0.02,0.0,0.003,0.75,0.275,0.15,1.0,3.0,10.0,28.427719087698243,96.50758466496457,-9.602499430843764,-0.5317613233624965,-0.5317613233624965,-0.5002282311338287,true,0.0,9.602499430843764,-0.11259549644979118,0.11259549644979118,75.68065783225096,-0.29748687311193817,75.38317095913902,100.39463300538682,-101.22325213840055,100.0,0.08,0.6,0.27,1.0,false
0.02,0.02,0.0,0.003,0.75,0.275,0.15,1.0,3.0,10.0,31.043882019780924,93.80341287647167,-4.681934509945634,-0.9436103173983229,-0.9436103173983229,-1.3273244918139209,true,0.0,4.681934509945634,-0.050272219036720786,0.050272219036720786,88.44971154939714,-0.4085479083718713,88.04116364102526,100.46404192252349,-103.5371229915089,100.0,0.08,0.6,0.27,1.0,false
0.02,0.02,0.0,0.003,0.75,0.275,0.15,1.0,3.0,10.0,31.91593633047515,92.58274284074524,-4.833719779040706,-1.1764453384562243,-1.1764453384562243,-1.9062171569823718,true,0.0,4.833719779040706,-0.050483868298997654,0.050483868298997654,90.91408921238475,-0.5132487582998876,90.40084045408487,100.56774777283243,-105.64884215019458,100.0,0.08,0.6,0.27,1.0,false
0.02,0.02,0.0,0.003,0.75,0.275,0.15,1.0,3.0,10.0,32.8038709089698,88.92722231234924,-0.00019228350689629026,-1.2492949482945124,-1.2492949482945124,-2.0084543903781165,true,0.0,0.00019228350689629026,-0.0010107462789986608,0.0010107462789986608,98.41142044340249,2.5819428443666834,100.99336328776917,97.44345295540884,62.531541693562076,100.0,0.08,0.6,0.27,1.0,false
0.02,0.02,0.0,0.003,0.75,0.275,0.15,1.0,3.0,10.0,33.660044951863604,85.12679370022384,6.66864165238691,-1.1995251146240768,-1.1995251146240768,-1.783336884075968,true,0.0,6.66864165238691,0.06603914385659683,0.06603914385659683,107.64877650797773,6.375229125448005,114.02400563342573,94.40887110566555,-183.34965884803398,100.0,0.08,0.6,0.27,1.0,false
0.02,0.02,0.0,0.003,0.75,0.275,0.15,1.0,3.0,10.0,35.40415357325206,87.7929852136354,9.583748568636324,-1.0280725427122217,-1.0280725427122217,-1.380877707799254,true,0.0,9.583748568636324,0.09023186642783135,0.09023186642783135,115.7962092883925,3.701948107881678,119.49815739627418,96.90208770700501,-123.43567396642416,100.0,0.08,0.6,0.27,1.0,false
