gross_delta,delta,iota,kappa,lambda,sigmah,sigmal,mu_b,m,c,p,vb,debt_diff,eq_deriv,eq_deriv_min_val,eq_min_val,eq_negative,eq_vb,abs_debt_diff,debt_per_diff,abs_debt_per_diff,debt,equity,firm_value,leverage,ROE,V0,r,alpha,pi,xi,opt
0.02,0.02,0.0,0.003,0.75,0.275,0.15,1.0,3.0,2.0,20.250755338691764,78.36955404751156,0.15097057073482745,2.383105509489499e-6,2.383105509489499e-6,0.0006018801672543297,false,0.0,0.15097057073482745,0.0024850195825597684,0.0024850195825597684,60.903236586810124,10.510388578536428,71.41362516534656,85.28237636137173,-73.11698549708953,100.0,0.08,0.6,0.27,1.0,false
0.02,0.02,0.0,0.003,0.75,0.275,0.15,1.0,3.0,2.0,20.35148586634381,80.05432765704639,-1.4190377793230942e-5,0.04009233644176767,0.04009233644176767,0.048976640239388164,false,0.0,1.4190377793230942e-5,5.232206201726665e-5,5.232206201726665e-5,61.05444340865364,8.857924124267551,69.9123675329212,87.32996115444605,-77.2556232352428,100.0,0.08,0.6,0.27,1.0,false
0.02,0.02,0.0,0.003,0.75,0.275,0.15,1.0,3.0,2.0,20.773916865370747,78.39950492794937,-0.1855530892438111,-0.04208586745334687,-0.04208586745334687,-0.007649034965226882,true,0.0,0.1855530892438111,-0.002977340775395136,0.002977340775395136,62.13619750686843,10.52231274285389,72.65851024972231,85.51812759897028,-72.21010028043904,100.0,0.08,0.6,0.27,1.0,false
0.02,0.02,0.0,0.003,0.75,0.275,0.15,1.0,3.0,2.0,21.29707839204973,68.30432844195006,-0.02857412486927302,-0.3935967437555368,-0.3935967437555368,-0.37782075134929954,true,0.0,0.02857412486927302,-0.0004472307475429718,0.0004472307475429718,63.86266105127992,20.863429245225436,84.72609029650536,75.3754372800488,-42.266282321365054,100.0,0.08,0.6,0.27,1.0,false
0.02,0.02,0.0,0.003,0.75,0.275,0.15,1.0,3.0,2.0,22.343401445407697,63.18156837516946,-0.6247282675285106,-0.770702105593392,-0.770702105593392,-1.018813979911251,true,0.0,0.6247282675285106,-0.009320100896528339,0.009320100896528339,66.40547606869458,28.527505485095364,94.93298155378994,69.94984775767166,-15.08287022185868,100.0,0.08,0.6,0.27,1.0,false
0.02,0.02,0.0,0.003,0.75,0.275,0.15,1.0,3.0,2.0,23.389724498765663,61.68210075380928,-1.3360524136848113,-1.0458355438945388,-1.0458355438945388,-1.590065881253412,true,0.0,1.3360524136848113,-0.01904044678188091,0.01904044678188091,68.83312108261218,31.731026299712667,100.56414738232485,68.44697924094396,1.8100862258944694,100.0,0.08,0.6,0.27,1.0,false
