gross_delta,delta,iota,kappa,lambda,sigmah,sigmal,mu_b,m,c,p,vb,debt_diff,eq_deriv,eq_deriv_min_val,eq_min_val,eq_negative,eq_vb,abs_debt_diff,debt_per_diff,abs_debt_per_diff,debt,equity,firm_value,leverage,ROE,V0,r,alpha,pi,xi,opt
0.02,0.02,0.0,0.003,0.75,0.275,0.15,1.0,3.0,5.0,24.667993115100984,48.37653173798431,3.9807846105203453,0.00019413418948054372,-0.9439698996020307,-0.04705287149596083,true,0.0,3.9807846105203453,0.0537914939944781,0.0537914939944781,77.9847639558233,69.98595719970524,147.97072115552854,52.7028342815572,217.8978279372906,100.0,0.08,0.6,0.27,1.0,false
0.02,0.02,0.0,0.003,0.75,0.275,0.15,1.0,3.0,5.0,28.402557360999257,88.92898960350219,-2.473146892472357,-0.5679311483504624,-0.5679311483504624,-0.7124892848681921,true,0.0,2.473146892472357,-0.02902493205146307,0.02902493205146307,82.73452519052542,3.0455079955287765,85.7800331860542,96.44963066297355,-82.36070522741994,100.0,0.08,0.6,0.27,1.0,false
0.02,0.02,0.0,0.003,0.75,0.275,0.15,1.0,3.0,5.0,29.652834751143477,79.69110756816559,5.5881451437755914e-5,-0.9928932016381987,-0.6459452197462244,-1.0741121159231675,true,0.0,5.5881451437755914e-5,-0.0008358174527830879,0.0008358174527830879,88.95856013488186,10.443499366676349,99.40205950155821,89.49367908568068,-5.415421410125932,100.0,0.08,0.6,0.27,1.0,false
0.02,0.02,0.0,0.003,0.75,0.275,0.15,1.0,3.0,5.0,30.64329590853822,68.98643401433357,0.7803888435739026,-0.8194409977233295,-0.8194409977233295,-0.766319196720766,true,0.0,0.7803888435739026,0.008488956778704527,0.008488956778704527,92.71027656918857,27.71502837206536,120.42530494125393,76.98571044882523,280.19313949446143,100.0,0.08,0.6,0.27,1.0,false
0.02,0.02,0.0,0.003,0.75,0.275,0.15,1.0,3.0,5.0,31.390208757717875,60.30582558724856,0.019737889652887475,-0.26296350344638847,-1.019880594540251,-0.050801480023703945,true,0.0,0.019737889652887475,0.00020959709448714153,0.00020959709448714153,94.19036416280652,47.07383566605077,141.26419982885727,66.67674065822686,710.2717104002027,100.0,0.08,0.6,0.27,1.0,false
0.02,0.02,0.0,0.003,0.75,0.275,0.15,1.0,3.0,5.0,37.365511551155116,73.67291139270299,1.3544236578055546,-0.5667923358034279,-0.7794322868768789,-0.32849952175819325,true,0.0,1.3544236578055546,0.012082654133712635,0.012082654133712635,113.4509583112709,23.53651618893924,136.98747450021014,82.81849032197236,-274.9802180950736,100.0,0.08,0.6,0.27,1.0,false
