gross_delta,delta,iota,kappa,lambda,sigmah,sigmal,mu_b,m,c,p,vb,debt_diff,eq_deriv,eq_deriv_min_val,eq_min_val,eq_negative,eq_vb,abs_debt_diff,debt_per_diff,abs_debt_per_diff,debt,equity,firm_value,leverage,ROE,V0,r,alpha,pi,xi,opt
0.02,0.02,0.0,0.003,0.75,0.275,0.15,1.0,3.0,4.0,22.70633115943173,90.15072003524843,2.2786835068871767,-4.104535053710105e-7,0.00011832569357172302,0.0010919145100969925,false,0.0,2.2786835068871767,0.033451514629517176,0.033451514629517176,70.39767698518237,3.769789699752474,74.16746668493485,94.91719231052257,-87.26522341552221,100.0,0.08,0.6,0.27,1.0,false
0.02,0.02,0.0,0.003,0.75,0.275,0.15,1.0,3.0,4.0,23.00617371065463,108.5841826454594,4.912283751277428e-5,-0.008041060075831278,0.31845280617243005,-0.08747615776419478,true,0.0,4.912283751277428e-5,0.003335902860050803,0.003335902860050803,69.01857025480142,-25.356779511363598,43.66179074343782,158.07544555458853,-181.84509146255047,100.0,0.08,0.6,0.27,1.0,false
0.02,0.02,0.0,0.003,0.75,0.275,0.15,1.0,3.0,4.0,25.575060137592704,89.61217760608952,-1.408775769108857,-0.23685757213743336,-0.23685757213743336,-0.17225356563201447,true,0.0,1.408775769108857,-0.018361322339415884,0.018361322339415884,75.31640464366926,3.2919622632043843,78.60836690687364,95.812198633888,-86.66335995351635,100.0,0.08,0.6,0.27,1.0,false
0.02,0.02,0.0,0.003,0.75,0.275,0.15,1.0,3.0,4.0,27.00942462667319,51.74633589631682,1.2060405464753075,-0.37257897204296764,-1.0200293196132708,-0.09133216033394997,true,0.0,1.2060405464753075,0.014884193982227975,0.014884193982227975,82.23431442649488,61.90245683663755,144.13677126313243,57.05297385659486,248.4383227459336,100.0,0.08,0.6,0.27,1.0,false
0.02,0.02,0.0,0.003,0.75,0.275,0.15,1.0,3.0,4.0,27.726606871213434,53.06962570013167,0.7051617427814705,-0.4139725566518286,-1.0198629691555707,-0.11683608721586505,true,0.0,0.7051617427814705,0.008477557868955467,0.008477557868955467,83.88498235642177,59.2342202147001,143.1192025711219,58.61196879904067,267.5715504928703,100.0,0.08,0.6,0.27,1.0,false
0.02,0.02,0.0,0.003,0.75,0.275,0.15,1.0,3.0,4.0,28.443789115753678,54.393323169356115,0.04171305780332091,-0.45462707027284543,-1.0196321054923274,-0.1453010249456523,true,0.0,0.04171305780332091,0.0004888361583796865,0.0004888361583796865,85.37308040506436,56.64301686299202,142.01609726805637,60.11507290185709,287.25185091332446,100.0,0.08,0.6,0.27,1.0,false
