gross_delta,delta,iota,kappa,lambda,sigmah,sigmal,mu_b,m,c,p,vb,debt_diff,eq_deriv,eq_deriv_min_val,eq_min_val,eq_negative,eq_vb,abs_debt_diff,debt_per_diff,abs_debt_per_diff,debt,equity,firm_value,leverage,ROE,V0,r,alpha,pi,xi,opt
0.02,0.02,0.0,0.004,0.5,0.25,0.15,1.0,7.0,2.0,11.57274806428011,90.80506414292941,-1.1290208114175329,-0.8932064666307377,-0.8932064666307377,-2.8871739463913797,true,0.0,1.1290208114175329,-0.013936939303395686,0.013936939303395686,79.88021563854325,-2.8351018731096693,77.04511376543358,103.6797945184963,-114.09111460727601,100.0,0.08,0.6,0.27,1.0,false
0.02,0.02,0.0,0.004,0.5,0.25,0.15,1.0,7.0,2.0,11.877258778509429,89.98609313855333,-1.6552156834008258,-0.9484084662463824,-0.9484084662463824,-3.0931039194959915,true,0.0,1.6552156834008258,-0.019908582253913835,0.019908582253913835,81.48559576616518,-2.9655920498146617,78.52000371635052,103.7768618306842,-116.01775575578652,100.0,0.08,0.6,0.27,1.0,false
0.02,0.02,0.0,0.004,0.5,0.25,0.15,1.0,7.0,2.0,12.181769492738747,88.22643260478327,-1.4600426726975826,-1.035313888936432,-1.035313888936432,-3.403047710671451,true,0.0,1.4600426726975826,-0.017122104042061475,0.017122104042061475,83.81234377647364,-2.9822229184023126,80.83012085807133,103.68949456804447,-118.42282092739337,100.0,0.08,0.6,0.27,1.0,false
0.02,0.02,0.0,0.004,0.5,0.25,0.15,1.0,7.0,2.0,12.486280206968065,85.58711953850923,-0.9376391425247732,-1.15837404261767,-1.15837404261767,-3.8271792964384312,true,0.0,0.9376391425247732,-0.010727650406032014,0.010727650406032014,86.46632230625168,-2.6341817700479897,83.8321405362037,103.14220984123672,-119.46390204980877,100.0,0.08,0.6,0.27,1.0,false
0.02,0.02,0.0,0.004,0.5,0.25,0.15,1.0,7.0,2.0,12.648241940162544,84.15429130849401,-0.8138664381683451,-1.2292833277558177,-1.2292833277558177,-4.069259492358533,true,0.0,0.8138664381683451,-0.009162936401857552,0.009162936401857552,87.72382714296947,-2.3122399897750294,85.41158715319445,102.70717365973749,-118.83518598755161,100.0,0.08,0.6,0.27,1.0,false
0.02,0.02,0.0,0.004,0.5,0.25,0.15,1.0,7.0,2.0,12.790790921197383,83.06943655664043,-0.9452974843303679,-1.2890975871408024,-1.2890975871408024,-4.273450021776657,true,0.0,0.9452974843303679,-0.010557791038369926,0.010557791038369926,88.59023896405131,-1.9694067141651623,86.62083224988615,102.27359477277216,-117.2607183267043,100.0,0.08,0.6,0.27,1.0,false
