gross_delta,delta,iota,kappa,lambda,sigmah,sigmal,mu_b,m,c,p,vb,debt_diff,eq_deriv,eq_deriv_min_val,eq_min_val,eq_negative,eq_vb,abs_debt_diff,debt_per_diff,abs_debt_per_diff,debt,equity,firm_value,leverage,ROE,V0,r,alpha,pi,xi,opt
0.02,0.02,0.0,0.0025,0.5,0.2,0.15,1.0,3.0,10.0,33.6347187350314,91.21193104058273,-0.3970324060721566,-0.4216097759542495,-0.4216097759542495,-0.22949591318090454,true,0.0,0.3970324060721566,-0.003934747794383838,0.003934747794383838,100.50712379902204,6.731931929296766,107.2390557283188,93.72249980795098,-1427.4730829590185,100.0,0.08,0.6,0.27,1.0,false
0.02,0.02,0.0,0.0025,0.5,0.2,0.15,1.0,3.0,10.0,34.376575815476286,91.21193104058273,-2.481691039919511,-0.5401775193653642,-0.5401775193653642,-0.3672655252010993,true,0.0,2.481691039919511,-0.02406377968184426,0.02406377968184426,100.64803640650935,6.17463860035709,106.82267500686643,94.2197304083986,-1052.822794882284,100.0,0.08,0.6,0.27,1.0,false
0.02,0.02,0.0,0.0025,0.5,0.2,0.15,1.0,3.0,10.0,34.72264818565672,89.9452183084954,7.747880750731684e-5,-0.5943814767526505,-0.5943814767526505,-0.42792175111107256,true,0.0,7.747880750731684e-5,-0.00021758401916738735,0.00021758401916738735,104.16802203577768,7.952341875650424,112.1203639114281,92.90731710259828,-290.79414185886503,100.0,0.08,0.6,0.27,1.0,false
0.02,0.02,0.0,0.0025,0.5,0.2,0.15,1.0,3.0,10.0,35.118432895921174,88.73859938937095,2.620864418822009,-0.6252184993794402,-0.6252184993794402,-0.45890088518189825,true,0.0,2.620864418822009,0.024876436700059484,0.024876436700059484,107.97616310658553,9.698642269907168,117.6748053764927,91.75809788775345,-221.5953352546097,100.0,0.08,0.6,0.27,1.0,false
0.02,0.02,0.0,0.0025,0.5,0.2,0.15,1.0,3.0,10.0,35.860289976366055,88.8873179355176,2.8768947749730813,-0.5664377972858671,-0.5664377972858671,-0.37754153053776307,true,0.0,2.8768947749730813,0.026741694660668915,0.026741694660668915,110.45776470407124,9.49620311709229,119.95396782116353,92.08346060611355,-190.8052856973861,100.0,0.08,0.6,0.27,1.0,false
0.02,0.02,0.0,0.0025,0.5,0.2,0.15,1.0,3.0,10.0,36.60214705681094,89.4711516583084,3.6004166188119626,-0.4936589873664639,-0.4936589873664639,-0.28901803787335983,true,0.0,3.6004166188119626,0.032788756109704734,0.032788756109704734,113.4068577892448,8.721636555264993,122.12849434450979,92.85863908985704,-165.0535471649564,100.0,0.08,0.6,0.27,1.0,false
