gross_delta,delta,iota,kappa,lambda,sigmah,sigmal,mu_b,m,c,p,vb,debt_diff,eq_deriv,eq_deriv_min_val,eq_min_val,eq_negative,eq_vb,abs_debt_diff,debt_per_diff,abs_debt_per_diff,debt,equity,firm_value,leverage,ROE,V0,r,alpha,pi,xi,opt
0.02,0.02,0.0,0.0025,0.5,0.2,0.15,1.0,3.0,8.0,33.88659260662908,88.53251324099786,-1.4469621037476372,-0.576649144527058,-0.576649144527058,-0.44792866489932115,true,0.0,1.4469621037476372,-0.014233378576837442,0.014233378576837442,100.2128157161396,8.930303336905048,109.14311905304464,91.8178045355614,-4296.261206125863,100.0,0.08,0.6,0.27,1.0,false
0.02,0.02,0.0,0.0025,0.5,0.2,0.15,1.0,3.0,8.0,34.20964652690831,87.069581491221,5.0549387769533057e-5,-0.5972775632441226,-0.5972775632441226,-0.46134665345300674,true,0.0,5.0549387769533057e-5,-1.3190528290971774e-5,1.3190528290971774e-5,102.62899013011268,11.152638566159691,113.78162869627238,90.19820801130344,-524.217589804404,100.0,0.08,0.6,0.27,1.0,false
0.02,0.02,0.0,0.0025,0.5,0.2,0.15,1.0,3.0,8.0,34.59033008564014,86.13516496021631,1.1785771959360147,-0.5788688090801488,-0.5788688090801488,-0.42551658984635,true,0.0,1.1785771959360147,0.011357482404456637,0.011357482404456637,104.94956745285643,12.684965210812251,117.63453266366868,89.21663144012302,-356.2843184103224,100.0,0.08,0.6,0.27,1.0,false
0.02,0.02,0.0,0.0025,0.5,0.2,0.15,1.0,3.0,8.0,35.2940675646512,85.93768045834257,2.211283067043169,-0.4954348994155075,-0.4954348994155075,-0.30835916797336604,true,0.0,2.211283067043169,0.02088436971258291,0.02088436971258291,108.09348576099677,13.252229788174558,121.34571554917133,89.07894709903908,-263.7394588625612,100.0,0.08,0.6,0.27,1.0,false
0.02,0.02,0.0,0.0025,0.5,0.2,0.15,1.0,3.0,8.0,35.997805043662254,86.69932210851516,2.3520654804984815,-0.4383192534471722,-0.4383192534471722,-0.24331905633020595,true,0.0,2.3520654804984815,0.021779712009714923,0.021779712009714923,110.34548061148524,12.13877000104612,122.48425061253137,90.08952584488098,-217.33403654123157,100.0,0.08,0.6,0.27,1.0,false
0.02,0.02,0.0,0.0025,0.5,0.2,0.15,1.0,3.0,8.0,37.405280001684375,88.84274200033441,2.954237148423857,-0.36218773627632306,-0.36218773627632306,-0.17028385352069486,true,0.0,2.954237148423857,0.026326382695088562,0.026326382695088562,115.17007715347698,9.057403572655677,124.22748072613265,92.70901774735069,-159.70571857361793,100.0,0.08,0.6,0.27,1.0,false
