gross_delta,delta,iota,kappa,lambda,sigmah,sigmal,mu_b,m,c,p,vb,debt_diff,eq_deriv,eq_deriv_min_val,eq_min_val,eq_negative,eq_vb,abs_debt_diff,debt_per_diff,abs_debt_per_diff,debt,equity,firm_value,leverage,ROE,V0,r,alpha,pi,xi,opt
0.02,0.02,0.0,0.0025,0.5,0.2,0.15,1.0,3.0,6.0,30.940463783220427,88.6286305643856,-1.1956754121150936,-0.1629168198290269,-0.1629168198290269,-0.04751711995799254,true,0.0,1.1956754121150936,-0.012881464010929813,0.012881464010929813,91.62571593754619,8.999407851068108,100.6251237886143,91.05650009437663,7.464802769433709,100.0,0.08,0.6,0.27,1.0,false
0.02,0.02,0.0,0.0025,0.5,0.2,0.15,1.0,3.0,6.0,31.602972139319196,87.49630263679892,-1.389855694528734,-0.31725572154006515,-0.31725572154006515,-0.16750997902300452,true,0.0,1.389855694528734,-0.014659546243537531,0.014659546243537531,93.41906072342886,10.015899613857737,103.4349603372866,90.31671730602756,52.19559386477588,100.0,0.08,0.6,0.27,1.0,false
0.02,0.02,0.0,0.0025,0.5,0.2,0.15,1.0,3.0,6.0,32.26548049541796,85.87744272143985,-1.1648722378965175,-0.4945131699758361,-0.4945131699758361,-0.37309267522702394,true,0.0,1.1648722378965175,-0.012034246507522094,0.012034246507522094,95.63156924835737,11.776224347939438,107.4077935962968,89.03596847710922,169.57562148630365,100.0,0.08,0.6,0.27,1.0,false
0.02,0.02,0.0,0.0025,0.5,0.2,0.15,1.0,3.0,6.0,33.35484725393519,83.06679536854205,9.219030972784648e-7,-0.5581198218423369,-0.5581198218423369,-0.42227803231668165,true,0.0,9.219030972784648e-7,-0.00013817903706740117,0.00013817903706740117,100.06454268370865,16.00550284910195,116.07004553281061,86.21047939144856,-24898.322488961596,100.0,0.08,0.6,0.27,1.0,false
0.02,0.02,0.0,0.0025,0.5,0.2,0.15,1.0,3.0,6.0,34.25300556371426,81.46378951216558,1.062094130598524,-0.4631513012110754,-0.4631513012110754,-0.28096367422786583,true,0.0,1.062094130598524,0.01033577553384734,0.01033577553384734,103.82111082174131,19.032520027222606,122.85363084896392,84.50797107443967,-598.0886688481157,100.0,0.08,0.6,0.27,1.0,false
0.02,0.02,0.0,0.0025,0.5,0.2,0.15,1.0,3.0,6.0,35.5780222759118,82.01318360470412,1.3096879701921864,-0.32484709781911053,-0.32484709781911053,-0.13429634077129413,true,0.0,1.3096879701921864,0.012270571234823942,0.012270571234823942,108.04375479792759,18.772463773587255,126.81621857151484,85.19711123305495,-333.3793638068608,100.0,0.08,0.6,0.27,1.0,false
