gross_delta,delta,iota,kappa,lambda,sigmah,sigmal,mu_b,m,c,p,vb,debt_diff,eq_deriv,eq_deriv_min_val,eq_min_val,eq_negative,eq_vb,abs_debt_diff,debt_per_diff,abs_debt_per_diff,debt,equity,firm_value,leverage,ROE,V0,r,alpha,pi,xi,opt
0.02,0.02,0.0,0.0025,0.75,0.25,0.15,1.0,5.0,4.0,18.198023749743395,65.04528976860426,-1.0907944730005568,-0.9576880271197512,-0.9576880271197512,-1.0642292673447424,true,0.0,1.0907944730005568,-0.011988054175563296,0.011988054175563296,89.89932427571642,22.550949452528535,112.45027372824495,79.94584743561701,123.26179028114512,100.0,0.08,0.6,0.27,1.0,false
0.02,0.02,0.0,0.0025,0.75,0.25,0.15,1.0,5.0,4.0,20.01085766471384,68.87173661778294,-0.11295166680378088,-0.8768116380949381,-0.8768116380949381,-0.9288214976995157,true,0.0,0.11295166680378088,-0.001128903805087318,0.001128903805087318,99.94133665676542,16.773466102555183,116.7148027593206,85.6286728795284,28492.755164806924,100.0,0.08,0.6,0.27,1.0,false
0.02,0.02,0.0,0.0025,0.75,0.25,0.15,1.0,5.0,4.0,20.91727462219906,69.73756429126257,-0.2939547105666094,-0.7769050034281564,-0.7769050034281564,-0.7128707111968555,true,0.0,0.2939547105666094,-0.002810640639145613,0.002810640639145613,104.29241840042869,16.359355814155833,120.65177421458452,86.44084936118719,-481.12211550770564,100.0,0.08,0.6,0.27,1.0,false
0.02,0.02,0.0,0.0025,0.75,0.25,0.15,1.0,5.0,4.0,21.37048310094167,67.74815174337076,-0.18753046935951545,-0.6319109737435649,-0.9083748506332243,-0.4245734497898577,true,0.0,0.18753046935951545,-0.0017550419283806655,0.0017550419283806655,106.66488503534883,20.50850600141477,127.1733910367636,83.87358720702342,-407.7098238400653,100.0,0.08,0.6,0.27,1.0,false
0.02,0.02,0.0,0.0025,0.75,0.25,0.15,1.0,5.0,4.0,21.606693190078424,67.69687725739,2.1052080488526137e-5,-0.6125868515336972,-1.0045819838198673,-0.4564960641104419,true,0.0,2.1052080488526137e-5,-6.374090986554408e-6,6.374090986554408e-6,108.03348700247263,21.247634499204906,129.28112150167755,83.56478173116002,-364.4883161280413,100.0,0.08,0.6,0.27,1.0,false
0.02,0.02,0.0,0.0025,0.75,0.25,0.15,1.0,5.0,4.0,22.276900058426893,80.40793593970534,1.3455567018164771,-1.219200477928765,-1.219200477928765,-2.4792288874339588,true,0.0,1.3455567018164771,0.012080286739065211,0.012080286739065211,112.73005699395094,3.4091553072763974,116.13921230122733,97.064595807285,-126.78036169748775,100.0,0.08,0.6,0.27,1.0,false
