gross_delta,delta,iota,kappa,lambda,sigmah,sigmal,mu_b,m,c,p,vb,debt_diff,eq_deriv,eq_deriv_min_val,eq_min_val,eq_negative,eq_vb,abs_debt_diff,debt_per_diff,abs_debt_per_diff,debt,equity,firm_value,leverage,ROE,V0,r,alpha,pi,xi,opt
0.02,0.02,0.0,0.005,0.1,0.35,0.15,1.0,3.0,11.0,33.909255399224136,91.21193104058273,0.6894207598877813,-0.8421410969027959,-0.8421410969027959,-0.8775892297699729,true,0.0,0.6894207598877813,0.006777114898484379,0.006777114898484379,102.41718695756019,3.8486267815479613,106.26581373910815,96.37830206523739,-259.2192432410196,100.0,0.08,0.6,0.27,1.0,false
0.02,0.02,0.0,0.005,0.1,0.35,0.15,1.0,3.0,11.0,34.85920434148678,91.21193104058273,-0.02022459974577373,-0.9470167501170899,-0.9470167501170899,-1.0879931728848962,true,0.0,0.02022459974577373,-0.0001933932049208588,0.0001933932049208588,104.55738842471456,3.260088266600668,107.81747669131522,96.9762895899202,-171.53413233160734,100.0,0.08,0.6,0.27,1.0,false
0.02,0.02,0.0,0.005,0.1,0.35,0.15,1.0,3.0,11.0,35.809153283749424,91.21193104058273,-0.23434076652551994,-1.0238932621153316,-1.0238932621153316,-1.2518560870043285,true,0.0,0.23434076652551994,-0.0021813860892736818,0.0021813860892736818,107.19311908472275,2.8316678274018363,110.02478691212458,97.42633645847144,-139.36634155572273,100.0,0.08,0.6,0.27,1.0,false
0.02,0.02,0.0,0.005,0.1,0.35,0.15,1.0,3.0,11.0,35.86746173291,91.15257716818341,-7.458338327193147e-6,-1.0274516290286522,-1.0274516290286522,-1.2575006637271875,true,0.0,7.458338327193147e-6,-4.482954589218091e-5,4.482954589218091e-5,107.60237774039167,2.8983414119159865,110.50071915230767,97.3770836659252,-138.12414366780285,100.0,0.08,0.6,0.27,1.0,false
0.02,0.02,0.0,0.005,0.1,0.35,0.15,1.0,3.0,11.0,36.759102226012075,89.70881358976688,5.9679780096941215,-1.0645873979179925,-1.0645873979179925,-1.2848670946265763,true,0.0,5.9679780096941215,0.054117915911005426,0.054117915911005426,116.24528468773035,4.808378254465413,121.05366294219576,96.0278952841258,-129.5986087464325,100.0,0.08,0.6,0.27,1.0,false
0.02,0.02,0.0,0.005,0.1,0.35,0.15,1.0,3.0,11.0,37.70905116827472,89.84213455504054,6.664952625308089,-1.0726808915854376,-1.0726808915854376,-1.2851528391880553,true,0.0,6.664952625308089,0.058915586743052556,0.058915586743052556,119.79210613013224,4.662619901641827,124.45472603177407,96.25356139512819,-123.55797746326391,100.0,0.08,0.6,0.27,1.0,false
