gross_delta,delta,iota,kappa,lambda,sigmah,sigmal,mu_b,m,c,p,vb,debt_diff,eq_deriv,eq_deriv_min_val,eq_min_val,eq_negative,eq_vb,abs_debt_diff,debt_per_diff,abs_debt_per_diff,debt,equity,firm_value,leverage,ROE,V0,r,alpha,pi,xi,opt
0.02,0.02,0.0,0.004,0.2,0.2,0.15,1.0,3.0,4.0,26.438387259778608,81.23026035978586,3.021654404359836,0.24915992277198423,0.24915992277198423,0.021043061970029864,false,0.0,3.021654404359836,0.038096806922823113,0.038096806922823113,82.33681618369566,20.265271232243993,102.60208741593965,80.24867549712668,14.731700937957438,100.0,0.08,0.6,0.27,1.0,false
0.02,0.02,0.0,0.004,0.2,0.2,0.15,1.0,3.0,4.0,27.434630126813527,84.36805376638895,1.1387808618805017e-6,0.2142404046770237,0.2142404046770237,0.2586777249160804,false,0.0,1.1387808618805017e-6,0.003087526887282423,0.003087526887282423,82.30389151922145,15.558445739399614,97.86233725862107,84.10170227358941,-12.079846502415236,100.0,0.08,0.6,0.27,1.0,false
0.02,0.02,0.0,0.004,0.2,0.2,0.15,1.0,3.0,4.0,31.815678936314683,79.95936212284036,-1.5636858646724363,-0.5276409865483044,-0.5276409865483044,-0.43223452882798397,true,0.0,1.5636858646724363,-0.016382759663900934,0.016382759663900934,93.88335094427161,19.44709319096317,113.33044413523479,82.84036267628372,217.9370438581972,100.0,0.08,0.6,0.27,1.0,false
0.02,0.02,0.0,0.004,0.2,0.2,0.15,1.0,3.0,4.0,33.01063264221159,76.87865034891139,-0.9375349069517398,-0.6874781573444843,-0.6874781573444843,-0.6344517282579474,true,0.0,0.9375349069517398,-0.009466999285889566,0.009466999285889566,98.09436301968303,24.408443442904005,122.50280646258703,80.07519652183768,1180.854837254684,100.0,0.08,0.6,0.27,1.0,false
0.02,0.02,0.0,0.004,0.2,0.2,0.15,1.0,3.0,4.0,33.608109495160036,75.55465018742059,-0.7869703541053781,-0.7322043130576871,-0.7322043130576871,-0.6732361363517271,true,0.0,0.7869703541053781,-0.007805361720992876,0.007805361720992876,100.03735813137473,26.96000214880301,126.99736028017774,78.77121060679949,-72266.35617658013,100.0,0.08,0.6,0.27,1.0,false
0.02,0.02,0.0,0.004,0.2,0.2,0.15,1.0,3.0,4.0,35.4005400540054,74.95769311955671,-1.218410142507068,-0.8305107747365654,-0.8305107747365654,-0.7935235054881075,true,0.0,1.218410142507068,-0.011472613512376918,0.011472613512376918,104.98321001950912,28.503268632842182,133.4864786523513,78.64707428002849,-671.9860997480089,100.0,0.08,0.6,0.27,1.0,false
