gross_delta,delta,iota,kappa,lambda,sigmah,sigmal,mu_b,m,c,p,vb,debt_diff,eq_deriv,eq_deriv_min_val,eq_min_val,eq_negative,eq_vb,abs_debt_diff,debt_per_diff,abs_debt_per_diff,debt,equity,firm_value,leverage,ROE,V0,r,alpha,pi,xi,opt
0.02,0.02,0.0,0.004,0.2,0.2,0.15,1.0,3.0,6.0,30.64964522768066,86.66788126451083,1.1851005410568547,-1.3253449973318551e-6,-1.3253449973318551e-6,0.0013647923608094826,false,0.0,1.1851005410568547,0.012888681443165646,0.012888681443165646,93.13403622409884,13.765480357453736,106.89951658155258,87.12297230366595,100.48868311494994,100.0,0.08,0.6,0.27,1.0,false
0.02,0.02,0.0,0.004,0.2,0.2,0.15,1.0,3.0,6.0,31.95144119675125,89.1847920824395,-4.349324777932168,-0.06698225740817651,-0.06698225740817651,-0.007685955884807177,true,0.0,4.349324777932168,-0.045374320270874006,0.045374320270874006,91.50499881232159,9.42297757569308,100.92797638801467,90.66366144163366,10.923793505298773,100.0,0.08,0.6,0.27,1.0,false
0.02,0.02,0.0,0.004,0.2,0.2,0.15,1.0,3.0,6.0,34.55503313489243,86.65204625867128,-4.2045461980392815,-0.4571834088803715,-0.4571834088803715,-0.3084587727577264,true,0.0,4.2045461980392815,-0.0405589366352315,0.0405589366352315,99.46055320663802,11.379038710869313,110.83959191750733,89.73377787303819,2009.3903700774888,100.0,0.08,0.6,0.27,1.0,false
0.02,0.02,0.0,0.004,0.2,0.2,0.15,1.0,3.0,6.0,34.90130781643218,83.57547200843963,6.398914503845041e-5,-0.45521367025403686,-0.45521367025403686,-0.27752997156546644,true,0.0,6.398914503845041e-5,-0.000257923538836774,0.000257923538836774,104.70398743844159,17.15189432086519,121.85588175930678,85.92444281455029,-464.62457745311383,100.0,0.08,0.6,0.27,1.0,false
0.02,0.02,0.0,0.004,0.2,0.2,0.15,1.0,3.0,6.0,35.20593111942773,80.76613910657885,3.9405989085496174,-0.44211697786306575,-0.44211697786306575,-0.23859792204481292,true,0.0,3.9405989085496174,0.03730999089501969,0.03730999089501969,109.55839226683281,22.52184641222619,132.080238679059,82.9483603016861,-335.6237930344832,100.0,0.08,0.6,0.27,1.0,false
0.02,0.02,0.0,0.004,0.2,0.2,0.15,1.0,3.0,6.0,36.50772708849832,81.75410712203006,3.606524629537688,-0.43215757740818794,-0.43215757740818794,-0.2255735677856086,true,0.0,3.606524629537688,0.03292932681342699,0.03292932681342699,113.12970589503266,21.006755531027324,134.13646142605998,84.33926517242527,-259.994105724598,100.0,0.08,0.6,0.27,1.0,false
