gross_delta,delta,iota,kappa,lambda,sigmah,sigmal,mu_b,m,c,p,vb,debt_diff,eq_deriv,eq_deriv_min_val,eq_min_val,eq_negative,eq_vb,abs_debt_diff,debt_per_diff,abs_debt_per_diff,debt,equity,firm_value,leverage,ROE,V0,r,alpha,pi,xi,opt
0.02,0.02,0.0,0.005,0.75,0.2,0.15,1.0,7.0,2.0,11.251725172517252,91.21193104058273,-5.631289961981835,-0.6679279761276886,-0.6679279761276886,-1.622494350345656,true,0.0,5.631289961981835,-0.07149747991834896,0.07149747991834896,73.13078624563893,-1.1784169680378322,71.9523692776011,101.63777368260294,-104.3857515847354,100.0,0.08,0.6,0.27,1.0,false
0.02,0.02,0.0,0.005,0.75,0.2,0.15,1.0,7.0,2.0,11.251725172517252,91.21193104058273,-5.631289961981837,-0.6679279761276888,-0.6679279761276888,-1.6224943503456561,true,0.0,5.631289961981837,-0.07149747991834896,0.07149747991834896,73.13078624563896,-1.1784169680378327,71.95236927760112,101.63777368260294,-104.3857515847354,100.0,0.08,0.6,0.27,1.0,false
0.02,0.02,0.0,0.005,0.75,0.2,0.15,1.0,7.0,2.0,11.518362362552045,91.21193104058273,-6.719444624679696,-0.6945419412782213,-0.6945419412782213,-1.7151465777734711,true,0.0,6.719444624679696,-0.08333829327937942,0.08333829327937942,73.90909191318462,-1.2918649527175146,72.61722696046711,101.77900617634548,-104.95139896403352,100.0,0.08,0.6,0.27,1.0,false
0.02,0.02,0.0,0.005,0.75,0.2,0.15,1.0,7.0,2.0,11.784999552586838,91.21193104058273,-7.843325776430476,-0.7210550854739173,-0.7210550854739173,-1.8080527959086616,true,0.0,7.843325776430476,-0.09507638128613184,0.09507638128613184,74.65167109167739,-1.403370857400601,73.24830023427678,101.91590911039856,-105.5363446737502,100.0,0.08,0.6,0.27,1.0,false
0.02,0.02,0.0,0.005,0.75,0.2,0.15,1.0,7.0,2.0,12.05163674262163,90.43318541447596,-8.640642256562188,-0.7665318040830437,-0.7665318040830437,-1.9524061576251353,true,0.0,8.640642256562188,-0.10242405173545346,0.10242405173545346,75.72081494178923,-1.349958340911469,74.37085660087776,101.81517116060155,-105.56014684049264,100.0,0.08,0.6,0.27,1.0,false
0.02,0.02,0.0,0.005,0.75,0.2,0.15,1.0,7.0,2.0,12.318273932656423,90.45227044267466,-9.788682736281629,-0.7927532537632835,-0.7927532537632835,-2.046246350721077,true,0.0,9.788682736281629,-0.11352103839264702,0.11352103839264702,76.43923479231333,-1.4692096418618834,74.97002515045145,101.95972942374428,-106.23583159931731,100.0,0.08,0.6,0.27,1.0,false
