gross_delta,delta,iota,kappa,lambda,sigmah,sigmal,mu_b,m,c,p,vb,debt_diff,eq_deriv,eq_deriv_min_val,eq_min_val,eq_negative,eq_vb,abs_debt_diff,debt_per_diff,abs_debt_per_diff,debt,equity,firm_value,leverage,ROE,V0,r,alpha,pi,xi,opt
0.02,0.02,0.0,0.005,0.75,0.2,0.15,1.0,7.0,4.0,14.721701117480169,89.37391627362449,-0.44356174215835154,-2.0786305503867695,-2.0786305503867695,-6.955296900718461,true,0.0,0.44356174215835154,-0.004304255510950408,0.004304255510950408,102.60834608020284,-6.478745040547563,96.12960103965527,106.73959422537804,148.38517747781955,100.0,0.08,0.6,0.27,1.0,false
0.02,0.02,0.0,0.005,0.75,0.2,0.15,1.0,7.0,4.0,14.974244867237466,91.53205937347057,2.929313672008632e-5,-2.019375824246329,-2.019375824246329,-6.884965186738638,true,0.0,2.929313672008632e-5,1.1745112493370674e-5,1.1745112493370674e-5,104.81974336379895,-7.069693301435726,97.75005006236323,107.23241911070669,46.68194482171253,100.0,0.08,0.6,0.27,1.0,false
0.02,0.02,0.0,0.005,0.75,0.2,0.15,1.0,7.0,4.0,14.988136971591896,91.21193104058273,0.1028983970224715,-2.0341586784017727,-2.0341586784017727,-6.916449102117653,true,0.0,0.1028983970224715,0.0009807603861021392,0.0009807603861021392,105.01985719816574,-6.887937036000805,98.13192016216493,107.01905865555096,37.21380437909001,100.0,0.08,0.6,0.27,1.0,false
0.02,0.02,0.0,0.005,0.75,0.2,0.15,1.0,7.0,4.0,15.254572825703622,83.63468011065089,2.034367259752372,-2.377182850298292,-2.377182850298292,-7.635982466905939,true,0.0,2.034367259752372,0.019051591779787103,0.019051591779787103,108.81637703967773,-2.7166731210471635,106.09970391863057,102.5604907654885,-69.1860601149328,100.0,0.08,0.6,0.27,1.0,false
0.02,0.02,0.0,0.005,0.75,0.2,0.15,1.0,7.0,4.0,15.52100867981535,82.83141065544179,1.9283970206347334,-2.442828671379679,-2.442828671379679,-7.809655035750369,true,0.0,1.9283970206347334,0.01774918720458973,0.01774918720458973,110.57545777934219,-1.914768682916321,108.66068909642587,101.76215400329104,-81.89422412846677,100.0,0.08,0.6,0.27,1.0,false
0.02,0.02,0.0,0.005,0.75,0.2,0.15,1.0,7.0,4.0,16.053880388038802,81.95606974961937,2.4933376183572733,-2.5429966318786374,-2.5429966318786374,-8.101268840765563,true,0.0,2.4933376183572733,0.022187226996043845,0.022187226996043845,114.87050033462889,-1.0101288698969837,113.8603714647319,100.88716456560118,-93.20716285823484,100.0,0.08,0.6,0.27,1.0,false
