gross_delta,delta,iota,kappa,lambda,sigmah,sigmal,mu_b,m,c,p,vb,debt_diff,eq_deriv,eq_deriv_min_val,eq_min_val,eq_negative,eq_vb,abs_debt_diff,debt_per_diff,abs_debt_per_diff,debt,equity,firm_value,leverage,ROE,V0,r,alpha,pi,xi,opt
0.02,0.02,0.0,0.005,0.75,0.2,0.15,1.0,7.0,9.0,6.459170917091709,84.66732700697557,9.182345108775522,-4.074046002062593,-4.074046002062593,-14.295145213764881,true,0.0,9.182345108775522,0.2030854429779609,0.2030854429779609,54.39654152841748,-9.937107576975167,44.459433951442314,122.35095387815389,-121.79024992845096,100.0,0.08,0.6,0.27,1.0,false
0.02,0.02,0.0,0.005,0.75,0.2,0.15,1.0,7.0,9.0,7.233848384838483,82.72640961263261,9.25116500763307,-4.287285262344903,-4.287285262344903,-14.786928070015353,true,0.0,9.25116500763307,0.18269597740815063,0.18269597740815063,59.88810370150245,-7.4196534238654035,52.46845027763705,114.14117128408459,-118.49738882612569,100.0,0.08,0.6,0.27,1.0,false
0.02,0.02,0.0,0.005,0.75,0.2,0.15,1.0,7.0,9.0,7.492074207420742,82.16433850845075,8.78933534819086,-4.354688024344316,-4.354688024344316,-14.943865435006705,true,0.0,8.78933534819086,0.16759301906168692,0.16759301906168692,61.23385480013605,-6.561541767294946,54.6723130328411,112.00158069652824,-116.92595880623688,100.0,0.08,0.6,0.27,1.0,false
0.02,0.02,0.0,0.005,0.75,0.2,0.15,1.0,7.0,9.0,7.734380248842992,81.73843748651193,8.566354507696497,-4.4117674168013945,-4.4117674168013945,-15.084214027289244,true,0.0,8.566354507696497,0.15822616092954359,0.15822616092954359,62.70701624959743,-5.887280656265251,56.81973559333218,110.36133060949358,-115.78656375598185,100.0,0.08,0.6,0.27,1.0,false
0.02,0.02,0.0,0.005,0.75,0.2,0.15,1.0,7.0,9.0,7.750300030002999,81.7139747411769,8.567621869972427,-4.415283837875468,-4.415283837875468,-15.093105405833683,true,0.0,8.567621869972427,0.15792239999567587,0.15792239999567587,62.819722079993426,-5.847888831375493,56.97183324861793,110.26452634208914,-115.72846992687154,100.0,0.08,0.6,0.27,1.0,false
0.02,0.02,0.0,0.005,0.75,0.2,0.15,1.0,7.0,9.0,8.008525852585258,81.37376988161945,9.033224939978986,-4.46812402473876,-4.46812402473876,-15.22970706983556,true,0.0,9.033224939978986,0.1611358606396589,0.1611358606396589,65.09290590807579,-5.291650566581082,59.80125534149471,108.84872823549128,-115.15924113489959,100.0,0.08,0.6,0.27,1.0,false
