gross_delta,delta,iota,kappa,lambda,sigmah,sigmal,mu_b,m,c,p,vb,debt_diff,eq_deriv,eq_deriv_min_val,eq_min_val,eq_negative,eq_vb,abs_debt_diff,debt_per_diff,abs_debt_per_diff,debt,equity,firm_value,leverage,ROE,V0,r,alpha,pi,xi,opt
0.02,0.02,0.0,0.001,0.3,0.2,0.15,1.0,3.0,4.0,26.903965396539654,84.73824265562475,1.1146184301340725,0.24681302628872057,0.24681302628872057,0.02180308734230323,false,0.0,1.1146184301340725,0.013809840714378274,0.013809840714378274,81.82651461975303,14.607594151282143,96.43410877103517,84.85225369172524,-19.62139432450668,100.0,0.08,0.6,0.27,1.0,false
0.02,0.02,0.0,0.001,0.3,0.2,0.15,1.0,3.0,4.0,31.805655565556552,77.69972452579903,-0.49299734415087926,-0.5948562145634886,-0.5948562145634886,-0.5115995613469982,true,0.0,0.49299734415087926,-0.005166768146362447,0.005166768146362447,94.92396935251878,23.156951883885935,118.08092123640472,80.38891326269008,356.20197142380664,100.0,0.08,0.6,0.27,1.0,false
0.02,0.02,0.0,0.001,0.3,0.2,0.15,1.0,3.0,4.0,32.49299581579674,74.5398706816215,-1.3826579379285636e-5,-0.597872751973938,-0.597872751973938,-0.45070814313116736,true,0.0,1.3826579379285636e-5,-0.0001445973499042633,0.0001445973499042633,97.47897362081085,29.34522973544026,126.8242033562511,76.86149097817783,1064.019146236728,100.0,0.08,0.6,0.27,1.0,false
0.02,0.02,0.0,0.001,0.3,0.2,0.15,1.0,3.0,4.0,33.64378937893789,70.11106389125773,0.30141247223733103,-0.5644452346151841,-0.5644452346151841,-0.3331464988436514,true,0.0,0.30141247223733103,0.0029863111716544144,0.0029863111716544144,101.23278060905099,38.92574066782256,140.15852127687356,72.22734635525482,-3257.5562092745813,100.0,0.08,0.6,0.27,1.0,false
0.02,0.02,0.0,0.001,0.3,0.2,0.15,1.0,3.0,4.0,34.256500650065,68.47801601569527,0.13573921808573175,-0.5352747872564156,-0.5352747872564156,-0.2759681905666852,true,0.0,0.13573921808573175,0.0013208122595701087,0.0013208122595701087,102.90524116828074,43.12054789050754,146.0257890587883,70.47059415433276,-1584.2329910953788,100.0,0.08,0.6,0.27,1.0,false
0.02,0.02,0.0,0.001,0.3,0.2,0.15,1.0,3.0,4.0,34.86921192119212,67.0892138162092,0.22405179271949294,-0.5207620874318613,-0.5207620874318613,-0.24274206638669887,true,0.0,0.22405179271949294,0.0021418301932171783,0.0021418301932171783,104.83168755629585,47.02823245986053,151.85992001615637,69.03183377493075,-1073.329337046664,100.0,0.08,0.6,0.27,1.0,false
