gross_delta,delta,iota,kappa,lambda,sigmah,sigmal,mu_b,m,c,p,vb,debt_diff,eq_deriv,eq_deriv_min_val,eq_min_val,eq_negative,eq_vb,abs_debt_diff,debt_per_diff,abs_debt_per_diff,debt,equity,firm_value,leverage,ROE,V0,r,alpha,pi,xi,opt
0.02,0.02,0.0,0.001,0.3,0.2,0.15,1.0,3.0,8.0,31.363288960474993,88.61202847208808,4.673486904646765,0.01606844896308429,0.01606844896308429,0.0031640807305822853,false,0.0,4.673486904646765,0.049670459312440525,0.049670459312440525,98.76335378607175,12.342834670325963,111.10618845639772,88.89095662284396,898.0893913966295,100.0,0.08,0.6,0.27,1.0,false
0.02,0.02,0.0,0.001,0.3,0.2,0.15,1.0,3.0,8.0,31.875578371587398,90.82438946837254,1.5735178265999846e-5,-0.045115929390230965,-0.045115929390230965,0.004639965995843675,false,0.0,1.5735178265999846e-5,0.0027664600104674005,0.0027664600104674005,95.62675084994042,8.236972018676305,103.86372286861672,92.06944273594378,88.34902234106852,100.0,0.08,0.6,0.27,1.0,false
0.02,0.02,0.0,0.001,0.3,0.2,0.15,1.0,3.0,8.0,34.21501623846595,89.06589054068384,-1.7989855558273007,-0.3856062252062481,-0.3856062252062481,-0.20379078094708375,true,0.0,1.7989855558273007,-0.017526276993791653,0.017526276993791653,100.84606315957055,9.623451002336767,110.46951416190731,91.28859117798567,-1237.4388417079313,100.0,0.08,0.6,0.27,1.0,false
0.02,0.02,0.0,0.001,0.3,0.2,0.15,1.0,3.0,8.0,35.64087987746143,86.41429033385847,1.9575019926764838,-0.4578928566452398,-0.4578928566452398,-0.2607071725455422,true,0.0,1.9575019926764838,0.018307647467427503,0.018307647467427503,108.88014162506077,13.77820926394183,122.6583508890026,88.7670026834046,-255.1575396619594,100.0,0.08,0.6,0.27,1.0,false
0.02,0.02,0.0,0.001,0.3,0.2,0.15,1.0,3.0,8.0,36.35381169695917,86.69789416958189,2.3590742207453133,-0.4159695471425234,-0.4159695471425234,-0.21416318075060053,true,0.0,2.3590742207453133,0.021630691167593474,0.021630691167593474,111.42050931162282,13.431837312555794,124.85234662417862,89.24182229991453,-217.61154381167583,100.0,0.08,0.6,0.27,1.0,false
0.02,0.02,0.0,0.001,0.3,0.2,0.15,1.0,3.0,8.0,37.06674351645691,87.40449556825709,2.4211952426313275,-0.37963474348654297,-0.37963474348654297,-0.17889818125747484,true,0.0,2.4211952426313275,0.021773293370613688,0.021773293370613688,113.62142579200206,12.350637016327346,125.9720628083294,90.19573329118279,-190.67066256440742,100.0,0.08,0.6,0.27,1.0,false
