gross_delta,delta,iota,kappa,lambda,sigmah,sigmal,mu_b,m,c,p,vb,debt_diff,eq_deriv,eq_deriv_min_val,eq_min_val,eq_negative,eq_vb,abs_debt_diff,debt_per_diff,abs_debt_per_diff,debt,equity,firm_value,leverage,ROE,V0,r,alpha,pi,xi,opt
0.02,0.02,0.0,0.001,0.3,0.2,0.15,1.0,3.0,11.0,34.531670272290384,91.21193104058273,0.8650162472472687,-0.2729786425760997,-0.2729786425760997,-0.08981129530943702,true,0.0,0.8650162472472687,0.008349979795613815,0.008349979795613815,104.46002706411842,8.48489567312674,112.94492273724516,92.48758114354021,-290.24314317258256,100.0,0.08,0.6,0.27,1.0,false
0.02,0.02,0.0,0.001,0.3,0.2,0.15,1.0,3.0,11.0,35.13196342814776,91.09886925015425,9.848740150725233e-6,-0.3572613126625819,-0.3572613126625819,-0.1499762124088608,true,0.0,9.848740150725233e-6,-0.00016281052852522076,0.00016281052852522076,105.39590013318343,8.273268301145247,113.66916843432868,92.72162503245104,-253.3250819500295,100.0,0.08,0.6,0.27,1.0,false
0.02,0.02,0.0,0.001,0.3,0.2,0.15,1.0,3.0,11.0,35.308761139271816,91.21193104058273,-0.661817425384541,-0.3804515922666524,-0.3804515922666524,-0.1701500346300762,true,0.0,0.661817425384541,-0.006247905656937566,0.006247905656937566,105.26446599243091,7.942781214007283,113.2072472064382,92.98385800378726,-250.8753447249383,100.0,0.08,0.6,0.27,1.0,false
0.02,0.02,0.0,0.001,0.3,0.2,0.15,1.0,3.0,11.0,36.085852006253255,91.21193104058273,-1.2765855348493602,-0.4398341347481221,-0.4398341347481221,-0.2238155959318478,true,0.0,1.2765855348493602,-0.011792114858275046,0.011792114858275046,106.98097048391041,7.574490392463883,114.5554608763743,93.38792726726655,-208.50196845727115,100.0,0.08,0.6,0.27,1.0,false
0.02,0.02,0.0,0.001,0.3,0.2,0.15,1.0,3.0,11.0,36.86294287323469,89.43277023285239,5.425267152886548,-0.3963255148448768,-0.3963255148448768,-0.1732351579671058,true,0.0,5.425267152886548,0.04905800360308642,0.04905800360308642,116.01409577259061,10.943901877210044,126.95799764980065,91.37990352730864,-168.33918088551337,100.0,0.08,0.6,0.27,1.0,false
0.02,0.02,0.0,0.001,0.3,0.2,0.15,1.0,3.0,11.0,37.640033740216126,89.55644896276759,7.568178988134875,-0.3057497303616455,-0.3057497303616455,-0.10219749420948866,true,0.0,7.568178988134875,0.06702242476161517,0.06702242476161517,120.48828020878325,11.12634773112931,131.61462793991257,91.54626814261941,-154.3059135161549,100.0,0.08,0.6,0.27,1.0,false
