gross_delta,delta,iota,kappa,lambda,sigmah,sigmal,mu_b,m,c,p,vb,debt_diff,eq_deriv,eq_deriv_min_val,eq_min_val,eq_negative,eq_vb,abs_debt_diff,debt_per_diff,abs_debt_per_diff,debt,equity,firm_value,leverage,ROE,V0,r,alpha,pi,xi,opt
0.02,0.02,0.0,0.001,0.3,0.2,0.15,1.0,3.0,9.0,32.684076302367075,91.21193104058273,-0.05575262218343369,-0.0184055383161707,-0.0184055383161707,-8.867893801835004e-5,false,0.0,0.05575262218343369,-0.0005686012730649504,0.0005686012730649504,97.99647628491779,8.454478645644953,106.45095493056274,92.05786490956352,321.98046282162636,100.0,0.08,0.6,0.27,1.0,false
0.02,0.02,0.0,0.001,0.3,0.2,0.15,1.0,3.0,9.0,32.693098939058615,91.18066379113498,1.5507389106912864e-5,-0.019553463962566256,-0.019553463962566256,0.000796143816291391,false,0.0,1.5507389106912864e-5,-7.605739806246176e-5,7.605739806246176e-5,98.07931232456502,8.50677819757755,106.58609052214257,92.01886648069683,342.9027325148545,100.0,0.08,0.6,0.27,1.0,false
0.02,0.02,0.0,0.001,0.3,0.2,0.15,1.0,3.0,9.0,34.88112495460072,90.18281018957762,-2.436993660738807,-0.4003955003516115,-0.4003955003516115,-0.2086545317241279,true,0.0,2.436993660738807,-0.02328856140114612,0.02328856140114612,102.20638120306336,8.377705788174497,110.58408699123785,92.424130798459,-479.70346087715114,100.0,0.08,0.6,0.27,1.0,false
0.02,0.02,0.0,0.001,0.3,0.2,0.15,1.0,3.0,9.0,35.613474505345266,89.75567397856493,-2.162357239753007,-0.4590208477535888,-0.4590208477535888,-0.2669388829014047,true,0.0,2.162357239753007,-0.020239130177431917,0.020239130177431917,104.67806627628279,8.720865791054683,113.39893206733747,92.30956973573954,-286.42031292434604,100.0,0.08,0.6,0.27,1.0,false
0.02,0.02,0.0,0.001,0.3,0.2,0.15,1.0,3.0,9.0,36.34582405608982,88.01809103262856,2.2215797417425023,-0.4304725133490115,-0.4304725133490115,-0.2229722798689121,true,0.0,2.2215797417425023,0.02037446116060085,0.02037446116060085,111.25905191001196,11.851027657230013,123.11007956724197,90.37363333783158,-205.25777616045667,100.0,0.08,0.6,0.27,1.0,false
0.02,0.02,0.0,0.001,0.3,0.2,0.15,1.0,3.0,9.0,37.81052315757891,89.22201147062812,2.875221503634833,-0.33699528446361904,-0.33699528446361904,-0.1366717199650715,true,0.0,2.875221503634833,0.02534763044362083,0.02534763044362083,116.30679097637157,10.154266098633489,126.46105707500506,91.97044028138171,-162.2701677684282,100.0,0.08,0.6,0.27,1.0,false
