gross_delta,delta,iota,kappa,lambda,sigmah,sigmal,mu_b,m,c,p,vb,debt_diff,eq_deriv,eq_deriv_min_val,eq_min_val,eq_negative,eq_vb,abs_debt_diff,debt_per_diff,abs_debt_per_diff,debt,equity,firm_value,leverage,ROE,V0,r,alpha,pi,xi,opt
0.02,0.02,0.0,0.001,0.3,0.275,0.15,1.0,1.0,9.0,66.29527294834746,72.45637955125879,1.4299209137259794,8.092485015431805e-16,0.008166114853341752,0.032772762477060145,false,0.0,1.4299209137259794,0.021568972418894355,0.021568972418894355,67.72519386207344,38.9772428245119,106.70243668658534,63.471084602314306,20.766775973626107,100.0,0.08,0.6,0.27,1.0,false
0.02,0.02,0.0,0.001,0.3,0.275,0.15,1.0,1.0,9.0,69.92178296777045,76.67616965037082,0.7180530434054475,-4.996003610813204e-16,-0.00012539911614956045,0.002589948143847552,false,0.0,0.7180530434054475,0.010269375478260113,0.010269375478260113,70.6398360111759,31.69960247687715,102.33943848805305,69.0250377125357,7.968070236063918,100.0,0.08,0.6,0.27,1.0,false
0.02,0.02,0.0,0.001,0.3,0.275,0.15,1.0,1.0,9.0,72.50792752171682,79.68782066206533,1.8104018674247602e-5,-8.000351571917877e-16,0.0003253062206900563,-0.011820668116432401,true,0.0,1.8104018674247602e-5,-5.9368545755914166e-5,5.9368545755914166e-5,72.50794562573549,26.346572203521433,98.85451782925692,73.34813543977054,-4.166593573361233,100.0,0.08,0.6,0.27,1.0,true
0.02,0.02,0.0,0.001,0.3,0.275,0.15,1.0,1.0,9.0,77.17480300661646,85.1242653305618,-2.100255057208699,3.885780586188048e-16,0.00027286131738236963,-0.002808495263108085,false,0.0,2.100255057208699,-0.027214258739716342,0.027214258739716342,75.07454794940776,16.829764372891265,91.90431232229902,81.68773156816516,-32.479602220528704,100.0,0.08,0.6,0.27,1.0,false
0.02,0.02,0.0,0.001,0.3,0.275,0.15,1.0,1.0,9.0,78.98805801632795,87.23633229391459,-3.2975111067956817,1.3270634591222574e-15,-0.0030876031929075193,0.014864046192369001,false,0.0,3.2975111067956817,-0.041746957573182,0.041746957573182,75.69054690953227,13.327213563887314,89.01776047341959,85.02859037004556,-45.176826832384776,100.0,0.08,0.6,0.27,1.0,false
0.02,0.02,0.0,0.001,0.3,0.275,0.15,1.0,1.0,9.0,82.61456803575095,91.46261383688658,-6.470220503078451,-1.1171619185290638e-15,0.001167028199942556,0.0004905208724010563,false,0.0,6.470220503078451,-0.07831815449641404,0.07831815449641404,76.1443475326725,7.015031480933961,83.15937901360645,91.56435321650712,-70.59383938233637,100.0,0.08,0.6,0.27,1.0,false
