gross_delta,delta,iota,kappa,lambda,sigmah,sigmal,V0,r,alpha,pi,xi,mu_b,m,c,p,vb,sg_debt,debt,debt_diff,abs_debt_diff,debt_per_diff,abs_debt_per_diff,eq_vb,eq_min_val,sg_equity,equity,eq_negative,firm_value,leverage,ROE,cvml_vb,cvmh_vb,eq_deriv
0.02,0.015,0.005,0.0025,NaN,NaN,0.15,100.0,0.08,0.6,0.27,1.0,1.0,5.0,2.8264326432643263,16.774643958497073,88.09478143997538,83.8726904817878,83.86416526201945,-0.00905453046591731,0.00905453046591731,-0.00010795496450857073,0.00010795496450857073,-2.5224267119483557e-12,NaN,7.35981600852498,7.360725942424754,false,91.2248912044442,91.9312307800635,-54.382738408326226,NaN,NaN,NaN
