gross_delta,delta,iota,kappa,lambda,sigmah,sigmal,mu_b,m,c,p,vb,debt_diff,eq_deriv,eq_deriv_min_val,eq_min_val,eq_negative,eq_vb,abs_debt_diff,debt_per_diff,abs_debt_per_diff,debt,equity,firm_value,leverage,ROE,V0,r,alpha,pi,xi,opt
0.02,0.02,0.0,0.005,0.75,0.2,0.15,1.0,10.0,1.0,7.472672267226723,99.1080752359258,-13.458947342043459,-0.1643821187583389,-0.1643821187583389,-0.20651845417672532,true,0.0,13.458947342043459,-0.18010889358912535,0.18010889358912535,61.26777533022377,-0.11111700654081157,61.15665832368296,100.18169241025679,-100.28688516471279,100.0,0.08,0.6,0.27,1.0,false
0.02,0.02,0.0,0.005,0.75,0.2,0.15,1.0,10.0,1.0,7.472672267226723,99.10807523592582,-13.458947342043462,-0.16438211875833894,-0.16438211875833894,-0.20651845417672535,true,0.0,13.458947342043462,-0.1801088935891254,0.1801088935891254,61.26777533022378,-0.11111700654081158,61.15665832368297,100.18169241025679,-100.28688516471279,100.0,0.08,0.6,0.27,1.0,false
0.02,0.02,0.0,0.005,0.75,0.2,0.15,1.0,10.0,1.0,7.654189103120839,100.0,-16.541888647022887,-0.17032916347578922,-0.17032916347578922,-0.22189250171483066,true,0.0,16.541888647022887,-0.21611549472011699,0.21611549472011699,60.00000238418551,0.01384663174445478,60.013849015929964,99.97692760592513,-99.96538341857556,100.0,0.08,0.6,0.27,1.0,false
0.02,0.02,0.0,0.005,0.75,0.2,0.15,1.0,10.0,1.0,7.835705939014954,100.0,-18.357057005964037,-0.1860139761466224,-0.1860139761466224,-0.2572566073482777,true,0.0,18.357057005964037,-0.23427445017508847,0.23427445017508847,60.00000238418551,0.015108662335021918,60.01511104652053,99.97482523639204,-99.96222834191107,100.0,0.08,0.6,0.27,1.0,false
0.02,0.02,0.0,0.005,0.75,0.2,0.15,1.0,10.0,1.0,8.01722277490907,100.0,-20.172225364905202,-0.2016987918030429,-0.2016987918030429,-0.2942666457180747,true,0.0,20.172225364905202,-0.2516111368145684,0.2516111368145684,60.00000238418551,0.016370693164833146,60.01637307735034,99.97272295487811,-99.9590732646485,100.0,0.08,0.6,0.27,1.0,false
0.02,0.02,0.0,0.005,0.75,0.2,0.15,1.0,10.0,1.0,8.198739610803186,100.0,-21.987393723846353,-0.21738361065755926,-0.21738361065755926,-0.3328039333032694,true,0.0,21.987393723846353,-0.2681801687526989,0.2681801687526989,60.00000238418551,0.017632724250917272,60.01763510843642,99.97062076134947,-99.95591818674524,100.0,0.08,0.6,0.27,1.0,false
