gross_delta,delta,iota,kappa,lambda,sigmah,sigmal,mu_b,m,c,p,vb,debt_diff,eq_deriv,eq_deriv_min_val,eq_min_val,eq_negative,eq_vb,abs_debt_diff,debt_per_diff,abs_debt_per_diff,debt,equity,firm_value,leverage,ROE,V0,r,alpha,pi,xi,opt
0.02,0.02,0.0,0.001,0.5,0.225,0.15,1.0,3.0,9.0,33.550561635110874,90.12626981088866,-1.7098092917411236,-0.7814092429114695,-0.7814092429114695,-0.8031932186243463,true,0.0,1.7098092917411236,-0.016987388669641,0.016987388669641,98.94187561359149,5.287286797987163,104.22916241157866,94.92724811784556,399.68480699450686,100.0,0.08,0.6,0.27,1.0,false
0.02,0.02,0.0,0.001,0.5,0.225,0.15,1.0,3.0,9.0,33.7647123959541,88.78520750298306,-5.4020864371141395e-5,-0.836143631124225,-0.836143631124225,-0.8888074080460328,true,0.0,5.4020864371141395e-5,-0.0001603109336857679,0.0001603109336857679,101.29408316699794,7.002380886229555,108.2964640532275,93.53406323332227,-641.1074855779128,100.0,0.08,0.6,0.27,1.0,false
0.02,0.02,0.0,0.001,0.5,0.225,0.15,1.0,3.0,9.0,34.33729425574136,87.11503669973366,1.9604021807392797,-0.8831963707297833,-0.8831963707297833,-0.951873202593342,true,0.0,1.9604021807392797,0.01903083535682189,0.01903083535682189,104.97228494796336,9.111444630146753,114.08372957811011,92.01337064992393,-283.2446194355532,100.0,0.08,0.6,0.27,1.0,false
0.02,0.02,0.0,0.001,0.5,0.225,0.15,1.0,3.0,9.0,35.12402687637184,87.36071208830893,1.7182120993432903,-0.821915561826532,-0.821915561826532,-0.8317665304109115,true,0.0,1.7182120993432903,0.016306141902910555,0.016306141902910555,107.09029272845882,8.74406518066599,115.8343579091248,92.45123352129603,-223.32445944818758,100.0,0.08,0.6,0.27,1.0,false
0.02,0.02,0.0,0.001,0.5,0.225,0.15,1.0,3.0,9.0,35.91075949700233,88.05721875862248,2.025853975222958,-0.7537342455937954,-0.7537342455937954,-0.7090542364350482,true,0.0,2.025853975222958,0.018804521760783767,0.018804521760783767,109.75813246622995,7.838795645784765,117.59692811201472,93.33418332295375,-180.33090012779132,100.0,0.08,0.6,0.27,1.0,false
0.02,0.02,0.0,0.001,0.5,0.225,0.15,1.0,3.0,9.0,36.69749211763281,89.11219896487776,2.534915149083048,-0.6969744448939511,-0.6969744448939511,-0.6161928041383241,true,0.0,2.534915149083048,0.023025325917435505,0.023025325917435505,112.62739150198149,6.506800220258217,119.1341917222397,94.53825964973284,-151.5292506709495,100.0,0.08,0.6,0.27,1.0,false
