gross_delta,delta,iota,kappa,lambda,sigmah,sigmal,mu_b,m,c,p,vb,debt_diff,eq_deriv,eq_deriv_min_val,eq_min_val,eq_negative,eq_vb,abs_debt_diff,debt_per_diff,abs_debt_per_diff,debt,equity,firm_value,leverage,ROE,V0,r,alpha,pi,xi,opt
0.02,0.02,0.0,0.001,0.5,0.225,0.15,1.0,3.0,11.0,32.953665103352435,91.21193104058273,2.854826135619831,-0.6604686192321503,-0.6604686192321503,-0.5361489364144436,true,0.0,2.854826135619831,0.028877173719182702,0.028877173719182702,101.71582144567714,5.405005108696706,107.12082655437385,94.95429107247118,-415.00976528263766,100.0,0.08,0.6,0.27,1.0,false
0.02,0.02,0.0,0.001,0.5,0.225,0.15,1.0,3.0,11.0,33.79236476279206,91.21193104058273,0.2662031683354371,-0.8126204502132289,-0.8126204502132289,-0.7866980560671788,true,0.0,0.2662031683354371,0.0026258709642850726,0.0026258709642850726,101.64329745671162,4.685065462860091,106.32836291957172,95.5937763601195,-385.1014856577035,100.0,0.08,0.6,0.27,1.0,false
0.02,0.02,0.0,0.001,0.5,0.225,0.15,1.0,3.0,11.0,33.85172013124429,91.25059735549787,-2.987370186413596e-5,-0.822855581081106,-0.822855581081106,-0.8058315012297651,true,0.0,2.987370186413596e-5,5.0116746691555164e-5,5.0116746691555164e-5,101.55513052003099,4.579342054521296,106.13447257455228,95.68533960414736,-394.4667341767593,100.0,0.08,0.6,0.27,1.0,false
0.02,0.02,0.0,0.001,0.5,0.225,0.15,1.0,3.0,11.0,34.631064422231695,91.21193104058273,-1.2222849443343051,-0.911181905263359,-0.911181905263359,-0.969732408185006,true,0.0,1.2222849443343051,-0.011764822178452875,0.011764822178452875,102.67090832236077,4.137171958172767,106.80808028053355,96.12653654357759,-254.8975651293035,100.0,0.08,0.6,0.27,1.0,false
0.02,0.02,0.0,0.001,0.5,0.225,0.15,1.0,3.0,11.0,35.46976408167132,89.34797919908318,4.756203931108018,-0.8653021957617744,-0.8653021957617744,-0.8515193192640601,true,0.0,4.756203931108018,0.0446972612143361,0.0446972612143361,111.16549617612199,6.80824365448807,117.97373983061006,94.22901769134087,-160.97573763938823,100.0,0.08,0.6,0.27,1.0,false
0.02,0.02,0.0,0.001,0.5,0.225,0.15,1.0,3.0,11.0,36.30846374111095,89.47897204507491,7.528182992146071,-0.7312081746101811,-0.7312081746101811,-0.6130886656455232,true,0.0,7.528182992146071,0.06911320590725098,0.06911320590725098,116.45357421547891,7.0428590400908915,123.4964332555698,94.2971154271994,-142.8044323248941,100.0,0.08,0.6,0.27,1.0,false
