gross_delta,delta,iota,kappa,lambda,sigmah,sigmal,V0,r,alpha,pi,xi,mu_b,m,c,p,vb,sg_debt,debt,debt_diff,abs_debt_diff,debt_per_diff,abs_debt_per_diff,eq_vb,eq_min_val,sg_equity,equity,eq_negative,firm_value,leverage,ROE,cvml_vb,cvmh_vb,eq_deriv
0.02,0.0185,0.0015,0.015000000000000001,NaN,NaN,0.15,100.0,0.08,0.6,0.27,1.0,1.0,5.0,1.3942644264426443,13.837986255295968,66.20047717395643,69.19053072589782,69.26510492931513,0.07517365283528932,0.07517365283528932,0.0010864825480877962,0.0010864825480877962,-6.217248937900877e-14,NaN,30.512154633566475,30.558362060860034,false,99.82346699017516,69.3875969426431,-0.5743732308792437,NaN,NaN,NaN
