gross_delta,delta,iota,kappa,lambda,sigmah,sigmal,V0,r,alpha,pi,xi,mu_b,m,c,p,vb,sg_debt,debt,debt_diff,abs_debt_diff,debt_per_diff,abs_debt_per_diff,eq_vb,eq_min_val,sg_equity,equity,eq_negative,firm_value,leverage,ROE,cvml_vb,cvmh_vb,eq_deriv
0.02,0.0185,0.0015,0.005,NaN,NaN,0.15,100.0,0.08,0.6,0.27,1.0,1.0,3.0,12.5,36.18900846145346,91.80775415301058,108.60452076353226,108.67688331647503,0.10985793211463601,0.10985793211463601,0.0010118904126340887,0.0010118904126340887,0.00030203294846842255,NaN,10.106354616123108,10.200227771782643,false,118.87711108825766,91.41951913332609,-217.55635519974322,NaN,NaN,NaN
