gross_delta,delta,iota,kappa,lambda,sigmah,sigmal,V0,r,alpha,pi,xi,mu_b,m,c,p,vb,sg_debt,debt,debt_diff,abs_debt_diff,debt_per_diff,abs_debt_per_diff,eq_vb,eq_min_val,sg_equity,equity,eq_negative,firm_value,leverage,ROE,cvml_vb,cvmh_vb,eq_deriv
0.02,0.0199,0.0001,0.015000000000000001,NaN,NaN,0.2,100.0,0.08,0.6,0.27,1.0,1.0,1.0,3.435318531853185,36.15939175937936,40.71283179967351,36.159474961287124,36.15947474407428,8.298469492018512e-5,8.298469492018512e-5,2.2949693256015506e-6,2.2949693256015506e-6,-4.796163466380676e-14,NaN,67.019083290872,67.01902573867753,false,103.17850048275182,35.045551713672175,4.97881317550215,NaN,NaN,NaN
