gross_delta,delta,iota,kappa,lambda,sigmah,sigmal,V0,r,alpha,pi,xi,mu_b,m,c,p,vb,sg_debt,debt,debt_diff,abs_debt_diff,debt_per_diff,abs_debt_per_diff,eq_vb,eq_min_val,sg_equity,equity,eq_negative,firm_value,leverage,ROE,cvml_vb,cvmh_vb,eq_deriv
0.02,0.0198,0.0002,0.005,NaN,NaN,0.2,100.0,0.08,0.6,0.27,1.0,1.0,7.0,1.0745074507450745,10.839918873052811,60.307946618898235,75.8794858733536,75.81411098379813,-0.06532112757155062,0.06532112757155062,-0.0008608541966376021,0.0008608541966376021,5.5067062021407764e-14,NaN,35.21600643906497,35.18200443139605,false,110.99611541519418,68.30339124951033,45.46500402705065,NaN,NaN,NaN
