gross_delta,delta,iota,kappa,lambda,sigmah,sigmal,mu_b,m,c,p,vb,debt_diff,eq_deriv,eq_deriv_min_val,eq_min_val,eq_negative,eq_vb,abs_debt_diff,debt_per_diff,abs_debt_per_diff,debt,equity,firm_value,leverage,ROE,V0,r,alpha,pi,xi,opt
0.02,0.02,0.0,0.005,0.5,0.275,0.15,1.0,7.0,6.0,8.686593659365936,65.79037018329744,19.06813036879852,-2.8443841189743546,-2.8443841189743546,-9.320012539174533,true,0.0,19.06813036879852,0.31358881639145414,0.31358881639145414,79.87428598436007,10.104324371667921,89.97861035602799,88.77030404038577,-49.7939582972523,100.0,0.08,0.6,0.27,1.0,false
0.02,0.02,0.0,0.005,0.5,0.275,0.15,1.0,7.0,6.0,8.686593659365936,65.79037018329745,19.068130368798524,-2.8443841189743555,-2.8443841189743555,-9.320012539174536,true,0.0,19.068130368798524,0.3135888163914543,0.3135888163914543,79.87428598436007,10.104324371667927,89.978610356028,88.77030404038575,-49.793958297252274,100.0,0.08,0.6,0.27,1.0,false
0.02,0.02,0.0,0.005,0.5,0.275,0.15,1.0,7.0,6.0,8.984818218663971,66.73175181325355,26.626357175540676,-2.8274201216126205,-2.8274201216126205,-9.337347218301574,true,0.0,26.626357175540676,0.4233547321959219,0.4233547321959219,89.52008470618847,7.913092225494108,97.43317693168258,91.87844174367572,-24.492784496389497,100.0,0.08,0.6,0.27,1.0,false
0.02,0.02,0.0,0.005,0.5,0.275,0.15,1.0,7.0,6.0,9.283042777962006,67.67329261380715,33.92309651860478,-2.812044479636759,-2.812044479636759,-9.359187601608552,true,0.0,33.92309651860478,0.5220439850842625,0.5220439850842625,98.90439596433882,5.8164502285491215,104.72084619288793,94.44575703882717,430.8898141324363,100.0,0.08,0.6,0.27,1.0,false
0.02,0.02,0.0,0.005,0.5,0.275,0.15,1.0,7.0,6.0,9.581267337260043,68.61518037594301,40.96708075103311,-2.7973570601936713,-2.7973570601936713,-9.385738218119148,true,0.0,40.96708075103311,0.6108210846524681,0.6108210846524681,108.0359521118534,3.8180689088975046,111.8540210207509,96.58656088171459,-147.51234023987868,100.0,0.08,0.6,0.27,1.0,false
0.02,0.02,0.0,0.005,0.5,0.275,0.15,1.0,7.0,6.0,9.879491896558077,91.21193104058273,38.63349640177732,-3.6913288041771892,-3.6913288041771892,-19.255575455509867,true,0.0,38.63349640177732,0.5586391458514592,0.5586391458514592,107.78993967768386,-17.30154171202103,90.48839796566283,119.12017684144034,122.10109998136983,100.0,0.08,0.6,0.27,1.0,false
