gross_delta,delta,iota,kappa,lambda,sigmah,sigmal,mu_b,m,c,p,vb,debt_diff,eq_deriv,eq_deriv_min_val,eq_min_val,eq_negative,eq_vb,abs_debt_diff,debt_per_diff,abs_debt_per_diff,debt,equity,firm_value,leverage,ROE,V0,r,alpha,pi,xi,opt
0.02,0.02,0.0,0.005,0.5,0.275,0.15,1.0,7.0,1.0,8.014601460146014,69.58090386190425,1.3956915086454629,-0.40663586452943523,-0.40663586452943523,-0.7417295060857476,true,0.0,1.3956915086454629,0.02487765639084362,0.02487765639084362,57.49790172966757,9.28915336892619,66.78705509859375,86.09138648917344,-78.14424758551213,100.0,0.08,0.6,0.27,1.0,false
0.02,0.02,0.0,0.005,0.5,0.275,0.15,1.0,7.0,1.0,8.28953816434275,70.67600512208168,1.0596592563549123,-0.40697847066975834,-0.40697847066975834,-0.7465403685660548,true,0.0,1.0596592563549123,0.01826155942150607,0.01826155942150607,59.08642640675416,8.602841111278837,67.68926751803299,87.29068665281838,-78.97313689386687,100.0,0.08,0.6,0.27,1.0,false
0.02,0.02,0.0,0.005,0.5,0.275,0.15,1.0,7.0,1.0,8.564474868539484,70.89548143999579,0.9930339229395599,-0.4280648731714737,-0.4280648731714737,-0.7973740688161888,true,0.0,0.9930339229395599,0.016564003183952094,0.016564003183952094,60.94435800271595,8.5419055449653,69.48626354768125,87.70705876406224,-78.12888200491159,100.0,0.08,0.6,0.27,1.0,false
0.02,0.02,0.0,0.005,0.5,0.275,0.15,1.0,7.0,1.0,8.839411572736221,73.58982172723918,0.8098582786181652,-0.3873537839694882,-0.3873537839694882,-0.705320045723792,true,0.0,0.8098582786181652,0.013088432284275024,0.013088432284275024,62.68573928777171,7.02507769973338,69.7108169875051,89.92254286591913,-81.17320947636735,100.0,0.08,0.6,0.27,1.0,false
0.02,0.02,0.0,0.005,0.5,0.275,0.15,1.0,7.0,1.0,9.114348276932956,78.07875581745532,0.3107524446091219,-0.31069525729481934,-0.31069525729481934,-0.5292490268917226,true,0.0,0.3107524446091219,0.004870694538312105,0.004870694538312105,64.11119038313981,4.81131901901425,68.92250940215406,93.01923412140899,-86.59381832281798,100.0,0.08,0.6,0.27,1.0,false
0.02,0.02,0.0,0.005,0.5,0.275,0.15,1.0,7.0,1.0,9.114348276932956,78.07875581745532,0.3107524446091219,-0.31069525729481934,-0.31069525729481934,-0.5292490268917226,true,0.0,0.3107524446091219,0.004870694538312105,0.004870694538312105,64.11119038313981,4.81131901901425,68.92250940215406,93.01923412140899,-86.59381832281798,100.0,0.08,0.6,0.27,1.0,false
