gross_delta,delta,iota,kappa,lambda,sigmah,sigmal,mu_b,m,c,p,vb,debt_diff,eq_deriv,eq_deriv_min_val,eq_min_val,eq_negative,eq_vb,abs_debt_diff,debt_per_diff,abs_debt_per_diff,debt,equity,firm_value,leverage,ROE,V0,r,alpha,pi,xi,opt
0.02,0.02,0.0,0.001,0.3,0.3,0.15,1.0,3.0,4.0,25.413611097951897,90.42300509339455,-2.4504036803386384,-0.07422093991704436,-0.07422093991704436,-0.017726427827672815,true,0.0,2.4504036803386384,-0.03214030558787345,0.03214030558787345,73.79042961351705,3.8958586308774006,77.68628824439445,94.9851399533707,-85.13574021462553,100.0,0.08,0.6,0.27,1.0,false
0.02,0.02,0.0,0.001,0.3,0.3,0.15,1.0,3.0,4.0,25.7706660210048,76.18846674962882,2.202383322121959e-6,0.12836969250727995,0.12836969250727995,2.1414242312469076,false,0.0,2.202383322121959e-6,-0.005376242472532784,0.005376242472532784,77.31200026539766,29.559771235919186,106.87177150131684,72.34089898514038,30.28813285305376,100.0,0.08,0.6,0.27,1.0,false
0.02,0.02,0.0,0.001,0.3,0.3,0.15,1.0,3.0,4.0,29.99119254030666,79.3670573591795,-1.0042569608567362,-1.173469229400876,-1.173469229400876,-2.1932253204700936,true,0.0,1.0042569608567362,-0.011161687546625176,0.011161687546625176,88.96932066006325,10.809956090878115,99.77927675094136,89.16613104155805,-2.000994156901159,100.0,0.08,0.6,0.27,1.0,false
0.02,0.02,0.0,0.001,0.3,0.3,0.15,1.0,3.0,4.0,30.75412278069912,76.5305200465285,-0.8916520302185518,-1.455185164990098,-1.455185164990098,-2.970967233787156,true,0.0,0.8916520302185518,-0.00966430892942632,0.00966430892942632,91.37071631187881,13.800884650434975,105.17160096231379,86.87774596549094,59.93082565396306,100.0,0.08,0.6,0.27,1.0,false
0.02,0.02,0.0,0.001,0.3,0.3,0.15,1.0,3.0,4.0,31.51705302109158,64.66098795246263,0.5431952668659505,-1.538445746906955,-1.538445746906955,-2.2541702176672374,true,0.0,0.5431952668659505,0.0057449879223843035,0.0057449879223843035,95.09435433014069,34.43327772201779,129.52763205215848,73.416268655207,601.9112271719638,100.0,0.08,0.6,0.27,1.0,false
0.02,0.02,0.0,0.001,0.3,0.3,0.15,1.0,3.0,4.0,32.27998326148404,60.135253196247014,0.07397999797353805,-1.392499202563846,-1.392499202563846,-1.4956186617327853,true,0.0,0.07397999797353805,0.0007639408956551907,0.0007639408956551907,96.91392978242567,45.373002578351134,142.2869323607768,68.11161655850078,1370.2517888272346,100.0,0.08,0.6,0.27,1.0,false
