gross_delta,delta,iota,kappa,lambda,sigmah,sigmal,mu_b,m,c,p,vb,debt_diff,eq_deriv,eq_deriv_min_val,eq_min_val,eq_negative,eq_vb,abs_debt_diff,debt_per_diff,abs_debt_per_diff,debt,equity,firm_value,leverage,ROE,V0,r,alpha,pi,xi,opt
0.02,0.02,0.0,0.001,0.3,0.3,0.15,1.0,3.0,10.0,32.86716040025055,91.21193104058273,-1.6757373000152995,-1.1973595594605853,-1.1973595594605853,-1.8654789705277448,true,0.0,1.6757373000152995,-0.01699505199727695,0.01699505199727695,96.92574390073634,0.9689392176667297,97.89468311840307,99.0102228366225,-68.48215677611222,100.0,0.08,0.6,0.27,1.0,false
0.02,0.02,0.0,0.001,0.3,0.3,0.15,1.0,3.0,10.0,33.791562050941934,90.70698815344848,-1.8680030578203315,-1.353256708866311,-1.353256708866311,-2.296137153848247,true,0.0,1.8680030578203315,-0.01842672099624805,0.01842672099624805,99.50668309500547,0.6668365366882669,100.17351963169374,99.33431855130975,35.17406963697343,100.0,0.08,0.6,0.27,1.0,false
0.02,0.02,0.0,0.001,0.3,0.3,0.15,1.0,3.0,10.0,34.71596370163332,90.74071254457165,-2.4851108452878066,-1.4165520703514718,-1.4165520703514718,-2.4997909512802785,true,0.0,2.4851108452878066,-0.0238613650158768,0.0238613650158768,101.66278025961216,0.17815077841905738,101.84093103803121,99.82506957015886,-110.71403015456838,100.0,0.08,0.6,0.27,1.0,false
0.02,0.02,0.0,0.001,0.3,0.3,0.15,1.0,3.0,10.0,35.27846773111932,90.00807246943046,6.683995625023087e-5,-1.4082353257072664,-1.4082353257072664,-2.4502587270923057,true,0.0,6.683995625023087e-5,-0.00017885121985933804,0.00017885121985933804,105.83547003331422,0.8900370807396815,106.72550711405391,99.16605026782536,-115.25219177990003,100.0,0.08,0.6,0.27,1.0,false
0.02,0.02,0.0,0.001,0.3,0.3,0.15,1.0,3.0,10.0,35.64036535232471,89.4620200024363,2.152227471413383,-1.387979287302926,-1.387979287302926,-2.3665569325969087,true,0.0,2.152227471413383,0.02012911904930851,0.02012911904930851,109.0733235283875,1.5103901638504025,110.58371369223791,98.63416581572407,-116.646492976084,100.0,0.08,0.6,0.27,1.0,false
0.02,0.02,0.0,0.001,0.3,0.3,0.15,1.0,3.0,10.0,36.56476700301609,89.59686834378786,4.698828582043831,-1.30475134461797,-1.30475134461797,-2.098302977185264,true,0.0,4.698828582043831,0.042835667293747944,0.042835667293747944,114.39312959109209,1.7499297469787636,116.14305933807086,98.49329804385036,-112.1580906772478,100.0,0.08,0.6,0.27,1.0,false
