gross_delta,delta,iota,kappa,lambda,sigmah,sigmal,mu_b,m,c,p,vb,debt_diff,eq_deriv,eq_deriv_min_val,eq_min_val,eq_negative,eq_vb,abs_debt_diff,debt_per_diff,abs_debt_per_diff,debt,equity,firm_value,leverage,ROE,V0,r,alpha,pi,xi,opt
0.02,0.02,0.0,0.001,0.3,0.3,0.15,1.0,3.0,11.0,32.377644343381704,91.21193104058273,1.7831266900762301,-1.1689461320850512,-1.1689461320850512,-1.6984382398143125,true,0.0,1.7831266900762301,0.018357591338489063,0.018357591338489063,98.91605972022134,1.5821474483088456,100.49820716853019,98.42569584783173,45.96260309026625,100.0,0.08,0.6,0.27,1.0,false
0.02,0.02,0.0,0.001,0.3,0.3,0.15,1.0,3.0,11.0,33.30926047738272,91.19840091604014,9.966790662452318e-6,-1.3132777811759015,-1.3132777811759015,-2.088385904595983,true,0.0,9.966790662452318e-6,-2.2558574701757317e-5,2.2558574701757317e-5,99.92779139893884,0.840943621710248,100.76873502064909,99.1654716896685,1064.6031211682632,100.0,0.08,0.6,0.27,1.0,false
0.02,0.02,0.0,0.001,0.3,0.3,0.15,1.0,3.0,11.0,33.33423737110553,91.21193104058273,-0.07830370756292382,-1.3166532623627822,-1.3166532623627822,-2.098576185939843,true,0.0,0.07830370756292382,-0.0007830158393523881,0.0007830158393523881,99.92440840575367,0.8071935903122867,100.73160199606595,99.19866896354551,967.8351189179236,100.0,0.08,0.6,0.27,1.0,false
0.02,0.02,0.0,0.001,0.3,0.3,0.15,1.0,3.0,11.0,34.29083039882936,91.21193104058273,-0.7272860710212541,-1.3980815129119428,-1.3980815129119428,-2.3417471585636678,true,0.0,0.7272860710212541,-0.007069781848989409,0.007069781848989409,102.14520512546682,0.2820151243172691,102.42722024978409,99.72466779472339,-113.14630106787106,100.0,0.08,0.6,0.27,1.0,false
0.02,0.02,0.0,0.001,0.3,0.3,0.15,1.0,3.0,11.0,35.247423426553176,89.45401233200997,5.958254296789207,-1.3573891871775505,-1.3573891871775505,-2.1631200199444924,true,0.0,5.958254296789207,0.056346948869465785,0.056346948869465785,111.70052457644873,2.253053186235502,113.95357776268423,98.0228324283704,-119.25600148535678,100.0,0.08,0.6,0.27,1.0,false
0.02,0.02,0.0,0.001,0.3,0.3,0.15,1.0,3.0,11.0,36.204016454277,89.59367019300355,9.080960502321787,-1.2478741558215833,-1.2478741558215833,-1.8374318860060697,true,0.0,9.080960502321787,0.08360914424868088,0.08360914424868088,117.6930098651528,2.5995796141706977,120.2925894793235,97.83895281877066,-114.6926929560509,100.0,0.08,0.6,0.27,1.0,false
