gross_delta,delta,iota,kappa,lambda,sigmah,sigmal,V0,r,alpha,pi,xi,mu_b,m,c,p,vb,sg_debt,debt,debt_diff,abs_debt_diff,debt_per_diff,abs_debt_per_diff,eq_vb,eq_min_val,sg_equity,equity,eq_negative,firm_value,leverage,ROE,cvml_vb,cvmh_vb,eq_deriv
0.02,0.0185,0.0015,0.0025,NaN,NaN,0.25,100.0,0.08,0.6,0.27,1.0,1.0,7.0,1.0071257125712572,9.726564391597531,54.619889840609275,68.08583589461047,68.08499903516972,-0.0009517060129979882,0.0009517060129979882,-1.397800871747739e-5,1.397800871747739e-5,-3.694822225952521e-13,NaN,35.15540245246739,35.15082023428238,false,103.2358192694521,65.95094562814823,10.138866274884052,NaN,NaN,NaN
