gross_delta,delta,iota,kappa,lambda,sigmah,sigmal,mu_b,m,c,p,vb,debt_diff,eq_deriv,eq_deriv_min_val,eq_min_val,eq_negative,eq_vb,abs_debt_diff,debt_per_diff,abs_debt_per_diff,debt,equity,firm_value,leverage,ROE,V0,r,alpha,pi,xi,opt
0.02,0.02,0.0,0.001,0.2,0.35,0.15,1.0,3.0,11.0,32.807139924518765,91.21193104058273,1.2112195241158332,-1.2971757695132817,-1.2971757695132817,-2.0888314521193565,true,0.0,1.2112195241158332,0.012306462626759034,0.012306462626759034,99.63263929767213,0.6586039918540519,100.29124328952618,99.34330857784587,79.27992506564931,100.0,0.08,0.6,0.27,1.0,false
0.02,0.02,0.0,0.001,0.2,0.35,0.15,1.0,3.0,11.0,33.6702243871571,91.14162869040798,-5.2126240406874524e-5,-1.4298216500243752,-1.4298216500243752,-2.477634189486808,true,0.0,5.2126240406874524e-5,-0.00013232778023986556,0.00013232778023986556,101.01062103523088,0.026973461091528962,101.03759449632241,99.97330353990908,-102.66899858119089,100.0,0.08,0.6,0.27,1.0,false
0.02,0.02,0.0,0.001,0.2,0.35,0.15,1.0,3.0,11.0,33.811650901932296,91.21193104058273,-0.4132335780296188,-1.448689973804743,-1.448689973804743,-2.5399771157080773,true,0.0,0.4132335780296188,-0.004073877563961274,0.004073877563961274,101.02171912776727,-0.15168982770361225,100.87002930006366,100.15038146489714,-85.1534708922309,100.0,0.08,0.6,0.27,1.0,false
0.02,0.02,0.0,0.001,0.2,0.35,0.15,1.0,3.0,11.0,34.81616187934583,91.21193104058273,-1.1216151345689696,-1.5482939244290184,-1.5482939244290184,-2.863609126606407,true,0.0,1.1216151345689696,-0.01073845281448969,0.01073845281448969,103.32687050346851,-0.750996181617809,102.5758743218507,100.73213724628991,-77.42634764909427,100.0,0.08,0.6,0.27,1.0,false
0.02,0.02,0.0,0.001,0.2,0.35,0.15,1.0,3.0,11.0,35.82067285675936,89.48518701662063,5.1631546511262485,-1.5725879346073381,-1.5725879346073381,-2.8609821518666245,true,0.0,5.1631546511262485,0.04804632110785864,0.04804632110785864,112.62517322140432,0.8216030827555154,113.44677630415984,99.27578102302994,-106.50765790177512,100.0,0.08,0.6,0.27,1.0,false
0.02,0.02,0.0,0.001,0.2,0.35,0.15,1.0,3.0,11.0,36.82518383417289,89.62442052460248,7.108289010751051,-1.5221723971393608,-1.5221723971393608,-2.6754261637166943,true,0.0,7.108289010751051,0.06434264336384864,0.06434264336384864,117.58384051326972,0.9199107962422327,118.50375130951196,99.22372854354663,-105.2315692669529,100.0,0.08,0.6,0.27,1.0,false
