gross_delta,delta,iota,kappa,lambda,sigmah,sigmal,mu_b,m,c,p,vb,debt_diff,eq_deriv,eq_deriv_min_val,eq_min_val,eq_negative,eq_vb,abs_debt_diff,debt_per_diff,abs_debt_per_diff,debt,equity,firm_value,leverage,ROE,V0,r,alpha,pi,xi,opt
0.02,0.02,0.0,0.001,0.2,0.35,0.15,1.0,3.0,2.0,20.208677446692036,75.650778448681,0.3550079114172675,9.591940322245074e-7,9.591940322245074e-7,0.0011897026544143165,false,0.0,0.3550079114172675,0.005855700888124816,0.005855700888124816,60.981040251493376,13.53741746459521,74.51845771608859,81.83347068699132,-65.30553978924738,100.0,0.08,0.6,0.27,1.0,false
0.02,0.02,0.0,0.001,0.2,0.35,0.15,1.0,3.0,2.0,20.828636811049527,77.98463254148851,-0.26073209243512707,-7.450819064485498e-7,-7.450819064485498e-7,0.0011334832143177662,false,0.0,0.26073209243512707,-0.004172654133191752,0.004172654133191752,62.225178340713455,11.6015281474556,73.82670648816905,84.28545888158403,-69.28766930497609,100.0,0.08,0.6,0.27,1.0,false
0.02,0.02,0.0,0.001,0.2,0.35,0.15,1.0,3.0,2.0,21.448596175407015,75.09899374651408,-0.30101972118390563,-0.1926984825011942,-0.1926984825011942,-0.12514295378521512,true,0.0,0.30101972118390563,-0.004678157313454003,0.004678157313454003,64.04476880503714,13.576653322988152,77.62142212802529,82.50914122573607,-62.24011674582093,100.0,0.08,0.6,0.27,1.0,false
0.02,0.02,0.0,0.001,0.2,0.35,0.15,1.0,3.0,2.0,22.068555539764503,68.40234944899633,-0.11451785161636963,-0.6015117850637287,-0.6015117850637287,-0.8092792744015074,true,0.0,0.11451785161636963,-0.0017297288504757248,0.0017297288504757248,66.09114876767714,19.679708945915824,85.77085771359296,77.05548309703218,-41.96291460573994,100.0,0.08,0.6,0.27,1.0,false
0.02,0.02,0.0,0.001,0.2,0.35,0.15,1.0,3.0,2.0,22.398259426362326,64.13208011675832,-6.240680608921023e-6,-0.8736694685304841,-0.8736694685304841,-1.3513272176695243,true,0.0,6.240680608921023e-6,5.284106343978807e-5,5.284106343978807e-5,67.19477203840638,23.911244232298408,91.1060162707048,73.75448382985978,-27.111482778622197,100.0,0.08,0.6,0.27,1.0,false
0.02,0.02,0.0,0.001,0.2,0.35,0.15,1.0,3.0,2.0,24.548392997194455,56.32875456277741,-1.136310411059128,-2.02967160092612,-2.02967160092612,-4.210892278638572,true,0.0,1.136310411059128,-0.015429528811234102,0.015429528811234102,72.50886858052424,36.858792555629364,109.3676611361536,66.29827119577583,34.075211358951904,100.0,0.08,0.6,0.27,1.0,false
