gross_delta,delta,iota,kappa,lambda,sigmah,sigmal,mu_b,m,c,p,vb,debt_diff,eq_deriv,eq_deriv_min_val,eq_min_val,eq_negative,eq_vb,abs_debt_diff,debt_per_diff,abs_debt_per_diff,debt,equity,firm_value,leverage,ROE,V0,r,alpha,pi,xi,opt
0.02,0.02,0.0,0.001,0.2,0.35,0.15,1.0,3.0,7.0,29.654061458777456,91.21193104058273,-2.504504676461039,-0.6648120906515086,-0.6648120906515086,-0.8214914755156494,true,0.0,2.504504676461039,-0.028152463813909463,0.028152463813909463,86.45767969987133,1.8817998301221428,88.33947952999348,97.86980878749321,-86.1043027456361,100.0,0.08,0.6,0.27,1.0,false
0.02,0.02,0.0,0.001,0.2,0.35,0.15,1.0,3.0,7.0,31.44765397592391,89.25701778106195,-2.0244704256967765,-1.0271998910885178,-1.0271998910885178,-1.7093328098825025,true,0.0,2.0244704256967765,-0.02145862695350498,0.02145862695350498,92.31849150207495,1.84868511385031,94.16717661592526,98.0368052008287,-75.93330640264628,100.0,0.08,0.6,0.27,1.0,false
0.02,0.02,0.0,0.001,0.2,0.35,0.15,1.0,3.0,7.0,32.34445023449713,88.10914139454158,-1.8510727630292791,-1.2497790036963625,-1.2497790036963625,-2.3462404595138135,true,0.0,1.8510727630292791,-0.019076665389878934,0.019076665389878934,95.18227794046211,1.862121145400587,97.04439908586271,98.08116577263462,-61.34851445582975,100.0,0.08,0.6,0.27,1.0,false
0.02,0.02,0.0,0.001,0.2,0.35,0.15,1.0,3.0,7.0,35.034839010216814,85.41169797493683,-1.8192760050698098,-1.7744189997417825,-1.7744189997417825,-4.060228916177285,true,0.0,1.8192760050698098,-0.01730920855227635,0.01730920855227635,103.28524102558063,1.9070741721859974,105.19231519776663,98.18705941722015,-158.04974908496834,100.0,0.08,0.6,0.27,1.0,false
0.02,0.02,0.0,0.001,0.2,0.35,0.15,1.0,3.0,7.0,37.7461143796646,84.52934286748712,2.2922366490041313e-5,-1.9008476403318508,-1.9008476403318508,-4.408836142139822,true,0.0,2.2922366490041313e-5,-0.0005416495997123526,0.0005416495997123526,113.23836606136027,2.1952924612949,115.43365852265516,98.09822153313797,-116.58280524288003,100.0,0.08,0.6,0.27,1.0,false
0.02,0.02,0.0,0.001,0.2,0.35,0.15,1.0,3.0,7.0,38.622024044509715,84.76499473902285,1.5496012180003191,-1.8204873366078005,-1.8204873366078005,-4.002976914398503,true,0.0,1.5496012180003191,0.013374072232417534,0.013374072232417534,117.41567335152946,2.3966476183814702,119.81232096991093,97.99966514380158,-113.76144103076551,100.0,0.08,0.6,0.27,1.0,false
