gross_delta,delta,iota,kappa,lambda,sigmah,sigmal,mu_b,m,c,p,vb,debt_diff,eq_deriv,eq_deriv_min_val,eq_min_val,eq_negative,eq_vb,abs_debt_diff,debt_per_diff,abs_debt_per_diff,debt,equity,firm_value,leverage,ROE,V0,r,alpha,pi,xi,opt
0.02,0.02,0.0,0.0025,0.75,0.225,0.15,1.0,3.0,11.0,32.617635447755305,91.21193104058273,2.711883288738008,-0.8207256579106655,-0.8207256579106655,-0.8248242660285919,true,0.0,2.711883288738008,0.027713875755767326,0.027713875755767326,100.56478963200392,4.2559735484360495,104.82076318043997,95.93976096023098,-853.5502260081312,100.0,0.08,0.6,0.27,1.0,false
0.02,0.02,0.0,0.0025,0.75,0.225,0.15,1.0,3.0,11.0,33.44007163874282,91.21193104058273,-0.29040262375349357,-0.9696079103887096,-0.9696079103887096,-1.1167402650497538,true,0.0,0.29040262375349357,-0.0028947567944904405,0.0028947567944904405,100.02981229247497,3.5634329456798213,103.5932452381548,96.56016863118083,-12052.898116343775,100.0,0.08,0.6,0.27,1.0,false
0.02,0.02,0.0,0.0025,0.75,0.225,0.15,1.0,3.0,11.0,33.525318002402315,91.0004603612761,2.9790843829910485e-5,-0.9840332493572389,-0.9840332493572389,-1.1428548255594984,true,0.0,2.9790843829910485e-5,-7.952263287833617e-5,7.952263287833617e-5,100.57598379805076,3.7766637003280756,104.35264749837883,96.38086451003866,-755.6892247853242,100.0,0.08,0.6,0.27,1.0,false
0.02,0.02,0.0,0.0025,0.75,0.225,0.15,1.0,3.0,11.0,34.26250782973034,89.21414741034093,3.329732544795206,-1.047697592724879,-1.047697592724879,-1.2459519316911056,true,0.0,3.329732544795206,0.03239432600149527,0.03239432600149527,106.11725603398622,5.74029587451547,111.85755190850169,94.86820891698848,-193.83775736414432,100.0,0.08,0.6,0.27,1.0,false
0.02,0.02,0.0,0.0025,0.75,0.225,0.15,1.0,3.0,11.0,35.08494402071786,89.34344420517174,4.2906944766827735,-0.9355415451854653,-0.9355415451854653,-1.0170750047424941,true,0.0,4.2906944766827735,0.04076482183876455,0.04076482183876455,109.54552653883636,5.66917718928162,115.21470372811798,95.07946728513083,-159.39093214204942,100.0,0.08,0.6,0.27,1.0,false
0.02,0.02,0.0,0.0025,0.75,0.225,0.15,1.0,3.0,11.0,35.90738021170538,89.47275825546092,8.3421400151867,-0.7480466005551483,-0.7480466005551483,-0.6617403238187682,true,0.0,8.3421400151867,0.07744127591600479,0.07744127591600479,116.06428065030285,6.059044932491477,122.12332558279432,95.0385850503361,-137.71749924188015,100.0,0.08,0.6,0.27,1.0,false
