gross_delta,delta,iota,kappa,lambda,sigmah,sigmal,V0,r,alpha,pi,xi,mu_b,m,c,p,vb,sg_debt,debt,debt_diff,abs_debt_diff,debt_per_diff,abs_debt_per_diff,eq_vb,eq_min_val,sg_equity,equity,eq_negative,firm_value,leverage,ROE,cvml_vb,cvmh_vb,eq_deriv
0.02,0.0175,0.0025,0.005,NaN,NaN,0.3,100.0,0.08,0.6,0.27,1.0,1.0,3.0,1.3097309730973097,14.42762728724901,40.289507573494845,43.28261293984549,43.292778584132385,0.009896722385356327,0.009896722385356327,0.0002286521127906446,0.0002286521127906446,2.859934511434403e-13,NaN,49.31279167493485,49.30147329204241,false,92.5942518761748,46.75536300247591,-13.059620871765997,NaN,NaN,NaN
