gross_delta,delta,iota,kappa,lambda,sigmah,sigmal,mu_b,m,c,p,vb,debt_diff,eq_deriv,eq_deriv_min_val,eq_min_val,eq_negative,eq_vb,abs_debt_diff,debt_per_diff,abs_debt_per_diff,debt,equity,firm_value,leverage,ROE,V0,r,alpha,pi,xi,opt
0.02,0.02,0.0,0.001,0.1,0.275,0.15,1.0,10.0,2.0,10.319646438328041,90.12209947752213,-2.726666063925933,-1.1276689380176905,-1.1276689380176905,-3.0288236325894466,true,0.0,2.726666063925933,-0.026422088006802867,0.026422088006802867,100.46979831935448,-2.3100880012011893,98.15971031815329,102.3533973294275,391.71908583566824,100.0,0.08,0.6,0.27,1.0,false
0.02,0.02,0.0,0.001,0.1,0.275,0.15,1.0,10.0,2.0,10.52586048078492,89.62427555498486,-2.888697977666723,-1.1984514308745744,-1.1984514308745744,-3.3254694736853088,true,0.0,2.888697977666723,-0.02744381785166234,0.02744381785166234,102.36990683018247,-2.499264585446264,99.8706422447362,102.50250176555562,5.458347712928102,100.0,0.08,0.6,0.27,1.0,false
0.02,0.02,0.0,0.001,0.1,0.275,0.15,1.0,10.0,2.0,11.123419073619413,87.88261023071632,-2.2552076050729775,-1.4097316038593237,-1.4097316038593237,-4.2363775889387485,true,0.0,2.2552076050729775,-0.020280949432217497,0.020280949432217497,108.9789831311212,-2.887259188517765,106.09172394260344,102.72147447625584,-67.84425200098092,100.0,0.08,0.6,0.27,1.0,false
0.02,0.02,0.0,0.001,0.1,0.275,0.15,1.0,10.0,2.0,11.14450260815555,87.83686983108244,-2.257389789799774,-1.4161107325028737,-1.4161107325028737,-4.264798147424498,true,0.0,2.257389789799774,-0.020255635169826383,0.020255635169826383,109.18763629175572,-2.9016703473844645,106.28596594437126,102.73005972293949,-68.41766200531687,100.0,0.08,0.6,0.27,1.0,false
0.02,0.02,0.0,0.001,0.1,0.275,0.15,1.0,10.0,2.0,11.350716650612428,87.48022746578161,-2.4270868636813248,-1.4730129974298538,-1.4730129974298538,-4.5222878874014825,true,0.0,2.4270868636813248,-0.021382675106689158,0.021382675106689158,111.08007964244295,-3.0545331580343595,108.0255464844086,102.8276025972016,-72.43220936486978,100.0,0.08,0.6,0.27,1.0,false
0.02,0.02,0.0,0.001,0.1,0.275,0.15,1.0,10.0,2.0,11.556930693069305,87.15490293083427,-2.4850712689415957,-1.5275821479812666,-1.5275821479812666,-4.772165424348127,true,0.0,2.4850712689415957,-0.02150286555263236,0.02150286555263236,113.08423566175145,-3.2090964602815064,109.87513920146995,102.92067567204373,-75.47356572258545,100.0,0.08,0.6,0.27,1.0,false
