gross_delta,delta,iota,kappa,lambda,sigmah,sigmal,mu_b,m,c,p,vb,debt_diff,eq_deriv,eq_deriv_min_val,eq_min_val,eq_negative,eq_vb,abs_debt_diff,debt_per_diff,abs_debt_per_diff,debt,equity,firm_value,leverage,ROE,V0,r,alpha,pi,xi,opt
0.02,0.02,0.0,0.0025,0.2,0.275,0.15,1.0,7.0,3.0,11.522457508908786,98.15585953520963,-13.05921959069984,-0.484133690155332,-0.484133690155332,-0.7519424184079407,true,0.0,13.05921959069984,-0.16191014783339255,0.16191014783339255,67.59798297166166,-0.5821723040494622,67.0158106676122,100.86870888861877,-101.79671624621487,100.0,0.08,0.6,0.27,1.0,false
0.02,0.02,0.0,0.0025,0.2,0.275,0.15,1.0,7.0,3.0,14.050531368926366,91.63271481371463,-5.672076103648948,-1.119256484974405,-1.119256484974405,-2.8352370301247984,true,0.0,5.672076103648948,-0.05767017381474881,0.05767017381474881,92.68164347883561,-2.484503667045574,90.19713981179004,102.75452599963796,-133.94892910533247,100.0,0.08,0.6,0.27,1.0,false
0.02,0.02,0.0,0.0025,0.2,0.275,0.15,1.0,7.0,3.0,14.472607000889596,90.58829632715545,-5.55798427989022,-1.2514615159874682,-1.2514615159874682,-3.345880064002059,true,0.0,5.55798427989022,-0.05481781031968321,0.05481781031968321,95.75026472633695,-2.7617320116240425,92.9885327147129,102.96997052324397,-164.9859775675762,100.0,0.08,0.6,0.27,1.0,false
0.02,0.02,0.0,0.0025,0.2,0.275,0.15,1.0,7.0,3.0,14.998559066432959,89.49797295031563,-5.712185375439887,-1.396069531708362,-1.396069531708362,-3.9264448868838673,true,0.0,5.712185375439887,-0.05440699193777754,0.05440699193777754,99.27772808959082,-3.07032702474459,96.20740106484624,103.1913626090732,-525.0929574438537,100.0,0.08,0.6,0.27,1.0,false
0.02,0.02,0.0,0.0025,0.2,0.275,0.15,1.0,7.0,3.0,16.26259599644175,88.23078676539575,-6.8281139153329065,-1.609396763018916,-1.609396763018916,-4.862755941362844,true,0.0,6.8281139153329065,-0.05998088160469491,0.05998088160469491,107.01005805975934,-3.703116585230654,103.30694147452868,103.58457673063886,-47.174238021107314,100.0,0.08,0.6,0.27,1.0,false
0.02,0.02,0.0,0.0025,0.2,0.275,0.15,1.0,7.0,3.0,16.894614461446146,88.4183251545583,-7.309792590626117,-1.654993683217356,-1.654993683217356,-5.0780529313260026,true,0.0,7.309792590626117,-0.0618099978995184,0.0618099978995184,110.95250863949691,-4.086168906818723,106.86633973267818,103.82362577125792,-62.69193623748271,100.0,0.08,0.6,0.27,1.0,false
