gross_delta,delta,iota,kappa,lambda,sigmah,sigmal,mu_b,m,c,p,vb,debt_diff,eq_deriv,eq_deriv_min_val,eq_min_val,eq_negative,eq_vb,abs_debt_diff,debt_per_diff,abs_debt_per_diff,debt,equity,firm_value,leverage,ROE,V0,r,alpha,pi,xi,opt
0.02,0.02,0.0,0.004,0.75,0.275,0.15,1.0,1.0,11.0,66.61850527157979,72.70704968121204,1.8971480040876116,9.783840404509192e-16,-0.0020888681003833134,0.01099469469023561,false,0.0,1.8971480040876116,0.028477793014923085,0.028477793014923085,68.5156532756674,36.26722473940201,104.78287801506941,65.38821472895006,15.191288728163377,100.0,0.08,0.6,0.27,1.0,false
0.02,0.02,0.0,0.004,0.75,0.275,0.15,1.0,1.0,11.0,75.82638658602703,64.69839363812792,1.6345115525410705,-1.4374352402812818e-15,-0.07216510124758674,0.011565728942830629,false,0.0,1.6345115525410705,0.021555973139860414,0.021555973139860414,77.4608981385681,22.566672079249802,100.0275702178179,77.43954788653859,0.12232172332065083,100.0,0.08,0.6,0.27,1.0,false
0.02,0.02,0.0,0.004,0.75,0.275,0.15,1.0,1.0,11.0,76.3209100051349,72.01995362974691,0.00017229264185880666,-9.060661991026195e-16,-0.04515374483871692,0.011004199711223189,false,0.0,0.00017229264185880666,0.00020863657357453672,0.00020863657357453672,76.32108229777674,19.615828715355494,95.93691101313223,79.55340805931264,-17.15909923740422,100.0,0.08,0.6,0.27,1.0,true
0.02,0.02,0.0,0.004,0.75,0.275,0.15,1.0,1.0,11.0,77.66796284891646,85.65767612483974,-3.1955316106154754,4.4284661251644056e-16,0.0005401175481650424,0.007600448599931019,false,0.0,3.1955316106154754,-0.041143497182121035,0.041143497182121035,74.47243123830098,13.555373882460191,88.02780512076117,84.60103161283618,-46.899079935891244,100.0,0.08,0.6,0.27,1.0,false
0.02,0.02,0.0,0.004,0.75,0.275,0.15,1.0,1.0,11.0,79.5095391118059,87.81755116367165,-4.196026137368676,1.5751289161869408e-15,-0.007366599767644776,0.0031987479142902234,false,0.0,4.196026137368676,-0.052773870710887225,0.052773870710887225,75.31351297443723,10.445544975960976,85.7590579503982,87.81989305199397,-57.68719556920088,100.0,0.08,0.6,0.27,1.0,false
0.02,0.02,0.0,0.004,0.75,0.275,0.15,1.0,1.0,11.0,81.35111537469535,89.97737014897947,-4.790184231919454,7.012619651636243e-16,-0.004839263754671254,0.02584312418951166,false,0.0,4.790184231919454,-0.05888283411796298,0.05888283411796298,76.5609311427759,7.65971367660969,84.22064481938558,90.90518281706791,-67.32074246094078,100.0,0.08,0.6,0.27,1.0,false
