gross_delta,delta,iota,kappa,lambda,sigmah,sigmal,mu_b,m,c,p,vb,debt_diff,eq_deriv,eq_deriv_min_val,eq_min_val,eq_negative,eq_vb,abs_debt_diff,debt_per_diff,abs_debt_per_diff,debt,equity,firm_value,leverage,ROE,V0,r,alpha,pi,xi,opt
0.02,0.02,0.0,0.004,0.75,0.275,0.15,1.0,1.0,6.0,57.88867044599196,64.94900312276712,0.5554566152007254,1.4882572171165398e-15,0.011946004189416074,0.03420519212800626,false,-2.5979321883528576e-7,0.5554566152007254,0.009595256047881534,0.009595256047881534,58.44412706119269,43.833245490414285,102.27737255160697,57.14277322846071,5.480266423377733,100.0,0.08,0.6,0.27,1.0,false
0.02,0.02,0.0,0.004,0.75,0.275,0.15,1.0,1.0,6.0,59.406498544591294,66.7357690654226,0.49142583133716755,-1.8145207558717402e-15,0.03058127411651748,0.04358740916642681,false,-6.858215623005286e-8,0.49142583133716755,0.008272257133086153,0.008272257133086153,59.89792437592846,41.29318533598227,101.19110971191074,59.19287232490756,2.9701946679183022,100.0,0.08,0.6,0.27,1.0,false
0.02,0.02,0.0,0.004,0.75,0.275,0.15,1.0,1.0,6.0,60.924326643190625,68.51525013376731,0.37763232080685327,-1.762479051592436e-15,0.011487096360188895,-0.01794961817416895,true,0.0,0.37763232080685327,0.006198383168327728,0.006198383168327728,61.30195896399748,38.68311635881142,99.9850753228089,61.311109449165045,-0.03856700957347581,100.0,0.08,0.6,0.27,1.0,false
0.02,0.02,0.0,0.004,0.75,0.275,0.15,1.0,1.0,6.0,62.44215474178996,70.296659395929,0.17531850191381437,1.0130785099704553e-15,-0.009474344510272903,-0.021043487338340636,true,0.0,0.17531850191381437,0.0028076946197450954,0.0028076946197450954,62.61747324370378,36.004602678908604,98.62207592261238,63.492349616366816,-3.6860110777705457,100.0,0.08,0.6,0.27,1.0,false
0.02,0.02,0.0,0.004,0.75,0.275,0.15,1.0,1.0,6.0,63.44355184381189,71.47391769226714,4.746109137587773e-6,1.6234491262669397e-15,-0.009370657120645505,0.009541307455099794,false,-4.4843560123548176e-9,4.746109137587773e-6,-1.9734426014313654e-6,1.9734426014313654e-6,63.443556589921045,34.20578080739132,97.64933739731237,64.97080090956892,-6.430227843334279,100.0,0.08,0.6,0.27,1.0,true
0.02,0.02,0.0,0.004,0.75,0.275,0.15,1.0,1.0,6.0,63.959982840389294,72.08162069193253,-0.10012452978427433,7.615436059538183e-16,-0.0016606674915088443,0.031367067351623444,false,0.0,0.10012452978427433,-0.0015654245879667113,0.0015654245879667113,63.85985831060502,33.26997806749625,97.12983637810126,65.74690197357602,-7.941760844675816,100.0,0.08,0.6,0.27,1.0,false
