gross_delta,delta,iota,kappa,lambda,sigmah,sigmal,mu_b,m,c,p,vb,debt_diff,eq_deriv,eq_deriv_min_val,eq_min_val,eq_negative,eq_vb,abs_debt_diff,debt_per_diff,abs_debt_per_diff,debt,equity,firm_value,leverage,ROE,V0,r,alpha,pi,xi,opt
0.02,0.02,0.0,0.0025,0.1,0.2,0.15,1.0,10.0,3.0,6.959313036566814,100.0,-9.593127981482638,-0.264830402422741,-0.264830402422741,-0.18703255888171355,true,0.0,9.593127981482638,-0.1378459042017047,0.1378459042017047,60.00000238418551,0.031058480892161216,60.03106086507767,99.9482626486279,-99.92235379314153,100.0,0.08,0.6,0.27,1.0,false
0.02,0.02,0.0,0.0025,0.1,0.2,0.15,1.0,10.0,3.0,6.959313036566814,100.0,-9.593127981482638,-0.26483040242274103,-0.26483040242274103,-0.18703255888171355,true,0.0,9.593127981482638,-0.1378459042017047,0.1378459042017047,60.00000238418551,0.03105848089216122,60.03106086507767,99.9482626486279,-99.92235379314153,100.0,0.08,0.6,0.27,1.0,false
0.02,0.02,0.0,0.0025,0.1,0.2,0.15,1.0,10.0,3.0,7.403195582716165,100.0,-14.031953442976146,-0.3636135996860833,-0.3636135996860833,-0.3427751296464618,true,0.0,14.031953442976146,-0.18953914274176112,0.18953914274176112,60.00000238418551,0.04223207783649937,60.04223446202201,99.92966271456267,-99.89441979911568,100.0,0.08,0.6,0.27,1.0,false
0.02,0.02,0.0,0.0025,0.1,0.2,0.15,1.0,10.0,3.0,7.699117280149067,100.0,-16.991170417305156,-0.43228059859823115,-0.43228059859823115,-0.475491769864969,true,0.0,16.991170417305156,-0.22068985052499657,0.22068985052499657,60.00000238418551,0.0514857985451332,60.05148818273064,99.91426390901677,-99.8712854959652,100.0,0.08,0.6,0.27,1.0,false
0.02,0.02,0.0,0.0025,0.1,0.2,0.15,1.0,10.0,3.0,8.88280406988067,97.9287849983529,-13.261618756609451,-0.7719163292301773,-0.7719163292301773,-1.3479914733051699,true,0.0,13.261618756609451,-0.1492954100110823,0.1492954100110823,75.56642194219725,-1.0593149765757657,74.50710696562149,101.42176366754457,-104.3354885398681,100.0,0.08,0.6,0.27,1.0,false
0.02,0.02,0.0,0.0025,0.1,0.2,0.15,1.0,10.0,3.0,9.178725767313573,98.03091992132333,-16.71380806147569,-0.8227135910230605,-0.8227135910230605,-1.5153013090009944,true,0.0,16.71380806147569,-0.18209290140245124,0.18209290140245124,75.07344961166004,-1.1110919146559282,73.96235769700411,101.50223971930107,-104.45746361749144,100.0,0.08,0.6,0.27,1.0,false
