gross_delta,delta,iota,kappa,lambda,sigmah,sigmal,mu_b,m,c,p,vb,debt_diff,eq_deriv,eq_deriv_min_val,eq_min_val,eq_negative,eq_vb,abs_debt_diff,debt_per_diff,abs_debt_per_diff,debt,equity,firm_value,leverage,ROE,V0,r,alpha,pi,xi,opt
0.02,0.02,0.0,0.001,0.75,0.225,0.15,1.0,1.0,5.0,55.27857391002259,60.57110002200175,0.2555007008002832,3.7470027081099033e-16,0.034909096430280194,-0.04117740084331244,true,1.1886538604110966e-7,0.2555007008002832,0.004622056661884293,0.004622056661884293,55.53407461082287,51.97241917679672,107.50649378761959,51.656483859041224,16.881451857620956,100.0,0.08,0.6,0.27,1.0,false
0.02,0.02,0.0,0.001,0.75,0.225,0.15,1.0,1.0,5.0,56.38999426258415,61.85488369296333,0.21022272806926878,-1.1934897514720433e-15,0.033699231333481024,-0.04194660151584406,true,5.895991410822213e-7,0.21022272806926878,0.0037280147093179546,0.0037280147093179546,56.60021699065342,50.29643633722865,106.89665332788206,52.94853976115104,15.89098573694898,100.0,0.08,0.6,0.27,1.0,false
0.02,0.02,0.0,0.001,0.75,0.225,0.15,1.0,1.0,5.0,57.50141461514573,63.13970256825554,0.1634228039626464,-3.608224830031759e-16,0.032667195980212976,-0.04228229112387454,true,6.469728675756119e-7,0.1634228039626464,0.002842065800579474,0.002842065800579474,57.66483741910837,48.58702673218988,106.25186415129825,54.27183596232818,14.767544920496146,100.0,0.08,0.6,0.27,1.0,false
0.02,0.02,0.0,0.001,0.75,0.225,0.15,1.0,1.0,5.0,58.6128349677073,64.42491365647031,0.11909719490519421,-9.020562075079397e-16,0.008281019810270851,-0.04683192874270135,true,7.893897925170283e-8,0.11909719490519421,0.0020319302925854163,0.0020319302925854163,58.731932162612495,46.841915724194564,105.57384788680706,55.631137197521696,13.50644258115068,100.0,0.08,0.6,0.27,1.0,false
0.02,0.02,0.0,0.001,0.75,0.225,0.15,1.0,1.0,5.0,59.724255320268874,65.70986878777252,0.0785989644867513,-1.8041124150158794e-15,-0.0020046557839773216,-0.006096523947087974,true,9.830629062765024e-10,0.0785989644867513,0.0013160308833532971,0.0013160308833532971,59.802854284755625,45.05843633364215,104.86129061839777,57.03043890846723,12.093621404950095,100.0,0.08,0.6,0.27,1.0,false
0.02,0.02,0.0,0.001,0.75,0.225,0.15,1.0,1.0,5.0,60.83567567283044,66.99480204717733,0.03508521781458995,7.684824998577255e-16,0.022283353157717768,0.04297656819207446,false,0.0,0.03508521781458995,0.0005767211003503198,0.0005767211003503198,60.87076089064503,43.233118027825896,104.10387891847093,58.47117467958714,10.488011042079727,100.0,0.08,0.6,0.27,1.0,true
