gross_delta,delta,iota,kappa,lambda,sigmah,sigmal,mu_b,m,c,p,vb,debt_diff,eq_deriv,eq_deriv_min_val,eq_min_val,eq_negative,eq_vb,abs_debt_diff,debt_per_diff,abs_debt_per_diff,debt,equity,firm_value,leverage,ROE,V0,r,alpha,pi,xi,opt
0.02,0.02,0.0,0.003,0.1,0.3,0.15,1.0,3.0,7.0,24.12796279627963,89.35224063064415,8.781361341231005,0.7850768782950253,0.7850768782950253,0.12534461224542992,false,0.0,8.781361341231005,0.1213165185884796,0.1213165185884796,81.16524973006989,13.354126216240502,94.51937594631039,85.87154635487012,-29.09846945217791,100.0,0.08,0.6,0.27,1.0,false
0.02,0.02,0.0,0.003,0.1,0.3,0.15,1.0,3.0,7.0,29.42048343738921,90.28042500393035,8.298647482907207e-5,0.07776397954220629,0.07776397954220629,0.02242263764270394,false,0.0,8.298647482907207e-5,-0.0003886820619775607,0.0003886820619775607,88.26153329864248,8.283861677017457,96.54539497565993,91.41972366563324,-29.42978084131338,100.0,0.08,0.6,0.27,1.0,false
0.02,0.02,0.0,0.003,0.1,0.3,0.15,1.0,3.0,7.0,29.923381811865397,90.3561223831294,-0.9834497871094641,-2.3350779721582546e-7,-2.3350779721582546e-7,0.0036905196197426706,false,0.0,0.9834497871094641,-0.010955198772792683,0.010955198772792683,88.78669564848673,7.786330980189392,96.57302662867612,91.93736465345765,-30.561672669318018,100.0,0.08,0.6,0.27,1.0,false
0.02,0.02,0.0,0.003,0.1,0.3,0.15,1.0,3.0,7.0,33.23504982077155,89.7782367755597,-5.16681678204192,-0.5554803576723699,-0.5554803576723699,-0.4823822252167994,true,0.0,5.16681678204192,-0.051820962206117656,0.051820962206117656,94.53833268027273,5.657780885014391,100.19611356528712,94.35329307326096,3.5907270400518554,100.0,0.08,0.6,0.27,1.0,false
0.02,0.02,0.0,0.003,0.1,0.3,0.15,1.0,3.0,7.0,34.89088382522463,88.62208074726271,-5.017861829297999,-0.846201410597418,-0.846201410597418,-1.0244258311118053,true,0.0,5.017861829297999,-0.04793861394123716,0.04793861394123716,99.65478964637589,5.60056924391715,105.25535889029304,94.67906498731851,1522.36421507086,100.0,0.08,0.6,0.27,1.0,false
0.02,0.02,0.0,0.003,0.1,0.3,0.15,1.0,3.0,7.0,38.20255183413078,88.50054743299815,-5.611053446630095,-1.1351428820231495,-1.1351428820231495,-1.685192178629518,true,0.0,5.611053446630095,-0.04895880141717906,0.04895880141717906,108.99660205576224,4.190388809071868,113.1869908648341,96.29781764047782,-146.57746094691345,100.0,0.08,0.6,0.27,1.0,false
