gross_delta,delta,iota,kappa,lambda,sigmah,sigmal,mu_b,m,c,p,vb,debt_diff,eq_deriv,eq_deriv_min_val,eq_min_val,eq_negative,eq_vb,abs_debt_diff,debt_per_diff,abs_debt_per_diff,debt,equity,firm_value,leverage,ROE,V0,r,alpha,pi,xi,opt
0.02,0.02,0.0,0.003,0.1,0.3,0.15,1.0,3.0,8.0,32.27393660418674,91.7206528638217,-5.423907782470351,-0.2554267810554455,-0.2554267810554455,-0.10469626339676304,true,0.0,5.423907782470351,-0.05601948355407352,0.05601948355407352,91.39790203008987,5.24483851847064,96.64274054856051,94.5729617261472,-39.028379625331866,100.0,0.08,0.6,0.27,1.0,false
0.02,0.02,0.0,0.003,0.1,0.3,0.15,1.0,3.0,8.0,33.9765700254236,91.02876065933214,-6.572994568319416,-0.5643741577114115,-0.5643741577114115,-0.47029963723930035,true,0.0,6.572994568319416,-0.06448556130887698,0.06448556130887698,95.35671550795138,4.605397695881958,99.96211320383334,95.3928568051667,-0.8159481985551942,100.0,0.08,0.6,0.27,1.0,false
0.02,0.02,0.0,0.003,0.1,0.3,0.15,1.0,3.0,8.0,38.23315357851575,90.39364775243868,-7.210134290139166,-0.9936472361552353,-0.9936472361552353,-1.2838349936315026,true,0.0,7.210134290139166,-0.06286110016474235,0.06286110016474235,107.48932644540807,3.1750989285909217,110.664425373999,97.13087659574391,-142.3949864081258,100.0,0.08,0.6,0.27,1.0,false
0.02,0.02,0.0,0.003,0.1,0.3,0.15,1.0,3.0,8.0,38.686288455425384,88.07100232861396,0.00014614200607340755,-1.0058334641115054,-1.0058334641115054,-1.224562688447986,true,0.0,0.00014614200607340755,-0.0005715159757825894,0.0005715159757825894,116.05901150828221,6.98096217911543,123.03997368739763,94.32626489595027,-143.47068420441133,100.0,0.08,0.6,0.27,1.0,false
0.02,0.02,0.0,0.003,0.1,0.3,0.15,1.0,3.0,8.0,39.084470289134174,85.93247552939074,6.606845665406738,-1.0126941969791106,-1.0126941969791106,-1.1578226475002724,true,0.0,6.606845665406738,0.05634672472665355,0.05634672472665355,123.86025653280926,10.52317096001212,134.38342749282137,92.16929411881964,-144.10334375718946,100.0,0.08,0.6,0.27,1.0,false
0.02,0.02,0.0,0.003,0.1,0.3,0.15,1.0,3.0,8.0,40.787103710371035,86.36410087901123,3.5414974333074127,-1.0433670985824324,-1.0433670985824324,-1.1914980410451212,true,0.0,3.5414974333074127,0.028942951007713644,0.028942951007713644,125.90280856442051,10.093082556932055,135.99589112135257,92.57839154278143,-138.96520538238343,100.0,0.08,0.6,0.27,1.0,false
