gross_delta,delta,iota,kappa,lambda,sigmah,sigmal,mu_b,m,c,p,vb,debt_diff,eq_deriv,eq_deriv_min_val,eq_min_val,eq_negative,eq_vb,abs_debt_diff,debt_per_diff,abs_debt_per_diff,debt,equity,firm_value,leverage,ROE,V0,r,alpha,pi,xi,opt
0.02,0.02,0.0,0.003,0.1,0.3,0.15,1.0,3.0,5.0,22.617786778677868,87.51296449648464,5.978454321023577,0.8162271633054018,0.8162271633054017,0.12071925569210919,false,0.0,5.978454321023577,0.08810844874028607,0.08810844874028607,73.83181465705718,14.240513062266366,88.07232771932354,83.83088828122126,-45.58081549928021,100.0,0.08,0.6,0.27,1.0,false
0.02,0.02,0.0,0.003,0.1,0.3,0.15,1.0,3.0,5.0,26.498766981961353,82.94526430602437,5.1759092241401845,0.07536969077528147,0.07536969077528147,0.013669724045296993,false,0.0,5.1759092241401845,0.06510880585077297,0.06510880585077297,84.67221017002424,16.716681976074643,101.38889214609888,83.51231419711509,9.061268203082374,100.0,0.08,0.6,0.27,1.0,false
0.02,0.02,0.0,0.003,0.1,0.3,0.15,1.0,3.0,5.0,28.827355103931446,88.99808213266948,-3.1075036012358765,1.115033733452113e-6,1.115033733452113e-6,0.002713963669196624,false,0.0,3.1075036012358765,-0.03593234724485792,0.03593234724485792,83.37456171055847,7.998081174353407,91.37264288491187,91.24674418750548,-51.89250932751156,100.0,0.08,0.6,0.27,1.0,false
0.02,0.02,0.0,0.003,0.1,0.3,0.15,1.0,3.0,5.0,30.37974718524484,87.95137589750071,-3.8334072357273072,-0.27893441985803513,-0.27893441985803513,-0.15411750334345006,true,0.0,3.8334072357273072,-0.042060995574371304,0.042060995574371304,87.30583432000722,7.809009582141772,95.11484390214899,91.78991494726584,-38.483475172775485,100.0,0.08,0.6,0.27,1.0,false
0.02,0.02,0.0,0.003,0.1,0.3,0.15,1.0,3.0,5.0,32.79768412694312,81.29931106484054,2.7444397125042652e-5,-0.9323048199558257,-0.9323048199558257,-0.7319495230544002,true,0.0,2.7444397125042652e-5,0.009901441133385765,0.009901441133385765,98.39307982522645,13.21888893855706,111.61196876378351,88.15638763031443,722.622625944683,100.0,0.08,0.6,0.27,1.0,false
0.02,0.02,0.0,0.003,0.1,0.3,0.15,1.0,3.0,5.0,36.589315510498416,81.65890034974751,-2.4714127604046467,-1.4395236723921114,-1.4395236723921114,-2.6224403497259616,true,0.0,2.4714127604046467,-0.022514885615497367,0.022514885615497367,107.29653377109061,10.466370925398921,117.76290469648953,91.11233630626391,-243.44305465791766,100.0,0.08,0.6,0.27,1.0,false
