gross_delta,delta,iota,kappa,lambda,sigmah,sigmal,mu_b,m,c,p,vb,debt_diff,eq_deriv,eq_deriv_min_val,eq_min_val,eq_negative,eq_vb,abs_debt_diff,debt_per_diff,abs_debt_per_diff,debt,equity,firm_value,leverage,ROE,V0,r,alpha,pi,xi,opt
0.02,0.02,0.0,0.0025,0.3,0.35,0.15,1.0,10.0,1.0,6.244299429942995,67.0684786184865,1.1930415408159476,-1.5503748914158504,-1.5503748914158504,-6.358234482723049,true,0.0,1.1930415408159476,0.0191060911508345,0.0191060911508345,63.636035840245896,2.8016162871714854,66.43765212741738,95.78308956222835,-92.29562466054738,100.0,0.08,0.6,0.27,1.0,false
0.02,0.02,0.0,0.0025,0.3,0.35,0.15,1.0,10.0,1.0,6.503845121354241,67.91565991722373,0.9250738957642284,-1.5600036788582794,-1.5600036788582794,-6.472363288192828,true,0.0,0.9250738957642284,0.014223492080506491,0.014223492080506491,65.96352510930664,1.977611245304047,67.94113635461069,97.08922848304724,-94.18972954263019,100.0,0.08,0.6,0.27,1.0,false
0.02,0.02,0.0,0.0025,0.3,0.35,0.15,1.0,10.0,1.0,6.763390812765487,69.59986395897735,0.9237559213230497,-1.5296097101994246,-1.5296097101994246,-6.459893983702707,true,0.0,0.9237559213230497,0.013658177486646442,0.013658177486646442,68.55766404897793,0.5908452662023675,69.14850931518029,99.14554157124446,-98.12086078107323,100.0,0.08,0.6,0.27,1.0,false
0.02,0.02,0.0,0.0025,0.3,0.35,0.15,1.0,10.0,1.0,7.022936504176734,71.28353536678765,0.6443179885234969,-1.4988269032432213,-1.4988269032432213,-6.431633199818396,true,0.0,0.6443179885234969,0.009174481189461178,0.009174481189461178,70.87368303029083,-0.6637690262588711,70.20991400403196,100.94540640830405,-102.27893223488978,100.0,0.08,0.6,0.27,1.0,false
0.02,0.02,0.0,0.0025,0.3,0.35,0.15,1.0,10.0,1.0,7.28248219558798,82.18296753057946,0.17919261071490666,-1.117539567056925,-1.117539567056925,-5.124318193626761,true,0.0,0.17919261071490666,0.0024605979925837475,0.0024605979925837475,73.0040145665947,-4.438306377301346,68.56570818929336,106.4730701315711,-116.44061628440987,100.0,0.08,0.6,0.27,1.0,false
0.02,0.02,0.0,0.0025,0.3,0.35,0.15,1.0,10.0,1.0,7.28248219558798,82.18296753057946,0.17919261071490666,-1.117539567056925,-1.117539567056925,-5.124318193626761,true,0.0,0.17919261071490666,0.0024605979925837475,0.0024605979925837475,73.0040145665947,-4.438306377301346,68.56570818929336,106.4730701315711,-116.44061628440987,100.0,0.08,0.6,0.27,1.0,false
