gross_delta,delta,iota,kappa,lambda,sigmah,sigmal,mu_b,m,c,p,vb,debt_diff,eq_deriv,eq_deriv_min_val,eq_min_val,eq_negative,eq_vb,abs_debt_diff,debt_per_diff,abs_debt_per_diff,debt,equity,firm_value,leverage,ROE,V0,r,alpha,pi,xi,opt
0.02,0.02,0.0,0.003,0.2,0.2,0.15,1.0,10.0,1.0,8.127196930219338,85.39551743208355,-0.5004558225264475,-2.1304861369478983e-6,-2.1304861369478983e-6,0.0005004168051650972,false,0.0,0.5004558225264475,-0.006157791263376475,0.006157791263376475,80.77151347966694,6.46347062492816,87.2349841045951,92.59073559619334,-66.3859627324626,100.0,0.08,0.6,0.27,1.0,false
0.02,0.02,0.0,0.003,0.2,0.2,0.15,1.0,10.0,1.0,8.87465062295703,79.44901153703843,-0.45486291006662327,-0.26633616813608785,-0.26633616813608785,-0.24792799492326445,true,0.0,0.45486291006662327,-0.005125417657456616,0.005125417657456616,88.29164331950369,10.257855209199334,98.54949852870303,89.5911644784152,-12.388599962223633,100.0,0.08,0.6,0.27,1.0,false
0.02,0.02,0.0,0.003,0.2,0.2,0.15,1.0,10.0,1.0,9.061514046141456,77.20332307003929,-0.3646251397748017,-0.3616100106810675,-0.3616100106810675,-0.41172591604214986,true,0.0,0.3646251397748017,-0.004023887596687721,0.004023887596687721,90.25051532163975,12.17150188461535,102.4220172062551,88.11632282138649,24.84251512934794,100.0,0.08,0.6,0.27,1.0,false
0.02,0.02,0.0,0.003,0.2,0.2,0.15,1.0,10.0,1.0,9.24837746932588,73.43860518219837,-0.05873690084850125,-0.527124876496031,-0.527124876496031,-0.7424813570772096,true,0.0,0.05873690084850125,-0.0006351049256295399,0.0006351049256295399,92.4250377924103,15.856942343972461,108.28198013638276,85.35588070702032,109.33361658338909,100.0,0.08,0.6,0.27,1.0,false
0.02,0.02,0.0,0.003,0.2,0.2,0.15,1.0,10.0,1.0,9.308280875930176,72.03990817253454,-2.2330500282184695e-6,-0.5909196576368974,-0.5909196576368974,-0.8780278681492377,true,0.0,2.2330500282184695e-6,1.4002742704496746e-5,1.4002742704496746e-5,93.08280652625176,17.37573617245695,110.45854269870871,84.26945010504825,151.1963303961412,100.0,0.08,0.6,0.27,1.0,false
0.02,0.02,0.0,0.003,0.2,0.2,0.15,1.0,10.0,1.0,9.435240892510302,69.04444822167167,-0.09868789446308313,-0.7338383388364471,-0.7338383388364471,-1.197749716962647,true,0.0,0.09868789446308313,-0.0010459499188984313,0.0010459499188984313,94.25372103063994,21.019709081550353,115.27343011219028,81.76534778127723,265.79687818204246,100.0,0.08,0.6,0.27,1.0,false
