gross_delta,delta,iota,kappa,lambda,sigmah,sigmal,mu_b,m,c,p,vb,debt_diff,eq_deriv,eq_deriv_min_val,eq_min_val,eq_negative,eq_vb,abs_debt_diff,debt_per_diff,abs_debt_per_diff,debt,equity,firm_value,leverage,ROE,V0,r,alpha,pi,xi,opt
0.02,0.02,0.0,0.005,0.2,0.2,0.15,1.0,7.0,1.0,9.366149772872022,81.07402662779457,0.6953496936133234,0.5949531057700299,0.5949531057700299,0.039159432535268275,false,0.0,0.6953496936133234,0.010605817003258204,0.010605817003258204,66.25839810371748,14.594164319741427,80.8525624234589,81.94965764559737,-56.74726895124282,100.0,0.08,0.6,0.27,1.0,false
0.02,0.02,0.0,0.005,0.2,0.2,0.15,1.0,7.0,1.0,9.529933879486281,86.04909105864512,6.858750819271225e-6,0.7687668009824041,0.7687668009824041,0.15615476890572888,false,0.0,6.858750819271225e-6,0.0009934636497993716,0.0009934636497993716,66.70954401515473,7.730386599963751,74.43993061511848,89.61526893417907,-76.77897051490422,100.0,0.08,0.6,0.27,1.0,false
0.02,0.02,0.0,0.005,0.2,0.2,0.15,1.0,7.0,1.0,10.27726720040425,71.91225114081294,0.33974485836377255,0.1842922545165717,0.1842922545165717,0.012491892961490761,false,0.0,0.33974485836377255,0.004722556961868631,0.004722556961868631,72.28061526119352,21.662235151835954,93.94285041302948,76.9410497375844,-21.851673996539546,100.0,0.08,0.6,0.27,1.0,false
0.02,0.02,0.0,0.005,0.2,0.2,0.15,1.0,7.0,1.0,10.505046557287306,68.22396815182867,0.3182158408438198,0.02272180912930182,0.02272180912930182,0.0018209434699513211,false,0.0,0.3182158408438198,0.0043273873739566055,0.0043273873739566055,73.85354174185497,25.47224532674156,99.32578706859653,74.35485176759799,-2.5786013721129653,100.0,0.08,0.6,0.27,1.0,false
0.02,0.02,0.0,0.005,0.2,0.2,0.15,1.0,7.0,1.0,10.732825914170363,67.61599295138734,-0.12334806417401012,-0.04553053674470771,-0.04553053674470771,-0.006126280435859674,true,0.0,0.12334806417401012,-0.00164179985455589,0.00164179985455589,75.00643333501853,26.084704532170864,101.09113786718939,74.19684347955388,4.365674902726813,100.0,0.08,0.6,0.27,1.0,false
0.02,0.02,0.0,0.005,0.2,0.2,0.15,1.0,7.0,1.0,10.960605271053419,56.40533351162651,-0.013747520958219184,-0.6115175343498476,-0.6115175343498476,-0.6308067386357911,true,0.0,0.013747520958219184,-0.00017918094091450945,0.00017918094091450945,76.71048937641571,41.76473194706428,118.47522132347999,64.7481292032943,79.32850810858567,100.0,0.08,0.6,0.27,1.0,false
