gross_delta,delta,iota,kappa,lambda,sigmah,sigmal,mu_b,m,c,p,vb,debt_diff,eq_deriv,eq_deriv_min_val,eq_min_val,eq_negative,eq_vb,abs_debt_diff,debt_per_diff,abs_debt_per_diff,debt,equity,firm_value,leverage,ROE,V0,r,alpha,pi,xi,opt
0.02,0.02,0.0,0.003,0.3,0.25,0.15,1.0,3.0,4.0,23.99890910143646,83.62560160586843,3.752489645816567,0.12340563803684863,0.12340563803684863,0.01456803097530248,false,0.0,3.752489645816567,0.05212028082826427,0.05212028082826427,75.74921695012596,12.69958313472281,88.44880008484877,85.64188194465032,-47.63227600277934,100.0,0.08,0.6,0.27,1.0,false
0.02,0.02,0.0,0.003,0.3,0.25,0.15,1.0,3.0,4.0,30.832263489506847,77.6388414156778,-0.915103585508561,-1.0249619650689525,-1.0249619650689525,-1.55235488984762,true,0.0,0.915103585508561,-0.009893355011274672,0.009893355011274672,91.58168688301198,17.122172443637563,108.70385932664955,84.24879065959718,103.39196470472571,100.0,0.08,0.6,0.27,1.0,false
0.02,0.02,0.0,0.003,0.3,0.25,0.15,1.0,3.0,4.0,31.083993115750847,73.22508801143638,2.926812449691174e-5,-1.0598994589873187,-1.0598994589873187,-1.4321956162871639,true,0.0,2.926812449691174e-5,-9.21543034248691e-5,9.21543034248691e-5,93.25200861537704,24.939644302879728,118.19165291825676,78.89898001500293,269.58619063609257,100.0,0.08,0.6,0.27,1.0,false
0.02,0.02,0.0,0.003,0.3,0.25,0.15,1.0,3.0,4.0,31.515598928313885,67.92631372448271,0.856666568369306,-1.0777672412392665,-1.0777672412392665,-1.2313432433997438,true,0.0,0.856666568369306,0.009060767762633988,0.009060767762633988,95.40346335331095,34.73164536425732,130.13510871756827,73.31108744863364,655.6046657275112,100.0,0.08,0.6,0.27,1.0,false
0.02,0.02,0.0,0.003,0.3,0.25,0.15,1.0,3.0,4.0,32.19893436712092,65.10249214212976,0.5164271333565438,-1.0146662246239555,-1.0146662246239555,-0.9547762149938382,true,0.0,0.5164271333565438,0.005346213505788974,0.005346213505788974,97.1132302347193,41.31916101849778,138.43239125321708,70.1521004987064,1331.328591405002,100.0,0.08,0.6,0.27,1.0,false
0.02,0.02,0.0,0.003,0.3,0.25,0.15,1.0,3.0,4.0,32.88226980592796,63.29073176299746,0.10806751312155427,-0.982242208882687,-0.982242208882687,-0.8117045370803855,true,0.0,0.10806751312155427,0.001095499324908445,0.001095499324908445,98.75487693090544,46.19605266994433,144.95092960084978,68.12986795106866,3610.159567080993,100.0,0.08,0.6,0.27,1.0,false
