gross_delta,delta,iota,kappa,lambda,sigmah,sigmal,V0,r,alpha,pi,xi,mu_b,m,c,p,vb,sg_debt,debt,debt_diff,abs_debt_diff,debt_per_diff,abs_debt_per_diff,eq_vb,eq_min_val,sg_equity,equity,eq_negative,firm_value,leverage,ROE,cvml_vb,cvmh_vb,eq_deriv
0.02,0.018000000000000002,0.002,0.01,NaN,NaN,0.25,100.0,0.08,0.6,0.27,1.0,1.0,3.0,1.2803280328032802,13.976252756742015,40.528122201976075,41.929019161659,41.93484037812325,0.006082107897199762,0.006082107897199762,0.0001450581450087616,0.0001450581450087616,1.1191048088221578e-13,NaN,52.88320929922006,52.898212607969946,false,94.8330529860932,44.21964605976862,-8.898532351506871,NaN,NaN,NaN
