gross_delta,delta,iota,kappa,lambda,sigmah,sigmal,mu_b,m,c,p,vb,debt_diff,eq_deriv,eq_deriv_min_val,eq_min_val,eq_negative,eq_vb,abs_debt_diff,debt_per_diff,abs_debt_per_diff,debt,equity,firm_value,leverage,ROE,V0,r,alpha,pi,xi,opt
0.02,0.02,0.0,0.0025,0.3,0.2,0.15,1.0,10.0,1.0,7.595509550955095,88.35068734924309,-0.7783322005235362,-0.3022533125158275,-0.3022533125158275,-0.483456843613519,true,0.0,0.7783322005235362,-0.010247267748161348,0.010247267748161348,75.17676330902741,1.3112787147739673,76.48804202380137,98.28564219964485,-94.7175353033199,100.0,0.08,0.6,0.27,1.0,false
0.02,0.02,0.0,0.0025,0.3,0.2,0.15,1.0,10.0,1.0,7.7839389202078095,86.52448133350055,-0.518491075271811,-0.3719418426569501,-0.3719418426569501,-0.6691996185289828,true,0.0,0.518491075271811,-0.006661037304978862,0.006661037304978862,77.32089812680628,1.7495380902806903,79.07043621708698,97.78736760035399,-92.28568176966209,100.0,0.08,0.6,0.27,1.0,false
0.02,0.02,0.0,0.0025,0.3,0.2,0.15,1.0,10.0,1.0,8.16079765871324,83.06739021305543,-0.3950928916764269,-0.48833859018251424,-0.48833859018251424,-0.9772719124699908,true,0.0,0.3950928916764269,-0.00484135139969545,0.00484135139969545,81.21288369545596,3.1752295717455348,84.38811326720149,96.23734972994161,-83.09889862672783,100.0,0.08,0.6,0.27,1.0,false
0.02,0.02,0.0,0.0025,0.3,0.2,0.15,1.0,10.0,1.0,8.349227027965954,80.54757601851614,-0.22643205931598231,-0.5764309079818482,-0.5764309079818482,-1.2197072719521749,true,0.0,0.22643205931598231,-0.0027120122444573877,0.0027120122444573877,83.26583822034355,4.492839279198153,87.7586774995417,94.8804615028279,-73.15169209933148,100.0,0.08,0.6,0.27,1.0,false
0.02,0.02,0.0,0.0025,0.3,0.2,0.15,1.0,10.0,1.0,8.537656397218669,75.50822408247299,-0.04775773496287172,-0.7474719333519091,-0.7474719333519091,-1.6782383266304906,true,0.0,0.04775773496287172,-0.0005593775708569142,0.0005593775708569142,85.32880623722382,8.047120307708788,93.37592654493261,91.38201825088557,-45.1502008778183,100.0,0.08,0.6,0.27,1.0,false
0.02,0.02,0.0,0.0025,0.3,0.2,0.15,1.0,10.0,1.0,8.537656397218669,75.50822408247299,-0.04775773496287172,-0.7474719333519091,-0.7474719333519091,-1.6782383266304906,true,0.0,0.04775773496287172,-0.0005593775708569142,0.0005593775708569142,85.32880623722382,8.047120307708788,93.37592654493261,91.38201825088557,-45.1502008778183,100.0,0.08,0.6,0.27,1.0,false
