gross_delta,delta,iota,kappa,lambda,sigmah,sigmal,V0,r,alpha,pi,xi,mu_b,m,c,p,vb,sg_debt,debt,debt_diff,abs_debt_diff,debt_per_diff,abs_debt_per_diff,eq_vb,eq_min_val,sg_equity,equity,eq_negative,firm_value,leverage,ROE,cvml_vb,cvmh_vb,eq_deriv
0.02,0.0185,0.0015,0.015000000000000001,NaN,NaN,0.2,100.0,0.08,0.6,0.27,1.0,1.0,1.0,3.427967796779678,36.08216442458606,42.23064315604602,36.082238919805455,36.08223720231803,7.277773196534554e-5,7.277773196534554e-5,2.0170001751822694e-6,2.0170001751822694e-6,-6.750155989720952e-14,NaN,60.08814645031191,60.0880997701744,false,96.17033697249244,37.519091996775074,-5.991547356921034,NaN,NaN,NaN
