gross_delta,delta,iota,kappa,lambda,sigmah,sigmal,mu_b,m,c,p,vb,debt_diff,eq_deriv,eq_deriv_min_val,eq_min_val,eq_negative,eq_vb,abs_debt_diff,debt_per_diff,abs_debt_per_diff,debt,equity,firm_value,leverage,ROE,V0,r,alpha,pi,xi,opt
0.02,0.02,0.0,0.004,0.75,0.275,0.15,1.0,3.0,9.0,25.414141414141415,99.00939524141869,-12.506016248515053,-0.15622547368916917,-0.15622547368916917,-0.057476882558758914,true,0.0,12.506016248515053,-0.16402962488115927,0.16402962488115927,63.7364079939092,-0.05676374164972264,63.67964425225947,100.0891395395126,-100.15653094056482,100.0,0.08,0.6,0.27,1.0,false
0.02,0.02,0.0,0.004,0.75,0.275,0.15,1.0,3.0,9.0,30.438554381753963,93.59467150703661,-5.074967340934734,-0.8302410313455499,-0.8302410313455499,-1.123660203645643,true,0.0,5.074967340934734,-0.05557608811164899,0.05557608811164899,86.24069580432716,-0.0870170511092954,86.15367875321786,100.10100213057478,-100.63242333966758,100.0,0.08,0.6,0.27,1.0,false
0.02,0.02,0.0,0.004,0.75,0.275,0.15,1.0,3.0,9.0,31.275956543022723,92.30993438235147,-3.761605325113166,-1.0213568100711408,-1.0213568100711408,-1.5767998161021388,true,0.0,3.761605325113166,-0.04009049059713286,0.04009049059713286,90.06626430395501,0.0038074251830757045,90.07007172913808,99.99577281875102,-99.9616717688131,100.0,0.08,0.6,0.27,1.0,false
0.02,0.02,0.0,0.004,0.75,0.275,0.15,1.0,3.0,9.0,32.11335870429148,91.15181865811037,-4.4155910514667625,-1.2533174100119155,-1.2533174100119155,-2.1908823135418163,true,0.0,4.4155910514667625,-0.04583337723641972,0.04583337723641972,91.92448506140768,-0.07235559204123163,91.85212946936645,100.07877399518033,-100.89598734683096,100.0,0.08,0.6,0.27,1.0,false
0.02,0.02,0.0,0.004,0.75,0.275,0.15,1.0,3.0,9.0,33.32708478605201,87.01858892530657,-0.0002800740019348602,-1.27061485700895,-1.27061485700895,-2.1367029303998812,true,0.0,0.0002800740019348602,-0.0013514534912100681,0.0013514534912100681,99.98097428415412,3.8026310575402413,103.78360534169435,96.33600023335038,19886.796230653923,100.0,0.08,0.6,0.27,1.0,false
0.02,0.02,0.0,0.004,0.75,0.275,0.15,1.0,3.0,9.0,33.788163026829,83.8230668171149,6.2416378353968724,-1.0526682263239266,-1.0526682263239266,-1.4276412412145065,true,0.0,6.2416378353968724,0.061576178127241296,0.061576178127241296,107.60612691588386,7.884635600666509,115.49076251655038,93.17292965354125,-203.66163604502887,100.0,0.08,0.6,0.27,1.0,false
