gross_delta,delta,iota,kappa,lambda,sigmah,sigmal,mu_b,m,c,p,vb,debt_diff,eq_deriv,eq_deriv_min_val,eq_min_val,eq_negative,eq_vb,abs_debt_diff,debt_per_diff,abs_debt_per_diff,debt,equity,firm_value,leverage,ROE,V0,r,alpha,pi,xi,opt
0.02,0.02,0.0,0.004,0.5,0.25,0.15,1.0,5.0,9.0,14.409365936593657,100.0,-12.046827298782773,-1.0991155121833949,-1.0991155121833949,-2.0153614906352884,true,0.0,12.046827298782773,-0.16720829149309005,0.16720829149309005,60.00000238418551,0.1744536434915514,60.17445602767706,99.71008687903831,-99.5638658652755,100.0,0.08,0.6,0.27,1.0,false
0.02,0.02,0.0,0.004,0.5,0.25,0.15,1.0,5.0,9.0,15.43864254846537,100.0,-17.193210358141343,-1.2492532392459026,-1.2492532392459026,-2.5196738928519467,true,0.0,17.193210358141343,-0.22272956063550264,0.22272956063550264,60.00000238418551,0.1979111196611121,60.19791350384662,99.6712325923913,-99.50522217135617,100.0,0.08,0.6,0.27,1.0,false
0.02,0.02,0.0,0.004,0.5,0.25,0.15,1.0,5.0,9.0,17.505795464297904,96.46959318545987,0.0001992203062640696,-1.7882811521432642,-1.7882811521432642,-4.59719539030184,true,0.0,0.0001992203062640696,-0.013462497398380702,0.013462497398380702,87.5291765417958,-3.4273631154452153,84.10181342635059,104.07525471308251,-127.48305376090023,100.0,0.08,0.6,0.27,1.0,false
0.02,0.02,0.0,0.004,0.5,0.25,0.15,1.0,5.0,9.0,19.041110690016367,94.14818098730633,10.732717260266853,-1.8268416275131578,-1.8268416275131578,-4.65525022463316,true,0.0,10.732717260266853,0.11273205050894672,0.11273205050894672,105.93827071034869,-4.633309347084943,101.30496136326374,104.57362530396772,-21.97544414722583,100.0,0.08,0.6,0.27,1.0,false
0.02,0.02,0.0,0.004,0.5,0.25,0.15,1.0,5.0,9.0,19.555748995952225,93.95256541863147,10.191161003450304,-1.6831282748952179,-1.6831282748952179,-4.023731593608493,true,0.0,10.191161003450304,0.10422675199563806,0.10422675199563806,107.96990598321143,-4.023741838672316,103.94616414453911,103.87098636278414,-49.51330859926946,100.0,0.08,0.6,0.27,1.0,false
0.02,0.02,0.0,0.004,0.5,0.25,0.15,1.0,5.0,9.0,22.128940525631506,93.45201126279159,66.46474192478361,-0.6938269336703435,-0.6938269336703435,-0.6187151688800875,true,0.0,66.46474192478361,0.6007042392996523,0.6007042392996523,177.10944455294114,1.2242652428947642,178.33370979583592,99.3134975746894,-101.58769817367082,100.0,0.08,0.6,0.27,1.0,false
