gross_delta,delta,iota,kappa,lambda,sigmah,sigmal,mu_b,m,c,p,vb,debt_diff,eq_deriv,eq_deriv_min_val,eq_min_val,eq_negative,eq_vb,abs_debt_diff,debt_per_diff,abs_debt_per_diff,debt,equity,firm_value,leverage,ROE,V0,r,alpha,pi,xi,opt
0.02,0.02,0.0,0.005,0.1,0.25,0.15,1.0,7.0,1.0,9.586280996520703,74.93719139032677,1.0598153663776912,0.4342559901288205,0.4342559901288205,0.040067248296979156,false,0.0,1.0598153663776912,0.01579363209275461,0.01579363209275461,68.16378234202261,19.57484807653057,87.73863041855319,77.68959011196137,-38.51390172404607,100.0,0.08,0.6,0.27,1.0,false
0.02,0.02,0.0,0.005,0.1,0.25,0.15,1.0,7.0,1.0,9.847146556760938,71.86273464956085,1.0056084770109948,0.25600931281601796,0.25600931281601796,0.023418023387607984,false,0.0,1.0056084770109948,0.014588830686192981,0.014588830686192981,69.93563437433757,21.66788984050808,91.60352421484565,76.34600849014444,-27.928331798849804,100.0,0.08,0.6,0.27,1.0,false
0.02,0.02,0.0,0.005,0.1,0.25,0.15,1.0,7.0,1.0,10.629743237481641,69.5212876877554,-0.40741473537391926,-0.045281649681444734,-0.045281649681444734,-0.006604336999464772,true,0.0,0.40741473537391926,-0.005475400840181166,0.005475400840181166,74.00078792699756,22.709016249732827,96.70980417673039,76.51839289402996,-12.654982828060968,100.0,0.08,0.6,0.27,1.0,false
0.02,0.02,0.0,0.005,0.1,0.25,0.15,1.0,7.0,1.0,10.890608797721876,63.68477808034547,-0.24684886133813677,-0.40968988364016184,-0.40968988364016184,-0.3958974613332423,true,0.0,0.24684886133813677,-0.0032380304630611548,0.0032380304630611548,75.98741272271499,28.330284406661207,104.3176971293762,72.84230270964895,17.980974226215828,100.0,0.08,0.6,0.27,1.0,false
0.02,0.02,0.0,0.005,0.1,0.25,0.15,1.0,7.0,1.0,11.25458511041019,54.755285625431284,-6.414405662180656e-8,-0.9856944371281855,-0.9856944371281855,-1.195422564446115,true,0.0,6.414405662180656e-8,0.0006164862818026588,0.0006164862818026588,78.78209570872727,37.51844874477013,116.3005444534974,67.74009191352339,76.824479127291,100.0,0.08,0.6,0.27,1.0,false
0.02,0.02,0.0,0.005,0.1,0.25,0.15,1.0,7.0,1.0,11.67320547844258,55.435735816973086,-1.4341512037788107,-1.1967369866038164,-1.1967369866038164,-2.078269285947744,true,0.0,1.4341512037788107,-0.017551198235594458,0.017551198235594458,80.27828714531924,38.90625817910967,119.18454532442891,67.35628929639826,97.27626330324368,100.0,0.08,0.6,0.27,1.0,false
