gross_delta,delta,iota,kappa,lambda,sigmah,sigmal,V0,r,alpha,pi,xi,mu_b,m,c,p,vb,sg_debt,debt,debt_diff,abs_debt_diff,debt_per_diff,abs_debt_per_diff,eq_vb,eq_min_val,sg_equity,equity,eq_negative,firm_value,leverage,ROE,cvml_vb,cvmh_vb,eq_deriv
0.02,0.0185,0.0015,0.0025,NaN,NaN,0.3,100.0,0.08,0.6,0.27,1.0,1.0,10.0,0.6934943494349435,6.421740953989563,46.96435767703108,64.21920733112209,64.18198023938788,-0.03542930050774373,0.03542930050774373,-0.0005517086528651233,0.0005517086528651233,-1.9539925233402755e-13,NaN,38.02336436456741,37.982114040587085,false,102.16409427997496,62.82244333660001,6.041914920027902,NaN,NaN,NaN
