gross_delta,delta,iota,kappa,lambda,sigmah,sigmal,mu_b,m,c,p,vb,debt_diff,eq_deriv,eq_deriv_min_val,eq_min_val,eq_negative,eq_vb,abs_debt_diff,debt_per_diff,abs_debt_per_diff,debt,equity,firm_value,leverage,ROE,V0,r,alpha,pi,xi,opt
0.02,0.02,0.0,0.005,0.2,0.225,0.15,1.0,5.0,4.0,18.57083208320832,91.21193104058273,-2.6023246612571995,-0.2523257500885267,-0.2523257500885267,-0.1449639986173451,true,0.0,2.6023246612571995,-0.028025934967235124,0.028025934967235124,90.2518357547844,3.8139754799188297,94.06581123470322,95.94541796870003,-60.87493620359621,100.0,0.08,0.6,0.27,1.0,false
0.02,0.02,0.0,0.005,0.2,0.225,0.15,1.0,5.0,4.0,19.402665266526654,89.46896744674105,-2.1058973796164224,-0.4672176762042477,-0.4672176762042477,-0.44766248971123485,true,0.0,2.1058973796164224,-0.02170730000944254,0.02170730000944254,94.90742895301685,4.493269797899533,99.40069875091638,95.4796396259155,-11.768147043105992,100.0,0.08,0.6,0.27,1.0,false
0.02,0.02,0.0,0.005,0.2,0.225,0.15,1.0,5.0,4.0,20.239905419606252,87.70152541532833,-1.788667289279113,-0.6768538992910665,-0.6768538992910665,-0.8561917809256027,true,0.0,1.788667289279113,-0.017716404005898714,0.017716404005898714,99.41085980875219,5.316899111921436,104.72775892067362,94.92312337558113,802.4845343958232,100.0,0.08,0.6,0.27,1.0,false
0.02,0.02,0.0,0.005,0.2,0.225,0.15,1.0,5.0,4.0,20.65041504150415,87.12645227609664,-1.9054853696504068,-0.7534367043318047,-0.7534367043318047,-1.0251339020354184,true,0.0,1.9054853696504068,-0.018454693194501662,0.018454693194501662,101.34658983787034,5.5333056393957385,106.87989547726607,94.82287513971914,-510.91247563153877,100.0,0.08,0.6,0.27,1.0,false
0.02,0.02,0.0,0.005,0.2,0.225,0.15,1.0,5.0,4.0,21.066331633163315,86.82685938319727,-2.1873078703597457,-0.8049476070900742,-0.8049476070900742,-1.1464260481344848,true,0.0,2.1873078703597457,-0.020765911298162736,0.020765911298162736,103.14435029545683,5.564277088183845,108.70862738364067,94.88147608694652,-276.96110691685607,100.0,0.08,0.6,0.27,1.0,false
0.02,0.02,0.0,0.005,0.2,0.225,0.15,1.0,5.0,4.0,21.48224822482248,86.57387988949817,-2.0693237395319386,-0.8419037882797366,-0.8419037882797366,-1.2316867696176297,true,0.0,2.0693237395319386,-0.019265429929637062,0.019265429929637062,105.34191738458047,5.63719775096294,110.97911513554341,94.92048774755682,-205.52761012805632,100.0,0.08,0.6,0.27,1.0,false
