gross_delta,delta,iota,kappa,lambda,sigmah,sigmal,mu_b,m,c,p,vb,debt_diff,eq_deriv,eq_deriv_min_val,eq_min_val,eq_negative,eq_vb,abs_debt_diff,debt_per_diff,abs_debt_per_diff,debt,equity,firm_value,leverage,ROE,V0,r,alpha,pi,xi,opt
0.02,0.02,0.0,0.005,0.2,0.225,0.15,1.0,5.0,5.0,19.214549086487594,91.21193104058273,0.28245181852487633,-0.498545032501598,-0.498545032501598,-0.4613292527462793,true,0.0,0.28245181852487633,0.002939978630292264,0.002939978630292264,96.35519725096285,3.300967288357288,99.65616453932013,96.68764365594778,-9.433582126514183,100.0,0.08,0.6,0.27,1.0,false
0.02,0.02,0.0,0.005,0.2,0.225,0.15,1.0,5.0,5.0,19.6399732078471,91.21193104058273,-1.3539349147906847,-0.5734340906663489,-0.5734340906663489,-0.5979770466234076,true,0.0,1.3539349147906847,-0.013787543398987159,0.013787543398987159,96.84593112444482,2.914680330272852,99.76061145471768,97.07832551568124,-7.589832521973494,100.0,0.08,0.6,0.27,1.0,false
0.02,0.02,0.0,0.005,0.2,0.225,0.15,1.0,5.0,5.0,20.065397329206604,91.21193104058273,-2.766407647709002,-0.6415489832519256,-0.6415489832519256,-0.7350205654292696,true,0.0,2.766407647709002,-0.027573913462279664,0.027573913462279664,97.56057899832402,2.552216546611394,100.11279554493541,97.4506589964658,4.6238654524134,100.0,0.08,0.6,0.27,1.0,false
0.02,0.02,0.0,0.005,0.2,0.225,0.15,1.0,5.0,5.0,22.192517936004126,90.83495739745217,-3.093963766960073,-0.8329781875745635,-0.8329781875745635,-1.160917341011557,true,0.0,3.093963766960073,-0.027882944836471822,0.027882944836471822,107.86862591306055,1.8288912889083837,109.69751720196894,98.33278698045542,-123.24282929593515,100.0,0.08,0.6,0.27,1.0,false
0.02,0.02,0.0,0.005,0.2,0.225,0.15,1.0,5.0,5.0,22.698845771559707,90.3641863822685,-2.386046684943466e-5,-0.8368758461459805,-0.8368758461459805,-1.1470400508249075,true,0.0,2.386046684943466e-5,-0.000159947931851135,0.000159947931851135,113.49420499733169,2.3434317792030996,115.8376367765348,97.97696858774503,-117.36620852926485,100.0,0.08,0.6,0.27,1.0,false
0.02,0.02,0.0,0.005,0.2,0.225,0.15,1.0,5.0,5.0,23.043366178723133,89.89583897528628,3.136056092091394,-0.8293784999410297,-0.8293784999410297,-1.1014212750561136,true,0.0,3.136056092091394,0.027218732434908237,0.027218732434908237,118.35288698570706,2.9372991598604723,121.29018614556753,97.57828786218924,-116.00456190978561,100.0,0.08,0.6,0.27,1.0,false
