gross_delta,delta,iota,kappa,lambda,sigmah,sigmal,V0,r,alpha,pi,xi,mu_b,m,c,p,vb,sg_debt,debt,debt_diff,abs_debt_diff,debt_per_diff,abs_debt_per_diff,eq_vb,eq_min_val,sg_equity,equity,eq_negative,firm_value,leverage,ROE,cvml_vb,cvmh_vb,eq_deriv
0.02,0.018000000000000002,0.002,0.0025,NaN,NaN,0.25,100.0,0.08,0.6,0.27,1.0,1.0,3.0,1.593959395939594,17.818465682270688,49.92817961989333,53.45521644123065,53.45105185541912,-0.004345191392950198,0.004345191392950198,-8.128629910175429e-5,8.128629910175429e-5,2.6290081223123707e-13,NaN,44.30208681912216,44.2933889174428,false,97.7444407728619,54.68449298270418,-4.845564329686514,NaN,NaN,NaN
