gross_delta,delta,iota,kappa,lambda,sigmah,sigmal,mu_b,m,c,p,vb,debt_diff,eq_deriv,eq_deriv_min_val,eq_min_val,eq_negative,eq_vb,abs_debt_diff,debt_per_diff,abs_debt_per_diff,debt,equity,firm_value,leverage,ROE,V0,r,alpha,pi,xi,opt
0.02,0.02,0.0,0.0025,0.2,0.35,0.15,1.0,5.0,4.0,17.392165532342705,91.21193104058273,-0.003017406046154747,-0.8579885182546072,-0.8579885182546072,-1.7377637149368395,true,0.0,0.003017406046154747,-3.469845132906007e-5,3.469845132906007e-5,86.95781025566737,-0.8027745132030751,86.15503574246429,100.9317789799342,-106.15521265170915,100.0,0.08,0.6,0.27,1.0,false
0.02,0.02,0.0,0.0025,0.2,0.35,0.15,1.0,5.0,4.0,17.392165532342705,91.21193104058277,-0.003017406046155025,-0.8579885182546076,-0.8579885182546076,-1.73776371493684,true,0.0,0.003017406046155025,-3.4698451329062514e-5,3.4698451329062514e-5,86.95781025566741,-0.8027745132030758,86.15503574246434,100.9317789799342,-106.15521265170918,100.0,0.08,0.6,0.27,1.0,false
0.02,0.02,0.0,0.0025,0.2,0.35,0.15,1.0,5.0,4.0,18.93775824950916,89.8220038439625,-2.3198446214557578,-1.1845580275557839,-1.1845580275557839,-2.9152870212260367,true,0.0,2.3198446214557578,-0.024499675102948208,0.024499675102948208,92.36894662609004,-1.8439202008791755,90.52502642521085,102.03691760576572,-124.16337706644025,100.0,0.08,0.6,0.27,1.0,false
0.02,0.02,0.0,0.0025,0.2,0.35,0.15,1.0,5.0,4.0,20.99854853906443,85.24452478897229,-1.7686339413076695,-1.8416435216590257,-1.8416435216590257,-5.4990607507220615,true,0.0,1.7686339413076695,-0.01684529707391356,0.01684529707391356,103.22410875401448,-2.3892106590353297,100.83489809497915,102.36942834690512,-25.895469373965195,100.0,0.08,0.6,0.27,1.0,false
0.02,0.02,0.0,0.0025,0.2,0.35,0.15,1.0,5.0,4.0,22.544141256230883,82.84268152290743,-1.5999767294586746,-2.161952228609169,-2.161952228609169,-6.884384428987942,true,0.0,1.5999767294586746,-0.014194168775592314,0.014194168775592314,111.12072955169575,-2.2945555898318424,108.8261739618639,102.10845930376632,-79.36686096748072,100.0,0.08,0.6,0.27,1.0,false
0.02,0.02,0.0,0.0025,0.2,0.35,0.15,1.0,5.0,4.0,23.57453640100852,82.2067904209519,-1.3958111700695355,-2.239321502286759,-2.239321502286759,-7.1449032648018695,true,0.0,1.3958111700695355,-0.01184168499712107,0.01184168499712107,116.47687083497306,-2.234625220678143,114.24224561429492,101.95604105001811,-86.43780580026743,100.0,0.08,0.6,0.27,1.0,false
