gross_delta,delta,iota,kappa,lambda,sigmah,sigmal,mu_b,m,c,p,vb,debt_diff,eq_deriv,eq_deriv_min_val,eq_min_val,eq_negative,eq_vb,abs_debt_diff,debt_per_diff,abs_debt_per_diff,debt,equity,firm_value,leverage,ROE,V0,r,alpha,pi,xi,opt
0.02,0.02,0.0,0.0025,0.2,0.35,0.15,1.0,5.0,1.0,11.10089166811418,64.71807351785972,0.10164266438319203,-0.20767870753983667,-0.20767870753983667,-0.173268508374264,true,0.0,0.10164266438319203,0.0018312522529185097,0.0018312522529185097,55.60610100495409,17.29745795206953,72.90355895702362,76.27350680881531,-61.03640738111375,100.0,0.08,0.6,0.27,1.0,false
0.02,0.02,0.0,0.0025,0.2,0.35,0.15,1.0,5.0,1.0,11.386007021754805,52.835150822306105,-0.05365620229534329,-0.8375121808253829,-0.8375121808253829,-1.3436007343565952,true,0.0,0.05365620229534329,-0.0009424937503169364,0.0009424937503169364,56.876378906478685,29.971497118117224,86.8478760245959,65.48966020812173,-30.498653967117807,100.0,0.08,0.6,0.27,1.0,false
0.02,0.02,0.0,0.0025,0.2,0.35,0.15,1.0,5.0,1.0,11.671122375395433,48.70310228727139,-0.3536332683937431,-1.2108231794716449,-1.2108231794716449,-2.117670478663023,true,0.0,0.3536332683937431,-0.006059970190000883,0.006059970190000883,58.00197860858342,36.512368828950514,94.51434743753393,61.36843789448779,-13.061692862481388,100.0,0.08,0.6,0.27,1.0,false
0.02,0.02,0.0,0.0025,0.2,0.35,0.15,1.0,5.0,1.0,11.88074698194516,43.114319911901376,8.5475591640842e-6,-1.842279377641489,-1.842279377641489,-3.327370825164018,true,0.0,8.5475591640842e-6,-4.765134265758294e-5,4.765134265758294e-5,59.40374345728497,48.110816518549846,107.51455997583481,55.25181284342946,18.510475141785697,100.0,0.08,0.6,0.27,1.0,false
0.02,0.02,0.0,0.0025,0.2,0.35,0.15,1.0,5.0,1.0,11.95623772903606,41.23708701572195,0.14897776164612253,-2.0599694449292465,-2.0599694449292465,-3.7440976330951905,true,0.0,0.14897776164612253,0.0024920508444613116,0.0024920508444613116,59.93016640682642,52.06832444944197,111.99849085626839,53.50979816659933,29.943949800461578,100.0,0.08,0.6,0.27,1.0,false
0.02,0.02,0.0,0.0025,0.2,0.35,0.15,1.0,5.0,1.0,12.241353082676687,42.11798908963089,-0.10849061756284328,-2.0606989895391674,-2.0606989895391674,-3.840626179509218,true,0.0,0.10849061756284328,-0.0017725265635279068,0.0017725265635279068,61.09827479582059,50.70196250993838,111.80023730575897,54.64950367567184,30.333454991582776,100.0,0.08,0.6,0.27,1.0,false
