gross_delta,delta,iota,kappa,lambda,sigmah,sigmal,V0,r,alpha,pi,xi,mu_b,m,c,p,vb,sg_debt,debt,debt_diff,abs_debt_diff,debt_per_diff,abs_debt_per_diff,eq_vb,eq_min_val,sg_equity,equity,eq_negative,firm_value,leverage,ROE,cvml_vb,cvmh_vb,eq_deriv
0.02,0.018000000000000002,0.002,0.01,NaN,NaN,0.3,100.0,0.08,0.6,0.27,1.0,1.0,1.0,2.1403640364036405,23.782171206867293,26.92253395974498,23.782151359484036,23.782150135688905,-2.107117838789918e-5,2.107117838789918e-5,-8.860073457807212e-7,8.860073457807212e-7,-2.4868995751603507e-14,NaN,68.77523348074506,68.77524346303252,false,92.55739359872143,25.694489884617305,-9.764912569074657,NaN,NaN,NaN
