gross_delta,delta,iota,kappa,lambda,sigmah,sigmal,mu_b,m,c,p,vb,debt_diff,eq_deriv,eq_deriv_min_val,eq_min_val,eq_negative,eq_vb,abs_debt_diff,debt_per_diff,abs_debt_per_diff,debt,equity,firm_value,leverage,ROE,V0,r,alpha,pi,xi,opt
0.02,0.02,0.0,0.0025,0.5,0.25,0.15,1.0,5.0,5.0,18.909389623172842,91.21193104058273,0.21618620458825433,-1.1821862105810064,-1.1821862105810064,-2.574984015250817,true,0.0,0.21618620458825433,0.0022865487347441945,0.0022865487347441945,94.76313432045247,-1.6694551199640162,93.09367920048845,101.79330662865804,-131.87889898501763,100.0,0.08,0.6,0.27,1.0,false
0.02,0.02,0.0,0.0025,0.5,0.25,0.15,1.0,5.0,5.0,19.373671577684085,91.21193104058273,-2.3879673368948175,-1.2686904749681915,-1.2686904749681915,-2.888143584623793,true,0.0,2.3879673368948175,-0.024651675623999333,0.024651675623999333,94.48039055152562,-2.0848560298584813,92.39553452166713,102.25644674350531,-137.7718034096549,100.0,0.08,0.6,0.27,1.0,false
0.02,0.02,0.0,0.0025,0.5,0.25,0.15,1.0,5.0,5.0,20.542564158106934,88.15927258622028,-5.723332930973601e-6,-1.4453718656498709,-1.4453718656498709,-3.484330818674342,true,0.0,5.723332930973601e-6,-0.0012068198389485678,0.0012068198389485678,102.71281506720175,-1.2181117607984904,101.49470330640325,101.20017273918336,-55.09786953317957,100.0,0.08,0.6,0.27,1.0,false
0.02,0.02,0.0,0.0025,0.5,0.25,0.15,1.0,5.0,5.0,21.230799395729047,87.11316699255991,2.623212000485509,-1.480100533234969,-1.480100533234969,-3.603723352616621,true,0.0,2.623212000485509,0.02471138228561676,0.02471138228561676,108.77720897913075,-0.9130741929046703,107.86413478622607,100.84650397902351,-89.5972148427176,100.0,0.08,0.6,0.27,1.0,false
0.02,0.02,0.0,0.0025,0.5,0.25,0.15,1.0,5.0,5.0,22.159363304751526,88.78104198515108,3.253995566632227,-1.4285322112112881,-1.4285322112112881,-3.4638797568532698,true,0.0,3.253995566632227,0.02936903485791479,0.02936903485791479,114.05081209038985,-1.8911389814594364,112.15967310893042,101.68611313588865,-86.54071402212479,100.0,0.08,0.6,0.27,1.0,false
0.02,0.02,0.0,0.0025,0.5,0.25,0.15,1.0,5.0,5.0,22.62364525926277,89.69185714121457,3.599964873262749,-1.40186520111524,-1.40186520111524,-3.385526011405113,true,0.0,3.599964873262749,0.03182479951402898,0.03182479951402898,116.7181911695766,-2.286663812027771,114.43152735754883,101.9982812995958,-86.32230132534319,100.0,0.08,0.6,0.27,1.0,false
