gross_delta,delta,iota,kappa,lambda,sigmah,sigmal,mu_b,m,c,p,vb,debt_diff,eq_deriv,eq_deriv_min_val,eq_min_val,eq_negative,eq_vb,abs_debt_diff,debt_per_diff,abs_debt_per_diff,debt,equity,firm_value,leverage,ROE,V0,r,alpha,pi,xi,opt
0.02,0.02,0.0,0.003,0.3,0.275,0.15,1.0,10.0,1.0,7.027855417120659,87.89066976592174,1.099781953199269,-0.6525566146347986,-0.6525566146347986,-2.252014025019697,true,0.0,1.099781953199269,0.015648898389686198,0.015648898389686198,71.37833612440586,-1.9206563569815431,69.45767976742432,102.76521813485961,-106.71049861157546,100.0,0.08,0.6,0.27,1.0,false
0.02,0.02,0.0,0.003,0.3,0.275,0.15,1.0,10.0,1.0,7.127077514820605,88.7823057028804,1.9649457505280582e-5,-0.6425101343233861,-0.6425101343233861,-2.2199202528742887,true,0.0,1.9649457505280582e-5,6.688221453142468e-5,6.688221453142468e-5,71.27079479766357,-1.9948534963151143,69.27594130134845,102.87957616864065,-106.94364317517868,100.0,0.08,0.6,0.27,1.0,false
0.02,0.02,0.0,0.003,0.3,0.275,0.15,1.0,10.0,1.0,7.255030766234517,88.77752719170505,-0.7318290941486225,-0.6570316001911546,-0.6570316001911546,-2.2853881132633007,true,0.0,0.7318290941486225,-0.010087194909697868,0.010087194909697868,71.81847856819655,-2.0936806265019556,69.7247979416946,103.00277761758841,-107.42926754883855,100.0,0.08,0.6,0.27,1.0,false
0.02,0.02,0.0,0.003,0.3,0.275,0.15,1.0,10.0,1.0,7.482206115348376,86.5371653069462,-0.80906696520438,-0.7402375708164735,-0.7402375708164735,-2.614943300517406,true,0.0,0.80906696520438,-0.010813214080600203,0.010813214080600203,74.01299418827938,-2.063360841890192,71.94963334638919,102.86778506841931,-107.93997144896,100.0,0.08,0.6,0.27,1.0,false
0.02,0.02,0.0,0.003,0.3,0.275,0.15,1.0,10.0,1.0,7.7093814644622345,83.07823070702298,-0.4159711274102875,-0.8620342166725854,-0.8620342166725854,-3.070639899648506,true,0.0,0.4159711274102875,-0.0053956485267693715,0.0053956485267693715,76.67784351721205,-1.5567247610796426,75.12111875613242,102.07228644468577,-106.67487486514604,100.0,0.08,0.6,0.27,1.0,false
0.02,0.02,0.0,0.003,0.3,0.275,0.15,1.0,10.0,1.0,7.936556813576094,80.47741246178757,-0.7309260885118363,-0.9663245118714854,-0.9663245118714854,-3.441346183138944,true,0.0,0.7309260885118363,-0.00920961199775614,0.00920961199775614,78.6346420472491,-0.8555900664770278,77.77905198077207,101.10002634988216,-104.00456696475271,100.0,0.08,0.6,0.27,1.0,false
