gross_delta,delta,iota,kappa,lambda,sigmah,sigmal,mu_b,m,c,p,vb,debt_diff,eq_deriv,eq_deriv_min_val,eq_min_val,eq_negative,eq_vb,abs_debt_diff,debt_per_diff,abs_debt_per_diff,debt,equity,firm_value,leverage,ROE,V0,r,alpha,pi,xi,opt
0.02,0.02,0.0,0.004,0.1,0.225,0.15,1.0,1.0,11.0,64.14683442028414,66.30444996521098,2.7293642446866215,-1.033895191682177e-15,0.0011454683071321116,0.0029236959239132654,false,0.0,2.7293642446866215,0.04254869736523675,0.04254869736523675,66.87619866497076,55.41822051355447,122.29441917852523,54.6845875013683,67.30634250890863,100.0,0.08,0.6,0.27,1.0,false
0.02,0.02,0.0,0.004,0.1,0.225,0.15,1.0,1.0,11.0,72.50664408546118,76.00668996988065,1.9015570713502825,-1.8735013540549517e-16,-5.8681994707938945e-5,0.0017755809142294531,false,0.0,1.9015570713502825,0.02622596998295743,0.02622596998295743,74.40820115681146,38.992922093763816,113.40112325057527,65.61504773845704,52.36491320008203,100.0,0.08,0.6,0.27,1.0,false
0.02,0.02,0.0,0.004,0.1,0.225,0.15,1.0,1.0,11.0,79.9912732446051,84.63357841992513,7.588097282074102e-5,-0.008073102148400225,-0.007699210226757668,-0.0018288677992551973,false,0.0,7.588097282074102e-5,-0.001352604092082224,0.001352604092082224,79.99134912557793,21.569982623716708,101.56133174929464,78.76161896245858,7.803283485197654,100.0,0.08,0.6,0.27,1.0,false
0.02,0.02,0.0,0.004,0.1,0.225,0.15,1.0,1.0,11.0,84.21037761670904,89.59148407414162,-4.645195712760199,-1.0755285551056204e-15,0.0004300596755795333,9.343649137393169e-5,false,0.0,4.645195712760199,-0.05516179649381477,0.05516179649381477,79.56518190394884,12.122217672931932,91.68739957688078,86.77875288330395,-40.678612278548066,100.0,0.08,0.6,0.27,1.0,false
0.02,0.02,0.0,0.004,0.1,0.225,0.15,1.0,1.0,11.0,89.22626341581525,95.41454894898368,-15.74984989661121,0.0,0.0,0.0012526674778527407,false,0.0,15.74984989661121,-0.17651585187662994,0.17651585187662994,73.47641351920404,2.9846715142908042,76.46108503349485,96.0964829194049,-88.7471043312645,100.0,0.08,0.6,0.27,1.0,false
0.02,0.02,0.0,0.004,0.1,0.225,0.15,1.0,1.0,11.0,94.24214921492148,100.0,-34.242149214921874,-0.1656092234932132,-0.1656092234932132,-0.03824236831895038,true,0.0,34.242149214921874,-0.36334219348958,0.36334219348958,59.99999999999961,4.0342447938868395e-19,59.99999999999961,100.0,-100.0,100.0,0.08,0.6,0.27,1.0,false
