gross_delta,delta,iota,kappa,lambda,sigmah,sigmal,mu_b,m,c,p,vb,debt_diff,eq_deriv,eq_deriv_min_val,eq_min_val,eq_negative,eq_vb,abs_debt_diff,debt_per_diff,abs_debt_per_diff,debt,equity,firm_value,leverage,ROE,V0,r,alpha,pi,xi,opt
0.02,0.02,0.0,0.003,0.2,0.35,0.15,1.0,5.0,1.0,11.04483079886936,64.54229598129999,0.11121986644566562,-0.20985742983200775,-0.20985742983200775,-0.17679037348560522,true,0.0,0.11121986644566562,0.0020139713947822727,0.0020139713947822727,55.33537386079246,17.36860806505324,72.7039819258457,76.11051333781371,-61.11328009122925,100.0,0.08,0.6,0.27,1.0,false
0.02,0.02,0.0,0.003,0.2,0.35,0.15,1.0,5.0,1.0,11.327731457356261,54.9080025874491,-0.05721221808989441,-0.7075774183423932,-0.7075774183423932,-1.0904849737462872,true,0.0,0.05721221808989441,-0.001010126666672357,0.001010126666672357,56.581445068691416,27.178821712097804,83.76026678078922,67.55165335942867,-37.40274922761307,100.0,0.08,0.6,0.27,1.0,false
0.02,0.02,0.0,0.003,0.2,0.35,0.15,1.0,5.0,1.0,11.610632115843162,48.56306842941571,-0.34894520273214624,-1.2124682844454575,-1.2124682844454575,-2.1207742857816685,true,0.0,0.34894520273214624,-0.0060107873413024066,0.0060107873413024066,57.70421537648366,36.58950859464235,94.29372397112601,61.196241856089436,-13.491358724437308,100.0,0.08,0.6,0.27,1.0,false
0.02,0.02,0.0,0.003,0.2,0.35,0.15,1.0,5.0,1.0,11.820608742351576,42.75577024881676,5.609680019564266e-6,-1.8600605383194861,-1.8600605383194861,-3.3586373435921093,true,0.0,5.609680019564266e-6,-4.5662399560883834e-5,4.5662399560883834e-5,59.103049321437894,48.524728354019395,107.62777767545728,54.9143079955235,18.65121371862013,100.0,0.08,0.6,0.27,1.0,false
0.02,0.02,0.0,0.003,0.2,0.35,0.15,1.0,5.0,1.0,11.893532774330064,41.11567773068708,0.14040062676892262,-2.060710508224737,-2.060710508224737,-3.741294251599674,true,0.0,0.14040062676892262,0.002360957495689603,0.002360957495689603,59.60806449841924,52.135550581913705,111.74361508033294,53.343597713002886,29.074157834980085,100.0,0.08,0.6,0.27,1.0,false
0.02,0.02,0.0,0.003,0.2,0.35,0.15,1.0,5.0,1.0,12.176433432816966,41.991557317990434,-0.11641634485563657,-2.0613965875781624,-2.0613965875781624,-3.837312411452885,true,0.0,0.11641634485563657,-0.0019121583589802313,0.0019121583589802313,60.76575081922919,50.7771520139021,111.5429028331313,54.47746945418396,29.420475921299417,100.0,0.08,0.6,0.27,1.0,false
