gross_delta,delta,iota,kappa,lambda,sigmah,sigmal,mu_b,m,c,p,vb,debt_diff,eq_deriv,eq_deriv_min_val,eq_min_val,eq_negative,eq_vb,abs_debt_diff,debt_per_diff,abs_debt_per_diff,debt,equity,firm_value,leverage,ROE,V0,r,alpha,pi,xi,opt
0.02,0.02,0.0,0.0025,0.1,0.225,0.15,1.0,7.0,3.0,14.850262657844732,89.71672593955141,-2.3955266543023015,-0.5599764250281615,-0.5599764250281615,-0.6675806901483002,true,0.0,2.3955266543023015,-0.023044581860710647,0.023044581860710647,101.55631195061082,3.305516246263153,104.86182819687397,96.84774116272588,-312.3941954545686,100.0,0.08,0.6,0.27,1.0,false
0.02,0.02,0.0,0.0025,0.1,0.225,0.15,1.0,7.0,3.0,15.142312915502076,89.29833957457156,-2.462720175687295,-0.6341453957530597,-0.6341453957530597,-0.8333856011448264,true,0.0,2.462720175687295,-0.02323404422551273,0.02323404422551273,103.53347023282724,3.2637034942307843,106.79717372705802,96.94401698066295,-192.36538810797882,100.0,0.08,0.6,0.27,1.0,false
0.02,0.02,0.0,0.0025,0.1,0.225,0.15,1.0,7.0,3.0,15.43436317315942,88.91983839633859,-2.475824992381405,-0.7026147875236498,-0.7026147875236498,-0.9983234937143766,true,0.0,2.475824992381405,-0.022915703139666024,0.022915703139666024,105.56471721973453,3.2147692350586263,108.77948645479316,97.04469166032088,-157.77057679872524,100.0,0.08,0.6,0.27,1.0,false
0.02,0.02,0.0,0.0025,0.1,0.225,0.15,1.0,7.0,3.0,15.726413430816766,88.58136716660471,-2.366605055776745,-0.7628417179843044,-0.7628417179843044,-1.151055912706515,true,0.0,2.366605055776745,-0.021498000038396303,0.021498000038396303,107.71828895994062,3.1793427104611873,110.89763167040181,97.13308331064229,-141.19232548771598,100.0,0.08,0.6,0.27,1.0,false
0.02,0.02,0.0,0.0025,0.1,0.225,0.15,1.0,7.0,3.0,16.217316856439524,88.20211058492544,-2.190583902042465,-0.8480641126334123,-0.8480641126334123,-1.3804889405328085,true,0.0,2.190583902042465,-0.01922656377400693,0.01922656377400693,111.3306340930342,3.034516190176311,114.36515028321051,97.3466425894062,-126.7815213628852,100.0,0.08,0.6,0.27,1.0,false
0.02,0.02,0.0,0.0025,0.1,0.225,0.15,1.0,7.0,3.0,16.6025642037888,88.18440342154497,-2.4170233958049323,-0.9051068786022238,-0.9051068786022238,-1.5426357825839747,true,0.0,2.4170233958049323,-0.020797333008642414,0.020797333008642414,113.80092603071665,2.7034377142321357,116.50436374494879,97.67953952338601,-119.58881388259823,100.0,0.08,0.6,0.27,1.0,false
