gross_delta,delta,iota,kappa,lambda,sigmah,sigmal,mu_b,m,c,p,vb,debt_diff,eq_deriv,eq_deriv_min_val,eq_min_val,eq_negative,eq_vb,abs_debt_diff,debt_per_diff,abs_debt_per_diff,debt,equity,firm_value,leverage,ROE,V0,r,alpha,pi,xi,opt
0.02,0.02,0.0,0.0025,0.1,0.225,0.15,1.0,7.0,2.0,11.363691632321128,87.80167771684187,4.821786081299038,0.3985624270027072,0.3985624270027072,0.040770524153473646,false,0.0,4.821786081299038,0.06061644449093707,0.06061644449093707,84.36762750754694,9.808460470096762,94.1760879776437,89.5849777998581,-37.25545834560905,100.0,0.08,0.6,0.27,1.0,false
0.02,0.02,0.0,0.0025,0.1,0.225,0.15,1.0,7.0,2.0,11.656301156431434,87.88180631519683,3.5583258919396172,0.3335428364556469,0.3335428364556469,0.03525671112666576,false,0.0,3.5583258919396172,0.04361008380403871,0.04361008380403871,85.15243398695965,9.291018929508793,94.44345291646844,90.16234726431874,-37.423959446628096,100.0,0.08,0.6,0.27,1.0,false
0.02,0.02,0.0,0.0025,0.1,0.225,0.15,1.0,7.0,2.0,11.948910680541738,87.96187043019026,2.2772764014557367,0.2781293157582201,0.2781293157582201,0.029555168088847516,false,0.0,2.2772764014557367,0.027226347983146264,0.027226347983146264,85.9196511652479,8.866761568349455,94.78641273359736,90.64553524852765,-37.027401292323425,100.0,0.08,0.6,0.27,1.0,false
0.02,0.02,0.0,0.0025,0.1,0.225,0.15,1.0,7.0,2.0,12.665840444862042,87.48819086655118,6.021070523624418e-6,0.10739978600339324,0.10739978600339324,-0.04963031099331633,true,0.0,6.021070523624418e-6,-0.0010067334302787225,0.0010067334302787225,88.66088913510482,8.30507783637378,96.96596697147861,91.43505902558923,-26.7572392991983,100.0,0.08,0.6,0.27,1.0,false
0.02,0.02,0.0,0.0025,0.1,0.225,0.15,1.0,7.0,2.0,15.460224969865406,79.76903562613782,-1.1302039384507907,-0.8367129842258052,-0.8367129842258052,-1.3885449414463475,true,0.0,1.1302039384507907,-0.010443425358148312,0.010443425358148312,107.09137085060705,11.440011055486014,118.53138190609306,90.34853819172596,-261.32298389819374,100.0,0.08,0.6,0.27,1.0,false
0.02,0.02,0.0,0.0025,0.1,0.225,0.15,1.0,7.0,2.0,16.045444018086016,77.91023605217495,-0.9973986799355004,-1.0219185401787743,-1.0219185401787743,-1.8885089276421794,true,0.0,0.9973986799355004,-0.008880123575543651,0.008880123575543651,111.32070944666661,12.882487173308698,124.20319661997532,89.62789402858505,-213.79575841955693,100.0,0.08,0.6,0.27,1.0,false
