gross_delta,delta,iota,kappa,lambda,sigmah,sigmal,mu_b,m,c,p,vb,debt_diff,eq_deriv,eq_deriv_min_val,eq_min_val,eq_negative,eq_vb,abs_debt_diff,debt_per_diff,abs_debt_per_diff,debt,equity,firm_value,leverage,ROE,V0,r,alpha,pi,xi,opt
0.02,0.02,0.0,0.003,0.2,0.275,0.15,1.0,1.0,11.0,66.86925797842942,72.09600424794647,2.386238512134341,-1.3225640201064426e-15,0.0003268523232669135,0.007743518794859363,false,0.0,2.386238512134341,0.035685135206735656,0.035685135206735656,69.25549649056376,42.55261291240172,111.80810940296547,61.94138945768356,38.40722098290279,100.0,0.08,0.6,0.27,1.0,false
0.02,0.02,0.0,0.003,0.2,0.275,0.15,1.0,1.0,11.0,72.43573041514678,78.59757898449287,1.2579922936290444,-9.679756995950584e-16,-0.0005051702612166899,0.006021304657377875,false,0.0,1.2579922936290444,0.017367013301573475,0.017367013301573475,73.69372270877582,30.791376773038152,104.48509948181398,70.53036564472286,17.049540807928043,100.0,0.08,0.6,0.27,1.0,false
0.02,0.02,0.0,0.003,0.2,0.275,0.15,1.0,1.0,11.0,75.93462731893888,82.67403302367651,-4.1148202426732894e-5,-0.0017435262598586715,-0.001770630435524008,0.003657851200041806,false,0.0,4.1148202426732894e-5,-7.4524106476858e-5,7.4524106476858e-5,75.93458617073648,23.087586842657625,99.02217301339411,76.68442719436715,-4.063204537197107,100.0,0.08,0.6,0.27,1.0,false
0.02,0.02,0.0,0.003,0.2,0.275,0.15,1.0,1.0,11.0,76.14671203962502,82.93397244509991,-0.14912695866401293,-6.730727086790012e-16,1.8041271851801377e-7,0.005338651293389318,false,0.0,0.14912695866401293,-0.001958416255535901,0.001958416255535901,75.997585080961,22.620829056091036,98.61841413705204,77.0622664600402,-5.756028581324424,100.0,0.08,0.6,0.27,1.0,false
0.02,0.02,0.0,0.003,0.2,0.275,0.15,1.0,1.0,11.0,89.13514772529884,98.1209283939643,-23.122680637586285,8.743006318923108e-16,8.743006318923108e-16,0.010921784794913037,false,0.0,23.122680637586285,-0.25941148051772933,0.25941148051772933,66.01246708771255,0.518209764826065,66.53067685253862,99.2210965086457,-98.47529455531998,100.0,0.08,0.6,0.27,1.0,false
0.02,0.02,0.0,0.003,0.2,0.275,0.15,1.0,1.0,11.0,94.7016201620162,100.0,-34.70162016201659,-0.6690337047251034,-0.6690337047251034,-0.6338801932229879,true,0.0,34.70162016201659,-0.36643111387797606,0.36643111387797606,59.99999999999961,5.3789484591834055e-18,59.99999999999961,100.0,-100.0,100.0,0.08,0.6,0.27,1.0,false
