gross_delta,delta,iota,kappa,lambda,sigmah,sigmal,mu_b,m,c,p,vb,debt_diff,eq_deriv,eq_deriv_min_val,eq_min_val,eq_negative,eq_vb,abs_debt_diff,debt_per_diff,abs_debt_per_diff,debt,equity,firm_value,leverage,ROE,V0,r,alpha,pi,xi,opt
0.02,0.02,0.0,0.004,0.3,0.2,0.15,1.0,1.0,11.0,66.00878903679842,68.43251041629593,2.652080207831631,1.3183898417423734e-16,-0.0021064894374516526,0.006863965608339348,false,0.0,2.652080207831631,0.040177683101460256,0.040177683101460256,68.66086924463005,51.30971405785314,119.97058330248319,57.23142069878465,63.72411365960187,100.0,0.08,0.6,0.27,1.0,false
0.02,0.02,0.0,0.004,0.3,0.2,0.15,1.0,1.0,11.0,67.57730904669415,70.25330968425715,2.5098416743908842,4.996003610813204e-16,8.79907262654328e-5,0.0014304390119487193,false,0.0,2.5098416743908842,0.03714030211911293,0.03714030211911293,70.08715072108504,48.20282899742695,118.28997971851199,59.25028551688612,61.14422450356231,100.0,0.08,0.6,0.27,1.0,false
0.02,0.02,0.0,0.004,0.3,0.2,0.15,1.0,1.0,11.0,76.98842910606851,63.99637768263228,2.183598096762381,-5.863365348801608e-16,0.030222620105912243,-0.0018181021569381563,false,0.0,2.183598096762381,0.028362678939116866,0.028362678939116866,79.17202720283089,35.428822598271175,114.60084980110207,69.08502628055514,70.10211672202,100.0,0.08,0.6,0.27,1.0,false
0.02,0.02,0.0,0.004,0.3,0.2,0.15,1.0,1.0,11.0,80.33751946650116,74.34300311620404,-6.244463620558305e-5,-8.976486364318507e-16,0.017102428998233152,0.005856616623086031,false,0.0,6.244463620558305e-5,0.00027511168627974026,0.00027511168627974026,80.33745702186495,24.61502121519293,104.95247823705787,76.54650787798019,25.18737399615647,100.0,0.08,0.6,0.27,1.0,true
0.02,0.02,0.0,0.004,0.3,0.2,0.15,1.0,1.0,11.0,84.83102915554713,90.28284026262205,-5.562083004597042,-6.518765562069095e-17,-0.0007424384689083134,0.006029860967080851,false,0.0,5.562083004597042,-0.06556661000066785,0.06556661000066785,79.26894615095009,9.996636009508682,89.26558216045876,88.80124257573397,-51.779412265783975,100.0,0.08,0.6,0.27,1.0,false
0.02,0.02,0.0,0.004,0.3,0.2,0.15,1.0,1.0,11.0,86.39954916544285,92.10459428862691,-8.20206195121655,7.112366251504909e-16,0.0013481381037908843,-0.0007616144915391716,false,0.0,8.20206195121655,-0.09493176793678365,0.09493176793678365,78.1974872142263,7.120435864613886,85.31792307884018,91.65423206793952,-67.34121459036582,100.0,0.08,0.6,0.27,1.0,false
