gross_delta,delta,iota,kappa,lambda,sigmah,sigmal,mu_b,m,c,p,vb,debt_diff,eq_deriv,eq_deriv_min_val,eq_min_val,eq_negative,eq_vb,abs_debt_diff,debt_per_diff,abs_debt_per_diff,debt,equity,firm_value,leverage,ROE,V0,r,alpha,pi,xi,opt
0.02,0.02,0.0,0.005,0.3,0.275,0.15,1.0,5.0,10.0,18.29733104889436,94.11767513156495,18.103737279829147,-1.505204165156249,-1.505204165156249,-2.893567558807646,true,0.0,18.103737279829147,0.1978839124837618,0.1978839124837618,109.59039252430095,-2.725827924037922,106.86456460026304,102.55073132448922,-71.57751450599142,100.0,0.08,0.6,0.27,1.0,false
0.02,0.02,0.0,0.005,0.3,0.275,0.15,1.0,5.0,10.0,18.843333017512276,94.46538621281357,13.768520864169417,-1.39657114402811,-1.39657114402811,-2.501861363883711,true,0.0,13.768520864169417,0.1461367885540576,0.1461367885540576,107.9851859517308,-2.339868629893768,105.64531732183703,102.21483421055532,-70.69738082446786,100.0,0.08,0.6,0.27,1.0,false
0.02,0.02,0.0,0.005,0.3,0.275,0.15,1.0,5.0,10.0,20.481338923366017,94.0103153854391,11.260441303964868,-0.8467630398643669,-0.8467630398643669,-0.8727253727582706,true,0.0,11.260441303964868,0.10995805836813195,0.10995805836813195,113.66713592079496,0.5668201446685881,114.23395606546354,99.50380765562933,-104.14732207211135,100.0,0.08,0.6,0.27,1.0,false
0.02,0.02,0.0,0.005,0.3,0.275,0.15,1.0,5.0,10.0,23.21134876645559,93.57133725458621,5.166936506957825,-0.042626212561461006,-0.042626212561461006,-8.156715990680689e-5,false,0.0,5.166936506957825,0.04452077782248433,0.04452077782248433,121.22368033923577,5.39428504542462,126.6179653846604,95.73971590126487,-125.41635078932242,100.0,0.08,0.6,0.27,1.0,false
0.02,0.02,0.0,0.005,0.3,0.275,0.15,1.0,5.0,10.0,23.757350735073505,93.89005061678506,0.855684994653771,-3.7065607622803823e-7,-3.7065607622803823e-7,0.007869608660538806,false,0.0,0.855684994653771,0.007203538847372441,0.007203538847372441,119.64243867002129,5.190275762292183,124.83271443231348,95.84221509089555,-126.42378499678703,100.0,0.08,0.6,0.27,1.0,true
0.02,0.02,0.0,0.005,0.3,0.275,0.15,1.0,5.0,10.0,23.757350735073505,93.89005061678506,0.855684994653771,-3.7065607622803823e-7,-3.7065607622803823e-7,0.007869608660538806,false,0.0,0.855684994653771,0.007203538847372441,0.007203538847372441,119.64243867002129,5.190275762292183,124.83271443231348,95.84221509089555,-126.42378499678703,100.0,0.08,0.6,0.27,1.0,true
