gross_delta,delta,iota,kappa,lambda,sigmah,sigmal,mu_b,m,c,p,vb,debt_diff,eq_deriv,eq_deriv_min_val,eq_min_val,eq_negative,eq_vb,abs_debt_diff,debt_per_diff,abs_debt_per_diff,debt,equity,firm_value,leverage,ROE,V0,r,alpha,pi,xi,opt
0.02,0.02,0.0,0.005,0.3,0.275,0.15,1.0,5.0,1.0,10.960894773687894,65.6754556599315,0.17457511511515378,-3.115268041316288e-6,-3.115268041316288e-6,-0.0011878968989973344,false,0.0,0.17457511511515378,0.0031854172258678906,0.0031854172258678906,54.97904898355463,19.376561741048345,74.35561072460297,73.94068644958762,-56.961011920937835,100.0,0.08,0.6,0.27,1.0,false
0.02,0.02,0.0,0.005,0.3,0.275,0.15,1.0,5.0,1.0,11.178693720827964,63.204383772032166,-1.2517602796021515e-6,-0.10896476136487282,-0.10896476136487282,-0.049140746610867536,true,0.0,1.2517602796021515e-6,-6.115802434356949e-6,6.115802434356949e-6,55.8934673523795,22.055131473211958,77.94859882559146,71.70554467238097,-49.99577126269115,100.0,0.08,0.6,0.27,1.0,false
0.02,0.02,0.0,0.005,0.3,0.275,0.15,1.0,5.0,1.0,11.194602354972337,62.92673959316336,-0.021047236653792822,-0.11553010258881218,-0.11553010258881218,-0.04870618484257073,true,0.0,0.021047236653792822,-0.0003760247302476843,0.0003760247302476843,55.951964538207896,22.271893344918944,78.22385788312684,71.52800443798736,-49.43726068274281,100.0,0.08,0.6,0.27,1.0,false
0.02,0.02,0.0,0.005,0.3,0.275,0.15,1.0,5.0,1.0,11.428309936256783,56.02523319022726,-0.18810199442393838,-0.4170281733582461,-0.4170281733582461,-0.4080553791091025,true,0.0,0.18810199442393838,-0.003291860222081956,0.003291860222081956,56.953447686859974,30.869316097658082,87.82276378451806,64.8504388071878,-28.288528490967725,100.0,0.08,0.6,0.27,1.0,false
0.02,0.02,0.0,0.005,0.3,0.275,0.15,1.0,5.0,1.0,11.662017517541226,44.6963707225145,0.09517042899852157,-1.2085820922697152,-1.2085820922697152,-1.6838313494558261,true,0.0,0.09517042899852157,0.0016321434752669952,0.0016321434752669952,58.40525801670466,51.44887924958327,109.85413726628792,53.16618879371791,23.690824360072725,100.0,0.08,0.6,0.27,1.0,false
0.02,0.02,0.0,0.005,0.3,0.275,0.15,1.0,5.0,1.0,11.89572509882567,42.15507429252976,-0.12142740674536157,-1.461185267965719,-1.461185267965719,-2.0958506571804425,true,0.0,0.12142740674536157,-0.0020415301419053253,0.0020415301419053253,59.35719808738299,58.31571499371965,117.67291308110265,50.44253306321461,43.483500766260704,100.0,0.08,0.6,0.27,1.0,false
