gross_delta,delta,iota,kappa,lambda,sigmah,sigmal,mu_b,m,c,p,vb,debt_diff,eq_deriv,eq_deriv_min_val,eq_min_val,eq_negative,eq_vb,abs_debt_diff,debt_per_diff,abs_debt_per_diff,debt,equity,firm_value,leverage,ROE,V0,r,alpha,pi,xi,opt
0.02,0.02,0.0,0.0025,0.75,0.225,0.15,1.0,1.0,10.5,63.889079697443435,56.50264205519488,2.544386718364777,1.1258355359089478e-15,0.030888224346272856,-0.012260423432842884,true,0.0,2.544386718364777,0.03982506447759322,0.03982506447759322,66.43346641580821,50.08544206237219,116.5189084781804,57.01518086933392,49.2124348698312,100.0,0.08,0.6,0.27,1.0,false
0.02,0.02,0.0,0.0025,0.75,0.225,0.15,1.0,1.0,10.5,68.91207936583132,61.06718928431225,2.3427466410402644,6.409261142648059e-16,0.01800398694521071,0.004884263159032682,false,0.0,2.3427466410402644,0.03399616819866081,0.03399616819866081,71.25482600687158,40.979199188855695,112.23402519572727,63.48772209016722,42.56027533057145,100.0,0.08,0.6,0.27,1.0,false
0.02,0.02,0.0,0.0025,0.75,0.225,0.15,1.0,1.0,10.5,71.14110798896137,72.18054209001473,4.222006930237887e-5,1.6575616307870396e-15,0.053268118678567074,0.006253786207667727,false,0.0,4.222006930237887e-5,0.0027634686182496336,0.0027634686182496336,71.14115020903068,33.687645152931005,104.82879536196168,67.86413023577018,16.732459529529642,100.0,0.08,0.6,0.27,1.0,true
0.02,0.02,0.0,0.0025,0.75,0.225,0.15,1.0,1.0,10.5,77.28374547981115,82.89195363808838,-2.0668837404743527,9.050106584279627e-16,0.0006007813066045453,0.002984080654175269,false,0.0,2.0668837404743527,-0.026744093827780195,0.026744093827780195,75.21686173933679,20.05700865823677,95.27387039757356,78.94804884640482,-19.069940024213714,100.0,0.08,0.6,0.27,1.0,false
0.02,0.02,0.0,0.0025,0.75,0.225,0.15,1.0,1.0,10.5,80.63241192540306,71.36372357467278,0.23410220744101196,-1.9984014443252818e-15,-0.12271978761963906,0.00010941421827885545,false,0.0,0.23410220744101196,0.0029033263653032134,0.0029033263653032134,80.86651413284407,18.619053012103468,99.48556714494754,81.28466917721235,-2.6886520241223844,100.0,0.08,0.6,0.27,1.0,false
0.02,0.02,0.0,0.0025,0.75,0.225,0.15,1.0,1.0,10.5,82.30674514819903,88.72134535682129,-5.046179283312554,9.020562075079397e-16,-0.00678655533773842,-0.005769542793528989,true,0.0,5.046179283312554,-0.061309425785536255,0.061309425785536255,77.26056586488647,10.360296541490516,87.62086240637699,88.17599341417062,-54.439074957047985,100.0,0.08,0.6,0.27,1.0,false
