gross_delta,delta,iota,kappa,lambda,sigmah,sigmal,mu_b,m,c,p,vb,debt_diff,eq_deriv,eq_deriv_min_val,eq_min_val,eq_negative,eq_vb,abs_debt_diff,debt_per_diff,abs_debt_per_diff,debt,equity,firm_value,leverage,ROE,V0,r,alpha,pi,xi,opt
0.02,0.02,0.0,0.0025,0.5,0.35,0.15,1.0,3.0,11.0,31.514226422642263,91.21193104058273,1.269315249984686,-1.7914246723694363,-1.7914246723694363,-4.040708267744001,true,0.0,1.269315249984686,0.013425843860290259,0.013425843860290259,95.81199451791147,-3.0166176679901078,92.79537684992137,103.250827541623,-172.02993598961916,100.0,0.08,0.6,0.27,1.0,false
0.02,0.02,0.0,0.0025,0.5,0.35,0.15,1.0,3.0,11.0,31.945183620503073,91.14609831127048,-1.149937732653969e-5,-1.86239681685311,-1.86239681685311,-4.304326871607579,true,0.0,1.149937732653969e-5,-0.0002494499261797568,0.0002494499261797568,95.83553936213191,-3.3217380262255887,92.51380133590632,103.59053241598491,-179.7639434029105,100.0,0.08,0.6,0.27,1.0,false
0.02,0.02,0.0,0.0025,0.5,0.35,0.15,1.0,3.0,11.0,32.4971497149715,91.21193104058273,-1.6558347543961958,-1.9769139703848704,-1.9769139703848704,-4.746311179707465,true,0.0,1.6558347543961958,-0.016984410108982054,0.016984410108982054,95.8356143905183,-3.925795048714355,91.90981934180395,104.27135541863561,-194.27069000949126,100.0,0.08,0.6,0.27,1.0,false
0.02,0.02,0.0,0.0025,0.5,0.35,0.15,1.0,3.0,11.0,33.48007300730073,90.70735638068791,-1.975470366250775,-2.1273663342588875,-2.1273663342588875,-5.3500324766878755,true,0.0,1.975470366250775,-0.019668120853260983,0.019668120853260983,98.46474865565142,-4.464643356665537,94.00010529898589,104.74961527166894,-390.80862707597373,100.0,0.08,0.6,0.27,1.0,false
0.02,0.02,0.0,0.0025,0.5,0.35,0.15,1.0,3.0,11.0,34.462996299629964,88.86021611203782,2.842764494941818,-2.08573897510249,-2.08573897510249,-5.229947383314072,true,0.0,2.842764494941818,0.02749581483693513,0.02749581483693513,106.23175339383171,-3.4464902562671074,102.7852631375646,103.35309766309051,-44.6946944389921,100.0,0.08,0.6,0.27,1.0,false
0.02,0.02,0.0,0.0025,0.5,0.35,0.15,1.0,3.0,11.0,35.445919591959196,89.4675265296628,4.614907285078488,-1.9824320919599998,-1.9824320919599998,-4.9151600067519485,true,0.0,4.614907285078488,0.043398575804151386,0.043398575804151386,110.95266606095608,-3.6206065871629343,107.33205947379314,103.37327598567785,-66.94314820690438,100.0,0.08,0.6,0.27,1.0,false
