gross_delta,delta,iota,kappa,lambda,sigmah,sigmal,mu_b,m,c,p,vb,debt_diff,eq_deriv,eq_deriv_min_val,eq_min_val,eq_negative,eq_vb,abs_debt_diff,debt_per_diff,abs_debt_per_diff,debt,equity,firm_value,leverage,ROE,V0,r,alpha,pi,xi,opt
0.02,0.02,0.0,0.0025,0.5,0.35,0.15,1.0,3.0,4.0,23.650399250451358,91.21193104058273,-0.809344257628581,-0.26942073073942613,-0.26942073073942613,-0.271607146714634,true,0.0,0.809344257628581,-0.011407055599891336,0.011407055599891336,70.14185349372549,1.3817225852924044,71.5235760790179,98.06815785641659,-95.37237656395703,100.0,0.08,0.6,0.27,1.0,false
0.02,0.02,0.0,0.0025,0.5,0.35,0.15,1.0,3.0,4.0,26.066904058826935,85.906579322621,-0.9872384172154796,-0.6953404650541363,-0.6953404650541363,-1.233026131148996,true,0.0,0.9872384172154796,-0.012624417217422678,0.012624417217422678,77.21347375926533,2.6753888498438827,79.88886260910921,96.65111160371079,-88.25889992366987,100.0,0.08,0.6,0.27,1.0,false
0.02,0.02,0.0,0.0025,0.5,0.35,0.15,1.0,3.0,4.0,26.872405661618792,83.50631775719165,-0.7843585655440535,-0.8942754574976733,-0.8942754574976733,-1.7720224728144602,true,0.0,0.7843585655440535,-0.00972941754726403,0.00972941754726403,79.83285841931233,3.716293647812925,83.54915206712525,95.55196724818084,-81.57253157100013,100.0,0.08,0.6,0.27,1.0,false
0.02,0.02,0.0,0.0025,0.5,0.35,0.15,1.0,3.0,4.0,27.67790726441065,80.44622509338953,-0.5197113981260202,-1.14691589671642,-1.14691589671642,-2.4865938795748983,true,0.0,0.5197113981260202,-0.006259040145402487,0.006259040145402487,82.51401039510593,5.5470951789489,88.06110557405482,93.70085675987332,-68.27691595220698,100.0,0.08,0.6,0.27,1.0,false
0.02,0.02,0.0,0.0025,0.5,0.35,0.15,1.0,3.0,4.0,28.48340886720251,74.41048698559067,-0.1724610459569078,-1.663242041794768,-1.663242041794768,-3.95003838161286,true,0.0,0.1724610459569078,-0.002018263178645139,0.002018263178645139,85.27776555565062,10.89661081728831,96.17437637293892,88.66994387877898,-25.985346460294988,100.0,0.08,0.6,0.27,1.0,false
0.02,0.02,0.0,0.0025,0.5,0.35,0.15,1.0,3.0,4.0,28.48340886720251,74.41048698559067,-0.1724610459569078,-1.663242041794768,-1.663242041794768,-3.95003838161286,true,0.0,0.1724610459569078,-0.002018263178645139,0.002018263178645139,85.27776555565062,10.89661081728831,96.17437637293892,88.66994387877898,-25.985346460294988,100.0,0.08,0.6,0.27,1.0,false
