gross_delta,delta,iota,kappa,lambda,sigmah,sigmal,mu_b,m,c,p,vb,debt_diff,eq_deriv,eq_deriv_min_val,eq_min_val,eq_negative,eq_vb,abs_debt_diff,debt_per_diff,abs_debt_per_diff,debt,equity,firm_value,leverage,ROE,V0,r,alpha,pi,xi,opt
0.02,0.02,0.0,0.0025,0.5,0.35,0.15,1.0,3.0,5.0,26.67547412636,89.5205519517871,-1.232435586591805,-0.6887320814789673,-0.6887320814789673,-1.1689219033190121,true,0.0,1.232435586591805,-0.015400358406050406,0.015400358406050406,78.7939867924882,0.885476682074126,79.67946347456233,98.88870150041006,-95.82440757058257,100.0,0.08,0.6,0.27,1.0,false
0.02,0.02,0.0,0.0025,0.5,0.35,0.15,1.0,3.0,5.0,28.341151220385193,85.6982763409476,-1.0264893441771505,-1.056224024444674,-1.056224024444674,-2.1980061642461584,true,0.0,1.0264893441771505,-0.01207301397409736,0.01207301397409736,83.99696431697842,1.9124030579869644,85.90936737496538,97.77392953012915,-88.04974821111017,100.0,0.08,0.6,0.27,1.0,false
0.02,0.02,0.0,0.0025,0.5,0.35,0.15,1.0,3.0,5.0,29.17398976739779,83.62520507982578,-0.9201606783788634,-1.2710251639956636,-1.2710251639956636,-2.850076627004868,true,0.0,0.9201606783788634,-0.010513482337237623,0.010513482337237623,86.6018086238145,2.760706440072044,89.36251506388655,96.91066613546141,-79.39493202807179,100.0,0.08,0.6,0.27,1.0,false
0.02,0.02,0.0,0.0025,0.5,0.35,0.15,1.0,3.0,5.0,30.83966686142298,75.0966419949201,-0.3344441030472467,-2.0371857247202083,-2.0371857247202083,-5.2001299024794925,true,0.0,0.3344441030472467,-0.0036148693882898735,0.0036148693882898735,92.18455648122169,9.80621652732981,101.9907730085515,90.38519246588356,25.4722973017236,100.0,0.08,0.6,0.27,1.0,false
0.02,0.02,0.0,0.0025,0.5,0.35,0.15,1.0,3.0,5.0,31.416554906662647,69.09415749116758,2.5213907636489896e-6,-1.8035768149994,-1.8035768149994,-3.7319374448103493,true,0.0,2.5213907636489896e-6,1.157973881522412e-6,1.157973881522412e-6,94.24966724137872,19.04119273987867,113.29085998125738,83.19264877764296,231.13201512261776,100.0,0.08,0.6,0.27,1.0,false
0.02,0.02,0.0,0.0025,0.5,0.35,0.15,1.0,3.0,5.0,31.672505408435576,65.68874278880752,0.17087448004261319,-1.5243935975915723,-1.5243935975915723,-2.3031838728907696,true,0.0,0.17087448004261319,0.0017983471556700498,0.0017983471556700498,95.18839070534935,25.0213536015753,120.20974430692465,79.18525345358883,420.0204769201234,100.0,0.08,0.6,0.27,1.0,false
