gross_delta,delta,iota,kappa,lambda,sigmah,sigmal,mu_b,m,c,p,vb,debt_diff,eq_deriv,eq_deriv_min_val,eq_min_val,eq_negative,eq_vb,abs_debt_diff,debt_per_diff,abs_debt_per_diff,debt,equity,firm_value,leverage,ROE,V0,r,alpha,pi,xi,opt
0.02,0.02,0.0,0.005,0.3,0.2,0.15,1.0,10.0,1.0,7.472672267226723,89.10618427488644,-1.0337310011524181,-0.261743628803982,-0.261743628803982,-0.3795803129779926,true,0.0,1.0337310011524181,-0.013833485053079398,0.013833485053079398,73.69299167111481,1.2390994822409096,74.93209115335571,98.34637007566629,-95.2898502682254,100.0,0.08,0.6,0.27,1.0,false
0.02,0.02,0.0,0.005,0.3,0.2,0.15,1.0,10.0,1.0,7.642428509717325,86.32499145821994,-0.17288099288481262,-0.3508869536073943,-0.3508869536073943,-0.6065322755892611,true,0.0,0.17288099288481262,-0.0026863476474668435,0.0026863476474668435,76.25140410428844,2.129043374691698,78.38044747898014,97.28370602213943,-91.03507683552714,100.0,0.08,0.6,0.27,1.0,false
0.02,0.02,0.0,0.005,0.3,0.2,0.15,1.0,10.0,1.0,7.835705939014954,85.72810727472053,-0.7151869700103362,-0.3803840756058365,-0.3803840756058365,-0.6778734299026477,true,0.0,0.7151869700103362,-0.009127281901294066,0.009127281901294066,77.64187242013921,2.1891131765450713,79.83098559668429,97.2578151701587,-90.20887071725573,100.0,0.08,0.6,0.27,1.0,false
0.02,0.02,0.0,0.005,0.3,0.2,0.15,1.0,10.0,1.0,8.01722277490907,84.8520836618488,-1.1337326281977056,-0.41440873847851123,-0.41440873847851123,-0.7634244665818484,true,0.0,1.1337326281977056,-0.014141213984297251,0.014141213984297251,79.038495120893,2.5496030979845474,81.58809821887755,96.87503060661533,-87.83673637608997,100.0,0.08,0.6,0.27,1.0,false
0.02,0.02,0.0,0.005,0.3,0.2,0.15,1.0,10.0,1.0,8.198739610803186,81.87572110407791,-0.5217526220330342,-0.5052018089983176,-0.5052018089983176,-1.0005046344373,true,0.0,0.5217526220330342,-0.006363815010608941,0.006363815010608941,81.46564348599883,4.0163070191218,85.48195050512062,95.30157302753497,-78.33047499605496,100.0,0.08,0.6,0.27,1.0,false
0.02,0.02,0.0,0.005,0.3,0.2,0.15,1.0,10.0,1.0,8.3802564466973,78.99418909712723,-0.40092005876600467,-0.6030591104130416,-0.6030591104130416,-1.2614307678244128,true,0.0,0.40092005876600467,-0.004784102507077921,0.004784102507077921,83.401644408207,5.760284575729301,89.1619289839363,93.53952450180043,-65.29605270911622,100.0,0.08,0.6,0.27,1.0,false
