gross_delta,delta,iota,kappa,lambda,sigmah,sigmal,mu_b,m,c,p,vb,debt_diff,eq_deriv,eq_deriv_min_val,eq_min_val,eq_negative,eq_vb,abs_debt_diff,debt_per_diff,abs_debt_per_diff,debt,equity,firm_value,leverage,ROE,V0,r,alpha,pi,xi,opt
0.02,0.02,0.0,0.003,0.75,0.3,0.15,1.0,7.0,5.0,13.488336991593895,91.21193104058273,1.6382470070395243,-3.037217577281809,-3.037217577281809,-13.852053472815516,true,0.0,1.6382470070395243,0.017350937099642888,0.017350937099642888,96.05660594819679,-13.145035656471828,82.91157029172496,115.85428379925857,-433.34319329464296,100.0,0.08,0.6,0.27,1.0,false
0.02,0.02,0.0,0.003,0.75,0.3,0.15,1.0,7.0,5.0,13.488336991593895,91.21193104058271,1.6382470070395243,-3.0372175772818086,-3.0372175772818086,-13.852053472815514,true,0.0,1.6382470070395243,0.017350937099642885,0.017350937099642885,96.05660594819678,-13.145035656471826,82.91157029172496,115.85428379925855,-433.3431932946417,100.0,0.08,0.6,0.27,1.0,false
0.02,0.02,0.0,0.003,0.75,0.3,0.15,1.0,7.0,5.0,13.801773598412472,84.88778865546645,3.10445207524117,-3.4092252111652686,-3.4092252111652686,-14.656841431010337,true,0.0,3.10445207524117,0.03213305525145649,0.03213305525145649,99.71686726412848,-13.817196146029715,85.89967111809877,116.08527246516836,-4980.112539264889,100.0,0.08,0.6,0.27,1.0,false
0.02,0.02,0.0,0.003,0.75,0.3,0.15,1.0,7.0,5.0,14.115210205231048,83.90723172743974,3.2634062330083538,-3.5057688269445815,-3.5057688269445815,-14.944966809169685,true,0.0,3.2634062330083538,0.03302826409605947,0.03302826409605947,102.06987766962568,-13.565968387973312,88.50390928165237,115.32810075631954,555.3995237035716,100.0,0.08,0.6,0.27,1.0,false
0.02,0.02,0.0,0.003,0.75,0.3,0.15,1.0,7.0,5.0,14.428646812049625,83.0815354350751,2.972057745630451,-3.5948892902851104,-3.5948892902851104,-15.215106878979098,true,0.0,2.972057745630451,0.029426160573327854,0.029426160573327854,103.97258542997783,-13.278786658423742,90.69379877155409,114.64133914146797,234.26056890355812,100.0,0.08,0.6,0.27,1.0,false
0.02,0.02,0.0,0.003,0.75,0.3,0.15,1.0,7.0,5.0,15.68239323932393,81.32498676255665,2.792379544638038,-3.8657208579034767,-3.8657208579034767,-16.133425916760086,true,0.0,2.792379544638038,0.025436893300152752,0.025436893300152752,112.56913221990555,-12.670705903737575,99.89842631616798,112.68358909242086,0.8081200997405391,100.0,0.08,0.6,0.27,1.0,false
