gross_delta,delta,iota,kappa,lambda,sigmah,sigmal,mu_b,m,c,p,vb,debt_diff,eq_deriv,eq_deriv_min_val,eq_min_val,eq_negative,eq_vb,abs_debt_diff,debt_per_diff,abs_debt_per_diff,debt,equity,firm_value,leverage,ROE,V0,r,alpha,pi,xi,opt
0.02,0.02,0.0,0.001,0.75,0.275,0.15,1.0,5.0,6.0,18.44309430943094,64.2970580542221,3.810550762760556,-0.021663491075089497,-0.927195595517053,0.006482642888856266,false,0.0,3.810550762760556,0.04132224993082661,0.04132224993082661,96.02602230991525,23.450509418566476,119.47653172848172,80.37228811440619,490.10168771396286,100.0,0.08,0.6,0.27,1.0,false
0.02,0.02,0.0,0.001,0.75,0.275,0.15,1.0,5.0,6.0,18.95039503950395,94.25497086411451,-3.194274573748686,-1.9002562221540884,-1.9002562221540884,-6.425234334185611,true,0.0,3.194274573748686,-0.03371195763560505,0.03371195763560505,91.55770062377105,-5.855796066932785,85.70190455683827,106.83274904707534,-169.36257299073048,100.0,0.08,0.6,0.27,1.0,false
0.02,0.02,0.0,0.001,0.75,0.275,0.15,1.0,5.0,6.0,19.457695769576958,94.46700314907453,-5.9672716605595895,-1.9806064124303595,-1.9806064124303595,-6.825367788550683,true,0.0,5.9672716605595895,-0.06133585118428776,0.06133585118428776,91.3212071873252,-6.078605151597826,85.24260203572737,107.13094744462414,-170.03975417779796,100.0,0.08,0.6,0.27,1.0,false
0.02,0.02,0.0,0.001,0.75,0.275,0.15,1.0,5.0,6.0,19.964996499649963,94.01352055915517,-5.611538975354165,-2.0892581058858863,-2.0892581058858863,-7.336341214262856,true,0.0,5.611538975354165,-0.05621377369590372,0.05621377369590372,94.21344352289566,-6.693731422399689,87.51971210049597,107.64825576061483,-215.67728490830024,100.0,0.08,0.6,0.27,1.0,false
0.02,0.02,0.0,0.001,0.75,0.275,0.15,1.0,5.0,6.0,20.2670818862404,91.65437961627579,3.6989790920483046e-5,-2.1448329629277616,-2.13033218021582,-7.5617501170276515,true,0.0,3.6989790920483046e-5,-0.00039990174940605916,0.00039990174940605916,101.33544642099295,-7.431974918479554,93.9034715025134,107.91448367090521,456.5161433398142,100.0,0.08,0.6,0.27,1.0,false
0.02,0.02,0.0,0.001,0.75,0.275,0.15,1.0,5.0,6.0,20.47229722972297,87.22659077754395,7.826077672889909,-2.095014613626263,-2.095014613626263,-7.376134402824667,true,0.0,7.826077672889909,0.07645529551541991,0.07645529551541991,110.18756382150475,-6.9759841508133995,103.21157967069135,106.75891617304094,-31.524510932752005,100.0,0.08,0.6,0.27,1.0,false
