gross_delta,delta,iota,kappa,lambda,sigmah,sigmal,mu_b,m,c,p,vb,debt_diff,eq_deriv,eq_deriv_min_val,eq_min_val,eq_negative,eq_vb,abs_debt_diff,debt_per_diff,abs_debt_per_diff,debt,equity,firm_value,leverage,ROE,V0,r,alpha,pi,xi,opt
0.02,0.02,0.0,0.001,0.75,0.275,0.15,1.0,5.0,4.0,17.659336986330214,91.93017958399962,-1.597870038534964,-1.1239793197554653,-1.1239793197554653,-3.0823061522226696,true,0.0,1.597870038534964,-0.01809660283137297,0.01809660283137297,86.69881489311611,-3.0120723939385763,83.68674249917753,103.5992228924052,-122.64514304353007,100.0,0.08,0.6,0.27,1.0,false
0.02,0.02,0.0,0.001,0.75,0.275,0.15,1.0,5.0,4.0,18.141694432601156,91.2853132074173,-2.203734996324087,-1.2026215960397484,-1.2026215960397484,-3.3778927516193917,true,0.0,2.203734996324087,-0.024294698651344395,0.024294698651344395,88.50473716668169,-3.2499980016187915,85.2547391650629,103.81210245136805,-128.27249840863902,100.0,0.08,0.6,0.27,1.0,false
0.02,0.02,0.0,0.001,0.75,0.275,0.15,1.0,5.0,4.0,19.588766771413983,70.55047559325723,-0.2649973805670527,-1.3965609089659419,-1.3965609089659419,-2.8160389400042494,true,0.0,0.2649973805670527,-0.002705605550970826,0.002705605550970826,97.67883647650287,9.831564297776739,107.5104007742796,90.85524356065018,323.5618989464478,100.0,0.08,0.6,0.27,1.0,false
0.02,0.02,0.0,0.001,0.75,0.275,0.15,1.0,5.0,4.0,20.071124217684925,70.71212373194332,-0.9431254963442797,-1.2999176609497278,-1.2999176609497278,-2.3549300769661072,true,0.0,0.9431254963442797,-0.009397834282877684,0.009397834282877684,99.41249559208035,9.921228638129536,109.33372423020988,90.92573795690002,1588.7070980897843,100.0,0.08,0.6,0.27,1.0,false
0.02,0.02,0.0,0.001,0.75,0.275,0.15,1.0,5.0,4.0,22.415573676162488,70.60754934630343,-3.4542597899478444e-5,-0.7905369408154851,-0.9845798757481512,-0.6944990295124548,true,0.0,3.4542597899478444e-5,-0.0008377203068025826,0.0008377203068025826,112.07783383821453,14.76413178667544,126.84196562488997,88.360215237962,-222.2415541101535,100.0,0.08,0.6,0.27,1.0,false
0.02,0.02,0.0,0.001,0.75,0.275,0.15,1.0,5.0,4.0,22.48291144903964,68.40270378727489,0.6373617489780514,-0.8113013486660361,-1.0200674498326348,-0.7023834974017977,true,0.0,0.6373617489780514,0.005669743889021779,0.005669743889021779,113.05191899417626,16.477401934760017,129.52932092893627,87.27901774162777,-226.24505210392581,100.0,0.08,0.6,0.27,1.0,false
