gross_delta,delta,iota,kappa,lambda,sigmah,sigmal,mu_b,m,c,p,vb,debt_diff,eq_deriv,eq_deriv_min_val,eq_min_val,eq_negative,eq_vb,abs_debt_diff,debt_per_diff,abs_debt_per_diff,debt,equity,firm_value,leverage,ROE,V0,r,alpha,pi,xi,opt
0.02,0.02,0.0,0.001,0.75,0.275,0.15,1.0,5.0,3.0,15.55248682763013,93.6267617779028,-4.039155876392144,-0.5673616587224242,-0.5673616587224242,-1.1788096747743881,true,0.0,4.039155876392144,-0.051942251051661885,0.051942251051661885,73.72327826175851,-1.0949832847703407,72.62829497698817,101.50765384911938,-104.16712288419438,100.0,0.08,0.6,0.27,1.0,false
0.02,0.02,0.0,0.001,0.75,0.275,0.15,1.0,5.0,3.0,16.500513209215658,91.89832045874601,-2.4248610397624333,-0.69797012216148,-0.69797012216148,-1.575599478924106,true,0.0,2.4248610397624333,-0.029391340851242502,0.029391340851242502,80.07770500631585,-1.2982985076509859,78.77940649866487,101.64801762967457,-106.51681198407401,100.0,0.08,0.6,0.27,1.0,false
0.02,0.02,0.0,0.001,0.75,0.275,0.15,1.0,5.0,3.0,16.974526400008422,90.12041669770899,-1.7074663451657415,-0.7956145372509926,-0.7956145372509926,-1.8718459826702225,true,0.0,1.7074663451657415,-0.02011798509046938,0.02011798509046938,83.16516565487636,-1.2235676974131877,81.94159795746317,101.49321922919827,-107.26807090779367,100.0,0.08,0.6,0.27,1.0,false
0.02,0.02,0.0,0.001,0.75,0.275,0.15,1.0,5.0,3.0,17.448539590801182,87.47812071720575,-1.145642976798129,-0.9306070781918528,-0.9306070781918528,-2.2792446951349707,true,0.0,1.145642976798129,-0.013131677534801925,0.013131677534801925,86.09705497720778,-0.7731964697920769,85.3238585074157,100.90619023016274,-105.56138622805827,100.0,0.08,0.6,0.27,1.0,false
0.02,0.02,0.0,0.001,0.75,0.275,0.15,1.0,5.0,3.0,17.922552781593946,84.04589890966766,-0.5964884028188351,-1.1084164759909467,-1.1084164759909467,-2.815309882101252,true,0.0,0.5964884028188351,-0.00665628842149557,0.00665628842149557,89.0162755051509,0.32586407982056553,89.34213958497146,99.63526273118785,-97.03320963691885,100.0,0.08,0.6,0.27,1.0,false
0.02,0.02,0.0,0.001,0.75,0.275,0.15,1.0,5.0,3.0,17.922552781593946,84.04589890966766,-0.5964884028188351,-1.1084164759909467,-1.1084164759909467,-2.815309882101252,true,0.0,0.5964884028188351,-0.00665628842149557,0.00665628842149557,89.0162755051509,0.32586407982056553,89.34213958497146,99.63526273118785,-97.03320963691885,100.0,0.08,0.6,0.27,1.0,false
