gross_delta,delta,iota,kappa,lambda,sigmah,sigmal,mu_b,m,c,p,vb,debt_diff,eq_deriv,eq_deriv_min_val,eq_min_val,eq_negative,eq_vb,abs_debt_diff,debt_per_diff,abs_debt_per_diff,debt,equity,firm_value,leverage,ROE,V0,r,alpha,pi,xi,opt
0.02,0.02,0.0,0.005,0.2,0.225,0.15,1.0,7.0,9.0,5.593984398439844,89.6283238372222,117.93007091264282,-1.7902735317073872,-1.7902735317073872,-3.5046225206221964,true,0.0,117.93007091264282,3.0116553403722497,3.0116553403722497,157.08796170172172,-0.15040794051919892,156.93755376120254,100.09583935579118,-99.7365329991898,100.0,0.08,0.6,0.27,1.0,false
0.02,0.02,0.0,0.005,0.2,0.225,0.15,1.0,7.0,9.0,5.593984398439844,89.62832383722221,117.9300709126428,-1.7902735317073872,-1.7902735317073872,-3.5046225206221964,true,0.0,117.9300709126428,3.01165534037225,3.01165534037225,157.08796170172172,-0.15040794051919895,156.93755376120254,100.09583935579118,-99.7365329991898,100.0,0.08,0.6,0.27,1.0,false
0.02,0.02,0.0,0.005,0.2,0.225,0.15,1.0,7.0,9.0,5.884155520815239,89.67666471736412,121.18152613511037,-1.744945149897749,-1.744945149897749,-3.337296582219102,true,0.0,121.18152613511037,2.942078354232819,2.942078354232819,162.37061478081705,0.04028919700178739,162.41090397781883,99.97519304676287,-100.06459644039644,100.0,0.08,0.6,0.27,1.0,false
0.02,0.02,0.0,0.005,0.2,0.225,0.15,1.0,7.0,9.0,6.174326643190635,89.75693030914933,124.57678623761039,-1.6877718577812613,-1.6877718577812613,-3.1272265814770703,true,0.0,124.57678623761039,2.882368357990446,2.882368357990446,167.79707273994484,0.2947942155970516,168.0918669555419,99.82462315343608,-100.43481850127634,100.0,0.08,0.6,0.27,1.0,false
0.02,0.02,0.0,0.005,0.2,0.225,0.15,1.0,7.0,9.0,6.46449776556603,89.83733388693153,128.0653881586439,-1.6196358130568829,-1.6196358130568829,-2.8814597912873126,true,0.0,128.0653881586439,2.830081487333136,2.830081487333136,173.31687251760613,0.6363340050878028,173.95320652269393,99.6341924257632,-100.86792300767466,100.0,0.08,0.6,0.27,1.0,false
0.02,0.02,0.0,0.005,0.2,0.225,0.15,1.0,7.0,9.0,6.754668887941425,89.91771056163057,131.43050807094139,-1.544874691302236,-1.544874691302236,-2.618627207328485,true,0.0,131.43050807094139,2.7796753887960763,2.7796753887960763,178.71319028653136,1.0486240199747712,179.76181430650612,99.41665919204242,-101.33220876470332,100.0,0.08,0.6,0.27,1.0,false
