gross_delta,delta,iota,kappa,lambda,sigmah,sigmal,mu_b,m,c,p,vb,debt_diff,eq_deriv,eq_deriv_min_val,eq_min_val,eq_negative,eq_vb,abs_debt_diff,debt_per_diff,abs_debt_per_diff,debt,equity,firm_value,leverage,ROE,V0,r,alpha,pi,xi,opt
0.02,0.02,0.0,0.0025,0.75,0.225,0.15,1.0,7.0,1.0,10.234561614056142,43.970230258175654,3.174434211493363,-1.5570656910738176,-1.5570656910738176,-2.5352004733884925,true,0.0,3.174434211493363,0.044309724123316165,0.044309724123316165,74.81636550988635,63.92461847714738,138.74098398703373,53.92520894682312,153.83396706397684,100.0,0.08,0.6,0.27,1.0,false
0.02,0.02,0.0,0.0025,0.75,0.225,0.15,1.0,7.0,1.0,10.482921976408166,44.88641243200403,2.7565489848074236,-1.4974152265509104,-1.4974152265509104,-2.4181124135762033,true,0.0,2.7565489848074236,0.037565166754229155,0.037565166754229155,76.13700281966459,61.69426383018279,137.83126664984738,55.239282544712,158.53526849101206,100.0,0.08,0.6,0.27,1.0,false
0.02,0.02,0.0,0.0025,0.75,0.225,0.15,1.0,7.0,1.0,10.566411630712967,58.32381089493176,8.061974147671735e-5,-1.0820391693758247,-1.0820391693758247,-1.7617294391439653,true,0.0,8.061974147671735e-5,0.0003926763835036466,0.0003926763835036466,73.96496203473224,40.90413166778026,114.8690937025125,64.39065518031019,57.11185719163816,100.0,0.08,0.6,0.27,1.0,false
0.02,0.02,0.0,0.0025,0.75,0.225,0.15,1.0,7.0,1.0,10.73128233876019,82.10968838563967,-4.9647296779987755,-0.3470835184286335,-0.3470835184286335,-0.605334893482468,true,0.0,4.9647296779987755,-0.06609155126738646,0.06609155126738646,70.15424669332255,3.846004208345598,74.00025090166815,94.80271463747306,-87.11373049014271,100.0,0.08,0.6,0.27,1.0,false
0.02,0.02,0.0,0.0025,0.75,0.225,0.15,1.0,7.0,1.0,10.979642701112216,80.27398387920145,-5.1660484454396425,-0.3824461407002914,-0.3824461407002914,-0.666370512407864,true,0.0,5.1660484454396425,-0.06721593232740926,0.06721593232740926,71.69145046234587,4.9184037591678935,76.60985422151376,93.5799332747109,-82.62573024935182,100.0,0.08,0.6,0.27,1.0,false
0.02,0.02,0.0,0.0025,0.75,0.225,0.15,1.0,7.0,1.0,11.476363425816265,78.72746081918568,-5.507763905308877,-0.37419494757201527,-0.37419494757201527,-0.5710729027239055,true,0.0,5.507763905308877,-0.06856034318973843,0.06856034318973843,74.82678007540498,6.613087624559714,81.4398676999647,91.87979080599294,-73.72967127618615,100.0,0.08,0.6,0.27,1.0,false
