gross_delta,delta,iota,kappa,lambda,sigmah,sigmal,mu_b,m,c,p,vb,debt_diff,eq_deriv,eq_deriv_min_val,eq_min_val,eq_negative,eq_vb,abs_debt_diff,debt_per_diff,abs_debt_per_diff,debt,equity,firm_value,leverage,ROE,V0,r,alpha,pi,xi,opt
0.02,0.02,0.0,0.0025,0.75,0.225,0.15,1.0,7.0,4.0,15.324793005616351,90.16064597238457,-0.46119279813015623,-2.2889162790502398,-2.2889162790502398,-8.44174859412193,true,0.0,0.46119279813015623,-0.004299221883324573,0.004299221883324573,106.8123582411843,-8.400476190772732,98.41188205041156,108.53603855118794,23.31230821050223,100.0,0.08,0.6,0.27,1.0,false
0.02,0.02,0.0,0.0025,0.75,0.225,0.15,1.0,7.0,4.0,15.36561511642877,91.59101535385085,3.079240225275492e-5,-2.2306340427651667,-2.2306340427651667,-8.338088371870326,true,0.0,3.079240225275492e-5,-1.6670573408812858e-5,1.6670573408812858e-5,107.55933660740362,-8.86201965845538,98.69731694894824,108.97898740554346,17.2327694704838,100.0,0.08,0.6,0.27,1.0,false
0.02,0.02,0.0,0.0025,0.75,0.225,0.15,1.0,7.0,4.0,15.617044599196761,91.21193104058273,1.822923971273326,-2.276590096270984,-2.276590096270984,-8.48739863900018,true,0.0,1.822923971273326,0.016675223569208343,0.016675223569208343,111.14223616565066,-8.476954081114117,102.66528208453654,108.2568848095445,-23.9205312552348,100.0,0.08,0.6,0.27,1.0,false
0.02,0.02,0.0,0.0025,0.75,0.225,0.15,1.0,7.0,4.0,15.909296192777173,83.76194418640388,2.4767398929962923,-2.639846894947044,-2.639846894947044,-9.261888622817711,true,0.0,2.4767398929962923,0.022239826352242437,0.022239826352242437,113.8418132424365,-5.565010040142954,108.27680320229355,105.1396142807669,-59.79565724032718,100.0,0.08,0.6,0.27,1.0,false
0.02,0.02,0.0,0.0025,0.75,0.225,0.15,1.0,7.0,4.0,16.201547786357583,83.08032840219191,2.556952908441403,-2.706712481195541,-2.706712481195541,-9.456437755880245,true,0.0,2.556952908441403,0.02254593152067739,0.02254593152067739,115.96778741294449,-5.0353112460064935,110.93247616693799,104.53907766236918,-68.46581736224422,100.0,0.08,0.6,0.27,1.0,false
0.02,0.02,0.0,0.0025,0.75,0.225,0.15,1.0,7.0,4.0,16.493799379937993,82.55886673101024,2.5999955834850255,-2.76671958648553,-2.76671958648553,-9.638844572393255,true,0.0,2.5999955834850255,0.022519246896481722,0.022519246896481722,118.05659124305097,-4.6154397837598715,113.4411514592911,104.06857628328652,-74.43903048125925,100.0,0.08,0.6,0.27,1.0,false
