gross_delta,delta,iota,kappa,lambda,sigmah,sigmal,mu_b,m,c,p,vb,debt_diff,eq_deriv,eq_deriv_min_val,eq_min_val,eq_negative,eq_vb,abs_debt_diff,debt_per_diff,abs_debt_per_diff,debt,equity,firm_value,leverage,ROE,V0,r,alpha,pi,xi,opt
0.02,0.02,0.0,0.0025,0.75,0.225,0.15,1.0,7.0,7.0,8.253050305030504,91.21193104058273,1.0998223076252245,-3.0757499515253337,-3.0757499515253337,-11.959871414973774,true,0.0,1.0998223076252245,0.01903750331221427,0.01903750331221427,58.87117444283875,-11.884219410835943,46.98695503200281,125.2925932372966,-128.89511005929197,100.0,0.08,0.6,0.27,1.0,false
0.02,0.02,0.0,0.0025,0.75,0.225,0.15,1.0,7.0,7.0,8.253050305030504,91.21193104058271,1.0998223076252245,-3.0757499515253346,-3.0757499515253346,-11.959871414973774,true,0.0,1.0998223076252245,0.01903750331221426,0.01903750331221426,58.87117444283875,-11.884219410835941,46.98695503200281,125.2925932372966,-128.89511005929194,100.0,0.08,0.6,0.27,1.0,false
0.02,0.02,0.0,0.0025,0.75,0.225,0.15,1.0,7.0,7.0,8.554026455277107,91.21193104058273,2.744414770510147,-3.1071662158831836,-3.1071662158831836,-12.100454667715315,true,0.0,2.744414770510147,0.04583329908784112,0.04583329908784112,62.62259995744989,-12.021065790845917,50.601534166603976,123.75632673757862,-132.161321486142,100.0,0.08,0.6,0.27,1.0,false
0.02,0.02,0.0,0.0025,0.75,0.225,0.15,1.0,7.0,7.0,10.058907206510124,83.92356407100704,5.577524909903147,-3.670627233129877,-3.670627233129877,-13.441158325824217,true,0.0,5.577524909903147,0.07921230969579128,0.07921230969579128,75.98987535547401,-9.563918483456398,66.42595687201762,114.39786332605357,-139.8328564514006,100.0,0.08,0.6,0.27,1.0,false
0.02,0.02,0.0,0.0025,0.75,0.225,0.15,1.0,7.0,7.0,10.961835657249935,82.13336720580806,6.300300376590471,-3.886759731578721,-3.886759731578721,-14.027946016502238,true,0.0,6.300300376590471,0.08210695170805865,0.08210695170805865,83.03314997734002,-7.749878057617655,75.28327191972237,110.29428963433159,-145.6765872702791,100.0,0.08,0.6,0.27,1.0,false
0.02,0.02,0.0,0.0025,0.75,0.225,0.15,1.0,7.0,7.0,11.563787957743141,81.27870967671127,5.432124958380072,-4.012200262434858,-4.012200262434858,-14.38251724751218,true,0.0,5.432124958380072,0.06710758222417333,0.06710758222417333,86.37864066258206,-6.733664942915272,79.64497571966679,108.45460103675131,-149.43460322948724,100.0,0.08,0.6,0.27,1.0,false
