gross_delta,delta,iota,kappa,lambda,sigmah,sigmal,mu_b,m,c,p,vb,debt_diff,eq_deriv,eq_deriv_min_val,eq_min_val,eq_negative,eq_vb,abs_debt_diff,debt_per_diff,abs_debt_per_diff,debt,equity,firm_value,leverage,ROE,V0,r,alpha,pi,xi,opt
0.02,0.02,0.0,0.0025,0.75,0.225,0.15,1.0,7.0,5.0,13.428829725077769,85.0118877542162,2.899648588531619,-2.8630334695988617,-2.8630334695988617,-10.302414915382553,true,0.0,2.899648588531619,0.030846732077763034,0.030846732077763034,96.901456664076,-7.716085526337572,89.18537113773843,108.65173898802394,-349.0229985451078,100.0,0.08,0.6,0.27,1.0,false
0.02,0.02,0.0,0.0025,0.75,0.225,0.15,1.0,7.0,5.0,13.575130801470923,84.44565102035766,2.7637395439989842,-2.9083649186685783,-2.9083649186685783,-10.419425903131673,true,0.0,2.7637395439989842,0.02914436695351313,0.02914436695351313,97.78965515429545,-7.299806750909444,90.489848403386,108.06698970073232,-430.25646496271526,100.0,0.08,0.6,0.27,1.0,false
0.02,0.02,0.0,0.0025,0.75,0.225,0.15,1.0,7.0,5.0,13.72396713355546,83.97736329619939,2.869334464157191,-2.9492048531043187,-2.9492048531043187,-10.528722967636089,true,0.0,2.869334464157191,0.02986781587729098,0.02986781587729098,98.93710439904541,-6.947147011960854,91.98995738708456,107.55207112742531,-753.6057732971701,100.0,0.08,0.6,0.27,1.0,false
0.02,0.02,0.0,0.0025,0.75,0.225,0.15,1.0,7.0,5.0,14.314241950510839,82.6966622199861,3.638533616436277,-3.0844559913882597,-3.0844559913882597,-10.913284782610182,true,0.0,3.638533616436277,0.03631282176386601,0.03631282176386601,103.83822727001215,-5.870892854541864,97.96733441547029,105.99270449642322,52.95844778163104,100.0,0.08,0.6,0.27,1.0,false
0.02,0.02,0.0,0.0025,0.75,0.225,0.15,1.0,7.0,5.0,14.609379358988528,82.12695577856829,3.178915919912683,-3.150125330301036,-3.150125330301036,-11.10233084251262,true,0.0,3.178915919912683,0.031084882837435837,0.031084882837435837,105.44457143283238,-5.326149959157843,100.11842147367453,105.31985011425526,-2.175037560539961,100.0,0.08,0.6,0.27,1.0,false
0.02,0.02,0.0,0.0025,0.75,0.225,0.15,1.0,7.0,5.0,14.904516767466218,81.71911706969772,3.161678029114711,-3.207209238121254,-3.207209238121254,-11.275114504439493,true,0.0,3.161678029114711,0.03030412169144845,0.03030412169144845,107.49329540137823,-4.9311655361144195,102.56212986526381,104.80797887348139,-34.19229762105154,100.0,0.08,0.6,0.27,1.0,false
