gross_delta,delta,iota,kappa,lambda,sigmah,sigmal,mu_b,m,c,p,vb,debt_diff,eq_deriv,eq_deriv_min_val,eq_min_val,eq_negative,eq_vb,abs_debt_diff,debt_per_diff,abs_debt_per_diff,debt,equity,firm_value,leverage,ROE,V0,r,alpha,pi,xi,opt
0.02,0.02,0.0,0.0025,0.5,0.3,0.15,1.0,1.0,10.5,63.31912270174386,51.70305849883473,2.566931269355301,4.612738142839579e-16,0.020098478667783744,0.003391785473320131,false,0.0,2.566931269355301,0.04053958993472608,0.04053958993472608,65.88605397109916,43.633729921675055,109.51978389277421,60.159043078102826,27.905842040991647,100.0,0.08,0.6,0.27,1.0,false
0.02,0.02,0.0,0.0025,0.5,0.3,0.15,1.0,1.0,10.5,69.0768642653739,76.27818166285022,1.0372548241288087,-9.711740960038906e-16,-5.0968132643551244e-5,0.006585615453250489,false,0.0,1.0372548241288087,0.015015951218398785,0.015015951218398785,70.11411908950271,30.15015606885881,100.26427515836151,69.92931328607482,0.8842809725200018,100.0,0.08,0.6,0.27,1.0,false
0.02,0.02,0.0,0.0025,0.5,0.3,0.15,1.0,1.0,10.5,71.49385399637995,80.87483266581344,-3.473686937816023e-5,-8.183408084313221e-16,-0.0029122520066727545,-0.005592602075292324,true,0.0,3.473686937816023e-5,0.00023856534084454144,0.00023856534084454144,71.49381925951054,24.962819070571722,96.45663833008227,74.12016476756428,-12.43015226127726,100.0,0.08,0.6,0.27,1.0,true
0.02,0.02,0.0,0.0025,0.5,0.3,0.15,1.0,1.0,10.5,78.67310020475732,87.53136084837124,-3.458481115071635,9.367506770274758e-16,-0.003811496088471922,0.004034083564913699,false,0.0,3.458481115071635,-0.043960147827789585,0.043960147827789585,75.21461908968568,11.427007007782032,86.64162609746772,86.81118127339023,-53.896181587321344,100.0,0.08,0.6,0.27,1.0,false
0.02,0.02,0.0,0.0025,0.5,0.3,0.15,1.0,1.0,10.5,80.592347392634,89.78429064695032,-4.433188890267303,1.1340754724198376e-15,-0.003629641324461476,0.025456522650652177,false,0.0,4.433188890267303,-0.05500756627263209,0.05500756627263209,76.1591585023667,8.343941456466148,84.50309995883285,90.12587531045483,-65.00148093642393,100.0,0.08,0.6,0.27,1.0,false
0.02,0.02,0.0,0.0025,0.5,0.3,0.15,1.0,1.0,10.5,82.51159458051069,92.03607223711005,-6.159433607805809,-8.326672684688674e-16,6.248612952042265e-5,0.003797214809354868,false,0.0,6.159433607805809,-0.07464931006509323,0.07464931006509323,76.35216097270488,5.606731646103956,81.95889261880883,93.15909297093498,-76.29072305662906,100.0,0.08,0.6,0.27,1.0,false
