gross_delta,delta,iota,kappa,lambda,sigmah,sigmal,mu_b,m,c,p,vb,debt_diff,eq_deriv,eq_deriv_min_val,eq_min_val,eq_negative,eq_vb,abs_debt_diff,debt_per_diff,abs_debt_per_diff,debt,equity,firm_value,leverage,ROE,V0,r,alpha,pi,xi,opt
0.02,0.02,0.0,0.0025,0.5,0.3,0.15,1.0,1.0,9.0,62.99897752933188,69.82450617534741,1.6977573846981926,-1.1796119636642288e-15,-0.008312581368505989,-0.01744469502648231,true,0.0,1.6977573846981926,0.026948967289314,0.026948967289314,64.69673491403007,39.935120489280514,104.6318554033106,61.83273216808792,13.1201898522167,100.0,0.08,0.6,0.27,1.0,false
0.02,0.02,0.0,0.0025,0.5,0.3,0.15,1.0,1.0,9.0,64.8641772071944,51.08950801133318,1.7731222011587988,-2.0816681711721685e-16,-0.004618581871924994,0.004711879452676659,false,0.0,1.7731222011587988,0.027335923733295013,0.027335923733295013,66.6372994083532,38.60381249316843,105.24111190152163,63.318695711528036,15.709495360318272,100.0,0.08,0.6,0.27,1.0,false
0.02,0.02,0.0,0.0025,0.5,0.3,0.15,1.0,1.0,9.0,70.67472400113645,64.43099371412457,-3.440587082315094e-5,-1.2677406692576762e-15,-0.012070982242610296,0.02887066147668671,false,0.0,3.440587082315094e-5,0.0003697032071273308,0.0003697032071273308,70.67468959526563,26.395499288588518,97.07018888385414,72.80782123523927,-9.99072499390442,100.0,0.08,0.6,0.27,1.0,true
0.02,0.02,0.0,0.0025,0.5,0.3,0.15,1.0,1.0,9.0,74.19017559650702,82.95803025172721,-1.7439525899864634,-3.5735303605122226e-16,-0.00809215616609879,0.0172964970312481,false,0.0,1.7439525899864634,-0.02350651654298782,0.02350651654298782,72.44622300652055,18.04147053158356,90.48769353810411,80.06196221148421,-34.52269525207726,100.0,0.08,0.6,0.27,1.0,false
0.02,0.02,0.0,0.0025,0.5,0.3,0.15,1.0,1.0,9.0,76.05537527436955,85.14647228390118,-2.676632391780302,1.3266467189122083e-15,-8.325687677547411e-5,0.007275368529503459,false,0.0,2.676632391780302,-0.035193204715963315,0.035193204715963315,73.37874288258925,14.610963398892103,87.98970628148135,83.39469011050991,-45.11542661395849,100.0,0.08,0.6,0.27,1.0,false
0.02,0.02,0.0,0.0025,0.5,0.3,0.15,1.0,1.0,9.0,77.92057495223207,87.3363873470658,-3.7603964234951235,9.228728892196614e-16,-0.003822024149943093,0.00642337814407471,false,0.0,3.7603964234951235,-0.04825935160001543,0.04825935160001543,74.16017852873695,11.391837965274476,85.55201649401143,86.68431390384363,-55.91363516987317,100.0,0.08,0.6,0.27,1.0,false
