gross_delta,delta,iota,kappa,lambda,sigmah,sigmal,mu_b,m,c,p,vb,debt_diff,eq_deriv,eq_deriv_min_val,eq_min_val,eq_negative,eq_vb,abs_debt_diff,debt_per_diff,abs_debt_per_diff,debt,equity,firm_value,leverage,ROE,V0,r,alpha,pi,xi,opt
0.02,0.02,0.0,0.003,0.5,0.3,0.15,1.0,3.0,5.0,29.603551144588142,84.88470037804754,-1.697381301956213,-0.9923828584156551,-0.9923828584156551,-1.772539671531953,true,0.0,1.697381301956213,-0.019112361370273345,0.019112361370273345,87.11327213180822,4.617748951875436,91.73102108368366,94.96598980658594,-64.16662942597405,100.0,0.08,0.6,0.27,1.0,false
0.02,0.02,0.0,0.003,0.5,0.3,0.15,1.0,3.0,5.0,31.155943225901538,71.70883155116773,1.1074728859549907,-1.4431892700646591,-1.4431892700646591,-2.532955675929392,true,0.0,1.1074728859549907,0.011848706552551548,0.011848706552551548,94.5753025636596,20.5712294686005,115.1465320322601,82.13473814145168,279.2143195082645,100.0,0.08,0.6,0.27,1.0,false
0.02,0.02,0.0,0.003,0.5,0.3,0.15,1.0,3.0,5.0,31.932139266558234,67.85732719892451,0.9301630202675426,-1.0633872298591898,-1.0633872298591898,-1.153723141018547,true,0.0,0.9301630202675426,0.009709789171998676,0.009709789171998676,96.72658081994224,28.21412108544724,124.94070190538949,77.41799057058908,761.9159213501467,100.0,0.08,0.6,0.27,1.0,false
0.02,0.02,0.0,0.003,0.5,0.3,0.15,1.0,3.0,5.0,32.70833530721493,64.34764477991814,0.44071959250258885,-0.7340484511225976,-0.7340484511225976,-0.4579964527949089,true,0.0,0.44071959250258885,0.004491409588851533,0.004491409588851533,98.56572551414739,36.3100121844386,134.875737698586,73.07891485599691,2431.5943735033343,100.0,0.08,0.6,0.27,1.0,false
0.02,0.02,0.0,0.003,0.5,0.3,0.15,1.0,3.0,5.0,33.303637051653624,61.97656846990795,2.624567248042664e-5,-0.55726279615629,-0.55726279615629,-0.42031079904281893,true,0.0,2.624567248042664e-5,-5.064828749076685e-5,5.064828749076685e-5,99.91093740063347,42.22991681527694,142.1408542159104,70.29009214259389,47315.99404872966,100.0,0.08,0.6,0.27,1.0,false
0.02,0.02,0.0,0.003,0.5,0.3,0.15,1.0,3.0,5.0,37.365511551155116,70.40697464791151,0.9794998952350795,-0.9349805143288269,-0.9349805143288269,-0.799093161695076,true,0.0,0.9794998952350795,0.008738003349194518,0.008738003349194518,113.07603454870042,27.051456616477292,140.1274911651777,80.69511100816761,-306.8781366072931,100.0,0.08,0.6,0.27,1.0,false
