gross_delta,delta,iota,kappa,lambda,sigmah,sigmal,mu_b,m,c,p,vb,debt_diff,eq_deriv,eq_deriv_min_val,eq_min_val,eq_negative,eq_vb,abs_debt_diff,debt_per_diff,abs_debt_per_diff,debt,equity,firm_value,leverage,ROE,V0,r,alpha,pi,xi,opt
0.02,0.02,0.0,0.003,0.5,0.3,0.15,1.0,3.0,10.0,26.156513019723025,99.04811613599246,-14.299349958858812,-0.2581005819373964,-0.2581005819373964,-0.13917247545630104,true,0.0,14.299349958858812,-0.18222803562126888,0.18222803562126888,64.17018910031027,-0.1273321653327651,64.04285693497751,100.19882336832981,-100.35538051174551,100.0,0.08,0.6,0.27,1.0,false
0.02,0.02,0.0,0.003,0.5,0.3,0.15,1.0,3.0,10.0,32.46587553492191,92.07955648439341,-5.10788164388687,-1.4178426763605336,-1.4178426763605336,-2.6730072049561984,true,0.0,5.10788164388687,-0.05244359459203636,0.05244359459203636,92.28974496087888,-1.4172009328938746,90.872544027985,101.55954798894751,-118.38072704084533,100.0,0.08,0.6,0.27,1.0,false
0.02,0.02,0.0,0.003,0.5,0.3,0.15,1.0,3.0,10.0,33.22595401116264,89.53458083875029,0.00029174795880226867,-1.4136447943919006,-1.4136447943919006,-2.5696510172000813,true,0.0,0.00029174795880226867,-0.0013150124864555607,0.0013150124864555607,99.67815378144678,0.8247969237271471,100.50295070517393,99.1793306386131,156.27050317223558,100.0,0.08,0.6,0.27,1.0,false
0.02,0.02,0.0,0.003,0.5,0.3,0.15,1.0,3.0,10.0,35.16988804143572,86.9652369173617,9.331523524455676,-1.3318393818683782,-1.3318393818683782,-2.223789092945525,true,0.0,9.331523524455676,0.08844235835554985,0.08844235835554985,114.84118764876284,3.1716665150856813,118.01285416384852,97.3124397867014,-121.3707055671523,100.0,0.08,0.6,0.27,1.0,false
0.02,0.02,0.0,0.003,0.5,0.3,0.15,1.0,3.0,10.0,36.07122554360699,88.2483502774883,11.303412096494569,-1.2605250514646347,-1.2605250514646347,-2.0329374077479536,true,0.0,11.303412096494569,0.10445456109080373,0.10445456109080373,119.51708872731554,2.1194694922386192,121.63655821955416,98.25753907931777,-110.85955760026994,100.0,0.08,0.6,0.27,1.0,false
0.02,0.02,0.0,0.003,0.5,0.3,0.15,1.0,3.0,10.0,36.97256304577826,88.91090216182808,15.947402650126051,-1.110932794609328,-1.110932794609328,-1.5802592174843737,true,0.0,15.947402650126051,0.1437769103752286,0.1437769103752286,126.86509178746083,2.3602757068151043,129.22536749427593,98.17351983392916,-108.78566031148553,100.0,0.08,0.6,0.27,1.0,false
