gross_delta,delta,iota,kappa,lambda,sigmah,sigmal,mu_b,m,c,p,vb,debt_diff,eq_deriv,eq_deriv_min_val,eq_min_val,eq_negative,eq_vb,abs_debt_diff,debt_per_diff,abs_debt_per_diff,debt,equity,firm_value,leverage,ROE,V0,r,alpha,pi,xi,opt
0.02,0.02,0.0,0.001,0.5,0.25,0.15,1.0,7.0,5.0,10.102835283528352,63.8906288172724,-6.507940769298855,-2.6343660426742246,-2.6343660426742246,-7.506826813981341,true,0.0,6.507940769298855,-0.09202424845046636,0.09202424845046636,64.21190621539961,19.23349675267194,83.44540296807155,76.95080128017214,-46.25727520321826,100.0,0.08,0.6,0.27,1.0,false
0.02,0.02,0.0,0.001,0.5,0.25,0.15,1.0,7.0,5.0,10.418620809449365,63.69905168454273,-6.934462428255813,-2.536020829219658,-2.536020829219658,-6.719418751644234,true,0.0,6.934462428255813,-0.09508336159545734,0.09508336159545734,65.99588323788974,20.05130817101031,86.04719140890005,76.69731243670046,-41.032704036139336,100.0,0.08,0.6,0.27,1.0,false
0.02,0.02,0.0,0.001,0.5,0.25,0.15,1.0,7.0,5.0,10.734406335370378,64.14304369727812,-3.0980676211567015,-2.485503489227918,-2.485503489227918,-6.406383400668572,true,0.0,3.0980676211567015,-0.041230141184272665,0.041230141184272665,72.04277672643595,19.02631662852622,91.06909335496216,79.10782250311102,-31.944898667682676,100.0,0.08,0.6,0.27,1.0,false
0.02,0.02,0.0,0.001,0.5,0.25,0.15,1.0,7.0,5.0,10.878993342138642,64.56416436317728,5.393422742391851e-5,-2.4757412492240385,-2.4757412492240385,-6.400635332098131,true,0.0,5.393422742391851e-5,-8.403322990288911e-5,8.403322990288911e-5,76.15300732919792,17.98088751382154,94.13389484301946,80.89860454217154,-24.598930514885918,100.0,0.08,0.6,0.27,1.0,false
0.02,0.02,0.0,0.001,0.5,0.25,0.15,1.0,7.0,5.0,11.050191861291392,65.16040550727072,4.214853848452535,-2.469849963725255,-2.469849963725255,-6.451772525200112,true,0.0,4.214853848452535,0.05448973066789761,0.05448973066789761,81.56619687749227,16.508896296302197,98.07509317379447,83.16708578900096,-10.442266381022659,100.0,0.08,0.6,0.27,1.0,false
0.02,0.02,0.0,0.001,0.5,0.25,0.15,1.0,7.0,5.0,11.365977387212405,66.17685622793817,11.20090181358708,-2.454680169857442,-2.454680169857442,-6.492550743580557,true,0.0,11.20090181358708,0.14078233450584793,0.14078233450584793,90.76274352407391,14.13175107590412,104.89449459997803,86.52765225687347,52.98645342081758,100.0,0.08,0.6,0.27,1.0,false
