gross_delta,delta,iota,kappa,lambda,sigmah,sigmal,V0,r,alpha,pi,xi,mu_b,m,c,p,vb,sg_debt,debt,debt_diff,abs_debt_diff,debt_per_diff,abs_debt_per_diff,eq_vb,eq_min_val,sg_equity,equity,eq_negative,firm_value,leverage,ROE,cvml_vb,cvmh_vb,eq_deriv
0.02,0.019,0.001,0.0025,NaN,NaN,0.15,100.0,0.08,0.6,0.27,1.0,1.0,7.0,1.2092709270927093,12.517762801662895,72.22463653434336,87.62277578747242,87.46713017771269,-0.15720943392757647,0.15720943392757647,-0.0017941297432236775,0.0017941297432236775,-1.5987211554602254e-14,NaN,25.23162985094347,25.056918978887413,false,112.5240491566001,77.73194337859668,99.92961974541919,NaN,NaN,NaN
