gross_delta,delta,iota,kappa,lambda,sigmah,sigmal,mu_b,m,c,p,vb,debt_diff,eq_deriv,eq_deriv_min_val,eq_min_val,eq_negative,eq_vb,abs_debt_diff,debt_per_diff,abs_debt_per_diff,debt,equity,firm_value,leverage,ROE,V0,r,alpha,pi,xi,opt
0.02,0.02,0.0,0.005,0.2,0.35,0.15,1.0,10.0,1.0,7.160517367526226,49.83369358170495,1.0781249412221854,-2.532540602106424,-2.532540602106424,-7.3968762052509724,true,0.0,1.0781249412221854,0.01505652295617083,0.01505652295617083,72.68329861648445,29.479606482500966,102.16290509898542,71.1445103739579,7.917885357456211,100.0,0.08,0.6,0.27,1.0,false
0.02,0.02,0.0,0.005,0.2,0.35,0.15,1.0,10.0,1.0,7.411249019638806,79.84104849626374,2.519269423350636,-0.7097850159107449,-0.7097850159107449,-2.481007443765383,true,0.0,2.519269423350636,0.033992508100522775,0.033992508100522775,76.63175961973869,-0.15495707602123476,76.47680254371745,100.20261971064055,-100.66310973141188,100.0,0.08,0.6,0.27,1.0,false
0.02,0.02,0.0,0.005,0.2,0.35,0.15,1.0,10.0,1.0,7.912712323863965,80.68747425187236,-0.011826914483108908,-0.9400360345199473,-0.9400360345199473,-3.296132368688694,true,0.0,0.011826914483108908,-0.00014946726228678997,0.00014946726228678997,79.11529632415655,-0.8007559305404601,78.31454039361608,101.02248691815822,-103.8341742500597,100.0,0.08,0.6,0.27,1.0,false
0.02,0.02,0.0,0.005,0.2,0.35,0.15,1.0,10.0,1.0,8.163443975976545,77.37469844832378,-0.09237494034104543,-1.0944104185072052,-1.0944104185072052,-3.860499424561594,true,0.0,0.09237494034104543,-0.0011315682524788216,0.0011315682524788216,81.54206481942441,0.34602820547414603,81.88809302489855,99.5774377046869,-98.12531465687293,100.0,0.08,0.6,0.27,1.0,false
0.02,0.02,0.0,0.005,0.2,0.35,0.15,1.0,10.0,1.0,8.247437412052099,76.10947116431073,-1.4611436734701666e-6,-1.1400970174852658,-1.1400970174852658,-4.040577493479949,true,0.0,1.4611436734701666e-6,0.0001284909785620943,0.0001284909785620943,82.47437265937732,0.709041939283356,83.18341459866068,99.14761621327483,-95.95425644113826,100.0,0.08,0.6,0.27,1.0,false
0.02,0.02,0.0,0.005,0.2,0.35,0.15,1.0,10.0,1.0,8.414175628089124,71.78556292047993,-0.06339655270342348,-1.365813850835786,-1.365813850835786,-4.776472045232183,true,0.0,0.06339655270342348,-0.0007534493633789405,0.0007534493633789405,84.07835972818782,3.405210416983854,87.48357014517167,96.10760007698225,-78.61269091092034,100.0,0.08,0.6,0.27,1.0,false
