gross_delta,delta,iota,kappa,lambda,sigmah,sigmal,mu_b,m,c,p,vb,debt_diff,eq_deriv,eq_deriv_min_val,eq_min_val,eq_negative,eq_vb,abs_debt_diff,debt_per_diff,abs_debt_per_diff,debt,equity,firm_value,leverage,ROE,V0,r,alpha,pi,xi,opt
0.02,0.02,0.0,0.0025,0.2,0.25,0.15,1.0,5.0,5.0,19.373671577684085,91.21193104058273,-0.2817255100198537,-0.6804216900263673,-0.6804216900263673,-0.8481852980444358,true,0.0,0.2817255100198537,-0.00290833370319299,0.00290833370319299,96.58663237840058,2.0559490082743683,98.64258138667495,97.91575911804748,-39.76772395494274,100.0,0.08,0.6,0.27,1.0,false
0.02,0.02,0.0,0.0025,0.2,0.25,0.15,1.0,5.0,5.0,20.201773152766084,90.12362880192894,-2.4452982277461954e-5,-0.8657254706268507,-0.8657254706268507,-1.2823834448069238,true,0.0,2.4452982277461954e-5,-0.0011317933847084898,0.0011317933847084898,101.00884131084807,2.113384171110345,103.12222548195841,97.95060263562671,-309.48628375792384,100.0,0.08,0.6,0.27,1.0,false
0.02,0.02,0.0,0.0025,0.2,0.25,0.15,1.0,5.0,5.0,20.766517441217808,90.25084521412141,-2.1273427495982844,-0.9484294965394269,-0.9484294965394269,-1.5180535876902368,true,0.0,2.1273427495982844,-0.020488199387499524,0.020488199387499524,101.70524445649076,1.4909781571040757,103.19622261359484,98.55520084035744,-187.43486316163575,100.0,0.08,0.6,0.27,1.0,false
0.02,0.02,0.0,0.0025,0.2,0.25,0.15,1.0,5.0,5.0,21.230799395729047,90.30109458546654,-3.0630123717865416,-0.9972943775383083,-0.9972943775383083,-1.661888484750176,true,0.0,3.0630123717865416,-0.028854423375152996,0.028854423375152996,103.0909846068587,1.1369912556928095,104.2279758625515,98.9091304457527,-136.78411251773622,100.0,0.08,0.6,0.27,1.0,false
0.02,0.02,0.0,0.0025,0.2,0.25,0.15,1.0,5.0,5.0,22.62364525926277,88.9318201915305,2.94355697128654,-1.0729735861372725,-1.0729735861372725,-1.8159704188441383,true,0.0,2.94355697128654,0.0260219512598781,0.0260219512598781,116.06178326760039,2.060599222665088,118.12238249026548,98.25553872244754,-112.82920575090625,100.0,0.08,0.6,0.27,1.0,false
0.02,0.02,0.0,0.0025,0.2,0.25,0.15,1.0,5.0,5.0,24.01649112279649,89.99343853669627,2.998936075165787,-1.0592908667143146,-1.0592908667143146,-1.7533933951478626,true,0.0,2.998936075165787,0.024973973590331787,0.024973973590331787,123.08139168914825,1.2298746449899827,124.31126633413822,99.01064908977423,-105.32842499946919,100.0,0.08,0.6,0.27,1.0,false
