gross_delta,delta,iota,kappa,lambda,sigmah,sigmal,mu_b,m,c,p,vb,debt_diff,eq_deriv,eq_deriv_min_val,eq_min_val,eq_negative,eq_vb,abs_debt_diff,debt_per_diff,abs_debt_per_diff,debt,equity,firm_value,leverage,ROE,V0,r,alpha,pi,xi,opt
0.02,0.02,0.0,0.0025,0.2,0.25,0.15,1.0,5.0,4.0,18.651232228486005,91.21193104058273,-2.8436533226720826,-0.40356149794033924,-0.40356149794033924,-0.36678022506495506,true,0.0,2.8436533226720826,-0.030492927092816677,0.030492927092816677,90.41250781975795,2.758824595654726,93.17133241541268,97.03897698558794,-71.22475258608164,100.0,0.08,0.6,0.27,1.0,false
0.02,0.02,0.0,0.0025,0.2,0.25,0.15,1.0,5.0,4.0,20.46406614345645,87.37391263007102,-1.9389198812825725,-0.8893011686395828,-0.8893011686395828,-1.4316663655684503,true,0.0,1.9389198812825725,-0.018949507567952793,0.018949507567952793,100.38141083599967,3.947479436536547,104.32889027253623,96.21631225423309,-1134.967825754149,100.0,0.08,0.6,0.27,1.0,false
0.02,0.02,0.0,0.0025,0.2,0.25,0.15,1.0,5.0,4.0,22.730108537169503,86.10429766583145,-2.0253929181119474,-1.12851491060504,-1.12851491060504,-2.093647079460927,true,0.0,2.0253929181119474,-0.017821234023585198,0.017821234023585198,111.62514976773556,3.862510768124037,115.4876605358596,96.65547752010725,-133.22547102871783,100.0,0.08,0.6,0.27,1.0,false
0.02,0.02,0.0,0.0025,0.2,0.25,0.15,1.0,5.0,4.0,23.183317015912113,86.39859273180309,-2.0362122101309836,-1.1389281384392005,-1.1389281384392005,-2.1209981128530244,true,0.0,2.0362122101309836,-0.017566185276536642,0.017566185276536642,113.88037286942958,3.4770627836116987,117.35743565304128,97.03720282889327,-125.05021166448384,100.0,0.08,0.6,0.27,1.0,false
0.02,0.02,0.0,0.0025,0.2,0.25,0.15,1.0,5.0,4.0,23.493795121140582,85.84275340376881,-0.00019930006404966782,-1.1437275340057318,-1.1437275340057318,-2.088914255519432,true,0.0,0.00019930006404966782,-0.00010313767229082338,0.00010313767229082338,117.46877630563888,4.205494004761192,121.67427031040008,96.54364559242256,-124.07434803205801,100.0,0.08,0.6,0.27,1.0,false
0.02,0.02,0.0,0.0025,0.2,0.25,0.15,1.0,5.0,4.0,23.636525494654727,85.18681573705123,1.9454075130381057,-1.146170531162368,-1.146170531162368,-2.053764410776142,true,0.0,1.9454075130381057,0.016461027772275996,0.016461027772275996,120.12803498631175,5.05105365683653,125.17908864314828,95.96493814455246,-125.09461882529291,100.0,0.08,0.6,0.27,1.0,false
