gross_delta,delta,iota,kappa,lambda,sigmah,sigmal,mu_b,m,c,p,vb,debt_diff,eq_deriv,eq_deriv_min_val,eq_min_val,eq_negative,eq_vb,abs_debt_diff,debt_per_diff,abs_debt_per_diff,debt,equity,firm_value,leverage,ROE,V0,r,alpha,pi,xi,opt
0.02,0.02,0.0,0.005,0.1,0.35,0.15,1.0,7.0,3.0,13.246707565493391,91.21193104058273,-0.1830849669469785,-1.0030010490472925,-1.0030010490472925,-2.3695554670776513,true,0.0,0.1830849669469785,-0.0019744525308516246,0.0019744525308516246,92.54386799150676,-1.7563039033505037,90.78756408815626,101.93452035087658,-123.55516105870853,100.0,0.08,0.6,0.27,1.0,false
0.02,0.02,0.0,0.005,0.1,0.35,0.15,1.0,7.0,3.0,13.246707565493391,91.21193104058274,-0.18308496694697854,-1.0030010490472927,-1.0030010490472927,-2.3695554670776517,true,0.0,0.18308496694697854,-0.001974452530851624,0.001974452530851624,92.54386799150676,-1.7563039033505041,90.78756408815626,101.93452035087658,-123.55516105870856,100.0,0.08,0.6,0.27,1.0,false
0.02,0.02,0.0,0.005,0.1,0.35,0.15,1.0,7.0,3.0,13.57434954021718,91.21193104058273,-1.7989522009827965,-1.0758015660407936,-1.0758015660407936,-2.6708050149841855,true,0.0,1.7989522009827965,-0.018932264180141278,0.018932264180141278,93.22149458053745,-2.161361577862864,91.06013300267459,102.37355416315874,-131.88551818011578,100.0,0.08,0.6,0.27,1.0,false
0.02,0.02,0.0,0.005,0.1,0.35,0.15,1.0,7.0,3.0,13.901991514940967,91.21193104058273,-3.430626634036983,-1.1489209352981082,-1.1489209352981082,-2.9853256327788262,true,0.0,3.430626634036983,-0.03525318790630995,0.03525318790630995,93.88331397054979,-2.570107361838775,91.31320660871101,102.81460640502094,-142.01797099711175,100.0,0.08,0.6,0.27,1.0,false
0.02,0.02,0.0,0.005,0.1,0.35,0.15,1.0,7.0,3.0,15.21255941383612,88.33431205213878,-2.6755764715781822,-1.6058858962389582,-1.6058858962389582,-4.950026276444718,true,0.0,2.6755764715781822,-0.025125634669851366,0.025125634669851366,103.81233942527466,-3.922436733819182,99.88990269145548,103.92675999088215,2.8879198902021175,100.0,0.08,0.6,0.27,1.0,false
0.02,0.02,0.0,0.005,0.1,0.35,0.15,1.0,7.0,3.0,15.867843363283697,86.90903102265996,-2.360556562718074,-1.8362917615875611,-1.8362917615875611,-6.011513543208247,true,0.0,2.360556562718074,-0.021251934392223358,0.021251934392223358,108.7143469802678,-4.525602209943383,104.18874477032442,104.34365748423183,-48.06722500044055,100.0,0.08,0.6,0.27,1.0,false
