gross_delta,delta,iota,kappa,lambda,sigmah,sigmal,V0,r,alpha,pi,xi,mu_b,m,c,p,vb,sg_debt,debt,debt_diff,abs_debt_diff,debt_per_diff,abs_debt_per_diff,eq_vb,eq_min_val,sg_equity,equity,eq_negative,firm_value,leverage,ROE,cvml_vb,cvmh_vb,eq_deriv
0.02,0.018000000000000002,0.002,0.015000000000000001,NaN,NaN,0.15,100.0,0.08,0.6,0.27,1.0,1.0,3.0,1.9418941894189419,20.11075548502912,62.53398449006557,60.33230323483969,60.33305507807676,0.0007886229893969698,0.0007886229893969698,1.3071330412956353e-5,1.3071330412956353e-5,1.4210854715202004e-14,NaN,36.05713103619,36.075672804303636,false,96.40872788238039,62.5804907950696,-9.053563677990152,NaN,NaN,NaN
