gross_delta,delta,iota,kappa,lambda,sigmah,sigmal,V0,r,alpha,pi,xi,mu_b,m,c,p,vb,sg_debt,debt,debt_diff,abs_debt_diff,debt_per_diff,abs_debt_per_diff,eq_vb,eq_min_val,sg_equity,equity,eq_negative,firm_value,leverage,ROE,cvml_vb,cvmh_vb,eq_deriv
0.02,0.01975,0.00025,0.005,NaN,NaN,0.15,100.0,0.08,0.6,0.27,1.0,1.0,5.0,1.7495499549954996,17.341881350837934,73.25266174973825,86.70887895603705,86.59468213094722,-0.11472462324245214,0.11472462324245214,-0.0013230931629792152,0.0013230931629792152,1.580957587066223e-13,NaN,27.074967626333045,26.999568798880937,false,113.59425092982815,76.23157107170884,101.4093888904458,NaN,NaN,NaN
