gross_delta,delta,iota,kappa,lambda,sigmah,sigmal,mu_b,m,c,p,vb,debt_diff,eq_deriv,eq_deriv_min_val,eq_min_val,eq_negative,eq_vb,abs_debt_diff,debt_per_diff,abs_debt_per_diff,debt,equity,firm_value,leverage,ROE,V0,r,alpha,pi,xi,opt
0.02,0.02,0.0,0.001,0.5,0.2,0.15,1.0,7.0,2.0,11.540754075407541,87.1502842368254,1.1243457199725668,-0.49659817213032775,-0.49659817213032775,-1.0188961923088293,true,0.0,1.1243457199725668,0.01391770555801104,0.01391770555801104,81.90962424782536,0.7398050442861868,82.64942929211155,99.10488789744517,-95.91050482078984,100.0,0.08,0.6,0.27,1.0,false
0.02,0.02,0.0,0.001,0.5,0.2,0.15,1.0,7.0,2.0,11.819449050168176,91.21193104058273,-0.6309170575167258,-0.6213788400398965,-0.6213788400398965,-1.3981172968334419,true,0.0,0.6309170575167258,-0.007625652247757915,0.007625652247757915,82.10522629366051,-0.9239286682045751,81.18129762545593,101.13810532133559,-105.16312015656986,100.0,0.08,0.6,0.27,1.0,false
0.02,0.02,0.0,0.001,0.5,0.2,0.15,1.0,7.0,2.0,12.655533974450076,88.14969452753685,-0.6782515402689171,-0.7775670865586073,-0.7775670865586073,-1.8594406472018796,true,0.0,0.6782515402689171,-0.0076561824555873145,0.0076561824555873145,87.91048628088161,-0.42773557555083663,87.48275070533077,100.48893704427697,-103.53807097198968,100.0,0.08,0.6,0.27,1.0,false
0.02,0.02,0.0,0.001,0.5,0.2,0.15,1.0,7.0,2.0,12.934228949210711,85.98995812643321,-0.00845301192147474,-0.870142034041033,-0.870142034041033,-2.130113579528321,true,0.0,0.00845301192147474,-9.336259133660523e-5,9.336259133660523e-5,90.53114963255351,0.3123303813314096,90.84348001388491,99.65618844491243,-96.70149628295755,100.0,0.08,0.6,0.27,1.0,false
0.02,0.02,0.0,0.001,0.5,0.2,0.15,1.0,7.0,2.0,12.938250557912594,85.9598590722297,5.617404120022897e-6,-0.8717365107316717,-0.8717365107316717,-2.134802213125005,true,0.0,5.617404120022897e-6,-7.021266563837937e-8,7.021266563837937e-8,90.5677595227923,0.32397904667302974,90.89173856946533,99.64355501196027,-96.56519522105165,100.0,0.08,0.6,0.27,1.0,false
0.02,0.02,0.0,0.001,0.5,0.2,0.15,1.0,7.0,2.0,13.491618898731979,81.31575274172367,-0.09726377236259509,-1.1188007370125785,-1.1188007370125785,-2.8744001547847575,true,0.0,0.09726377236259509,-0.001029885644378362,0.001029885644378362,94.34406851876125,2.7044919392878737,97.04856045804912,97.21325908748854,-52.18308516892534,100.0,0.08,0.6,0.27,1.0,false
