gross_delta,delta,iota,kappa,lambda,sigmah,sigmal,mu_b,m,c,p,vb,debt_diff,eq_deriv,eq_deriv_min_val,eq_min_val,eq_negative,eq_vb,abs_debt_diff,debt_per_diff,abs_debt_per_diff,debt,equity,firm_value,leverage,ROE,V0,r,alpha,pi,xi,opt
0.02,0.02,0.0,0.001,0.5,0.2,0.15,1.0,7.0,1.0,9.214071407140715,67.8946107167311,0.6482417922346286,-0.20385644365354147,-0.20385644365354147,-0.14770914080816674,true,0.0,0.6482417922346286,0.010050494100519447,0.010050494100519447,65.14674164221962,17.285334822408156,82.43207646462778,79.03081474621662,-50.40539783979907,100.0,0.08,0.6,0.27,1.0,false
0.02,0.02,0.0,0.001,0.5,0.2,0.15,1.0,7.0,1.0,9.444915544185998,67.4900393845907,0.32879975420541996,-0.22948767101811424,-0.22948767101811424,-0.1778155946698109,true,0.0,0.32879975420541996,0.004973193591638975,0.004973193591638975,66.4432085635074,17.91786205475225,84.36107061825965,78.76050893683893,-46.6043644587939,100.0,0.08,0.6,0.27,1.0,false
0.02,0.02,0.0,0.001,0.5,0.2,0.15,1.0,7.0,1.0,9.67575968123128,79.16551030961183,0.6306314272223261,1.2767216524406377e-6,1.2767216524406377e-6,-0.005839490919152512,true,0.0,0.6306314272223261,0.009310917887270159,0.009310917887270159,68.36094919584129,8.958406054204191,77.31935525004548,88.41376001489753,-71.68560425641253,100.0,0.08,0.6,0.27,1.0,false
0.02,0.02,0.0,0.001,0.5,0.2,0.15,1.0,7.0,1.0,9.906603818276565,79.96148440247312,0.11765736354637113,1.9890571234873478e-7,1.9890571234873478e-7,7.690230490902403e-5,false,0.0,0.11765736354637113,0.001696665688934639,0.001696665688934639,69.46388409148233,8.541437862025296,78.00532195350762,89.05018574615188,-72.02840764812932,100.0,0.08,0.6,0.27,1.0,false
0.02,0.02,0.0,0.001,0.5,0.2,0.15,1.0,7.0,1.0,9.951459591103562,79.28047386465074,-3.0651200631538755e-6,-0.016284956114170836,-0.016284956114170836,-0.009367960992464236,true,0.0,3.0651200631538755e-6,-3.666594856669228e-5,3.666594856669228e-5,69.66021407260484,9.09906841219592,78.75928248480076,88.44698919908026,-70.00945084460875,100.0,0.08,0.6,0.27,1.0,false
0.02,0.02,0.0,0.001,0.5,0.2,0.15,1.0,7.0,1.0,10.137447955321848,77.73445315105535,-0.07171302575380878,-0.04631761155696958,-0.04631761155696958,-0.010325464112572966,true,0.0,0.07171302575380878,-0.0010105815595779866,0.0010105815595779866,70.89042266149913,10.260087034427803,81.15050969592693,87.35671892527526,-64.75356919436402,100.0,0.08,0.6,0.27,1.0,false
