gross_delta,delta,iota,kappa,lambda,sigmah,sigmal,V0,r,alpha,pi,xi,mu_b,m,c,p,vb,sg_debt,debt,debt_diff,abs_debt_diff,debt_per_diff,abs_debt_per_diff,eq_vb,eq_min_val,sg_equity,equity,eq_negative,firm_value,leverage,ROE,cvml_vb,cvmh_vb,eq_deriv
0.02,0.0198,0.0002,0.0025,NaN,NaN,0.3,100.0,0.08,0.6,0.27,1.0,1.0,5.0,1.219071907190719,11.950522937931819,45.95902776556981,59.754100088926265,59.71837133062323,-0.0342433590358695,0.0342433590358695,-0.0005730855329715927,0.0005730855329715927,6.004086117172847e-13,NaN,46.66945705919893,46.6666101859,false,106.38498151652323,56.13421225377385,15.850852429353912,NaN,NaN,NaN
