gross_delta,delta,iota,kappa,lambda,sigmah,sigmal,V0,r,alpha,pi,xi,mu_b,m,c,p,vb,sg_debt,debt,debt_diff,abs_debt_diff,debt_per_diff,abs_debt_per_diff,eq_vb,eq_min_val,sg_equity,equity,eq_negative,firm_value,leverage,ROE,cvml_vb,cvmh_vb,eq_deriv
0.02,0.018000000000000002,0.002,0.0025,NaN,NaN,0.25,100.0,0.08,0.6,0.27,1.0,1.0,10.0,0.7032953295329533,6.833034713957827,53.52264492588722,68.33164965338095,68.38963077342748,0.059283633849219086,0.059283633849219086,0.0008676032880108237,0.0008676032880108237,6.750155989720952e-14,NaN,33.28754980611988,33.19602775594767,false,101.58565852937515,67.3221316507502,5.016260702333741,NaN,NaN,NaN
