gross_delta,delta,iota,kappa,lambda,sigmah,sigmal,V0,r,alpha,pi,xi,mu_b,m,c,p,vb,sg_debt,debt,debt_diff,abs_debt_diff,debt_per_diff,abs_debt_per_diff,eq_vb,eq_min_val,sg_equity,equity,eq_negative,firm_value,leverage,ROE,cvml_vb,cvmh_vb,eq_deriv
0.02,0.01925,0.00075,0.0025,NaN,NaN,0.2,100.0,0.08,0.6,0.27,1.0,1.0,1.0,3.576207620762076,43.34302078995538,47.63105469101481,43.34309690031832,43.34307113531331,5.0345357927028545e-5,5.0345357927028545e-5,1.161556278483846e-6,1.161556278483846e-6,-9.592326932761353e-13,NaN,61.08598097408845,61.085768739948264,false,104.42883987526157,41.50488618573744,7.816943071233062,NaN,NaN,NaN
