gross_delta,delta,iota,kappa,lambda,sigmah,sigmal,mu_b,m,c,p,vb,debt_diff,eq_deriv,eq_deriv_min_val,eq_min_val,eq_negative,eq_vb,abs_debt_diff,debt_per_diff,abs_debt_per_diff,debt,equity,firm_value,leverage,ROE,V0,r,alpha,pi,xi,opt
0.02,0.02,0.0,0.004,0.3,0.25,0.15,1.0,5.0,8.0,16.840122170111744,91.21193104058273,23.832095515867366,-1.2209845466541556,-1.2209845466541556,-2.0175278995875607,true,0.0,23.832095515867366,0.28303946105765365,0.28303946105765365,108.03270636642608,0.4884918642572881,108.52119823068337,99.54986502893297,-106.0812862063403,100.0,0.08,0.6,0.27,1.0,false
0.02,0.02,0.0,0.004,0.3,0.25,0.15,1.0,5.0,8.0,17.335812528621283,91.21193104058273,22.281597504989534,-1.303978775550462,-1.303978775550462,-2.2711715718687113,true,0.0,22.281597504989534,0.2570585886090173,0.2570585886090173,108.96066014809595,0.015986043393400158,108.97664619148935,99.9853307621843,-100.17840251866707,100.0,0.08,0.6,0.27,1.0,false
0.02,0.02,0.0,0.004,0.3,0.25,0.15,1.0,5.0,8.0,17.64626154774241,91.41077820282224,21.04145161168357,-1.3385090727422382,-1.3385090727422382,-2.392275965929098,true,0.0,21.04145161168357,0.23877972011162638,0.23877972011162638,109.27275935039563,-0.40094978403287035,108.87180956636276,100.36827695399741,-95.67604669891747,100.0,0.08,0.6,0.27,1.0,false
0.02,0.02,0.0,0.004,0.3,0.25,0.15,1.0,5.0,8.0,17.831502887130817,91.21193104058273,21.777214318146733,-1.35358170060444,-1.35358170060444,-2.4375681681990233,true,0.0,21.777214318146733,0.2442555117871032,0.2442555117871032,110.93472875380083,-0.3233326614956913,110.61139609230513,100.29231405887498,-97.04306646487866,100.0,0.08,0.6,0.27,1.0,false
0.02,0.02,0.0,0.004,0.3,0.25,0.15,1.0,5.0,8.0,18.327193245640352,89.43622927874463,29.671475990828185,-1.3702166329487033,-1.3702166329487033,-2.4387987005683818,true,0.0,29.671475990828185,0.3237972731900603,0.3237972731900603,121.30744221902995,1.1859294674697578,122.49337168649971,99.03184192651261,-105.56579928871327,100.0,0.08,0.6,0.27,1.0,false
0.02,0.02,0.0,0.004,0.3,0.25,0.15,1.0,5.0,8.0,18.822883604149887,89.54418554696475,32.16932541333496,-1.3280403592992178,-1.3280403592992178,-2.306509493552376,true,0.0,32.16932541333496,0.3418108095429393,0.3418108095429393,126.2837434340844,1.2141282248827416,127.49787165896714,99.04772667254376,-104.61931241996632,100.0,0.08,0.6,0.27,1.0,false
