gross_delta,delta,iota,kappa,lambda,sigmah,sigmal,mu_b,m,c,p,vb,debt_diff,eq_deriv,eq_deriv_min_val,eq_min_val,eq_negative,eq_vb,abs_debt_diff,debt_per_diff,abs_debt_per_diff,debt,equity,firm_value,leverage,ROE,V0,r,alpha,pi,xi,opt
0.02,0.02,0.0,0.004,0.3,0.25,0.15,1.0,5.0,2.0,14.143694632621157,87.26704867417338,1.1993318313325574,0.0954290474856141,0.0954290474856141,0.010707086383101057,false,0.0,1.1993318313325574,0.016959243853673235,0.016959243853673235,71.91780499443834,5.916532302841007,77.83433729727935,92.39855761828679,-78.93137519460555,100.0,0.08,0.6,0.27,1.0,false
0.02,0.02,0.0,0.004,0.3,0.25,0.15,1.0,5.0,2.0,15.881578191758988,82.03568943796887,-7.267166797816915e-6,-0.2817016092808726,-0.2817016092808726,-0.313973631103748,true,0.0,7.267166797816915e-6,-0.0001810121648597132,0.0001810121648597132,79.40788369162809,9.052161262805468,88.46004495443356,89.76694928487963,-56.04064620048194,100.0,0.08,0.6,0.27,1.0,false
0.02,0.02,0.0,0.004,0.3,0.25,0.15,1.0,5.0,2.0,16.5982558782194,80.12938297914805,-0.424240897030586,-0.39128482767476286,-0.39128482767476286,-0.4245046956256353,true,0.0,0.424240897030586,-0.0051118732009341325,0.0051118732009341325,82.56703849406642,10.30712516245247,92.87416365651889,88.90205331961663,-40.87565007847759,100.0,0.08,0.6,0.27,1.0,false
0.02,0.02,0.0,0.004,0.3,0.25,0.15,1.0,5.0,2.0,17.00734941915244,77.92828083000872,-0.464553333124897,-0.5300885443692145,-0.5300885443692145,-0.6918268489651359,true,0.0,0.464553333124897,-0.0054629715857046,0.0054629715857046,84.5721937626373,12.26212248940016,96.83431625203745,87.33700720570519,-20.519338260134244,100.0,0.08,0.6,0.27,1.0,false
0.02,0.02,0.0,0.004,0.3,0.25,0.15,1.0,5.0,2.0,17.41644296008548,74.24505563756365,-0.32144494006327307,-0.7639480601480693,-0.7639480601480693,-1.2010249658355794,true,0.0,0.32144494006327307,-0.0036912811737729876,0.0036912811737729876,86.76076986036412,16.141917935076776,102.9026877954409,84.31341466302113,21.924898689922845,100.0,0.08,0.6,0.27,1.0,false
0.02,0.02,0.0,0.004,0.3,0.25,0.15,1.0,5.0,2.0,17.825536501018522,67.64197936416592,-0.11143795602535533,-1.146608781779283,-1.146608781779283,-2.07516073636385,true,0.0,0.11143795602535533,-0.0012503181154630376,0.0012503181154630376,89.01624454906725,25.02639394120396,114.04263849027122,78.05523068169023,127.84915462660544,100.0,0.08,0.6,0.27,1.0,false
