gross_delta,delta,iota,kappa,lambda,sigmah,sigmal,mu_b,m,c,p,vb,debt_diff,eq_deriv,eq_deriv_min_val,eq_min_val,eq_negative,eq_vb,abs_debt_diff,debt_per_diff,abs_debt_per_diff,debt,equity,firm_value,leverage,ROE,V0,r,alpha,pi,xi,opt
0.02,0.02,0.0,0.004,0.75,0.25,0.15,1.0,3.0,11.0,31.712429137650606,91.21193104058273,2.743356647104193,-1.066611495299248,-1.066611495299248,-1.4182030082995716,true,0.0,2.743356647104193,0.028835766939585006,0.028835766939585006,97.88064406005601,2.2376292871474397,100.11827334720346,97.76501410547954,5.580626876983175,100.0,0.08,0.6,0.27,1.0,false
0.02,0.02,0.0,0.004,0.75,0.25,0.15,1.0,3.0,11.0,32.04690846646335,91.813349330249,2.356314003683791e-5,-1.1240097764136665,-1.1240097764136665,-1.5698523993717406,true,0.0,2.356314003683791e-5,0.00046479433026069925,0.00046479433026069925,96.14074896253007,1.296618818724305,97.43736778125438,98.66927971449803,-66.40231987669947,100.0,0.08,0.6,0.27,1.0,false
0.02,0.02,0.0,0.004,0.75,0.25,0.15,1.0,3.0,11.0,32.564640674593775,91.21193104058273,-0.297678194675683,-1.2212120113323628,-1.2212120113323628,-1.8015344635192925,true,0.0,0.297678194675683,-0.003047049279106843,0.003047049279106843,97.39624382910564,1.51156300638936,98.90780683549501,98.47174550245218,-41.94682961153935,100.0,0.08,0.6,0.27,1.0,false
0.02,0.02,0.0,0.004,0.75,0.25,0.15,1.0,3.0,11.0,33.41685221153694,89.21538988115422,3.0907899289905316,-1.3038064924238157,-1.3038064924238157,-1.976526287826569,true,0.0,3.0907899289905316,0.03083065104821031,0.03083065104821031,103.34134656360136,3.204916722108871,106.54626328571024,96.99199519225306,-195.9169203524508,100.0,0.08,0.6,0.27,1.0,false
0.02,0.02,0.0,0.004,0.75,0.25,0.15,1.0,3.0,11.0,34.269063748480114,89.34733527308693,4.196483963421045,-1.1897364149609957,-1.1897364149609957,-1.6994539981277725,true,0.0,4.196483963421045,0.040818972997739254,0.040818972997739254,107.0036752088614,3.158134313628339,110.16180952248973,97.13318587692262,-145.0925295569462,100.0,0.08,0.6,0.27,1.0,false
0.02,0.02,0.0,0.004,0.75,0.25,0.15,1.0,3.0,11.0,35.12127528542328,89.47932924999202,8.500947563531781,-0.9986016011081107,-0.9986016011081107,-1.231926878233884,true,0.0,8.500947563531781,0.08068184212604614,0.08068184212604614,113.86477341980162,3.590441623017861,117.45521504281949,96.94313988381961,-125.89614351641698,100.0,0.08,0.6,0.27,1.0,false
