gross_delta,delta,iota,kappa,lambda,sigmah,sigmal,mu_b,m,c,p,vb,debt_diff,eq_deriv,eq_deriv_min_val,eq_min_val,eq_negative,eq_vb,abs_debt_diff,debt_per_diff,abs_debt_per_diff,debt,equity,firm_value,leverage,ROE,V0,r,alpha,pi,xi,opt
0.02,0.02,0.0,0.005,0.1,0.3,0.15,1.0,3.0,10.0,25.932940662487304,90.50786239967412,12.946306974067511,0.6698295661847999,0.6698295661847999,0.1155354993730051,false,0.0,12.946306974067511,0.16640749362701074,0.16640749362701074,90.74512896152942,12.956158571318571,103.70128753284799,87.50627028886731,39.99285908428656,100.0,0.08,0.6,0.27,1.0,false
0.02,0.02,0.0,0.005,0.1,0.3,0.15,1.0,3.0,10.0,30.136692901345615,94.86612746031487,0.00022262492479346863,0.2891371493314137,0.2891371493314137,0.2331781268501308,false,0.0,0.00022262492479346863,-0.0018591606648645006,0.0018591606648645006,90.41030132896167,4.348936541952493,94.75923787091416,95.41054081937969,-54.64991454750676,100.0,0.08,0.6,0.27,1.0,false
0.02,0.02,0.0,0.005,0.1,0.3,0.15,1.0,3.0,10.0,32.97362367815729,93.80158934451997,-8.35706302017168,-0.2685056194651269,-0.2685056194651269,-0.1040818216372709,true,0.0,8.35706302017168,-0.08448230320636195,0.08448230320636195,90.56380801430019,3.2774001202563396,93.84120813455654,96.50750434120907,-65.2677677052023,100.0,0.08,0.6,0.27,1.0,false
0.02,0.02,0.0,0.005,0.1,0.3,0.15,1.0,3.0,10.0,33.853709055116035,93.43845773775948,-9.820139204248832,-0.4233178874858395,-0.4233178874858395,-0.25022569590729243,true,0.0,9.820139204248832,-0.0966919083938583,0.0966919083938583,91.74098796109926,3.0431764913758323,94.7841644524751,96.78936190559375,-63.15326243572257,100.0,0.08,0.6,0.27,1.0,false
0.02,0.02,0.0,0.005,0.1,0.3,0.15,1.0,3.0,10.0,36.49396518599228,92.74017261184855,-8.810414953762418,-0.7263955350698658,-0.7263955350698658,-0.6798359443147696,true,0.0,8.810414953762418,-0.08047371584918171,0.08047371584918171,100.67148060421442,2.466970867793417,103.13845147200784,97.60809782134167,-467.39272174206263,100.0,0.08,0.6,0.27,1.0,false
0.02,0.02,0.0,0.005,0.1,0.3,0.15,1.0,3.0,10.0,40.01430669382727,88.86705630933687,9.458097390069781,-0.7108859525689802,-0.7108859525689802,-0.5453699052714845,true,0.0,9.458097390069781,0.07878929789153652,0.07878929789153652,129.5010174715516,9.19426694372729,138.69528441527888,93.37088713398649,-131.16593165843688,100.0,0.08,0.6,0.27,1.0,false
