gross_delta,delta,iota,kappa,lambda,sigmah,sigmal,mu_b,m,c,p,vb,debt_diff,eq_deriv,eq_deriv_min_val,eq_min_val,eq_negative,eq_vb,abs_debt_diff,debt_per_diff,abs_debt_per_diff,debt,equity,firm_value,leverage,ROE,V0,r,alpha,pi,xi,opt
0.02,0.02,0.0,0.005,0.1,0.3,0.15,1.0,3.0,7.0,30.403793010880033,91.76583841705497,-4.895329679436728,-0.07254732633864418,-0.07254732633864418,-0.009355135050022119,true,0.0,4.895329679436728,-0.05367016408868162,0.05367016408868162,86.31604935320337,5.4390091514955134,91.75505850469888,94.07225144843979,-60.25263981225504,100.0,0.08,0.6,0.27,1.0,false
0.02,0.02,0.0,0.005,0.1,0.3,0.15,1.0,3.0,7.0,30.403793010880033,91.76583841705498,-4.895329679436728,-0.07254732633864423,-0.07254732633864423,-0.009355135050022095,true,0.0,4.895329679436728,-0.05367016408868162,0.05367016408868162,86.3160493532034,5.439009151495514,91.75505850469891,94.07225144843979,-60.25263981225495,100.0,0.08,0.6,0.27,1.0,false
0.02,0.02,0.0,0.005,0.1,0.3,0.15,1.0,3.0,7.0,32.01971776124981,90.83663171116797,-5.649273619977208,-0.3713560711680363,-0.3713560711680363,-0.23375100913855,true,0.0,5.649273619977208,-0.058810362436672765,0.058810362436672765,90.40987966377222,5.106942070260839,95.51682173403306,94.65335845817698,-46.74788332979747,100.0,0.08,0.6,0.27,1.0,false
0.02,0.02,0.0,0.005,0.1,0.3,0.15,1.0,3.0,7.0,36.059529637174236,88.33124064476233,-5.277356377908646,-1.037850772886064,-1.037850772886064,-1.483336592697967,true,0.0,5.277356377908646,-0.048783742060315646,0.048783742060315646,102.90123253361406,4.6925398860790475,107.59377241969311,95.63865102919269,-261.74297756938336,100.0,0.08,0.6,0.27,1.0,false
0.02,0.02,0.0,0.005,0.1,0.3,0.15,1.0,3.0,7.0,36.86749201235913,88.31506579822745,-5.287798848870352,-1.1039908189452514,-1.1039908189452514,-1.6427525649783514,true,0.0,5.287798848870352,-0.04780904585804858,0.04780904585804858,105.31467718820704,4.3597907366870325,109.67446792489407,96.02478970796317,-182.03303008433235,100.0,0.08,0.6,0.27,1.0,false
0.02,0.02,0.0,0.005,0.1,0.3,0.15,1.0,3.0,7.0,38.4834167627289,88.46151015680559,-5.195609414708031,-1.2033842802068133,-1.2033842802068133,-1.8781991406694973,true,0.0,5.195609414708031,-0.04500301559969563,0.04500301559969563,110.25464087347868,3.7291979250526186,113.9838387985313,96.7283099390572,-136.36595343574976,100.0,0.08,0.6,0.27,1.0,false
