gross_delta,delta,iota,kappa,lambda,sigmah,sigmal,mu_b,m,c,p,vb,debt_diff,eq_deriv,eq_deriv_min_val,eq_min_val,eq_negative,eq_vb,abs_debt_diff,debt_per_diff,abs_debt_per_diff,debt,equity,firm_value,leverage,ROE,V0,r,alpha,pi,xi,opt
0.02,0.02,0.0,0.005,0.1,0.275,0.15,1.0,3.0,3.0,21.995036345739837,82.48003470057141,1.7522101938390904,0.703101668880769,0.7031016688807691,0.08287510980927207,false,0.0,1.7522101938390904,0.026554630573554706,0.026554630573554706,67.7373192310586,17.55993452119018,85.29725375224879,79.41324749775167,-45.571991841128224,100.0,0.08,0.6,0.27,1.0,false
0.02,0.02,0.0,0.005,0.1,0.275,0.15,1.0,3.0,3.0,22.6593567251462,80.54053321962398,1.8025632014183373,0.5299177680921913,0.5299177680921913,0.06202856783238892,false,0.0,1.8025632014183373,0.026516833984346143,0.026516833984346143,69.78063337685694,19.003792023122408,88.78442539997934,78.59557919363769,-37.113863900216124,100.0,0.08,0.6,0.27,1.0,false
0.02,0.02,0.0,0.005,0.1,0.275,0.15,1.0,3.0,3.0,25.316638242771646,78.16142378082398,0.6450394179101266,-9.261126559694031e-7,-9.261126559694031e-7,0.0015049463180486766,false,0.0,0.6450394179101266,0.008492957763251433,0.008492957763251433,76.59495414622506,19.549482554937036,96.1444367011621,79.66654834569253,-16.47321403651959,100.0,0.08,0.6,0.27,1.0,false
0.02,0.02,0.0,0.005,0.1,0.275,0.15,1.0,3.0,3.0,26.101294819065643,78.50971509007367,-1.8075444889611688e-5,-0.10895193971561325,-0.10895193971561323,-0.015943315450090964,true,0.0,1.8075444889611688e-5,9.56681898866218e-5,9.56681898866218e-5,78.30386638175204,18.532858211431158,96.8367245931832,80.8617461099714,-14.57990378597348,100.0,0.08,0.6,0.27,1.0,false
0.02,0.02,0.0,0.005,0.1,0.275,0.15,1.0,3.0,3.0,27.30959938099073,78.57076773621912,-0.9149868413629747,-0.3078908434999409,-0.3078908434999409,-0.19672325671348742,true,0.0,0.9149868413629747,-0.011168073523625366,0.011168073523625366,81.01381130160921,17.64618794024886,98.65999924185807,82.11414141916778,-7.05776593411559,100.0,0.08,0.6,0.27,1.0,false
0.02,0.02,0.0,0.005,0.1,0.275,0.15,1.0,3.0,3.0,29.96688089861618,67.69049836237642,-0.24659389450489755,-1.4521300767479637,-1.4521300767479637,-2.4481702503753917,true,0.0,0.24659389450489755,-0.002742960307182374,0.002742960307182374,89.65404880134363,30.723459821890277,120.37750862323391,74.4774084683454,196.9611902468702,100.0,0.08,0.6,0.27,1.0,false
