gross_delta,delta,iota,kappa,lambda,sigmah,sigmal,mu_b,m,c,p,vb,debt_diff,eq_deriv,eq_deriv_min_val,eq_min_val,eq_negative,eq_vb,abs_debt_diff,debt_per_diff,abs_debt_per_diff,debt,equity,firm_value,leverage,ROE,V0,r,alpha,pi,xi,opt
0.02,0.02,0.0,0.005,0.75,0.35,0.15,1.0,7.0,6.0,10.801547259989157,98.20848191374243,-0.21641400014507894,-3.18258412412172,-3.18258412412172,-16.91491852877227,true,0.0,0.21641400014507894,-0.0028622089956992247,0.0028622089956992247,75.39441681977902,-4.445922130240414,70.9484946895386,106.26640797623008,-118.06875332999316,100.0,0.08,0.6,0.27,1.0,false
0.02,0.02,0.0,0.005,0.75,0.35,0.15,1.0,7.0,6.0,10.801547259989157,98.20848191374245,-0.21641400014507917,-3.18258412412172,-3.18258412412172,-16.914918528772272,true,0.0,0.21641400014507917,-0.002862208995699228,0.002862208995699228,75.39441681977902,-4.445922130240414,70.9484946895386,106.26640797623008,-118.06875332999316,100.0,0.08,0.6,0.27,1.0,false
0.02,0.02,0.0,0.005,0.75,0.35,0.15,1.0,7.0,6.0,11.393432764329065,98.31056378099169,-4.853994719639218,-3.244348881806535,-3.244348881806535,-17.297240158063484,true,0.0,4.853994719639218,-0.06086206250870444,0.06086206250870444,74.90003463066424,-4.267140131567651,70.63289449909658,106.04129302901815,-117.00058174893242,100.0,0.08,0.6,0.27,1.0,false
0.02,0.02,0.0,0.005,0.75,0.35,0.15,1.0,7.0,6.0,11.985318268668973,97.88350528071602,-5.0568351776610285,-3.3312775094418976,-3.3312775094418976,-17.731363223098818,true,0.0,5.0568351776610285,-0.060274162870467815,0.060274162870467815,78.84039270302178,-5.487505666915552,73.35288703610622,107.48096753739831,-125.9338729206908,100.0,0.08,0.6,0.27,1.0,false
0.02,0.02,0.0,0.005,0.75,0.35,0.15,1.0,7.0,6.0,13.169089277348787,97.23362431386903,-6.963021896366783,-3.4980601934989353,-3.4980601934989353,-18.590481013691722,true,0.0,6.963021896366783,-0.0755342600249226,0.0755342600249226,85.22060304507472,-7.401615057659966,77.81898798741476,109.51132268496859,-150.08062967815042,100.0,0.08,0.6,0.27,1.0,false
0.02,0.02,0.0,0.005,0.75,0.35,0.15,1.0,7.0,6.0,14.056917533858648,96.71975914022147,-8.00178187601395,-3.625085011498269,-3.625085011498269,-19.228196833733396,true,0.0,8.00178187601395,-0.08132022499385293,0.08132022499385293,90.39664086099658,-8.887018561317586,81.509622299679,110.90302998662354,-192.54072905826817,100.0,0.08,0.6,0.27,1.0,false
