gross_delta,delta,iota,kappa,lambda,sigmah,sigmal,mu_b,m,c,p,vb,debt_diff,eq_deriv,eq_deriv_min_val,eq_min_val,eq_negative,eq_vb,abs_debt_diff,debt_per_diff,abs_debt_per_diff,debt,equity,firm_value,leverage,ROE,V0,r,alpha,pi,xi,opt
0.02,0.02,0.0,0.005,0.75,0.35,0.15,1.0,7.0,1.0,10.43196556497755,44.19492079498407,2.298207263565345,-2.2832977531593843,-2.2832977531593843,-5.474446357445516,true,0.0,2.298207263565345,0.031472048227297274,0.031472048227297274,75.32196621840819,45.09098028460346,120.41294650301165,62.5530463342032,82.71707010239354,100.0,0.08,0.6,0.27,1.0,false
0.02,0.02,0.0,0.005,0.75,0.35,0.15,1.0,7.0,1.0,10.673096723269094,53.73338941102961,7.01761641985336e-5,-1.9445022930509197,-1.9445022930509197,-4.6589390147210565,true,0.0,7.01761641985336e-5,-0.003232314456693558,0.003232314456693558,74.71174723904787,41.036666624553476,115.74841386360134,64.54667044257614,62.27561078446131,100.0,0.08,0.6,0.27,1.0,false
0.02,0.02,0.0,0.005,0.75,0.35,0.15,1.0,7.0,1.0,11.367443323279694,76.34756715799715,-8.979155331855083,-0.8020788879449868,-0.8020788879449868,-2.4227107149728133,true,0.0,8.979155331855083,-0.11284300607440434,0.11284300607440434,70.59294793110277,1.8368083768554224,72.42975630795819,97.46401414213567,-93.75385070032863,100.0,0.08,0.6,0.27,1.0,false
0.02,0.02,0.0,0.005,0.75,0.35,0.15,1.0,7.0,1.0,11.679269242713744,69.20368449760691,-8.83637168892652,-0.9327254950181675,-0.9327254950181675,-2.390481859611292,true,0.0,8.83637168892652,-0.10808371538239124,0.10808371538239124,72.91851301006969,8.358484130818768,81.27699714088845,89.71605198906417,-69.13580065257608,100.0,0.08,0.6,0.27,1.0,false
0.02,0.02,0.0,0.005,0.75,0.35,0.15,1.0,7.0,1.0,11.991095162147792,49.57122023735848,-4.683138940850853,-1.6001189715013544,-1.6001189715013544,-3.0950857485753325,true,0.0,4.683138940850853,-0.05579305640112584,0.05579305640112584,79.2545271941837,39.43099902333714,118.68552621752083,66.77691014229487,90.0703801375019,100.0,0.08,0.6,0.27,1.0,false
0.02,0.02,0.0,0.005,0.75,0.35,0.15,1.0,7.0,1.0,12.302921081581841,50.64639467507097,-4.344570673383146,-1.4578804601335351,-1.4578804601335351,-2.628924400538112,true,0.0,4.344570673383146,-0.05044760908607318,0.05044760908607318,81.77587689768974,37.887337656955296,119.66321455464504,68.33835878639731,107.89662934263404,100.0,0.08,0.6,0.27,1.0,false
