gross_delta,delta,iota,kappa,lambda,sigmah,sigmal,mu_b,m,c,p,vb,debt_diff,eq_deriv,eq_deriv_min_val,eq_min_val,eq_negative,eq_vb,abs_debt_diff,debt_per_diff,abs_debt_per_diff,debt,equity,firm_value,leverage,ROE,V0,r,alpha,pi,xi,opt
0.02,0.02,0.0,0.005,0.75,0.35,0.15,1.0,7.0,8.0,6.7257620498892,100.0,12.919668034961418,-3.764274163808769,-3.764274163808769,-20.657875061187553,true,0.0,12.919668034961418,0.27441750814954136,0.27441750814954136,60.00000238418582,0.929886820830669,60.92988920501649,98.47384127402269,-97.67528280935939,100.0,0.08,0.6,0.27,1.0,false
0.02,0.02,0.0,0.005,0.75,0.35,0.15,1.0,7.0,8.0,8.571427630046825,100.00001548541381,-0.00018454912047594085,-3.9683696448019496,-3.9683696448019496,-21.887750001017963,true,0.0,0.00018454912047594085,-1.667990334242031e-6,1.667990334242031e-6,59.99980886120731,0.9802537255406092,60.98006258674792,98.39250127999438,-97.54937739637462,100.0,0.08,0.6,0.27,1.0,false
0.02,0.02,0.0,0.005,0.75,0.35,0.15,1.0,7.0,8.0,8.57403371916139,100.0,-0.01823364994390886,-3.9686567781557827,-3.9686567781557827,-21.88948227059618,true,0.0,0.01823364994390886,-0.00030380183005612136,0.00030380183005612136,60.00000238418582,0.9803327798587332,60.980335164044554,98.39237882635193,-97.5491679042722,100.0,0.08,0.6,0.27,1.0,false
0.02,0.02,0.0,0.005,0.75,0.35,0.15,1.0,7.0,8.0,9.190124275585452,100.0,-4.330867544912351,-4.0364230153566325,-4.0364230153566325,-22.29914550797471,true,0.0,4.330867544912351,-0.0673217624708882,0.0673217624708882,60.00000238418582,1.0106755479199474,61.010677932105764,98.34344481625881,-97.47331097959773,100.0,0.08,0.6,0.27,1.0,false
0.02,0.02,0.0,0.005,0.75,0.35,0.15,1.0,7.0,8.0,9.806214832009516,100.0,-8.643501439880794,-4.104541304886323,-4.104541304886323,-22.710395901962254,true,0.0,8.643501439880794,-0.12591870983209277,0.12591870983209277,60.00000238418582,1.0277180278328137,61.02772041201863,98.31598162131185,-97.43070477727603,100.0,0.08,0.6,0.27,1.0,false
0.02,0.02,0.0,0.005,0.75,0.35,0.15,1.0,7.0,8.0,12.270577057705768,98.80748868306792,-10.991087366786871,-4.446494952979808,-4.446494952979808,-24.474493755052382,true,0.0,10.991087366786871,-0.1279610022192373,0.1279610022192373,74.90295203715351,-3.934142123981592,70.96880991317192,105.5434804793752,-115.67571664127858,100.0,0.08,0.6,0.27,1.0,false
