gross_delta,delta,iota,kappa,lambda,sigmah,sigmal,mu_b,m,c,p,vb,debt_diff,eq_deriv,eq_deriv_min_val,eq_min_val,eq_negative,eq_vb,abs_debt_diff,debt_per_diff,abs_debt_per_diff,debt,equity,firm_value,leverage,ROE,V0,r,alpha,pi,xi,opt
0.02,0.02,0.0,0.0025,0.2,0.2,0.15,1.0,3.0,4.0,28.481056000336874,80.99785012411259,1.5322151989000332,7.46226591000909e-7,7.46226591000909e-7,0.0010022010693866623,false,0.0,1.5322151989000332,0.01793256540864578,0.01793256540864578,86.97538319991065,20.01383951278738,106.98922271269804,81.29359293829879,53.66163795813239,100.0,0.08,0.6,0.27,1.0,false
0.02,0.02,0.0,0.0025,0.2,0.2,0.15,1.0,3.0,4.0,28.864423755182855,82.99313463831575,5.4554094417333984e-5,-0.024580813091186447,-0.024580813091186447,0.026425119907885274,false,0.0,5.4554094417333984e-5,0.001493258327655137,0.001493258327655137,86.59332581964296,16.38046464517681,102.97379046481977,84.09258844290764,22.181418186300483,100.0,0.08,0.6,0.27,1.0,false
0.02,0.02,0.0,0.0025,0.2,0.2,0.15,1.0,3.0,4.0,32.106989646333055,79.9731558298406,-1.6105527430408557,-0.5248221619755561,-0.5248221619755561,-0.42279950143036854,true,0.0,1.6105527430408557,-0.01672068668724493,0.01672068668724493,94.7104161959583,19.725266016894103,114.43568221285241,82.76301094600478,272.9077134919821,100.0,0.08,0.6,0.27,1.0,false
0.02,0.02,0.0,0.0025,0.2,0.2,0.15,1.0,3.0,4.0,33.315634194998445,76.90136124055314,-0.9535372254843821,-0.6762446189706716,-0.6762446189706716,-0.6075326089097727,true,0.0,0.9535372254843821,-0.009540437980791744,0.009540437980791744,98.99336535951096,24.79136789144138,123.78473325095234,79.97219266031689,2362.7970163432215,100.0,0.08,0.6,0.27,1.0,false
0.02,0.02,0.0,0.0025,0.2,0.2,0.15,1.0,3.0,4.0,33.91995646933114,76.28156656161417,-1.0886067875304946,-0.7142138043456622,-0.7142138043456622,-0.6489664019909346,true,0.0,1.0886067875304946,-0.010697800555991894,0.010697800555991894,100.67126262046293,25.96623533319406,126.63749795365699,79.49561879160278,-3968.267730338812,100.0,0.08,0.6,0.27,1.0,false
0.02,0.02,0.0,0.0025,0.2,0.2,0.15,1.0,3.0,4.0,35.12860101799654,74.03399640984979,-0.6816335038119377,-0.7892043817983578,-0.7892043817983578,-0.7020452090040736,true,0.0,0.6816335038119377,-0.006467982252436164,0.006467982252436164,104.70416955017767,30.76917591655939,135.47334546673704,77.28765329404655,-754.0830552206032,100.0,0.08,0.6,0.27,1.0,false
