gross_delta,delta,iota,kappa,lambda,sigmah,sigmal,mu_b,m,c,p,vb,debt_diff,eq_deriv,eq_deriv_min_val,eq_min_val,eq_negative,eq_vb,abs_debt_diff,debt_per_diff,abs_debt_per_diff,debt,equity,firm_value,leverage,ROE,V0,r,alpha,pi,xi,opt
0.02,0.02,0.0,0.0025,0.2,0.2,0.15,1.0,3.0,6.0,32.92798885151673,88.07199900711174,-3.9978577110375113,-0.21411085365717952,-0.21411085365717952,-0.07460888996650922,true,0.0,3.9978577110375113,-0.040470714534729946,0.040470714534729946,94.78610884351268,10.579429442957407,105.36553828647008,89.95930774425143,102.9085212067398,100.0,0.08,0.6,0.27,1.0,false
0.02,0.02,0.0,0.0025,0.2,0.2,0.15,1.0,3.0,6.0,34.25300556371426,86.84423989548227,-4.127244654435216,-0.4058032189054165,-0.4058032189054165,-0.24588292087564428,true,0.0,4.127244654435216,-0.040164306620802455,0.040164306620802455,98.63177203670757,11.539854960459108,110.17162699716668,89.5255654518419,743.4161024373639,100.0,0.08,0.6,0.27,1.0,false
0.02,0.02,0.0,0.0025,0.2,0.2,0.15,1.0,3.0,6.0,34.547957233366134,83.60608080146208,-0.00025543215909362704,-0.4318427637155575,-0.4318427637155575,-0.25036115863696096,true,0.0,0.00025543215909362704,-0.00027668051818491995,0.00027668051818491995,103.64361626793931,17.422988260898254,121.06660452883756,85.60875781665442,-578.1784628146927,100.0,0.08,0.6,0.27,1.0,false
0.02,0.02,0.0,0.0025,0.2,0.2,0.15,1.0,3.0,6.0,34.91551391981303,80.69079203566031,3.804349607049602,-0.44740989025739475,-0.44740989025739475,-0.24563384454430212,true,0.0,3.804349607049602,0.03631957239969479,0.03631957239969479,108.55089136648868,22.795218690090827,131.3461100565795,82.64492288331081,-366.5829527366735,100.0,0.08,0.6,0.27,1.0,false
0.02,0.02,0.0,0.0025,0.2,0.2,0.15,1.0,3.0,6.0,35.5780222759118,80.82142846286541,3.9043158195732843,-0.42813920412012324,-0.42813920412012324,-0.22133680965065702,true,0.0,3.9043158195732843,0.036579846862527,0.036579846862527,110.63838264730869,22.794169227670757,133.43255187497945,82.91708514349038,-314.26348330718537,100.0,0.08,0.6,0.27,1.0,false
0.02,0.02,0.0,0.0025,0.2,0.2,0.15,1.0,3.0,6.0,36.90303898810934,81.82798620976752,3.222913783923147,-0.41519016437758755,-0.41519016437758755,-0.2062011396512177,true,0.0,3.222913783923147,0.029111548102778325,0.029111548102778325,113.93203074825117,21.259677265441713,135.19170801369287,84.27442216848948,-252.59568148821634,100.0,0.08,0.6,0.27,1.0,false
