gross_delta,delta,iota,kappa,lambda,sigmah,sigmal,V0,r,alpha,pi,xi,mu_b,m,c,p,vb,sg_debt,debt,debt_diff,abs_debt_diff,debt_per_diff,abs_debt_per_diff,eq_vb,eq_min_val,sg_equity,equity,eq_negative,firm_value,leverage,ROE,cvml_vb,cvmh_vb,eq_deriv
0.02,0.0199,0.0001,0.005,NaN,NaN,0.2,100.0,0.08,0.6,0.27,1.0,1.0,10.0,0.7449494949494949,7.575395635972194,57.38437739287512,75.75505315963163,76.18542975022015,0.431473390498212,0.431473390498212,0.005695720873631157,0.005695720873631157,9.237055564881302e-14,NaN,36.5940012406932,36.50399565906322,false,112.68942540928337,67.60654735217416,53.28429308692093,NaN,NaN,NaN
