gross_delta,delta,iota,kappa,lambda,sigmah,sigmal,mu_b,m,c,p,vb,debt_diff,eq_deriv,eq_deriv_min_val,eq_min_val,eq_negative,eq_vb,abs_debt_diff,debt_per_diff,abs_debt_per_diff,debt,equity,firm_value,leverage,ROE,V0,r,alpha,pi,xi,opt
0.02,0.02,0.0,0.0025,0.2,0.3,0.15,1.0,3.0,11.0,32.07555097615025,91.21193104058273,3.0041439859499945,-0.8077214437873889,-0.8077214437873889,-0.8332272754343775,true,0.0,3.0041439859499945,0.031219458377958174,0.031219458377958174,99.23079691440073,3.8800005639032014,103.11079747830392,96.23705697289402,404.4182266742158,100.0,0.08,0.6,0.27,1.0,false
0.02,0.02,0.0,0.0025,0.2,0.3,0.15,1.0,3.0,11.0,33.01169722235382,91.21193104058273,1.2787348069608981,-0.955558895283923,-0.955558895283923,-1.133772670303381,true,0.0,1.2787348069608981,0.012911936420069964,0.012911936420069964,100.31382647402235,3.1141687393156525,103.42799521333801,96.9890465991416,-1092.321871192383,100.0,0.08,0.6,0.27,1.0,false
0.02,0.02,0.0,0.0025,0.2,0.3,0.15,1.0,3.0,11.0,33.79332162394058,91.34392087695477,-9.126603349063345e-6,-1.046261743374529,-1.046261743374529,-1.3412338186545627,true,0.0,9.126603349063345e-6,0.00011464892550643035,0.00011464892550643035,101.37995574521834,2.426550830421964,103.8065065756403,97.66242896474527,-275.8426557395165,100.0,0.08,0.6,0.27,1.0,false
0.02,0.02,0.0,0.0025,0.2,0.3,0.15,1.0,3.0,11.0,33.94784346855738,91.21193104058273,0.32656509037103376,-1.0596818576567306,-1.0596818576567306,-1.3687737775824487,true,0.0,0.32656509037103376,0.003206537411558995,0.003206537411558995,102.17009549604317,2.519056698240276,104.68915219428345,97.59377486067957,-216.08045373272176,100.0,0.08,0.6,0.27,1.0,false
0.02,0.02,0.0,0.0025,0.2,0.3,0.15,1.0,3.0,11.0,34.88398971476095,89.44205419094406,6.10146070404258,-1.101815823519504,-1.101815823519504,-1.4169124412280092,true,0.0,6.10146070404258,0.05830239749842207,0.05830239749842207,110.75342984832542,4.554308902725125,115.30773875105055,96.05030074125564,-142.35215151781867,100.0,0.08,0.6,0.27,1.0,false
0.02,0.02,0.0,0.0025,0.2,0.3,0.15,1.0,3.0,11.0,35.82013596096452,89.57941391792053,7.519887251191562,-1.062175977206025,-1.062175977206025,-1.3106100705443526,true,0.0,7.519887251191562,0.06997821243509945,0.06997821243509945,114.98029513408513,4.532801348895632,119.51309648298076,96.20727645564675,-130.25842487296535,100.0,0.08,0.6,0.27,1.0,false
