gross_delta,delta,iota,kappa,lambda,sigmah,sigmal,mu_b,m,c,p,vb,debt_diff,eq_deriv,eq_deriv_min_val,eq_min_val,eq_negative,eq_vb,abs_debt_diff,debt_per_diff,abs_debt_per_diff,debt,equity,firm_value,leverage,ROE,V0,r,alpha,pi,xi,opt
0.02,0.02,0.0,0.005,0.1,0.2,0.15,1.0,10.0,1.0,8.01722277490907,83.08811993819482,1.5107370206616082,0.4218306536965051,0.4218306536965051,0.0326351855224677,false,0.0,1.5107370206616082,0.018843645275639014,0.018843645275639014,81.68296476975232,13.248608929786032,94.93157369953835,86.04404371119104,-27.670560419581147,100.0,0.08,0.6,0.27,1.0,false
0.02,0.02,0.0,0.005,0.1,0.2,0.15,1.0,10.0,1.0,8.3802564466973,80.76062465218574,1.2736644559742132,0.22853545836111555,0.22853545836111555,0.018348152431670563,false,0.0,1.2736644559742132,0.015198394751704411,0.015198394751704411,85.07622892294722,14.196306275422769,99.27253519837,85.69966381229693,-4.874537393223477,100.0,0.08,0.6,0.27,1.0,false
0.02,0.02,0.0,0.005,0.1,0.2,0.15,1.0,10.0,1.0,8.784502113026878,79.51856442371947,2.5210804296939282e-5,0.07276439957230518,0.07276439957230518,0.05387771927837287,false,0.0,2.5210804296939282e-5,0.00032908597907421733,0.00032908597907421733,87.84504634107306,14.5254912595846,102.37053760065766,85.81086746242575,19.50264614062651,100.0,0.08,0.6,0.27,1.0,false
0.02,0.02,0.0,0.005,0.1,0.2,0.15,1.0,10.0,1.0,9.106323790273764,78.29110421936223,-0.8688919238887394,-0.06577863361258866,-0.06577863361258866,-0.014555042365043335,true,0.0,0.8688919238887394,-0.00954163220966051,0.00954163220966051,90.1943459788489,14.799947269305799,104.9942932481547,85.90404600912353,50.93279078970006,100.0,0.08,0.6,0.27,1.0,false
0.02,0.02,0.0,0.005,0.1,0.2,0.15,1.0,10.0,1.0,10.013907969744343,65.72020987258037,-0.3192875539948261,-0.9325939057621032,-0.9325939057621032,-1.625405234808707,true,0.0,0.3192875539948261,-0.003188441065760839,0.003188441065760839,99.81979214344861,26.423167069536284,126.24295921298489,79.06959149701358,14562.605490788374,100.0,0.08,0.6,0.27,1.0,false
0.02,0.02,0.0,0.005,0.1,0.2,0.15,1.0,10.0,1.0,10.195424805638458,60.574835341365834,-0.15144708861224387,-1.2489290808149758,-1.2489290808149758,-2.342241118114438,true,0.0,0.15144708861224387,-0.0014854416711355457,0.0014854416711355457,101.80280096777234,33.66287458985762,135.46567555762996,75.15025525743846,-1967.2540780502054,100.0,0.08,0.6,0.27,1.0,false
