gross_delta,delta,iota,kappa,lambda,sigmah,sigmal,mu_b,m,c,p,vb,debt_diff,eq_deriv,eq_deriv_min_val,eq_min_val,eq_negative,eq_vb,abs_debt_diff,debt_per_diff,abs_debt_per_diff,debt,equity,firm_value,leverage,ROE,V0,r,alpha,pi,xi,opt
0.02,0.02,0.0,0.005,0.75,0.275,0.15,1.0,1.0,8.5,59.10668172080366,65.3506558681652,1.6942419200514323,-5.988048598637441e-16,0.016066174651607715,0.039426426139695984,false,0.0,1.6942419200514323,0.028664135267385742,0.028664135267385742,60.80092364085509,45.847984966125615,106.64890860698071,57.01035710071519,16.9619012092604,100.0,0.08,0.6,0.27,1.0,false
0.02,0.02,0.0,0.005,0.75,0.275,0.15,1.0,1.0,8.5,66.05581873976871,73.52615075560428,0.6485953135213407,-8.673617379884035e-16,0.014924693602952973,0.02553818667897605,false,0.0,0.6485953135213407,0.009818897500559717,0.009818897500559717,66.70441405329005,32.705738275563334,99.41015232885339,67.1002030382458,-1.7715491539649575,100.0,0.08,0.6,0.27,1.0,false
0.02,0.02,0.0,0.005,0.75,0.275,0.15,1.0,1.0,8.5,67.79310299450998,75.56700561629327,0.1405565141756,1.8596235662471372e-15,-0.012994542542367676,-0.022517378734358183,true,0.0,0.1405565141756,0.002073315838441302,0.002073315838441302,67.93365950868558,29.246156595457016,97.17981610414259,69.90511222606615,-8.794841733253866,100.0,0.08,0.6,0.27,1.0,false
0.02,0.02,0.0,0.005,0.75,0.275,0.15,1.0,1.0,8.5,68.2218169171917,76.07124270073784,-1.9366193331404316e-5,1.8615855738211925e-15,-0.015244012223344733,-0.027835007335694096,true,0.0,1.9366193331404316e-5,-1.2212799213990186e-7,1.2212799213990186e-7,68.22179755099836,28.3893446849668,96.61114223596516,70.61483382979984,-10.664095206370948,100.0,0.08,0.6,0.27,1.0,true
0.02,0.02,0.0,0.005,0.75,0.275,0.15,1.0,1.0,8.5,71.2676715039925,79.65822395785446,-1.1697842787654906,-1.124100812432971e-15,0.0012216767479582835,-0.0063852850125622265,true,0.0,1.1697842787654906,-0.01641395395807141,0.01641395395807141,70.09788722522701,22.34048300345558,92.4383702286826,75.83202413869085,-25.287944795983776,100.0,0.08,0.6,0.27,1.0,false
0.02,0.02,0.0,0.005,0.75,0.275,0.15,1.0,1.0,8.5,73.00495575873377,81.70365759069333,-1.9687754671281255,1.409706769719965e-15,0.0021214182731796073,0.018322182513449317,false,0.0,1.9687754671281255,-0.026967696188112487,0.026967696188112487,71.03618029160565,18.985290478817205,90.02147077042285,78.91026405552246,-34.451703297563164,100.0,0.08,0.6,0.27,1.0,false
