gross_delta,delta,iota,kappa,lambda,sigmah,sigmal,mu_b,m,c,p,vb,debt_diff,eq_deriv,eq_deriv_min_val,eq_min_val,eq_negative,eq_vb,abs_debt_diff,debt_per_diff,abs_debt_per_diff,debt,equity,firm_value,leverage,ROE,V0,r,alpha,pi,xi,opt
0.02,0.02,0.0,0.005,0.75,0.275,0.15,1.0,1.0,6.0,57.53252956874635,64.74228225915246,0.5419171837052801,1.4228798261156639e-15,0.012050065440598568,0.0344660905090718,false,-2.963820470739418e-7,0.5419171837052801,0.009419317867081377,0.009419317867081377,58.07444675245163,43.87356121956604,101.94800797201768,56.964768520432195,4.646350068455174,100.0,0.08,0.6,0.27,1.0,false
0.02,0.02,0.0,0.005,0.75,0.275,0.15,1.0,1.0,6.0,59.02970954990236,66.51046857740663,0.4795929399693648,1.250735626179278e-15,0.02973992803878838,0.04852332179956348,false,-2.7176668085146095e-7,0.4795929399693648,0.00812460274031889,0.00812460274031889,59.50930248987172,41.37631682734279,100.88561931721452,58.986903081554864,2.1872167477307247,100.0,0.08,0.6,0.27,1.0,false
0.02,0.02,0.0,0.005,0.75,0.275,0.15,1.0,1.0,6.0,60.526889531058366,68.27166524967338,0.3763190378807053,-1.1796119636642288e-16,0.01510103164069209,-0.010479633526773951,true,0.0,0.3763190378807053,0.006217386037780836,0.006217386037780836,60.90320856893907,38.812304764268205,99.71551333320727,61.07696438910782,-0.7276470942490398,100.0,0.08,0.6,0.27,1.0,false
0.02,0.02,0.0,0.005,0.75,0.275,0.15,1.0,1.0,6.0,62.02406951221438,70.03343845109096,0.19021559729868898,1.609823385706477e-15,-0.011458185869611975,-0.027241962965576502,true,0.0,0.19021559729868898,0.003066802916910021,0.003066802916910021,62.21428510951307,36.181798851086704,98.39608396059978,63.22841581218335,-4.2447682782998815,100.0,0.08,0.6,0.27,1.0,false
0.02,0.02,0.0,0.005,0.75,0.275,0.15,1.0,1.0,6.0,63.14671120390151,71.35701801693719,-2.7171061544040143e-6,2.1479951116992532e-15,-0.010245536061900344,0.008667481834724003,false,-2.5681118692372637e-8,2.7171061544040143e-6,-1.5126440509884934e-6,1.5126440509884934e-6,63.14670848679535,34.17200025488719,97.31870874168254,64.88650466418386,-7.2755814968569315,100.0,0.08,0.6,0.27,1.0,true
0.02,0.02,0.0,0.005,0.75,0.275,0.15,1.0,1.0,6.0,63.52124949337039,71.79928379439997,-0.0714992192369337,1.588573023125761e-15,-0.0011532015619879253,0.03089056113344314,false,0.0,0.0714992192369337,-0.0011255952898784833,0.0011255952898784833,63.44975027413346,33.49547306636953,96.94522334050299,65.44907328881735,-8.35774497413394,100.0,0.08,0.6,0.27,1.0,false
