gross_delta,delta,iota,kappa,lambda,sigmah,sigmal,mu_b,m,c,p,vb,debt_diff,eq_deriv,eq_deriv_min_val,eq_min_val,eq_negative,eq_vb,abs_debt_diff,debt_per_diff,abs_debt_per_diff,debt,equity,firm_value,leverage,ROE,V0,r,alpha,pi,xi,opt
0.02,0.02,0.0,0.0025,0.2,0.2,0.15,1.0,7.0,3.0,13.581683168316832,91.21193104058273,0.053423162701022875,-0.4573646513881495,-0.4573646513881495,-0.4950708596020299,true,0.0,0.053423162701022875,0.0005619244898646994,0.0005619244898646994,95.12520534091885,2.181602878163073,97.30680821908193,97.75801619836169,-55.24728669136836,100.0,0.08,0.6,0.27,1.0,false
0.02,0.02,0.0,0.0025,0.2,0.2,0.15,1.0,7.0,3.0,13.587911541431646,91.21752252161062,-6.321366367856183e-5,-0.45821872175869716,-0.45821872175869716,-0.49670578874468263,true,0.0,6.321366367856183e-5,6.171666930476859e-6,6.171666930476859e-6,95.11531757635784,2.17301037284964,97.28832794920748,97.76642232562149,-55.51378402141074,100.0,0.08,0.6,0.27,1.0,false
0.02,0.02,0.0,0.0025,0.2,0.2,0.15,1.0,7.0,3.0,13.857760776077608,91.21193104058273,-1.642808131965154,-0.5064164611302304,-0.5064164611302304,-0.5959185553965547,true,0.0,1.642808131965154,-0.016935411123574707,0.016935411123574707,95.3615173005781,1.9381325339233935,97.2996498345015,98.00807861362297,-58.21623881091664,100.0,0.08,0.6,0.27,1.0,false
0.02,0.02,0.0,0.0025,0.2,0.2,0.15,1.0,7.0,3.0,14.685993599359936,89.6985295081668,-2.2737399555294644,-0.7062458935319628,-0.7062458935319628,-1.0570656406518737,true,0.0,2.2737399555294644,-0.022117672287506857,0.022117672287506857,100.52821523999009,2.1276546143540886,102.65586985434417,97.92739117853372,-502.8006867795046,100.0,0.08,0.6,0.27,1.0,false
0.02,0.02,0.0,0.0025,0.2,0.2,0.15,1.0,7.0,3.0,14.962071207120712,89.27218997204275,-2.432417019421095,-0.7581594577548835,-0.7581594577548835,-1.1904224457997459,true,0.0,2.432417019421095,-0.02322460178282064,0.02322460178282064,102.30208143042388,2.2052511032259297,104.50733253364982,97.88985992679903,-195.7937922647626,100.0,0.08,0.6,0.27,1.0,false
0.02,0.02,0.0,0.0025,0.2,0.2,0.15,1.0,7.0,3.0,15.238148814881487,88.88484808664744,-2.4415385181699776,-0.8029115629241238,-0.8029115629241238,-1.3084984568359599,true,0.0,2.4415385181699776,-0.02288934312944876,0.02288934312944876,104.22550318600044,2.28963880676952,106.51514199276995,97.85041003191365,-154.18618105307195,100.0,0.08,0.6,0.27,1.0,false
