gross_delta,delta,iota,kappa,lambda,sigmah,sigmal,mu_b,m,c,p,vb,debt_diff,eq_deriv,eq_deriv_min_val,eq_min_val,eq_negative,eq_vb,abs_debt_diff,debt_per_diff,abs_debt_per_diff,debt,equity,firm_value,leverage,ROE,V0,r,alpha,pi,xi,opt
0.02,0.02,0.0,0.005,0.2,0.3,0.15,1.0,3.0,3.0,23.59742816386902,83.44688764127731,0.01775043256839126,4.5465312933749835e-8,4.5465312933749835e-8,0.0015202471591804867,false,0.0,0.01775043256839126,0.0002507396490431906,0.0002507396490431906,70.81003492417545,9.90598320865572,80.71601813283118,87.72736386431521,-66.06373737370461,100.0,0.08,0.6,0.27,1.0,false
0.02,0.02,0.0,0.005,0.2,0.3,0.15,1.0,3.0,3.0,23.61196135134721,83.45141754784083,2.5363226965696086e-5,-0.0029527867787315864,-0.0029527867787315864,-0.0026596917572914787,false,0.0,2.5363226965696086e-5,1.1104704900320142e-5,1.1104704900320142e-5,70.83590941726861,9.892257504728576,80.72816692199719,87.74621314728121,-66.08069270438362,100.0,0.08,0.6,0.27,1.0,false
0.02,0.02,0.0,0.005,0.2,0.3,0.15,1.0,3.0,3.0,25.680520683647313,81.08190150830404,-0.9496955682835875,-0.36250365339803103,-0.36250365339803103,-0.33231557537720324,true,0.0,0.9496955682835875,-0.01232705494283233,0.01232705494283233,76.09186648265835,10.869968444176044,86.96183492683438,87.50030004159696,-54.53443307779939,100.0,0.08,0.6,0.27,1.0,false
0.02,0.02,0.0,0.005,0.2,0.3,0.15,1.0,3.0,3.0,27.069249030166173,76.00885144236221,-0.5770370038784591,-0.8226453033053617,-0.8226453033053617,-1.257647560691834,true,0.0,0.5770370038784591,-0.007105689106673589,0.007105689106673589,80.63071008662006,15.380267560639805,96.01097764725986,83.98071977024728,-20.59457197749205,100.0,0.08,0.6,0.27,1.0,false
0.02,0.02,0.0,0.005,0.2,0.3,0.15,1.0,3.0,3.0,27.763613203425606,71.75605662721509,-0.33675521878046766,-1.223516542051055,-1.223516542051055,-2.230990037368309,true,0.0,0.33675521878046766,-0.004043124314224313,0.004043124314224313,82.95408439149635,20.338221311681206,103.29230570317756,80.31003260772836,19.314337691165928,100.0,0.08,0.6,0.27,1.0,false
0.02,0.02,0.0,0.005,0.2,0.3,0.15,1.0,3.0,3.0,28.457977376685037,63.01844428473954,-0.08847985028504013,-1.793396265008724,-1.793396265008724,-3.377239579390643,true,0.0,0.08847985028504013,-0.0010363801698890195,0.0010363801698890195,85.28545227977007,34.2860432764197,119.57149555618977,71.325905796413,133.0077956068088,100.0,0.08,0.6,0.27,1.0,false
