gross_delta,delta,iota,kappa,lambda,sigmah,sigmal,mu_b,m,c,p,vb,debt_diff,eq_deriv,eq_deriv_min_val,eq_min_val,eq_negative,eq_vb,abs_debt_diff,debt_per_diff,abs_debt_per_diff,debt,equity,firm_value,leverage,ROE,V0,r,alpha,pi,xi,opt
0.02,0.02,0.0,0.005,0.2,0.2,0.15,1.0,5.0,11.0,15.67870208073439,91.21193104058273,48.548187243960626,-0.3972377424749422,-0.3972377424749422,-0.17050804321890486,true,0.0,48.548187243960626,0.6192883440730145,0.6192883440730145,126.94169764763257,8.695826828083579,135.63752447571613,93.58892248904142,-132.27646209164442,100.0,0.08,0.6,0.27,1.0,false
0.02,0.02,0.0,0.005,0.2,0.2,0.15,1.0,5.0,11.0,16.143565672356708,91.21193104058273,47.12658313619279,-0.4825282474876091,-0.4825282474876091,-0.24861623651954487,true,0.0,47.12658313619279,0.5838435460003681,0.5838435460003681,127.84441149797634,8.203929387074956,136.0483408850513,93.96984238565133,-129.46346841509362,100.0,0.08,0.6,0.27,1.0,false
0.02,0.02,0.0,0.005,0.2,0.2,0.15,1.0,5.0,11.0,16.42693540559926,91.41219853813281,45.67067631382612,-0.5219126368637909,-0.5219126368637909,-0.29067558117033093,true,0.0,45.67067631382612,0.55648872226092,0.55648872226092,127.8053533418224,7.556691775783511,135.3620451176059,94.41742198175415,-127.17711112276136,100.0,0.08,0.6,0.27,1.0,false
0.02,0.02,0.0,0.005,0.2,0.2,0.15,1.0,5.0,11.0,16.60842926397903,91.21193104058273,46.695964997628295,-0.5402301583461753,-0.5402301583461753,-0.3089145424765452,true,0.0,46.695964997628295,0.5623164509470406,0.5623164509470406,129.73811131752345,7.823214814323639,137.5613261318471,94.31292570789452,-126.30703318981034,100.0,0.08,0.6,0.27,1.0,false
0.02,0.02,0.0,0.005,0.2,0.2,0.15,1.0,5.0,11.0,17.07329285560135,89.43486384113103,56.997646015982596,-0.5552768632872451,-0.5552768632872451,-0.3124165852873522,true,0.0,56.997646015982596,0.6676819345634665,0.6676819345634665,142.36411029398934,11.164771816017465,153.5288821100068,92.72790131565104,-126.35431675193598,100.0,0.08,0.6,0.27,1.0,false
0.02,0.02,0.0,0.005,0.2,0.2,0.15,1.0,5.0,11.0,17.53815644722367,89.5425660131171,59.35662155953925,-0.5104599186093872,-0.5104599186093872,-0.2636510933403002,true,0.0,59.35662155953925,0.6768855294244513,0.6768855294244513,147.0474037956576,11.102127691240868,158.14953148689847,92.97998066332521,-123.59774779382317,100.0,0.08,0.6,0.27,1.0,false
