gross_delta,delta,iota,kappa,lambda,sigmah,sigmal,mu_b,m,c,p,vb,debt_diff,eq_deriv,eq_deriv_min_val,eq_min_val,eq_negative,eq_vb,abs_debt_diff,debt_per_diff,abs_debt_per_diff,debt,equity,firm_value,leverage,ROE,V0,r,alpha,pi,xi,opt
0.02,0.02,0.0,0.004,0.75,0.2,0.15,1.0,7.0,7.0,8.498724872487248,100.0,0.5089282767750802,-2.5046323799747925,-2.5046323799747925,-9.677769161057576,true,0.0,0.5089282767750802,0.008554699749683686,0.008554699749683686,60.00000238418582,0.2928858071821065,60.29288819136793,99.51422826809608,-99.26778543840135,100.0,0.08,0.6,0.27,1.0,false
0.02,0.02,0.0,0.004,0.75,0.2,0.15,1.0,7.0,7.0,8.55496359795397,100.01105471894854,0.00011855386772607092,-2.509231331044606,-2.509231331044606,-9.699911638063872,true,0.0,0.00011855386772607092,0.00034640966522544845,0.00034640966522544845,59.884863739545516,0.3230146180135996,60.20787835755912,99.46350107855437,-99.19478120199724,100.0,0.08,0.6,0.27,1.0,false
0.02,0.02,0.0,0.004,0.75,0.2,0.15,1.0,7.0,7.0,9.302663161052948,100.0,-5.118639743184815,-2.5768732692050342,-2.5768732692050342,-10.007793030793856,true,0.0,5.118639743184815,-0.07860482921577001,0.07860482921577001,60.00000238418582,0.3098853848521113,60.30988776903793,99.48617814372521,-99.2252864916932,100.0,0.08,0.6,0.27,1.0,false
0.02,0.02,0.0,0.004,0.75,0.2,0.15,1.0,7.0,7.0,11.446498597228144,99.06791620962902,-10.137955928060933,-2.8090663903557043,-2.8090663903557043,-10.966444947482305,true,0.0,10.137955928060933,-0.1265259770044554,0.1265259770044554,69.98753425253608,-2.1146219598812497,67.87291229265483,103.11556096305902,-107.04581215577042,100.0,0.08,0.6,0.27,1.0,false
0.02,0.02,0.0,0.004,0.75,0.2,0.15,1.0,7.0,7.0,11.982457456271943,98.71644994851205,-10.040970418434043,-2.8729999415926133,-2.8729999415926133,-11.216481526461303,true,0.0,10.040970418434043,-0.1197103641490303,0.1197103641490303,73.83623177546956,-3.0114254941014256,70.82480628136813,104.25193608315402,-111.50990739658822,100.0,0.08,0.6,0.27,1.0,false
0.02,0.02,0.0,0.004,0.75,0.2,0.15,1.0,7.0,7.0,12.250436885793842,98.36491989075871,-8.171864861563733,-2.913084557546379,-2.913084557546379,-11.357833399588007,true,0.0,8.171864861563733,-0.09529531696061032,0.09529531696061032,77.58119333899316,-3.8589629511700516,73.7222303878231,105.2344631068127,-117.21306137976543,100.0,0.08,0.6,0.27,1.0,false
