gross_delta,delta,iota,kappa,lambda,sigmah,sigmal,V0,r,alpha,pi,xi,mu_b,m,c,p,vb,sg_debt,debt,debt_diff,abs_debt_diff,debt_per_diff,abs_debt_per_diff,eq_vb,eq_min_val,sg_equity,equity,eq_negative,firm_value,leverage,ROE,cvml_vb,cvmh_vb,eq_deriv
0.02,0.0175,0.0025,0.005,NaN,NaN,0.3,100.0,0.08,0.6,0.27,1.0,1.0,1.0,2.295954595459546,27.008844998971824,30.59854750358295,27.00888555200517,27.008891511388647,4.651241682296359e-5,4.651241682296359e-5,1.7221179515352924e-6,1.7221179515352924e-6,-1.474376176702208e-13,NaN,64.13533737793949,64.1353409454447,false,91.14423245683335,29.633132874513237,-12.132666192551945,NaN,NaN,NaN
