gross_delta,delta,iota,kappa,lambda,sigmah,sigmal,mu_b,m,c,p,vb,debt_diff,eq_deriv,eq_deriv_min_val,eq_min_val,eq_negative,eq_vb,abs_debt_diff,debt_per_diff,abs_debt_per_diff,debt,equity,firm_value,leverage,ROE,V0,r,alpha,pi,xi,opt
0.02,0.02,0.0,0.005,0.75,0.275,0.15,1.0,7.0,1.0,10.763968502113368,81.60092072996623,-6.24094153847885,-0.504666298907897,-0.504666298907897,-1.2441024814738548,true,0.0,6.24094153847885,-0.08282847322997118,0.08282847322997118,69.10683797631472,1.9287537101508376,71.03559168646557,97.28480658165851,-93.75669700410695,100.0,0.08,0.6,0.27,1.0,false
0.02,0.02,0.0,0.005,0.75,0.275,0.15,1.0,7.0,1.0,11.31384191050684,78.81959943200036,-6.7439548681970365,-0.5239073668371574,-0.5239073668371574,-1.1399052917560928,true,0.0,6.7439548681970365,-0.08515428548930365,0.08515428548930365,72.45293850535084,4.017603314773593,76.47054182012444,94.74620786102983,-85.4154922638337,100.0,0.08,0.6,0.27,1.0,false
0.02,0.02,0.0,0.005,0.75,0.275,0.15,1.0,7.0,1.0,11.588778614703575,75.09445045063306,-6.672531797518971,-0.5479999912898629,-0.5479999912898629,-1.0479171656018818,true,0.0,6.672531797518971,-0.08225360582931265,0.08225360582931265,74.44891850540606,7.786024275650539,82.23494278105659,90.53197580938294,-69.5276136264608,100.0,0.08,0.6,0.27,1.0,false
0.02,0.02,0.0,0.005,0.75,0.275,0.15,1.0,7.0,1.0,11.86371531890031,53.68634740624953,-4.328775321658171,-1.1214048416891853,-1.1214048416891853,-1.827101796751937,true,0.0,4.328775321658171,-0.05212502642721177,0.05212502642721177,78.717231910644,40.27690353006254,118.99413544070654,66.15219449186041,89.24654613046292,100.0,0.08,0.6,0.27,1.0,false
0.02,0.02,0.0,0.005,0.75,0.275,0.15,1.0,7.0,1.0,12.060514230386405,49.110576011349245,-3.3088223606404368,-1.1995794668651776,-1.1995794668651776,-1.8485203780674615,true,0.0,3.3088223606404368,-0.039001383813831954,0.039001383813831954,81.1147772520644,47.53773829791976,128.65251554998417,63.04950735343346,151.7192353641487,100.0,0.08,0.6,0.27,1.0,false
0.02,0.02,0.0,0.005,0.75,0.275,0.15,1.0,7.0,1.0,12.138652023097045,54.749602467092195,-3.538110114933204,-0.9989977423235284,-0.9989977423235284,-1.484707707766238,true,0.0,3.538110114933204,-0.041639244717747194,0.041639244717747194,81.4324540467461,38.950538131316264,120.38299217806237,67.64448413634439,109.77752380082472,100.0,0.08,0.6,0.27,1.0,false
