gross_delta,delta,iota,kappa,lambda,sigmah,sigmal,mu_b,m,c,p,vb,debt_diff,eq_deriv,eq_deriv_min_val,eq_min_val,eq_negative,eq_vb,abs_debt_diff,debt_per_diff,abs_debt_per_diff,debt,equity,firm_value,leverage,ROE,V0,r,alpha,pi,xi,opt
0.02,0.02,0.0,0.003,0.3,0.225,0.15,1.0,7.0,2.0,11.624266374005822,92.92379446088934,-3.7245995920680315,-0.27111258126532856,-0.27111258126532856,-0.2910514263561312,true,0.0,3.7245995920680315,-0.04577369778789382,0.04577369778789382,77.64526502597272,0.6398438162264425,78.28510884219916,99.182674935643,-97.13777051273549,100.0,0.08,0.6,0.27,1.0,false
0.02,0.02,0.0,0.003,0.3,0.225,0.15,1.0,7.0,2.0,13.661571420299925,85.19103911684913,-2.3965943393300364,-0.7282558526323678,-0.7282558526323678,-1.3835738770340944,true,0.0,2.3965943393300364,-0.025060852033138552,0.025060852033138552,93.23440560276944,3.2137559913812943,96.44816159415073,96.66789295071831,-52.4985418473088,100.0,0.08,0.6,0.27,1.0,false
0.02,0.02,0.0,0.003,0.3,0.225,0.15,1.0,7.0,2.0,14.243658576383954,80.88283276927424,-1.5878882115415394,-0.9935543230803702,-0.9935543230803702,-2.134466907093426,true,0.0,1.5878882115415394,-0.015925765972337077,0.015925765972337077,98.11772182314614,6.119067775930706,104.23678959907684,94.12964674040106,225.088387634523,100.0,0.08,0.6,0.27,1.0,false
0.02,0.02,0.0,0.003,0.3,0.225,0.15,1.0,7.0,2.0,15.116789310509999,72.23473964903349,-0.47853553149941774,-1.261380698322054,-1.261380698322054,-2.6117584901461686,true,0.0,0.47853553149941774,-0.004522271057790165,0.004522271057790165,105.33898964207057,16.228208910054914,121.56719855212549,86.65083254090403,-403.95655354298975,100.0,0.08,0.6,0.27,1.0,false
0.02,0.02,0.0,0.003,0.3,0.225,0.15,1.0,7.0,2.0,15.162693162677307,71.82968494154551,-0.47400876448238477,-1.2672249707691194,-1.2672249707691194,-2.6008283166223256,true,0.0,0.47400876448238477,-0.004459033406370316,0.004459033406370316,105.6648433742588,16.834017042358347,122.49886041661713,86.25781743184707,-397.1665045295443,100.0,0.08,0.6,0.27,1.0,false
0.02,0.02,0.0,0.003,0.3,0.225,0.15,1.0,7.0,2.0,15.407832888552013,69.94832096964653,-0.6196685475100026,-1.2792357827763283,-1.2792357827763283,-2.462555731523832,true,0.0,0.6196685475100026,-0.005745394492270736,0.005745394492270736,107.2351616723541,19.991339360992722,127.22650103334682,84.28681194670843,-376.3081222826105,100.0,0.08,0.6,0.27,1.0,false
