gross_delta,delta,iota,kappa,lambda,sigmah,sigmal,mu_b,m,c,p,vb,debt_diff,eq_deriv,eq_deriv_min_val,eq_min_val,eq_negative,eq_vb,abs_debt_diff,debt_per_diff,abs_debt_per_diff,debt,equity,firm_value,leverage,ROE,V0,r,alpha,pi,xi,opt
0.02,0.02,0.0,0.003,0.3,0.225,0.15,1.0,7.0,1.0,8.715496549654965,53.28374942004932,2.324765925698003,-0.5264621630209428,-0.5264621630209428,-0.5166978124596906,true,0.0,2.324765925698003,0.03810562210250721,0.03810562210250721,63.33324177328276,37.44686070051027,100.78010247379302,62.843001960384,2.1275468885727955,100.0,0.08,0.6,0.27,1.0,false
0.02,0.02,0.0,0.003,0.3,0.225,0.15,1.0,7.0,1.0,9.704732315336797,73.92931472073153,1.4228794545875445,3.9040764098358105e-6,3.9040764098358105e-6,-0.03558134304906462,true,0.0,1.4228794545875445,0.020945296264511346,0.020945296264511346,69.35600566194512,14.620313100473872,83.976318762419,82.58995712608356,-52.28979310207674,100.0,0.08,0.6,0.27,1.0,false
0.02,0.02,0.0,0.003,0.3,0.225,0.15,1.0,7.0,1.0,9.952041256757253,74.83117295596958,0.6677138090212651,-1.2633340415110772e-6,-1.2633340415110772e-6,-0.00491877087442995,false,0.0,0.6677138090212651,0.00958473588905908,0.00958473588905908,70.33200260632204,14.088768514976547,84.42077112129859,83.31125346541394,-52.511899175308805,100.0,0.08,0.6,0.27,1.0,false
0.02,0.02,0.0,0.003,0.3,0.225,0.15,1.0,7.0,1.0,10.151666084341295,75.9184267367384,-4.259218236856918e-6,0.004537276233463456,0.004537276233463456,0.002511374911256141,false,0.0,4.259218236856918e-6,1.1077687356472916e-5,1.1077687356472916e-5,71.06165833117086,13.273155543626403,84.33481387479726,84.2613566879609,-54.13297798635245,100.0,0.08,0.6,0.27,1.0,false
0.02,0.02,0.0,0.003,0.3,0.225,0.15,1.0,7.0,1.0,10.199350198177711,75.95986172452068,-0.12308200008023107,2.787465246056279e-6,2.787465246056279e-6,0.0003329784971022386,false,0.0,0.12308200008023107,-0.0017239473620335114,0.0017239473620335114,71.27236938716375,13.260442883452896,84.53281227061665,84.31325951749722,-53.84080552216588,100.0,0.08,0.6,0.27,1.0,false
0.02,0.02,0.0,0.003,0.3,0.225,0.15,1.0,7.0,1.0,10.44665913959817,72.30359723574779,-0.1604388434816144,-0.11790523980331381,-0.11790523980331381,-0.051061503928572775,true,0.0,0.1604388434816144,-0.0021939870418677585,0.0021939870418677585,72.96617513370558,16.590930085027175,89.55710521873274,81.47446811226673,-38.62899472389264,100.0,0.08,0.6,0.27,1.0,false
