gross_delta,delta,iota,kappa,lambda,sigmah,sigmal,mu_b,m,c,p,vb,debt_diff,eq_deriv,eq_deriv_min_val,eq_min_val,eq_negative,eq_vb,abs_debt_diff,debt_per_diff,abs_debt_per_diff,debt,equity,firm_value,leverage,ROE,V0,r,alpha,pi,xi,opt
0.02,0.02,0.0,0.003,0.3,0.225,0.15,1.0,7.0,4.0,12.051570946568342,98.50159495615667,-15.467529495530826,-1.0614281746842624,-1.0614281746842624,-2.690639184963682,true,0.0,15.467529495530826,-0.18334929782903617,0.18334929782903617,68.89346713044756,-1.2247701439718242,67.66869698647574,101.8099508317954,-103.93734058729073,100.0,0.08,0.6,0.27,1.0,false
0.02,0.02,0.0,0.003,0.3,0.225,0.15,1.0,7.0,4.0,12.922419873566303,96.55268248605235,-10.10969143494097,-1.2830376993997994,-1.2830376993997994,-3.5514389038112597,true,0.0,10.10969143494097,-0.1117624754259294,0.1117624754259294,80.34724768002316,-2.848222109280028,77.49902557074313,103.67517151125998,-114.49273904696207,100.0,0.08,0.6,0.27,1.0,false
0.02,0.02,0.0,0.003,0.3,0.225,0.15,1.0,7.0,4.0,13.212702849232292,95.98277419716267,-8.775830865183167,-1.3625240488604022,-1.3625240488604022,-3.872707816052062,true,0.0,8.775830865183167,-0.09488521295780442,0.09488521295780442,83.71308907944288,-3.3293110249704654,80.38377805447242,104.14176977687507,-120.44163587073011,100.0,0.08,0.6,0.27,1.0,false
0.02,0.02,0.0,0.003,0.3,0.225,0.15,1.0,7.0,4.0,13.571426526478065,95.48840042132605,-8.20617004014733,-1.448257089622931,-1.448257089622931,-4.237960226837612,true,0.0,8.20617004014733,-0.08617940537737234,0.08617940537737234,86.79381564519913,-3.8012798616307153,82.99253578356841,104.58026715986107,-128.78408902605415,100.0,0.08,0.6,0.27,1.0,false
0.02,0.02,0.0,0.003,0.3,0.225,0.15,1.0,7.0,4.0,14.083551776230255,95.12170800579787,-9.125199139237466,-1.5437364699547216,-1.5437364699547216,-4.676098121751174,true,0.0,9.125199139237466,-0.09256186917522437,0.09256186917522437,89.45966329437432,-4.260792546353857,85.19887074802047,105.00099650258903,-140.42368536557044,100.0,0.08,0.6,0.27,1.0,false
0.02,0.02,0.0,0.003,0.3,0.225,0.15,1.0,7.0,4.0,15.534966654560193,94.89791855399075,-15.784575377067895,-1.6437955428709363,-1.6437955428709363,-5.209163247414424,true,0.0,15.784575377067895,-0.14515250593854376,0.14515250593854376,92.96019120485346,-4.717740330266552,88.24245087458691,105.346338733238,-167.0151770815012,100.0,0.08,0.6,0.27,1.0,false
