gross_delta,delta,iota,kappa,lambda,sigmah,sigmal,mu_b,m,c,p,vb,debt_diff,eq_deriv,eq_deriv_min_val,eq_min_val,eq_negative,eq_vb,abs_debt_diff,debt_per_diff,abs_debt_per_diff,debt,equity,firm_value,leverage,ROE,V0,r,alpha,pi,xi,opt
0.02,0.02,0.0,0.004,0.5,0.35,0.15,1.0,10.0,2.0,7.263126312631263,100.0,-12.631260742127125,-1.5350396141363765,-1.5350396141363765,-8.465504731147142,true,0.0,12.631260742127125,-0.17390941859513262,0.17390941859513262,60.00000238418551,0.3118791004176685,60.31188148460318,99.48288945272368,-99.22030220248223,100.0,0.08,0.6,0.27,1.0,false
0.02,0.02,0.0,0.004,0.5,0.35,0.15,1.0,10.0,2.0,7.263126312631263,100.00000000000001,-12.63126074212713,-1.535039614136377,-1.535039614136377,-8.465504731147144,true,0.0,12.63126074212713,-0.17390941859513265,0.17390941859513265,60.00000238418552,0.31187910041766853,60.31188148460319,99.48288945272368,-99.22030220248223,100.0,0.08,0.6,0.27,1.0,false
0.02,0.02,0.0,0.004,0.5,0.35,0.15,1.0,10.0,2.0,7.676001810707387,100.0,-16.76001572288837,-1.5902627434598373,-1.5902627434598373,-8.826756312125312,true,0.0,16.76001572288837,-0.21834304024667547,0.21834304024667547,60.00000238418551,0.32840681230646457,60.32840919649197,99.4556348879732,-99.17898292029741,100.0,0.08,0.6,0.27,1.0,false
0.02,0.02,0.0,0.004,0.5,0.35,0.15,1.0,10.0,2.0,7.882439559745448,100.0,-18.824393213268976,-1.6179537146429848,-1.6179537146429848,-9.008046855239726,true,0.0,18.824393213268976,-0.2388143045130673,0.2388143045130673,60.00000238418551,0.33411753289294716,60.33411991707845,99.44622125365855,-99.16470611798024,100.0,0.08,0.6,0.27,1.0,false
0.02,0.02,0.0,0.004,0.5,0.35,0.15,1.0,10.0,2.0,8.088877308783509,100.0,-20.888770703649584,-1.6456446858710136,-1.6456446858710136,-9.189337398886073,true,0.0,20.888770703649584,-0.25824066685950336,0.25824066685950336,60.00000238418551,0.3398282534886242,60.33983063767413,99.43680940119104,-99.15042931564008,100.0,0.08,0.6,0.27,1.0,false
0.02,0.02,0.0,0.004,0.5,0.35,0.15,1.0,10.0,2.0,8.708190555897694,100.0,-27.081903174791435,-1.7287175998143458,-1.7287175998143458,-9.735345815813304,true,0.0,27.081903174791435,-0.3109934607075174,0.3109934607075174,60.00000238418551,0.3569604153287608,60.35696279951427,99.40858452981726,-99.10759890848685,100.0,0.08,0.6,0.27,1.0,false
