gross_delta,delta,iota,kappa,lambda,sigmah,sigmal,V0,r,alpha,pi,xi,mu_b,m,c,p,vb,sg_debt,debt,debt_diff,abs_debt_diff,debt_per_diff,abs_debt_per_diff,eq_vb,eq_min_val,sg_equity,equity,eq_negative,firm_value,leverage,ROE,cvml_vb,cvmh_vb,eq_deriv
0.02,0.0198,0.0002,0.015000000000000001,NaN,NaN,0.3,100.0,0.08,0.6,0.27,1.0,1.0,1.0,1.8304080408040804,19.267743848267262,21.07665883841804,19.267730288213016,19.2677303992709,-1.3448996362797061e-5,1.3448996362797061e-5,-6.980057690566881e-7,6.980057690566881e-7,6.039613253960852e-14,NaN,81.27506209299885,81.27507038894088,false,100.54280078821178,19.163709632335962,0.6723467467175892,NaN,NaN,NaN
