gross_delta,delta,iota,kappa,lambda,sigmah,sigmal,mu_b,m,c,p,vb,debt_diff,eq_deriv,eq_deriv_min_val,eq_min_val,eq_negative,eq_vb,abs_debt_diff,debt_per_diff,abs_debt_per_diff,debt,equity,firm_value,leverage,ROE,V0,r,alpha,pi,xi,opt
0.02,0.02,0.0,0.0025,0.75,0.3,0.15,1.0,3.0,10.0,31.658673762113054,91.21193104058273,-1.2766122444206047,-1.4472920463571601,-1.4472920463571601,-2.7832168604078587,true,0.0,1.2766122444206047,-0.013441416339939118,0.013441416339939118,93.69940904191856,-1.1269040777323656,92.5725049641862,101.2173204972344,-117.88568858428977,100.0,0.08,0.6,0.27,1.0,false
0.02,0.02,0.0,0.0025,0.75,0.3,0.15,1.0,3.0,10.0,32.5652012569678,89.59127704913415,-1.3250751745808174,-1.7084700781647792,-1.7084700781647792,-3.579015122968882,true,0.0,1.3250751745808174,-0.013563304012001646,0.013563304012001646,96.37052859632259,-1.0072752802207894,95.36325331610179,101.05625096165917,-127.75267162045165,100.0,0.08,0.6,0.27,1.0,false
0.02,0.02,0.0,0.0025,0.75,0.3,0.15,1.0,3.0,10.0,32.99171764318587,87.94300622387362,-5.2769255983520225e-5,-1.6991944638287884,-1.6991944638287884,-3.5285886470661807,true,0.0,5.2769255983520225e-5,-0.00012500992148422793,0.00012500992148422793,98.97510016030162,0.3385025992980539,99.31360275959968,99.65915786972562,-66.97212876941485,100.0,0.08,0.6,0.27,1.0,false
0.02,0.02,0.0,0.0025,0.75,0.3,0.15,1.0,3.0,10.0,33.47172875182255,86.64927966777488,1.326958079406893,-1.6424077923091709,-1.6424077923091709,-3.3388205727091504,true,0.0,1.326958079406893,0.013214715113219633,0.013214715113219633,101.74214433487455,1.5112074903042418,103.2533518251788,98.536408297076,-186.74410380659188,100.0,0.08,0.6,0.27,1.0,false
0.02,0.02,0.0,0.0025,0.75,0.3,0.15,1.0,3.0,10.0,34.378256246677296,87.42237567137114,1.7733385539157354,-1.522205429372149,-1.522205429372149,-3.00175070155494,true,0.0,1.7733385539157354,0.017194381444590488,0.017194381444590488,104.90810729394762,0.8885348784251523,105.79664217237277,99.16014831833937,-118.10341186959867,100.0,0.08,0.6,0.27,1.0,false
0.02,0.02,0.0,0.0025,0.75,0.3,0.15,1.0,3.0,10.0,35.284783741532046,89.00963800726785,2.581910281173549,-1.4714965473175197,-1.4714965473175197,-2.9091607146850245,true,0.0,2.581910281173549,0.02439115871293178,0.02439115871293178,108.43626150576969,-0.4621187134742855,107.97414279229541,100.42799016646352,-94.52223341869814,100.0,0.08,0.6,0.27,1.0,false
