gross_delta,delta,iota,kappa,lambda,sigmah,sigmal,mu_b,m,c,p,vb,debt_diff,eq_deriv,eq_deriv_min_val,eq_min_val,eq_negative,eq_vb,abs_debt_diff,debt_per_diff,abs_debt_per_diff,debt,equity,firm_value,leverage,ROE,V0,r,alpha,pi,xi,opt
0.02,0.02,0.0,0.0025,0.75,0.3,0.15,1.0,3.0,3.0,21.091976302893446,88.18775249706724,-0.8042606124444518,-2.1651100378319507e-5,-2.1651100378319507e-5,-0.09977439839692157,true,0.0,0.8042606124444518,-0.012710372274505185,0.012710372274505185,62.47166829623589,4.208499824621696,66.68016812085759,93.6885284737228,-88.78580626007529,100.0,0.08,0.6,0.27,1.0,false
0.02,0.02,0.0,0.0025,0.75,0.3,0.15,1.0,3.0,3.0,23.22540280343824,85.38279423507325,-0.06641181751804481,-0.21471863493339846,-0.21471863493339846,-0.17063140574332777,true,0.0,0.06641181751804481,-0.0009531491312924736,0.0009531491312924736,69.60979659279667,4.99825192724144,74.60804852003811,93.3006531783243,-83.55308169455452,100.0,0.08,0.6,0.27,1.0,false
0.02,0.02,0.0,0.0025,0.75,0.3,0.15,1.0,3.0,3.0,23.713514333613183,83.41568887308192,-0.008807892295690525,-0.31289863089598524,-0.31289863089598524,-0.32043932579634926,true,0.0,0.008807892295690525,-0.00013388694923043508,0.00013388694923043508,71.1317351085439,6.230113229774563,77.36184833831845,91.94678854811087,-78.41881646437838,100.0,0.08,0.6,0.27,1.0,false
0.02,0.02,0.0,0.0025,0.75,0.3,0.15,1.0,3.0,3.0,23.9365449702865,82.70301591986492,-0.022924243185656223,-0.35167218452162685,-0.35167218452162685,-0.38262225903235053,true,0.0,0.022924243185656223,-0.0003192363143763801,0.0003192363143763801,71.78671066767384,6.62627572591684,78.41298639359069,91.54951745791631,-76.51363636524083,100.0,0.08,0.6,0.27,1.0,false
0.02,0.02,0.0,0.0025,0.75,0.3,0.15,1.0,3.0,3.0,24.647687137134767,80.17973776926745,-0.1718519962996652,-0.5046788786920617,-0.5046788786920617,-0.6691007727385229,true,0.0,0.1718519962996652,-0.002324112540370966,0.002324112540370966,73.77120941510464,8.443035938378213,82.21424535348285,89.73044646693879,-67.81004480153047,100.0,0.08,0.6,0.27,1.0,false
0.02,0.02,0.0,0.0025,0.75,0.3,0.15,1.0,3.0,3.0,25.35882930398303,70.66665755457205,-0.0343055955057423,-1.0173230865597238,-1.0173230865597238,-1.732221715294806,true,0.0,0.0343055955057423,-0.00045093558400655396,0.00045093558400655396,76.04218231644334,18.397206728911478,94.43938904535483,80.51956189585665,-23.21000613700169,100.0,0.08,0.6,0.27,1.0,false
