gross_delta,delta,iota,kappa,lambda,sigmah,sigmal,mu_b,m,c,p,vb,debt_diff,eq_deriv,eq_deriv_min_val,eq_min_val,eq_negative,eq_vb,abs_debt_diff,debt_per_diff,abs_debt_per_diff,debt,equity,firm_value,leverage,ROE,V0,r,alpha,pi,xi,opt
0.02,0.02,0.0,0.0025,0.75,0.3,0.15,1.0,3.0,11.0,31.13940472994668,91.21193104058273,2.5377773354363313,-1.4594243137985714,-1.4594243137985714,-2.698938274469612,true,0.0,2.5377773354363313,0.027165765878152854,0.027165765878152854,95.95599152527637,-0.8083223031704695,95.1476692221059,100.84954503854802,-119.98814562884196,100.0,0.08,0.6,0.27,1.0,false
0.02,0.02,0.0,0.0025,0.75,0.3,0.15,1.0,3.0,11.0,31.788609920815837,91.1724999449983,1.3930698177497258e-5,-1.5731603397393938,-1.5731603397393938,-3.064288390084954,true,0.0,1.3930698177497258e-5,-0.0001425856562155041,0.0001425856562155041,95.36584369314568,-1.320910304805225,94.04493338834045,101.40455233175696,-128.50379265048707,100.0,0.08,0.6,0.27,1.0,false
0.02,0.02,0.0,0.0025,0.75,0.3,0.15,1.0,3.0,11.0,32.07555097615025,91.21193104058273,-1.0249862221110675,-1.6404766124316987,-1.6404766124316987,-3.285386617136367,true,0.0,1.0249862221110675,-0.010651791275263365,0.010651791275263365,95.20166670633967,-1.654991919518834,93.54667478682083,101.76916167601928,-134.49097464124566,100.0,0.08,0.6,0.27,1.0,false
0.02,0.02,0.0,0.0025,0.75,0.3,0.15,1.0,3.0,11.0,33.01169722235382,90.70078233042832,-1.8470770344387972,-1.788201861594408,-1.788201861594408,-3.7781599298312796,true,0.0,1.8470770344387972,-0.018650732819517603,0.018650732819517603,97.18801463262265,-2.033027633419639,95.15498699920302,102.13654344089886,-172.2986562094305,100.0,0.08,0.6,0.27,1.0,false
0.02,0.02,0.0,0.0025,0.75,0.3,0.15,1.0,3.0,11.0,33.94784346855738,88.82781455931246,2.5816707288526146,-1.6795787955114478,-1.6795787955114478,-3.436285422460334,true,0.0,2.5816707288526146,0.025349383692504335,0.025349383692504335,104.42520113452476,-0.5088173508052158,103.91638378371954,100.48964112518024,-88.50182544618144,100.0,0.08,0.6,0.27,1.0,false
0.02,0.02,0.0,0.0025,0.75,0.3,0.15,1.0,3.0,11.0,34.88398971476095,89.44205419094406,5.432658159048941,-1.5271957368449156,-1.5271957368449156,-2.988209107458104,true,0.0,5.432658159048941,0.05191166686561796,0.05191166686561796,110.08462730333179,-0.6625481774010633,109.42207912593072,100.60549770457072,-93.43011737099923,100.0,0.08,0.6,0.27,1.0,false
