gross_delta,delta,iota,kappa,lambda,sigmah,sigmal,mu_b,m,c,p,vb,debt_diff,eq_deriv,eq_deriv_min_val,eq_min_val,eq_negative,eq_vb,abs_debt_diff,debt_per_diff,abs_debt_per_diff,debt,equity,firm_value,leverage,ROE,V0,r,alpha,pi,xi,opt
0.02,0.02,0.0,0.001,0.2,0.2,0.15,1.0,10.0,3.0,6.941616530074059,100.0,-9.41616291655508,-1.5298187231182285,-1.5298187231182285,-5.871911244310701,true,0.0,9.41616291655508,-0.1356479845257978,0.1356479845257978,60.00000238418551,0.17382340749933417,60.17382579168484,99.71113120162728,-99.56544145534995,100.0,0.08,0.6,0.27,1.0,false
0.02,0.02,0.0,0.001,0.2,0.2,0.15,1.0,10.0,3.0,6.941616530074059,99.99999999999997,-9.416162916555079,-1.5298187231182283,-1.5298187231182283,-5.8719112443106996,true,0.0,9.416162916555079,-0.1356479845257978,0.1356479845257978,60.000002384185514,0.1738234074993341,60.17382579168485,99.71113120162728,-99.56544145534995,100.0,0.08,0.6,0.27,1.0,false
0.02,0.02,0.0,0.001,0.2,0.2,0.15,1.0,10.0,3.0,7.407780251709381,100.0,-14.077800132908308,-1.6045055464238946,-1.6045055464238946,-6.277667547589233,true,0.0,14.077800132908308,-0.19004073628749701,0.19004073628749701,60.00000238418551,0.18227888158358058,60.182281265769085,99.69712201373919,-99.54430276887938,100.0,0.08,0.6,0.27,1.0,false
0.02,0.02,0.0,0.001,0.2,0.2,0.15,1.0,10.0,3.0,8.495495602191797,98.86248302114717,-16.30501435619405,-1.8441957869685648,-1.8441957869685648,-7.55338866719137,true,0.0,16.30501435619405,-0.1919254051757432,0.1919254051757432,68.64994166572392,-1.7324338978982872,66.91750776782563,102.58890977217663,-105.52609465483565,100.0,0.08,0.6,0.27,1.0,false
0.02,0.02,0.0,0.001,0.2,0.2,0.15,1.0,10.0,3.0,9.272435138250666,97.9913312713275,-17.178650004973207,-1.9773848495661581,-1.9773848495661581,-8.312032770453904,true,0.0,17.178650004973207,-0.18526578777680322,0.18526578777680322,75.54570137753345,-3.2008171344146694,72.34488424311878,104.42438628232253,-113.08897541422034,100.0,0.08,0.6,0.27,1.0,false
0.02,0.02,0.0,0.001,0.2,0.2,0.15,1.0,10.0,3.0,9.738598859885988,97.68900561994442,-19.213229598624224,-2.019806554556717,-2.019806554556717,-8.54872079993406,true,0.0,19.213229598624224,-0.19728946509712955,0.19728946509712955,78.17275900023566,-3.693803151067679,74.47895584916797,104.95952596133094,-116.92290450775506,100.0,0.08,0.6,0.27,1.0,false
