gross_delta,delta,iota,kappa,lambda,sigmah,sigmal,mu_b,m,c,p,vb,debt_diff,eq_deriv,eq_deriv_min_val,eq_min_val,eq_negative,eq_vb,abs_debt_diff,debt_per_diff,abs_debt_per_diff,debt,equity,firm_value,leverage,ROE,V0,r,alpha,pi,xi,opt
0.02,0.02,0.0,0.0025,0.3,0.25,0.15,1.0,3.0,10.0,27.39007584969023,89.78865473537225,13.651096061517308,0.01806934852303288,0.01806934852303288,0.005289897720668618,false,0.0,13.651096061517308,0.16613190043030002,0.16613190043030002,95.821323610588,10.015949823999637,105.83727343458763,90.53646272341855,139.69192372441682,100.0,0.08,0.6,0.27,1.0,false
0.02,0.02,0.0,0.0025,0.3,0.25,0.15,1.0,3.0,10.0,29.914563824803533,95.84405333079546,-10.228483094289572,-0.06172263020464531,-0.06172263020464531,-0.005778546063178408,true,0.0,10.228483094289572,-0.11397439670961283,0.11397439670961283,79.51520838012102,1.757620106796933,81.27282848691796,97.83738287504065,-91.41987802750558,100.0,0.08,0.6,0.27,1.0,false
0.02,0.02,0.0,0.0025,0.3,0.25,0.15,1.0,3.0,10.0,30.756059816507967,95.20716945667367,-9.439848328800096,-0.18126773979183616,-0.18126773979183616,-0.052934381582116746,true,0.0,9.439848328800096,-0.10230881746143312,0.10230881746143312,82.8283311207238,1.9460111635739574,84.77434228429776,97.70448096542248,-88.66731488211656,100.0,0.08,0.6,0.27,1.0,false
0.02,0.02,0.0,0.0025,0.3,0.25,0.15,1.0,3.0,10.0,32.43905179991683,94.12741690471552,-8.461295791039404,-0.47088182284492536,-0.47088182284492536,-0.3250160030204061,true,0.0,8.461295791039404,-0.08694557250756937,0.08694557250756937,88.8558596087111,1.9249633571913591,90.78082296590246,97.87954846155738,-82.726677073307,100.0,0.08,0.6,0.27,1.0,false
0.02,0.02,0.0,0.0025,0.3,0.25,0.15,1.0,3.0,10.0,35.808519594978506,91.57028788036013,3.584095037556523e-5,-0.783817474251072,-0.783817474251072,-0.7335587695848768,true,0.0,3.584095037556523e-5,-0.006918595946127003,0.006918595946127003,107.42559462588582,3.9151072851875366,111.34070191107335,96.48366929794058,-152.72449524162508,100.0,0.08,0.6,0.27,1.0,false
0.02,0.02,0.0,0.0025,0.3,0.25,0.15,1.0,3.0,10.0,37.48802775014344,88.66354361586089,15.230455803919455,-0.5378571527128108,-0.5378571527128108,-0.33564648488086957,true,0.0,15.230455803919455,0.13542506517396236,0.13542506517396236,127.69453905434978,8.951170079996931,136.6457091343467,93.44935882970438,-132.32106540004332,100.0,0.08,0.6,0.27,1.0,false
