gross_delta,delta,iota,kappa,lambda,sigmah,sigmal,mu_b,m,c,p,vb,debt_diff,eq_deriv,eq_deriv_min_val,eq_min_val,eq_negative,eq_vb,abs_debt_diff,debt_per_diff,abs_debt_per_diff,debt,equity,firm_value,leverage,ROE,V0,r,alpha,pi,xi,opt
0.02,0.02,0.0,0.0025,0.3,0.25,0.15,1.0,3.0,1.0,11.63145393486717,44.33025519606072,0.1677226964938896,0.29207932982036533,0.29207932982036533,0.016796068031973498,false,0.0,0.1677226964938896,0.004806584440004632,0.004806584440004632,35.062084501095406,42.940065225086656,78.00214972618207,44.95015153322951,-33.87520234490591,100.0,0.08,0.6,0.27,1.0,false
0.02,0.02,0.0,0.0025,0.3,0.25,0.15,1.0,3.0,1.0,11.824021875871798,45.05467328831738,0.08690190609918602,0.29144780461224495,0.29144780461224495,0.01688547888599879,false,0.0,0.08690190609918602,0.0024498687787590226,0.0024498687787590226,35.55896753371458,42.319772660942974,77.87874019465755,45.65940261082177,-34.327910275050236,100.0,0.08,0.6,0.27,1.0,false
0.02,0.02,0.0,0.0025,0.3,0.25,0.15,1.0,3.0,1.0,12.016589816876424,45.779348958522846,0.027703183944346677,0.29088061946288296,0.29088061946288296,0.01697585140796365,false,0.0,0.027703183944346677,0.0007684704886195354,0.0007684704886195354,36.07747263457362,41.69850351233806,77.77597614691167,46.386396445126685,-34.76712321782911,100.0,0.08,0.6,0.27,1.0,false
0.02,0.02,0.0,0.0025,0.3,0.25,0.15,1.0,3.0,1.0,12.110806549859678,43.66116553745844,-2.623181242639161e-7,0.16249850116154219,0.16249850116154219,0.009722447681859326,false,0.0,2.623181242639161e-7,6.801330934555548e-8,6.801330934555548e-8,36.33241938726089,45.449254130273815,81.7816735175347,44.42611385235459,-28.61476171566668,100.0,0.08,0.6,0.27,1.0,false
0.02,0.02,0.0,0.0025,0.3,0.25,0.15,1.0,3.0,1.0,12.209157757881052,40.89127262512959,-0.030117634496654944,3.2529850363275997e-6,3.2529850363275997e-6,0.0005170186803565109,false,0.0,0.030117634496654944,-0.0008222689638361531,0.0008222689638361531,36.5973556391465,50.2668247133715,86.86418035251799,42.13169973011278,-20.718094300168353,100.0,0.08,0.6,0.27,1.0,false
0.02,0.02,0.0,0.0025,0.3,0.25,0.15,1.0,3.0,1.0,12.401725698885677,41.540359750647255,-0.0960644114938205,-2.3281068988007333e-6,-2.3281068988007333e-6,0.0005301343546825111,false,0.0,0.0960644114938205,-0.0025820173156077277,0.0025820173156077277,37.10911268516321,49.63585068432212,86.74496336948533,42.77955888585602,-21.076243628363677,100.0,0.08,0.6,0.27,1.0,false
