gross_delta,delta,iota,kappa,lambda,sigmah,sigmal,mu_b,m,c,p,vb,debt_diff,eq_deriv,eq_deriv_min_val,eq_min_val,eq_negative,eq_vb,abs_debt_diff,debt_per_diff,abs_debt_per_diff,debt,equity,firm_value,leverage,ROE,V0,r,alpha,pi,xi,opt
0.02,0.02,0.0,0.0025,0.3,0.25,0.15,1.0,3.0,9.0,31.954682310336295,93.17281239942176,-6.566969568379221,-0.43433888524553194,-0.43433888524553194,-0.29259526259437163,true,0.0,6.566969568379221,-0.0685029453545323,0.0685029453545323,89.29707736262966,2.7638115189955,92.06088888162516,96.99784397851155,-74.17703918231294,100.0,0.08,0.6,0.27,1.0,false
0.02,0.02,0.0,0.0025,0.3,0.25,0.15,1.0,3.0,9.0,32.771369242187376,92.7284248698671,-7.430045637074258,-0.5959338234175411,-0.5959338234175411,-0.5254448932832084,true,0.0,7.430045637074258,-0.07557456207342293,0.07557456207342293,90.88406208948787,2.5523495956460884,93.43641168513396,97.26835657575646,-72.00123979889308,100.0,0.08,0.6,0.27,1.0,false
0.02,0.02,0.0,0.0025,0.3,0.25,0.15,1.0,3.0,9.0,35.309143091351956,89.01729861847927,-0.00017721485194943654,-0.7523079022417026,-0.7523079022417026,-0.7019240504060585,true,0.0,0.00017721485194943654,-0.001944600876483276,0.001944600876483276,105.92725205920391,6.709146397524448,112.63639845672836,94.04353611314914,-213.1915148961213,100.0,0.08,0.6,0.27,1.0,false
0.02,0.02,0.0,0.0025,0.3,0.25,0.15,1.0,3.0,9.0,36.85480390144277,87.45889388115846,6.75222922492938,-0.6814356452048029,-0.6814356452048029,-0.5605780450352442,true,0.0,6.75222922492938,0.0610705481162077,0.0610705481162077,117.31664092925769,9.197427895671433,126.51406882492913,92.73011453896176,-153.11323329533116,100.0,0.08,0.6,0.27,1.0,false
0.02,0.02,0.0,0.0025,0.3,0.25,0.15,1.0,3.0,9.0,40.93823856069817,90.08906234005144,16.14605481283381,-0.2316256482651289,-0.2316256482651289,-0.06138737963647938,true,0.0,16.14605481283381,0.13146677678779,0.13146677678779,138.9607704949283,8.97885416860865,147.93962466353696,93.9307307362517,-123.04588450009597,100.0,0.08,0.6,0.27,1.0,false
0.02,0.02,0.0,0.0025,0.3,0.25,0.15,1.0,3.0,9.0,41.75492549254925,90.08041454602233,17.620224587041477,-0.09853601050552235,-0.09853601050552235,-0.009832381836394805,true,0.0,17.620224587041477,0.14066384088575476,0.14066384088575476,142.88500106468922,10.151936295638372,153.03693736032758,93.36634901956023,-123.67246366701691,100.0,0.08,0.6,0.27,1.0,false
