gross_delta,delta,iota,kappa,lambda,sigmah,sigmal,mu_b,m,c,p,vb,debt_diff,eq_deriv,eq_deriv_min_val,eq_min_val,eq_negative,eq_vb,abs_debt_diff,debt_per_diff,abs_debt_per_diff,debt,equity,firm_value,leverage,ROE,V0,r,alpha,pi,xi,opt
0.02,0.02,0.0,0.001,0.3,0.275,0.15,1.0,10.0,3.0,6.954771792968771,100.0,-9.5477155455022,-2.7718261920730183,-2.7718261920730183,-16.971297601967766,true,0.0,9.5477155455022,-0.13728294514501366,0.13728294514501366,60.00000238418551,0.4792931517488259,60.479295535934334,99.20750870607603,-98.80176704920768,100.0,0.08,0.6,0.27,1.0,false
0.02,0.02,0.0,0.001,0.3,0.275,0.15,1.0,10.0,3.0,6.954771792968771,100.0,-9.5477155455022,-2.7718261920730183,-2.7718261920730183,-16.971297601967766,true,0.0,9.5477155455022,-0.13728294514501369,0.13728294514501369,60.0000023841855,0.479293151748826,60.47929553593433,99.20750870607603,-98.80176704920768,100.0,0.08,0.6,0.27,1.0,false
0.02,0.02,0.0,0.001,0.3,0.275,0.15,1.0,10.0,3.0,7.446035393012986,100.0,-14.460351545944349,-2.849628274672313,-2.849628274672313,-17.519848599821348,true,0.0,14.460351545944349,-0.1942020254095659,0.1942020254095659,60.00000238418551,0.49273412852212045,60.49273651270763,99.18546563285558,-98.7681646052716,100.0,0.08,0.6,0.27,1.0,false
0.02,0.02,0.0,0.001,0.3,0.275,0.15,1.0,10.0,3.0,7.773544459709129,99.34774271929798,-12.904026663553864,-2.931599691616323,-2.931599691616323,-17.979060455810338,true,0.0,12.904026663553864,-0.16599926494839534,0.16599926494839534,64.83141793353742,-1.3632340832820533,63.46818385025537,102.1479015162911,-103.8762838965352,100.0,0.08,0.6,0.27,1.0,false
0.02,0.02,0.0,0.001,0.3,0.275,0.15,1.0,10.0,3.0,8.592317126449487,98.2300843881798,-12.6244662279491,-3.1185523037619443,-3.1185523037619443,-19.083064207231686,true,0.0,12.6244662279491,-0.1469273775881428,0.1469273775881428,73.29870503654577,-4.525290325270326,68.77341471127545,106.57999947257002,-116.94783092529421,100.0,0.08,0.6,0.27,1.0,false
0.02,0.02,0.0,0.001,0.3,0.275,0.15,1.0,10.0,3.0,9.411089793189845,97.3616661463048,-13.888568718983265,-3.2955367042407455,-3.2955367042407455,-20.143737994262533,true,0.0,13.888568718983265,-0.1475766252813087,0.1475766252813087,80.22232921291518,-6.99868526774075,73.22364394517443,109.55795818216988,-135.3868023342315,100.0,0.08,0.6,0.27,1.0,false
