gross_delta,delta,iota,kappa,lambda,sigmah,sigmal,mu_b,m,c,p,vb,debt_diff,eq_deriv,eq_deriv_min_val,eq_min_val,eq_negative,eq_vb,abs_debt_diff,debt_per_diff,abs_debt_per_diff,debt,equity,firm_value,leverage,ROE,V0,r,alpha,pi,xi,opt
0.02,0.02,0.0,0.001,0.3,0.275,0.15,1.0,10.0,1.0,6.887388738873886,85.88652676073102,3.0293027649089197,-0.6975051022860117,-0.6975051022860117,-2.4385711018614846,true,0.0,3.0293027649089197,0.0439833277859124,0.0439833277859124,71.90319015364778,-1.7292127288251151,70.17397742482267,102.46417944697181,-106.15448066268497,100.0,0.08,0.6,0.27,1.0,false
0.02,0.02,0.0,0.001,0.3,0.275,0.15,1.0,10.0,1.0,7.1213200267395145,87.8216920987157,0.8602614703693945,-0.675263773380363,-0.675263773380363,-2.371209613933255,true,0.0,0.8602614703693945,0.012080084410463772,0.012080084410463772,72.07346173776453,-2.055020682128704,70.01844105563583,102.93497063223074,-107.35866602165893,100.0,0.08,0.6,0.27,1.0,false
0.02,0.02,0.0,0.001,0.3,0.275,0.15,1.0,10.0,1.0,7.202703196306784,88.50974551990508,2.285528382935803e-5,-0.666663954235455,-0.666663954235455,-2.3425674062764132,true,0.0,2.285528382935803e-5,9.920061591646868e-5,9.920061591646868e-5,72.02705481835166,-2.1348618285774377,69.89219298977422,103.0545068587128,-107.63188078593173,100.0,0.08,0.6,0.27,1.0,false
0.02,0.02,0.0,0.001,0.3,0.275,0.15,1.0,10.0,1.0,7.355251314605144,88.7505527893304,-1.0457923395170923,-0.6780020200382201,-0.6780020200382201,-2.395310973072325,true,0.0,1.0457923395170923,-0.014218308726453546,0.014218308726453546,72.50672080653435,-2.2182637955960773,70.28845701093827,103.15594322301152,-108.06838565886056,100.0,0.08,0.6,0.27,1.0,false
0.02,0.02,0.0,0.001,0.3,0.275,0.15,1.0,10.0,1.0,7.589182602470772,85.52426980305746,-0.5799425475853752,-0.791639738712563,-0.791639738712563,-2.847577528398651,true,0.0,0.5799425475853752,-0.007641699745063009,0.007641699745063009,75.31188347712235,-2.1024963069624674,73.20938717015989,102.8718944226041,-108.51622806063052,100.0,0.08,0.6,0.27,1.0,false
0.02,0.02,0.0,0.001,0.3,0.275,0.15,1.0,10.0,1.0,7.8231138903364,82.07988442198062,-0.32857195158827324,-0.9184338442116105,-0.9184338442116105,-3.31970945847171,true,0.0,0.32857195158827324,-0.00420001493259795,0.00420001493259795,77.90256695177573,-1.487301582352685,76.41526536942304,101.94634092437218,-106.73065318992879,100.0,0.08,0.6,0.27,1.0,false
