gross_delta,delta,iota,kappa,lambda,sigmah,sigmal,V0,r,alpha,pi,xi,mu_b,m,c,p,vb,sg_debt,debt,debt_diff,abs_debt_diff,debt_per_diff,abs_debt_per_diff,eq_vb,eq_min_val,sg_equity,equity,eq_negative,firm_value,leverage,ROE,cvml_vb,cvmh_vb,eq_deriv
0.02,0.019,0.001,0.005,NaN,NaN,0.3,100.0,0.08,0.6,0.27,1.0,1.0,5.0,1.2055955595559555,11.543580074497887,46.39736279438884,57.717499162492096,57.68369145895681,-0.03420891353263045,0.03420891353263045,-0.0005926915794209265,0.0005926915794209265,-7.460698725481052e-14,NaN,43.714873260158924,43.714656429079525,false,101.39834788803634,56.88819656376543,3.3045129318878486,NaN,NaN,NaN
