gross_delta,delta,iota,kappa,lambda,sigmah,sigmal,V0,r,alpha,pi,xi,mu_b,m,c,p,vb,sg_debt,debt,debt_diff,abs_debt_diff,debt_per_diff,abs_debt_per_diff,eq_vb,eq_min_val,sg_equity,equity,eq_negative,firm_value,leverage,ROE,cvml_vb,cvmh_vb,eq_deriv
0.02,0.018000000000000002,0.002,0.015000000000000001,NaN,NaN,0.3,100.0,0.08,0.6,0.27,1.0,1.0,10.0,0.5648564856485648,5.120961835081914,40.49114420236669,51.20932987544442,51.22594198746569,0.016323636646546902,0.016323636646546902,0.00031876114628934336,0.00031876114628934336,5.1514348342607263e-14,NaN,42.72605578599206,42.7077369138877,false,93.93367890135339,54.534159192531774,-12.437597661214994,NaN,NaN,NaN
