gross_delta,delta,iota,kappa,lambda,sigmah,sigmal,mu_b,m,c,p,vb,debt_diff,eq_deriv,eq_deriv_min_val,eq_min_val,eq_negative,eq_vb,abs_debt_diff,debt_per_diff,abs_debt_per_diff,debt,equity,firm_value,leverage,ROE,V0,r,alpha,pi,xi,opt
0.02,0.02,0.0,0.004,0.5,0.2,0.15,1.0,7.0,1.0,8.99007400740074,69.57499214205777,1.0587706802398174,-0.1443798510319746,-0.1443798510319746,-0.08282767391365084,true,0.0,1.0587706802398174,0.01682443928664665,0.01682443928664665,63.989288732045,15.7483490975272,79.7376378295722,80.24979228606315,-56.26759777016333,100.0,0.08,0.6,0.27,1.0,false
0.02,0.02,0.0,0.004,0.5,0.2,0.15,1.0,7.0,1.0,9.218300777446165,77.42189750134503,1.2295996830120828,-4.652684753650438e-7,-4.652684753650438e-7,-0.004634593261356126,false,0.0,1.2295996830120828,0.019055257776240477,0.019055257776240477,65.75770512513525,10.032047563927977,75.78975268906322,86.76331930375115,-70.70275926134872,100.0,0.08,0.6,0.27,1.0,false
0.02,0.02,0.0,0.004,0.5,0.2,0.15,1.0,7.0,1.0,9.446527547491591,78.28704950163261,0.952481115288947,9.290000573154711e-7,9.290000573154711e-7,-0.0042366256559512126,false,0.0,0.952481115288947,0.014404100350259947,0.014404100350259947,67.07817394773008,9.532153771620198,76.61032771935028,87.55761258907582,-71.04609642100041,100.0,0.08,0.6,0.27,1.0,false
0.02,0.02,0.0,0.004,0.5,0.2,0.15,1.0,7.0,1.0,9.674754317537015,78.81487383481563,0.34293141849811093,-1.4806240220821554e-6,-1.4806240220821554e-6,7.657382849925848e-5,false,0.0,0.34293141849811093,0.005063715422084137,0.005063715422084137,68.06621164125723,9.366373189461493,77.43258483071872,87.90383504575233,-70.66939542455762,100.0,0.08,0.6,0.27,1.0,false
0.02,0.02,0.0,0.004,0.5,0.2,0.15,1.0,7.0,1.0,9.818910633863972,78.90027822612983,-2.8925696443984905e-6,-0.004517390588497001,-0.004517390588497001,0.001952447810303994,false,0.0,2.8925696443984905e-6,-2.44549765747664e-5,2.44549765747664e-5,68.73237154447814,9.402782748421448,78.13515429289959,87.96600220027221,-69.92805910497214,100.0,0.08,0.6,0.27,1.0,false
0.02,0.02,0.0,0.004,0.5,0.2,0.15,1.0,7.0,1.0,9.902981087582441,78.59440712726345,-0.11406682405201707,-0.01558773327635589,-0.01558773327635589,-0.0012283194204843256,false,0.0,0.11406682405201707,-0.0016454904270485336,0.0016454904270485336,69.20680078902507,9.640578916177029,78.8473797052021,87.77311439870084,-68.69250625722236,100.0,0.08,0.6,0.27,1.0,false
