gross_delta,delta,iota,kappa,lambda,sigmah,sigmal,mu_b,m,c,p,vb,debt_diff,eq_deriv,eq_deriv_min_val,eq_min_val,eq_negative,eq_vb,abs_debt_diff,debt_per_diff,abs_debt_per_diff,debt,equity,firm_value,leverage,ROE,V0,r,alpha,pi,xi,opt
0.02,0.02,0.0,0.004,0.1,0.275,0.15,1.0,5.0,3.0,17.562340444570772,88.92747543074626,-2.2405186347950803,-0.0510865126429171,-0.0510865126429171,-0.007269960752832868,true,0.0,2.2405186347950803,-0.025515034762780893,0.025515034762780893,85.57118358805877,6.2754148251198085,91.84659841317858,93.16750436756578,-56.50776442115999,100.0,0.08,0.6,0.27,1.0,false
0.02,0.02,0.0,0.004,0.1,0.275,0.15,1.0,5.0,3.0,18.46938378048331,86.9305645859565,-1.832774544650107,-0.3004321176853427,-0.3004321176853427,-0.22004098292130037,true,0.0,1.832774544650107,-0.019846623649531926,0.019846623649531926,90.51414435776644,6.90453408326658,97.41867844103302,92.91251514210813,-27.21232175908568,100.0,0.08,0.6,0.27,1.0,false
0.02,0.02,0.0,0.004,0.1,0.275,0.15,1.0,5.0,3.0,21.190513788220922,80.95508557962255,-1.217843749671772,-1.1324797126976835,-1.1324797126976835,-2.1836378383781496,true,0.0,1.217843749671772,-0.01149423522093862,0.01149423522093862,104.73472519143284,9.174503608196535,113.90922879962937,91.94577673391606,-293.77056190710204,100.0,0.08,0.6,0.27,1.0,false
0.02,0.02,0.0,0.004,0.1,0.275,0.15,1.0,5.0,3.0,22.097557124133463,79.20816754413522,-1.0323792165588372,-1.3494169696381444,-1.3494169696381444,-2.825731075639799,true,0.0,1.0323792165588372,-0.009343831182419184,0.009343831182419184,109.45540640410847,10.345035627451697,119.80044203156017,91.36477674704538,-209.40868308903856,100.0,0.08,0.6,0.27,1.0,false
0.02,0.02,0.0,0.004,0.1,0.275,0.15,1.0,5.0,3.0,23.004600460046,77.9397042602009,-0.8388127765776687,-1.5199358257791031,-1.5199358257791031,-3.317253077610702,true,0.0,0.8388127765776687,-0.007292565485190709,0.007292565485190709,114.18418952365232,11.345763177825045,125.52995270147737,90.96170839416598,-179.98880132633477,100.0,0.08,0.6,0.27,1.0,false
0.02,0.02,0.0,0.004,0.1,0.275,0.15,1.0,5.0,3.0,23.004600460046,77.9397042602009,-0.8388127765776687,-1.5199358257791031,-1.5199358257791031,-3.317253077610702,true,0.0,0.8388127765776687,-0.007292565485190709,0.007292565485190709,114.18418952365232,11.345763177825045,125.52995270147737,90.96170839416598,-179.98880132633477,100.0,0.08,0.6,0.27,1.0,false
