gross_delta,delta,iota,kappa,lambda,sigmah,sigmal,mu_b,m,c,p,vb,debt_diff,eq_deriv,eq_deriv_min_val,eq_min_val,eq_negative,eq_vb,abs_debt_diff,debt_per_diff,abs_debt_per_diff,debt,equity,firm_value,leverage,ROE,V0,r,alpha,pi,xi,opt
0.02,0.02,0.0,0.003,0.1,0.35,0.15,1.0,3.0,9.0,35.16018049173338,89.7775911752345,-2.273171084844904,-1.0780096812619295,-1.0780096812619295,-1.4988866764333129,true,0.0,2.273171084844904,-0.021550620171772217,0.021550620171772217,103.20737039035524,3.4219935132785624,106.6293639036338,96.79075876662718,-206.69156027531807,100.0,0.08,0.6,0.27,1.0,false
0.02,0.02,0.0,0.003,0.1,0.35,0.15,1.0,3.0,9.0,37.0024963022618,89.55656376386499,-2.482462293816482,-1.2543849841804036,-1.2543849841804036,-1.945571337381317,true,0.0,2.482462293816482,-0.022363016389831517,0.022363016389831517,108.52502661296892,2.676558354547514,111.20158496751642,97.59305736934472,-131.3964809268247,100.0,0.08,0.6,0.27,1.0,false
0.02,0.02,0.0,0.003,0.1,0.35,0.15,1.0,3.0,9.0,37.923654207526006,89.68505373104179,-2.5409351839491876,-1.30328001094887,-1.30328001094887,-2.0687144287302157,true,0.0,2.5409351839491876,-0.022333775907113006,0.022333775907113006,111.23002743862884,2.2639666256517144,113.49399406428056,98.00521019255922,-120.15993850437235,100.0,0.08,0.6,0.27,1.0,false
0.02,0.02,0.0,0.003,0.1,0.35,0.15,1.0,3.0,9.0,38.45410829181325,89.05734540918276,-3.5611047849423705e-5,-1.3227018686847472,-1.3227018686847472,-2.0747947249998573,true,0.0,3.5611047849423705e-5,-0.00020149120476381835,0.00020149120476381835,115.3622892643919,3.098336587890723,118.46062585228263,97.38450091277225,-120.16845624090888,100.0,0.08,0.6,0.27,1.0,false
0.02,0.02,0.0,0.003,0.1,0.35,0.15,1.0,3.0,9.0,38.84481211279022,88.41521175522668,2.5341046675456056,-1.3338974886173733,-1.3338974886173733,-2.059436989590037,true,0.0,2.5341046675456056,0.0217455436107105,0.0217455436107105,119.06854100591627,3.996538020099693,123.06507902601597,96.75250034231496,-120.95880339696525,100.0,0.08,0.6,0.27,1.0,false
0.02,0.02,0.0,0.003,0.1,0.35,0.15,1.0,3.0,9.0,40.68712792331864,88.92920625900737,2.2352399171343933,-1.3691315970057367,-1.3691315970057367,-2.109698117638015,true,0.0,2.2352399171343933,0.018312424848034314,0.018312424848034314,124.29662368709032,3.3802225181748264,127.67684620526515,97.35251721933946,-113.9123137506997,100.0,0.08,0.6,0.27,1.0,false
