gross_delta,delta,iota,kappa,lambda,sigmah,sigmal,mu_b,m,c,p,vb,debt_diff,eq_deriv,eq_deriv_min_val,eq_min_val,eq_negative,eq_vb,abs_debt_diff,debt_per_diff,abs_debt_per_diff,debt,equity,firm_value,leverage,ROE,V0,r,alpha,pi,xi,opt
0.02,0.02,0.0,0.003,0.1,0.35,0.15,1.0,3.0,11.0,34.34984551086688,91.21193104058273,0.2884063418353975,-0.8293179774404,-0.8293179774404,-0.8425465433351577,true,0.0,0.2884063418353975,0.002798715564762949,0.002798715564762949,103.33794287443602,4.035020439486458,107.37296331392248,96.24205170934007,-220.8834480179117,100.0,0.08,0.6,0.27,1.0,false
0.02,0.02,0.0,0.003,0.1,0.35,0.15,1.0,3.0,11.0,35.16722600790417,91.14286883747448,3.739525242044128e-5,-0.9159076323671193,-0.9159076323671193,-1.0090338829393708,true,0.0,3.739525242044128e-5,-0.00014041827799650018,0.00014041827799650018,105.50171541896492,3.6513253635879703,109.15304078255289,96.65485694451527,-166.3670343798866,100.0,0.08,0.6,0.27,1.0,false
0.02,0.02,0.0,0.003,0.1,0.35,0.15,1.0,3.0,11.0,35.325789157863156,91.21193104058273,-0.34591035613748033,-0.9306673067441122,-0.9306673067441122,-1.0408790189146095,true,0.0,0.34591035613748033,-0.0032640021580427007,0.0032640021580427007,105.63145711745199,3.4647117724775005,109.09616888992949,96.82416733077662,-161.52425029998537,100.0,0.08,0.6,0.27,1.0,false
0.02,0.02,0.0,0.003,0.1,0.35,0.15,1.0,3.0,11.0,36.301732804859434,91.21193104058273,-0.4434036013839773,-1.0003989717216333,-1.0003989717216333,-1.1819874939391724,true,0.0,0.4434036013839773,-0.004071464060843419,0.004071464060843419,108.46179481319433,3.074475294137173,111.5362701073315,97.24351971678934,-136.33360725484854,100.0,0.08,0.6,0.27,1.0,false
0.02,0.02,0.0,0.003,0.1,0.35,0.15,1.0,3.0,11.0,37.27767645185571,89.7344803213815,6.025914029771812,-1.028021847107798,-1.028021847107798,-1.1835784986868114,true,0.0,6.025914029771812,0.05388313331487016,0.05388313331487016,117.85894338533895,5.157225247493429,123.01616863283238,95.80768503456952,-128.87754967478747,100.0,0.08,0.6,0.27,1.0,false
0.02,0.02,0.0,0.003,0.1,0.35,0.15,1.0,3.0,11.0,38.25362009885199,89.87065973303156,6.8185152561766245,-1.028515876580149,-1.028515876580149,-1.1675071270114963,true,0.0,6.8185152561766245,0.05941498903508352,0.05941498903508352,121.57937555273259,5.063588337092685,126.64296388982527,96.00168206620793,-123.46494375946612,100.0,0.08,0.6,0.27,1.0,false
