gross_delta,delta,iota,kappa,lambda,sigmah,sigmal,mu_b,m,c,p,vb,debt_diff,eq_deriv,eq_deriv_min_val,eq_min_val,eq_negative,eq_vb,abs_debt_diff,debt_per_diff,abs_debt_per_diff,debt,equity,firm_value,leverage,ROE,V0,r,alpha,pi,xi,opt
0.02,0.02,0.0,0.003,0.1,0.35,0.15,1.0,3.0,7.0,31.100036319421417,89.90270423179538,-2.1572401266277694,-0.48948542594058847,-0.48948542594058847,-0.4090837265286873,true,0.0,2.1572401266277694,-0.023121517763636946,0.023121517763636946,91.14286883163648,5.098119526381875,96.24098835801836,94.70275647272368,-42.44051003115242,100.0,0.08,0.6,0.27,1.0,false
0.02,0.02,0.0,0.003,0.1,0.35,0.15,1.0,3.0,7.0,32.851706223253906,88.24436947264493,-1.8670928353253373,-0.8795164038011156,-0.8795164038011156,-1.1641938014996274,true,0.0,1.8670928353253373,-0.018944656153087165,0.018944656153087165,96.68802583443639,5.065076632816604,101.75310246725299,95.02218948611745,52.93225066430007,100.0,0.08,0.6,0.27,1.0,false
0.02,0.02,0.0,0.003,0.1,0.35,0.15,1.0,3.0,7.0,36.35504603091888,86.02746801360409,-1.728531658964414,-1.4715780743774745,-1.4715780743774745,-2.758772800195057,true,0.0,1.728531658964414,-0.015848617525192604,0.015848617525192604,107.33660643379221,4.54242547576169,111.8790319095539,95.93987774274459,-161.91453114943442,100.0,0.08,0.6,0.27,1.0,false
0.02,0.02,0.0,0.003,0.1,0.35,0.15,1.0,3.0,7.0,37.230880982835124,85.92265202698528,-1.5955573379062429,-1.5482883498707851,-1.5482883498707851,-2.9828242003612138,true,0.0,1.5955573379062429,-0.014285250091555774,0.014285250091555774,110.09708561059914,4.239314034903937,114.33639964550308,96.29224459747917,-141.9855213513673,100.0,0.08,0.6,0.27,1.0,false
0.02,0.02,0.0,0.003,0.1,0.35,0.15,1.0,3.0,7.0,37.93519070251577,85.98238222208235,-1.539283651624173,-1.594383439295124,-1.594383439295124,-3.1169490662686443,true,0.0,1.539283651624173,-0.013489243516195739,0.013489243516195739,112.26628845592313,3.906192118105297,116.17248057402843,96.63759257028505,-131.84493934038443,100.0,0.08,0.6,0.27,1.0,false
0.02,0.02,0.0,0.003,0.1,0.35,0.15,1.0,3.0,7.0,38.98255088666762,86.27617955872472,-1.7463561802791219,-1.6559181093616524,-1.6559181093616524,-3.3012827469813217,true,0.0,1.7463561802791219,-0.01493280233128092,0.01493280233128092,115.20129647972374,3.206791848437173,118.40808832816091,97.29174594935631,-121.09551545629384,100.0,0.08,0.6,0.27,1.0,false
