gross_delta,delta,iota,kappa,lambda,sigmah,sigmal,mu_b,m,c,p,vb,debt_diff,eq_deriv,eq_deriv_min_val,eq_min_val,eq_negative,eq_vb,abs_debt_diff,debt_per_diff,abs_debt_per_diff,debt,equity,firm_value,leverage,ROE,V0,r,alpha,pi,xi,opt
0.02,0.02,0.0,0.003,0.1,0.35,0.15,1.0,3.0,5.0,26.602590522210114,87.40000423602282,1.292893412316289,-7.388951153047048e-8,-7.388951153047048e-8,0.0032861751984381714,false,0.0,1.292893412316289,0.016200094137910754,0.016200094137910754,81.10066497894664,9.077207052163114,90.17787203110976,89.93410817120231,-51.9707595952379,100.0,0.08,0.6,0.27,1.0,false
0.02,0.02,0.0,0.003,0.1,0.35,0.15,1.0,3.0,5.0,27.308860462828893,87.81384739709883,7.897078449644305e-5,-0.07158173591836986,-0.07158173591836986,0.0696177376139989,false,0.0,7.897078449644305e-5,0.0006857689815249112,0.0006857689815249112,81.9266603592712,8.166648432486015,90.09330879175721,90.93534409823653,-54.81383853329336,100.0,0.08,0.6,0.27,1.0,false
0.02,0.02,0.0,0.003,0.1,0.35,0.15,1.0,3.0,5.0,29.08634152888973,87.413289388063,-1.7397405394177525,-0.3769146378140325,-0.3769146378140325,-0.29292762739206635,true,0.0,1.7397405394177525,-0.019937657424645767,0.019937657424645767,85.51928404725143,6.97039934248115,92.48968338973258,92.46359260079926,-51.864263029355904,100.0,0.08,0.6,0.27,1.0,false
0.02,0.02,0.0,0.003,0.1,0.35,0.15,1.0,3.0,5.0,34.05384354224896,81.24192681349149,-0.984116183682616,-1.5545986935088725,-1.5545986935088725,-3.232663009222973,true,0.0,0.984116183682616,-0.009632942827355846,0.009632942827355846,101.17741444306428,8.587132026922415,109.7645464699867,92.17677082165102,-829.3211050285727,100.0,0.08,0.6,0.27,1.0,false
0.02,0.02,0.0,0.003,0.1,0.35,0.15,1.0,3.0,5.0,35.70967754670204,79.58002428958572,-0.8400670522894274,-1.8385771730632416,-1.8385771730632416,-4.095934875267181,true,0.0,0.8400670522894274,-0.007841637617615617,0.007841637617615617,106.28896558781669,9.553552736371675,115.84251832418836,91.75298251921993,-251.9097632666223,100.0,0.08,0.6,0.27,1.0,false
0.02,0.02,0.0,0.003,0.1,0.35,0.15,1.0,3.0,5.0,37.365511551155116,78.49568693374358,-0.6077265153828932,-2.0432559213445565,-2.0432559213445565,-4.656609397905875,true,0.0,0.6077265153828932,-0.005421456758334376,0.005421456758334376,111.48880813808245,10.352277850214122,121.84108598829657,91.50345897999587,-190.10750049780168,100.0,0.08,0.6,0.27,1.0,false
