gross_delta,delta,iota,kappa,lambda,sigmah,sigmal,mu_b,m,c,p,vb,debt_diff,eq_deriv,eq_deriv_min_val,eq_min_val,eq_negative,eq_vb,abs_debt_diff,debt_per_diff,abs_debt_per_diff,debt,equity,firm_value,leverage,ROE,V0,r,alpha,pi,xi,opt
0.02,0.02,0.0,0.004,0.5,0.3,0.15,1.0,3.0,10.0,26.04421231596844,99.04945450423767,-14.003078627112188,-0.26171637127860226,-0.26171637127860226,-0.14351081971382526,true,0.0,14.003078627112188,-0.17922188696189398,0.17922188696189398,64.12955832079314,-0.13028680511785978,63.999271515675275,100.20357545020798,-100.36321494528289,100.0,0.08,0.6,0.27,1.0,false
0.02,0.02,0.0,0.004,0.5,0.3,0.15,1.0,3.0,10.0,32.2905728808579,86.94429546188655,-0.00011464068394850813,-1.825255424337168,-1.825255424337168,-3.8860619704082193,true,0.0,0.00011464068394850813,0.0024195212523512,0.0024195212523512,96.87160400188988,1.6995998795877303,98.57120388147762,98.27576430776746,-45.67184331477006,100.0,0.08,0.6,0.27,1.0,false
0.02,0.02,0.0,0.004,0.5,0.3,0.15,1.0,3.0,10.0,34.055984545823,86.24234186721823,6.860745566560979,-1.4657719989529703,-1.4657719989529703,-2.653022798824801,true,0.0,6.860745566560979,0.06715163925965993,0.06715163925965993,109.02869920402998,3.4396602430101972,112.46835944704017,96.94166407341446,-138.0969635301938,100.0,0.08,0.6,0.27,1.0,false
0.02,0.02,0.0,0.004,0.5,0.3,0.15,1.0,3.0,10.0,34.94618146025129,86.93127230254315,9.164472451339947,-1.3428113628422818,-1.3428113628422818,-2.2687447191300585,true,0.0,9.164472451339947,0.08741510582268586,0.08741510582268586,114.0030168320938,3.1029135187224206,117.10593035081622,97.35033613632805,-122.1588930151879,100.0,0.08,0.6,0.27,1.0,false
0.02,0.02,0.0,0.004,0.5,0.3,0.15,1.0,3.0,10.0,35.836378374679576,88.21028249617272,10.96748309865309,-1.2757058817490883,-1.2757058817490883,-2.0898030555806484,true,0.0,10.96748309865309,0.10201442962032344,0.10201442962032344,118.47661822269181,2.033169162756499,120.5097873854483,98.31285972129929,-111.0040113307071,100.0,0.08,0.6,0.27,1.0,false
0.02,0.02,0.0,0.004,0.5,0.3,0.15,1.0,3.0,10.0,36.726575289107856,88.86659803535116,15.501742301009756,-1.1302533864285438,-1.1302533864285438,-1.6433016241468732,true,0.0,15.501742301009756,0.1406950523699494,0.1406950523699494,125.68146816833332,2.244230690729696,127.92569885906302,98.24567642721875,-108.73871647843309,100.0,0.08,0.6,0.27,1.0,false
