gross_delta,delta,iota,kappa,lambda,sigmah,sigmal,mu_b,m,c,p,vb,debt_diff,eq_deriv,eq_deriv_min_val,eq_min_val,eq_negative,eq_vb,abs_debt_diff,debt_per_diff,abs_debt_per_diff,debt,equity,firm_value,leverage,ROE,V0,r,alpha,pi,xi,opt
0.02,0.02,0.0,0.005,0.3,0.225,0.15,1.0,7.0,8.0,6.807905790579057,91.21193104058273,85.16498689191516,-2.789963453953005,-2.789963453953005,-9.56905151584487,true,0.0,85.16498689191516,1.7871026822493954,1.7871026822493954,132.82032742596857,-9.569318046282103,123.25100937968647,107.7640889875416,-70.84331937922555,100.0,0.08,0.6,0.27,1.0,false
0.02,0.02,0.0,0.005,0.3,0.225,0.15,1.0,7.0,8.0,6.807905790579057,91.21193104058274,85.16498689191518,-2.7899634539530056,-2.7899634539530056,-9.569051515844873,true,0.0,85.16498689191518,1.7871026822493956,1.7871026822493956,132.82032742596863,-9.569318046282104,123.25100937968652,107.7640889875416,-70.84331937922559,100.0,0.08,0.6,0.27,1.0,false
0.02,0.02,0.0,0.005,0.3,0.225,0.15,1.0,7.0,8.0,7.095414804638358,89.53640528200594,96.28339721628146,-2.7774211387376866,-2.7774211387376866,-9.443539311761679,true,0.0,96.28339721628146,1.9385436101502753,1.9385436101502753,145.95130084874995,-9.26749485591255,136.6838059928374,106.78024348868233,-79.83192056647802,100.0,0.08,0.6,0.27,1.0,false
0.02,0.02,0.0,0.005,0.3,0.225,0.15,1.0,7.0,8.0,7.382923818697658,89.61598253433932,99.7751368342378,-2.7268008913764965,-2.7268008913764965,-9.216513193419422,true,0.0,99.7751368342378,1.9306160169527535,1.9306160169527535,151.4556035651214,-9.062543340832791,142.3930602242886,106.3644557723235,-82.38764544008627,100.0,0.08,0.6,0.27,1.0,false
0.02,0.02,0.0,0.005,0.3,0.225,0.15,1.0,7.0,8.0,7.670432832756959,89.69563393878803,103.89366616046516,-2.6623050457498043,-2.6623050457498043,-8.879460944872015,true,0.0,103.89366616046516,1.934956296762628,1.934956296762628,157.58669598976388,-8.733577379332775,148.8531186104311,105.86724514801047,-84.83403635297087,100.0,0.08,0.6,0.27,1.0,false
0.02,0.02,0.0,0.005,0.3,0.225,0.15,1.0,7.0,8.0,7.95794184681626,89.77522561530024,108.25166285166699,-2.5867621305374713,-2.5867621305374713,-8.456101261772298,true,0.0,108.25166285166699,1.9432817633256219,1.9432817633256219,163.9572557793808,-8.305588623645697,155.6516671557351,105.336010063635,-87.01384460225178,100.0,0.08,0.6,0.27,1.0,false
