gross_delta,delta,iota,kappa,lambda,sigmah,sigmal,mu_b,m,c,p,vb,debt_diff,eq_deriv,eq_deriv_min_val,eq_min_val,eq_negative,eq_vb,abs_debt_diff,debt_per_diff,abs_debt_per_diff,debt,equity,firm_value,leverage,ROE,V0,r,alpha,pi,xi,opt
0.02,0.02,0.0,0.005,0.3,0.225,0.15,1.0,7.0,4.0,10.997909001426457,100.0,-16.985360625799387,-0.8831951994217494,-0.8831951994217494,-2.042968401315438,true,0.0,16.985360625799387,-0.22063103896251474,0.22063103896251474,60.00000238418582,0.11271186913179544,60.11271425331761,99.81249911847796,-99.71822031037513,100.0,0.08,0.6,0.27,1.0,false
0.02,0.02,0.0,0.005,0.3,0.225,0.15,1.0,7.0,4.0,12.402345497707664,97.17389051455132,-10.46922927551843,-1.1850918721340113,-1.1850918721340113,-3.167373977766895,true,0.0,10.46922927551843,-0.12059043045473555,0.12059043045473555,76.34718920843521,-2.2922242730593427,74.05496493537586,103.09530127393842,-109.69112843821847,100.0,0.08,0.6,0.27,1.0,false
0.02,0.02,0.0,0.005,0.3,0.225,0.15,1.0,7.0,4.0,12.964120096220148,96.66184380634529,-11.104328684634453,-1.3072268143240604,-1.3072268143240604,-3.672769905727932,true,0.0,11.104328684634453,-0.12236331177586117,0.12236331177586117,79.64451198890659,-2.8637796490244827,76.7807323398821,103.72981549114107,-114.06883316903908,100.0,0.08,0.6,0.27,1.0,false
0.02,0.02,0.0,0.005,0.3,0.225,0.15,1.0,7.0,4.0,13.52589469473263,95.59889878038635,-8.751445496986094,-1.4544745293400432,-1.4544745293400432,-4.288978080426117,true,0.0,8.751445496986094,-0.09243059537172858,0.09243059537172858,85.92981736614232,-3.7843256145708155,82.1454917515715,104.60685733797244,-126.89606605009114,100.0,0.08,0.6,0.27,1.0,false
0.02,0.02,0.0,0.005,0.3,0.225,0.15,1.0,7.0,4.0,13.72798670084858,95.30826165355829,-8.362826449952436,-1.4982057167802714,-1.4982057167802714,-4.480696016864754,true,0.0,8.362826449952436,-0.08659301992831372,0.08659301992831372,87.73308045598763,-4.052232153968114,83.68084830201951,104.84248455434255,-133.0338202629368,100.0,0.08,0.6,0.27,1.0,false
0.02,0.02,0.0,0.005,0.3,0.225,0.15,1.0,7.0,4.0,14.087669293245114,95.2812340882837,-10.21723366404865,-1.54045665697007,-1.54045665697007,-4.696075655521476,true,0.0,10.21723366404865,-0.10360867924757944,0.10360867924757944,88.39645138866715,-4.204331188960159,84.19212019970699,104.99373478062712,-136.23315013179598,100.0,0.08,0.6,0.27,1.0,false
