gross_delta,delta,iota,kappa,lambda,sigmah,sigmal,V0,r,alpha,pi,xi,mu_b,m,c,p,vb,sg_debt,debt,debt_diff,abs_debt_diff,debt_per_diff,abs_debt_per_diff,eq_vb,eq_min_val,sg_equity,equity,eq_negative,firm_value,leverage,ROE,cvml_vb,cvmh_vb,eq_deriv
0.02,0.0185,0.0015,0.0025,NaN,NaN,0.15,100.0,0.08,0.6,0.27,1.0,1.0,1.0,4.520777077707771,54.78393632047791,60.796968873594416,54.78390832991908,54.78381023722105,-0.00012608325686613853,0.00012608325686613853,-2.30146399354311e-6,2.30146399354311e-6,1.3500311979441904e-12,NaN,49.212559565605424,49.213534116190644,false,103.99734435341169,52.6780857509693,8.840515696663642,NaN,NaN,NaN
