gross_delta,delta,iota,kappa,lambda,sigmah,sigmal,mu_b,m,c,p,vb,debt_diff,eq_deriv,eq_deriv_min_val,eq_min_val,eq_negative,eq_vb,abs_debt_diff,debt_per_diff,abs_debt_per_diff,debt,equity,firm_value,leverage,ROE,V0,r,alpha,pi,xi,opt
0.02,0.02,0.0,0.001,0.1,0.2,0.15,1.0,3.0,8.0,28.511561682484036,86.80092930070653,10.738616266587144,0.844871589377577,0.844871589377577,0.0786906933048985,false,0.0,10.738616266587144,0.12554692006675042,0.12554692006675042,96.27330131403926,21.92787239507081,118.20117370911007,81.44868472369427,488.3993916030218,100.0,0.08,0.6,0.27,1.0,false
0.02,0.02,0.0,0.001,0.1,0.2,0.15,1.0,3.0,8.0,34.21501623846595,88.02832852086121,1.2471038691522693,-6.707652066185066e-7,-6.707652066185066e-7,0.0019492707917821027,false,0.0,1.2471038691522693,0.01214967389815453,0.01214967389815453,103.89215258455012,14.699265798617844,118.59141838316796,87.60511848241444,-477.66417115727967,100.0,0.08,0.6,0.27,1.0,false
0.02,0.02,0.0,0.001,0.1,0.2,0.15,1.0,3.0,8.0,34.92794805796369,90.0958981301161,-4.409042963465595,8.675552635333851e-7,8.675552635333851e-7,0.001889743523785676,false,0.0,4.409042963465595,-0.04207750725530447,0.04207750725530447,100.37480121042547,10.700291781765197,111.07509299219068,90.36661460862561,-2954.9245531032925,100.0,0.08,0.6,0.27,1.0,false
0.02,0.02,0.0,0.001,0.1,0.2,0.15,1.0,3.0,8.0,37.77967533595465,90.24169153358211,-6.91540626003696,-0.2760479070235137,-0.2760479070235137,-0.09923857614389829,true,0.0,6.91540626003696,-0.06101522576660522,0.06101522576660522,106.42361974782699,8.908247192740467,115.33186694056745,92.27598804298292,-238.6795536232354,100.0,0.08,0.6,0.27,1.0,false
0.02,0.02,0.0,0.001,0.1,0.2,0.15,1.0,3.0,8.0,39.32456413246685,87.7959377247382,0.00014710878936874394,-0.41754221342700437,-0.41754221342700437,-0.14925118931669784,true,0.0,0.00014710878936874394,0.0033348987515672626,0.0033348987515672626,117.97383950618993,13.15085470228739,131.1246942084773,89.97072612319795,-173.16664142771737,100.0,0.08,0.6,0.27,1.0,false
0.02,0.02,0.0,0.001,0.1,0.2,0.15,1.0,3.0,8.0,41.34433443344334,86.16938945962164,10.099588110647318,-0.31827435056948417,-0.31827435056948417,-0.10749838137695956,true,0.0,10.099588110647318,0.0814266190603517,0.0814266190603517,134.13259141097734,17.91412620332041,152.04671761429776,88.21801188187185,-152.48393240238732,100.0,0.08,0.6,0.27,1.0,false
