gross_delta,delta,iota,kappa,lambda,sigmah,sigmal,V0,r,alpha,pi,xi,mu_b,m,c,p,vb,sg_debt,debt,debt_diff,abs_debt_diff,debt_per_diff,abs_debt_per_diff,eq_vb,eq_min_val,sg_equity,equity,eq_negative,firm_value,leverage,ROE,cvml_vb,cvmh_vb,eq_deriv
0.02,0.015,0.005,0.015000000000000001,NaN,NaN,0.2,100.0,0.08,0.6,0.27,1.0,1.0,1.0,3.5541554155415542,37.409794691505304,48.582040633201686,37.40979131158255,37.409775073219194,-1.9618286110301142e-5,1.9618286110301142e-5,-5.244157652315556e-7,5.244157652315556e-7,7.283063041541027e-14,NaN,41.39083221444279,41.39079953725896,false,78.80057461047815,47.47398766841581,-33.870185662891174,NaN,NaN,NaN
