gross_delta,delta,iota,kappa,lambda,sigmah,sigmal,mu_b,m,c,p,vb,debt_diff,eq_deriv,eq_deriv_min_val,eq_min_val,eq_negative,eq_vb,abs_debt_diff,debt_per_diff,abs_debt_per_diff,debt,equity,firm_value,leverage,ROE,V0,r,alpha,pi,xi,opt
0.02,0.02,0.0,0.0025,0.75,0.2,0.15,1.0,3.0,9.0,33.08645864586458,91.21193104058273,-1.5279412345938255,-0.4459578119513989,-0.4459578119513989,-0.277315755445719,true,0.0,1.5279412345938255,-0.015393419716384991,0.015393419716384991,97.73143470299992,5.80280928525594,103.53424398825587,94.39527535844645,155.7920326529501,100.0,0.08,0.6,0.27,1.0,false
0.02,0.02,0.0,0.0025,0.75,0.2,0.15,1.0,3.0,9.0,33.808830883088305,90.12579416090546,-1.717390526432169,-0.6323425349490859,-0.6323425349490859,-0.5221719924512946,true,0.0,1.717390526432169,-0.016932366303653464,0.016932366303653464,99.70910212283275,6.598499030357261,106.30760115319,93.79301295600794,2168.3214792122426,100.0,0.08,0.6,0.27,1.0,false
0.02,0.02,0.0,0.0025,0.75,0.2,0.15,1.0,3.0,9.0,34.227420885569984,88.21376225260263,3.975813508724953e-5,-0.6801184694631819,-0.6801184694631819,-0.5723139206221884,true,0.0,3.975813508724953e-5,-8.62231427459763e-5,8.62231427459763e-5,102.68230241484507,9.273879644556985,111.95618205940205,91.71650955403568,-445.7432537521184,100.0,0.08,0.6,0.27,1.0,false
0.02,0.02,0.0,0.0025,0.75,0.2,0.15,1.0,3.0,9.0,34.53120312031203,87.09906034331044,1.1507578736352713,-0.6764884867946389,-0.6764884867946389,-0.5565593195461386,true,0.0,1.1507578736352713,0.011108386711634437,0.011108386711634437,104.74436723457136,10.928144946778307,115.67251218134966,90.55251352227458,-330.33935626118625,100.0,0.08,0.6,0.27,1.0,false
0.02,0.02,0.0,0.0025,0.75,0.2,0.15,1.0,3.0,9.0,35.25357535753575,86.84545009244671,1.9395339812686814,-0.5484077233449093,-0.5484077233449093,-0.3667893379730303,true,0.0,1.9395339812686814,0.018338886780496808,0.018338886780496808,107.70026005387594,11.567161798177285,119.26742185205322,90.30149086937931,-250.2178071551614,100.0,0.08,0.6,0.27,1.0,false
0.02,0.02,0.0,0.0025,0.75,0.2,0.15,1.0,3.0,9.0,36.69831983198319,89.07563603012966,2.8217385812935305,-0.4348566003639321,-0.4348566003639321,-0.2388289281173689,true,0.0,2.8217385812935305,0.025630043320896474,0.025630043320896474,112.91669807724311,8.290063621210923,121.20676169845403,93.16039509261417,-164.1809816381519,100.0,0.08,0.6,0.27,1.0,false
