gross_delta,delta,iota,kappa,lambda,sigmah,sigmal,mu_b,m,c,p,vb,debt_diff,eq_deriv,eq_deriv_min_val,eq_min_val,eq_negative,eq_vb,abs_debt_diff,debt_per_diff,abs_debt_per_diff,debt,equity,firm_value,leverage,ROE,V0,r,alpha,pi,xi,opt
0.02,0.02,0.0,0.005,0.2,0.3,0.15,1.0,7.0,5.0,11.683174896437011,91.21193104058273,25.436286589812212,-1.958214978508061,-1.958214978508061,-6.204466988611429,true,0.0,25.436286589812212,0.3110246366528509,0.3110246366528509,107.21851086487129,-6.134303228558591,101.0842076363127,106.0685080013972,-15.019824124515358,100.0,0.08,0.6,0.27,1.0,false
0.02,0.02,0.0,0.005,0.2,0.3,0.15,1.0,7.0,5.0,11.982227170085428,91.21193104058273,24.90988476080605,-1.9972543174282784,-1.9972543174282784,-6.427009292495495,true,0.0,24.90988476080605,0.29698610411206755,0.29698610411206755,108.78547495140405,-6.376612574769818,102.40886237663423,106.22662182430875,-27.418692671239853,100.0,0.08,0.6,0.27,1.0,false
0.02,0.02,0.0,0.005,0.2,0.3,0.15,1.0,7.0,5.0,12.265854173206355,91.21193104058273,24.74343672952834,-2.027622014200388,-2.027622014200388,-6.605827505385758,true,0.0,24.74343672952834,0.28818022304603463,0.28818022304603463,110.60441594197283,-6.569895688512942,104.03452025345989,106.3151112462543,-38.04566206697956,100.0,0.08,0.6,0.27,1.0,false
0.02,0.02,0.0,0.005,0.2,0.3,0.15,1.0,7.0,5.0,12.281279443733846,91.21193104058273,24.743936001691466,-2.0290873161507212,-2.0290873161507212,-6.614605739198493,true,0.0,24.743936001691466,0.287824083511526,0.287824083511526,110.71289210782838,-6.5793181113674555,104.13357399646092,106.31815259849917,-38.5850427210066,100.0,0.08,0.6,0.27,1.0,false
0.02,0.02,0.0,0.005,0.2,0.3,0.15,1.0,7.0,5.0,12.580331717382263,91.21193104058273,24.953712168649915,-2.053688853091596,-2.053688853091596,-6.763734974446817,true,0.0,24.953712168649915,0.2833642311011031,0.2833642311011031,113.01603419032575,-6.738364503452054,106.27766968687371,106.34033896613025,-48.230279631100046,100.0,0.08,0.6,0.27,1.0,false
0.02,0.02,0.0,0.005,0.2,0.3,0.15,1.0,7.0,5.0,12.87938399103068,91.21193104058273,25.55455851908458,-2.0710324217859064,-2.0710324217859064,-6.867696009538188,true,0.0,25.55455851908458,0.28344920995867734,0.28344920995867734,115.71024645629934,-6.84972192267805,108.86052453362129,106.29219999813849,-56.39965329804541,100.0,0.08,0.6,0.27,1.0,false
