gross_delta,delta,iota,kappa,lambda,sigmah,sigmal,mu_b,m,c,p,vb,debt_diff,eq_deriv,eq_deriv_min_val,eq_min_val,eq_negative,eq_vb,abs_debt_diff,debt_per_diff,abs_debt_per_diff,debt,equity,firm_value,leverage,ROE,V0,r,alpha,pi,xi,opt
0.02,0.02,0.0,0.005,0.2,0.3,0.15,1.0,7.0,3.0,10.579732973297329,100.0,-14.058128428895486,-0.4773559326778178,-0.4773559326778178,-0.8157375162220454,true,0.0,14.058128428895486,-0.18982559071572355,0.18982559071572355,60.00000238418582,0.08406223067298066,60.084064614858804,99.86009230365518,-99.78984441079129,100.0,0.08,0.6,0.27,1.0,false
0.02,0.02,0.0,0.005,0.2,0.3,0.15,1.0,7.0,3.0,12.14378411525363,96.45860816617581,-10.51852792568883,-0.81315992327099,-0.81315992327099,-1.9214583514300705,true,0.0,10.51852792568883,-0.12373794134231376,0.12373794134231376,74.4879608810866,-1.7019156182715691,72.78604526281502,102.33824438754202,-106.67102935339203,100.0,0.08,0.6,0.27,1.0,false
0.02,0.02,0.0,0.005,0.2,0.3,0.15,1.0,7.0,3.0,14.646265942383712,89.78032372660888,-5.5924868798441025,-1.5373157838306633,-1.5373157838306633,-4.847427874651203,true,0.0,5.5924868798441025,-0.054548149013779204,0.054548149013779204,96.93137471684189,-4.475325013357034,92.45604970348485,104.84048910559105,-245.841365445285,100.0,0.08,0.6,0.27,1.0,false
0.02,0.02,0.0,0.005,0.2,0.3,0.15,1.0,7.0,3.0,14.803736186058309,89.40300071509802,-5.569193217375676,-1.5833642353036137,-1.5833642353036137,-5.0516961908604685,true,0.0,5.569193217375676,-0.05369018135766821,0.05369018135766821,98.05696008503249,-4.601052084834755,93.45590800019772,104.92323298043932,-336.7965809344519,100.0,0.08,0.6,0.27,1.0,false
0.02,0.02,0.0,0.005,0.2,0.3,0.15,1.0,7.0,3.0,15.584696627557493,87.9094948595656,-5.976152804934415,-1.780575261399631,-1.780575261399631,-5.956626590120462,true,0.0,5.976152804934415,-0.05478041282375814,0.05478041282375814,103.11672358796804,-5.124448655977777,97.99227493199027,105.22944146315034,64.4178096434494,100.0,0.08,0.6,0.27,1.0,false
0.02,0.02,0.0,0.005,0.2,0.3,0.15,1.0,7.0,3.0,15.897506855948754,87.60652293705878,-6.2590252075166575,-1.8315387569073558,-1.8315387569073558,-6.2056667059539485,true,0.0,6.2590252075166575,-0.05624444551707056,0.05624444551707056,105.02352278412462,-5.303298924960842,99.72022385916378,105.31817791790235,5.56932162665551,100.0,0.08,0.6,0.27,1.0,false
