gross_delta,delta,iota,kappa,lambda,sigmah,sigmal,V0,r,alpha,pi,xi,mu_b,m,c,p,vb,sg_debt,debt,debt_diff,abs_debt_diff,debt_per_diff,abs_debt_per_diff,eq_vb,eq_min_val,sg_equity,equity,eq_negative,firm_value,leverage,ROE,cvml_vb,cvmh_vb,eq_deriv
0.02,0.02,0.0,0.0025,NaN,NaN,0.25,100.0,0.08,0.6,0.27,1.0,1.0,5.0,1.257050705070507,12.981466438137058,51.31703081781276,64.90825202993958,64.88254596988695,-0.024786220798347358,0.024786220798347358,-0.00038187089134291015,0.00038187089134291015,9.272582701669307e-13,NaN,44.72118455222788,44.67785673066297,false,109.56040270054991,59.220799094015455,27.22407692867459,NaN,NaN,NaN
