gross_delta,delta,iota,kappa,lambda,sigmah,sigmal,mu_b,m,c,p,vb,debt_diff,eq_deriv,eq_deriv_min_val,eq_min_val,eq_negative,eq_vb,abs_debt_diff,debt_per_diff,abs_debt_per_diff,debt,equity,firm_value,leverage,ROE,V0,r,alpha,pi,xi,opt
0.02,0.02,0.0,0.0025,0.5,0.35,0.15,1.0,10.0,1.0,8.580210652644212,91.21193104058273,-22.04944356704239,-0.9393123448927697,-0.9393123448927697,-4.239701130003356,true,0.0,22.04944356704239,-0.25698021248752545,0.25698021248752545,63.75266295939973,-4.0765064704649925,59.67615648893474,106.83104728975108,-111.24636125930833,100.0,0.08,0.6,0.27,1.0,false
0.02,0.02,0.0,0.0025,0.5,0.35,0.15,1.0,10.0,1.0,8.580210652644212,91.21193104058274,-22.049443567042392,-0.9393123448927698,-0.9393123448927698,-4.239701130003356,true,0.0,22.049443567042392,-0.25698021248752545,0.25698021248752545,63.75266295939974,-4.076506470464993,59.67615648893475,106.83104728975108,-111.24636125930836,100.0,0.08,0.6,0.27,1.0,false
0.02,0.02,0.0,0.0025,0.5,0.35,0.15,1.0,10.0,1.0,8.839756344055457,91.21193104058273,-23.284451017642652,-0.9772703773867013,-0.9772703773867013,-4.455488669856134,true,0.0,23.284451017642652,-0.26340602739917074,0.26340602739917074,65.11311242291193,-4.268432952188339,60.844679470723584,107.01529367780162,-112.23506379798589,100.0,0.08,0.6,0.27,1.0,false
0.02,0.02,0.0,0.0025,0.5,0.35,0.15,1.0,10.0,1.0,9.099302035466703,90.22820759778406,-24.37911229772307,-1.0416505245240744,-1.0416505245240744,-4.772286780222949,true,0.0,24.37911229772307,-0.2679228824661458,0.2679228824661458,66.61390805694397,-4.683982635659745,61.929925421284224,107.5633590768865,-114.02974221615648,100.0,0.08,0.6,0.27,1.0,false
0.02,0.02,0.0,0.0025,0.5,0.35,0.15,1.0,10.0,1.0,9.35884772687795,90.24564485375129,-25.525223112644625,-1.0797474858983866,-1.0797474858983866,-4.990299597450022,true,0.0,25.525223112644625,-0.27273895096442247,0.27273895096442247,68.06325415613489,-4.884978396897495,63.178275759237394,107.73205399829745,-115.29579256690572,100.0,0.08,0.6,0.27,1.0,false
0.02,0.02,0.0,0.0025,0.5,0.35,0.15,1.0,10.0,1.0,9.618393418289196,89.31423132287811,-26.4541079228254,-1.1445708697928234,-1.1445708697928234,-5.306743490550857,true,0.0,26.4541079228254,-0.2750366591630927,0.2750366591630927,69.72982626006656,-5.270225192805968,64.45960106726059,108.17601273595648,-117.41062089066673,100.0,0.08,0.6,0.27,1.0,false
