gross_delta,delta,iota,kappa,lambda,sigmah,sigmal,mu_b,m,c,p,vb,debt_diff,eq_deriv,eq_deriv_min_val,eq_min_val,eq_negative,eq_vb,abs_debt_diff,debt_per_diff,abs_debt_per_diff,debt,equity,firm_value,leverage,ROE,V0,r,alpha,pi,xi,opt
0.02,0.02,0.0,0.0025,0.5,0.35,0.15,1.0,10.0,2.0,7.306480648064807,91.21193104058273,-34.73253484138368,-1.8222465528801415,-1.8222465528801415,-9.436809267435732,true,0.0,34.73253484138368,-0.4753661374656885,0.4753661374656885,38.33227163926439,-8.545302737660641,29.78696890160375,128.68805740486255,-113.85700911127043,100.0,0.08,0.6,0.27,1.0,false
0.02,0.02,0.0,0.0025,0.5,0.35,0.15,1.0,10.0,2.0,7.306480648064807,91.21193104058273,-34.73253484138368,-1.8222465528801415,-1.8222465528801415,-9.436809267435732,true,0.0,34.73253484138368,-0.47536613746568845,0.47536613746568845,38.332271639264384,-8.545302737660643,29.786968901603743,128.68805740486255,-113.85700911127046,100.0,0.08,0.6,0.27,1.0,false
0.02,0.02,0.0,0.0025,0.5,0.35,0.15,1.0,10.0,2.0,7.520412567572547,91.21193104058273,-35.95596731525992,-1.8534680239592007,-1.8534680239592007,-9.624390531007466,true,0.0,35.95596731525992,-0.47811163273540797,0.47811163273540797,39.248158360465546,-8.702219220732308,30.545939139733235,128.48895619454936,-114.3242064534704,100.0,0.08,0.6,0.27,1.0,false
0.02,0.02,0.0,0.0025,0.5,0.35,0.15,1.0,10.0,2.0,7.734344487080287,91.21193104058273,-37.198361834757875,-1.8849079779840554,-1.8849079779840554,-9.813541095625686,true,0.0,37.198361834757875,-0.48095041405118805,0.48095041405118805,40.145083036044994,-8.861502108934662,31.283580927110332,128.326367526728,-114.80496934658035,100.0,0.08,0.6,0.27,1.0,false
0.02,0.02,0.0,0.0025,0.5,0.35,0.15,1.0,10.0,2.0,7.948276406588027,91.21193104058273,-38.45718887021052,-1.9163479325845891,-1.9163479325845891,-10.003213016767898,true,0.0,38.45718887021052,-0.483843124005285,0.483843124005285,41.02557519566975,-9.020785001331486,32.00479019433827,128.18573390594287,-115.29609662368276,100.0,0.08,0.6,0.27,1.0,false
0.02,0.02,0.0,0.0025,0.5,0.35,0.15,1.0,10.0,2.0,8.162208326095767,91.21193104058273,-39.729526564221686,-1.9477878877600348,-1.9477878877600348,-10.1930673301672,true,0.0,39.729526564221686,-0.4867497247920102,0.4867497247920102,41.89255669673598,-9.180067897917134,32.712488798818846,128.06288434479677,-115.7984371296568,100.0,0.08,0.6,0.27,1.0,false
