gross_delta,delta,iota,kappa,lambda,sigmah,sigmal,mu_b,m,c,p,vb,debt_diff,eq_deriv,eq_deriv_min_val,eq_min_val,eq_negative,eq_vb,abs_debt_diff,debt_per_diff,abs_debt_per_diff,debt,equity,firm_value,leverage,ROE,V0,r,alpha,pi,xi,opt
0.02,0.02,0.0,0.004,0.1,0.225,0.15,1.0,3.0,10.0,34.21922192219222,91.21193104058273,-1.5809035504240967,-0.011846346917620557,-0.011846346917620557,0.0015269130167650342,false,0.0,1.5809035504240967,-0.015399761319517632,0.015399761319517632,101.07676221615256,9.344222089921155,110.42098430607372,91.53763920087862,-967.8073905034975,100.0,0.08,0.6,0.27,1.0,false
0.02,0.02,0.0,0.004,0.1,0.225,0.15,1.0,3.0,10.0,35.78892889288929,91.21193104058273,-2.8609708015781905,-0.1732526788738743,-0.1732526788738743,-0.037205962325357826,true,0.0,2.8609708015781905,-0.026646702300410947,0.026646702300410947,104.50581587708967,8.460612202635204,112.96642807972488,92.51050746097397,-287.77092614134847,100.0,0.08,0.6,0.27,1.0,false
0.02,0.02,0.0,0.004,0.1,0.225,0.15,1.0,3.0,10.0,36.57378237823782,91.21193104058273,-2.9254281170255467,-0.2236176669421283,-0.2236176669421283,-0.06133206404699173,true,0.0,2.9254281170255467,-0.026662342319163927,0.026662342319163927,106.79591901768792,8.198618571860763,114.99453758954868,92.87042781012418,-220.64032179491835,100.0,0.08,0.6,0.27,1.0,false
0.02,0.02,0.0,0.004,0.1,0.225,0.15,1.0,3.0,10.0,37.824796404279674,90.69090796895452,-0.00010876252123164648,-0.24989995205765886,-0.24989995205765886,-0.07273513208411309,true,0.0,0.00010876252123164648,-0.0006409092085589443,0.0006409092085589443,113.47428045031779,9.160926920761689,122.63520737107947,92.52993726912221,-167.98824586247667,100.0,0.08,0.6,0.27,1.0,false
0.02,0.02,0.0,0.004,0.1,0.225,0.15,1.0,3.0,10.0,38.92834283428343,89.99994246546741,3.9888612814650486,-0.2338355323962002,-0.2338355323962002,-0.061770290294397706,true,0.0,3.9888612814650486,0.03415558768620496,0.03415558768620496,120.77388978431533,10.74856445388068,131.52245423819602,91.82758220553403,-151.74074073501654,100.0,0.08,0.6,0.27,1.0,false
0.02,0.02,0.0,0.004,0.1,0.225,0.15,1.0,3.0,10.0,42.067756775677566,90.49687665273585,2.88764974417154,-0.16241964040565043,-0.16241964040565043,-0.02741890208097267,true,0.0,2.88764974417154,0.02288094228215104,0.02288094228215104,129.09092007120424,10.953015243081357,140.0439353142856,92.17887213858945,-137.65097568682003,100.0,0.08,0.6,0.27,1.0,false
