gross_delta,delta,iota,kappa,lambda,sigmah,sigmal,mu_b,m,c,p,vb,debt_diff,eq_deriv,eq_deriv_min_val,eq_min_val,eq_negative,eq_vb,abs_debt_diff,debt_per_diff,abs_debt_per_diff,debt,equity,firm_value,leverage,ROE,V0,r,alpha,pi,xi,opt
0.02,0.02,0.0,0.004,0.5,0.3,0.15,1.0,10.0,2.0,7.422092209220922,100.0,-14.220919708023715,-1.4158239954384593,-1.4158239954384593,-7.082894404896578,true,0.0,14.220919708023715,-0.19160257387204366,0.19160257387204366,60.00000238418551,0.24525923700440092,60.24526162118991,99.59289871036407,-99.38685187094252,100.0,0.08,0.6,0.27,1.0,false
0.02,0.02,0.0,0.004,0.5,0.3,0.15,1.0,10.0,2.0,7.422092209220922,100.00000000000001,-14.220919708023715,-1.4158239954384597,-1.4158239954384597,-7.082894404896579,true,0.0,14.220919708023715,-0.19160257387204369,0.19160257387204369,60.00000238418552,0.24525923700440097,60.245261621189925,99.59289871036407,-99.38685187094252,100.0,0.08,0.6,0.27,1.0,false
0.02,0.02,0.0,0.004,0.5,0.3,0.15,1.0,10.0,2.0,7.620163332122686,100.0,-16.201630937041344,-1.4410662761184643,-1.4410662761184643,-7.235991298447214,true,0.0,16.201630937041344,-0.2126152712336704,0.2126152712336704,60.00000238418551,0.24962512887106394,60.24962751305657,99.58568187194689,-99.3759371406253,100.0,0.08,0.6,0.27,1.0,false
0.02,0.02,0.0,0.004,0.5,0.3,0.15,1.0,10.0,2.0,7.81823445502445,100.0,-18.182342166058987,-1.4663085568347511,-1.4663085568347511,-7.389088192374967,true,0.0,18.182342166058987,-0.23256327589886952,0.23256327589886952,60.00000238418551,0.25399102074396646,60.253993404929474,99.57846607935667,-99.36502241029247,100.0,0.08,0.6,0.27,1.0,false
0.02,0.02,0.0,0.004,0.5,0.3,0.15,1.0,10.0,2.0,8.214376700827977,100.0,-22.14376462409426,-1.5165254720774732,-1.5165254720774732,-7.693999736715502,true,0.0,22.14376462409426,-0.26957327902751593,0.26957327902751593,60.00000238418551,0.2677382147789995,60.26774059896451,99.55575202899908,-99.3306544231564,100.0,0.08,0.6,0.27,1.0,false
0.02,0.02,0.0,0.004,0.5,0.3,0.15,1.0,10.0,2.0,8.610518946631505,100.0,-26.105187082129532,-1.5669945987069118,-1.5669945987069118,-8.001841795206722,true,0.0,26.105187082129532,-0.3031778600561824,0.3031778600561824,60.00000238418551,0.27663530177864115,60.27663768596415,99.54105717837169,-99.30841170433152,100.0,0.08,0.6,0.27,1.0,false
