gross_delta,delta,iota,kappa,lambda,sigmah,sigmal,mu_b,m,c,p,vb,debt_diff,eq_deriv,eq_deriv_min_val,eq_min_val,eq_negative,eq_vb,abs_debt_diff,debt_per_diff,abs_debt_per_diff,debt,equity,firm_value,leverage,ROE,V0,r,alpha,pi,xi,opt
0.02,0.02,0.0,0.005,0.3,0.3,0.15,1.0,3.0,2.0,19.58039619751449,73.42302036007726,0.6223664240907496,0.003906988062409673,0.003906988062409673,0.0012348791961969453,false,0.0,0.6223664240907496,0.010595060110338865,0.010595060110338865,59.363555016634216,15.763779796345833,75.12733481298005,79.01725139646207,-61.20777838022343,100.0,0.08,0.6,0.27,1.0,false
0.02,0.02,0.0,0.005,0.3,0.3,0.15,1.0,3.0,2.0,20.112259910201548,75.29433377649494,0.216562460667447,8.779036069295545e-7,8.779036069295545e-7,0.000840634726197822,false,0.0,0.216562460667447,0.003589228023675913,0.003589228023675913,60.553342191272094,14.105481989619793,74.65882418089188,81.10674505743162,-64.24162965081712,100.0,0.08,0.6,0.27,1.0,false
0.02,0.02,0.0,0.005,0.3,0.3,0.15,1.0,3.0,2.0,20.30163187882346,76.42527426222264,1.2552743721971904e-6,0.010584325591405878,0.010584325591405878,-0.002358801022274726,false,0.0,1.2552743721971904e-6,2.778917206035598e-5,2.778917206035598e-5,60.904896891744755,13.192966165846482,74.09786305759124,82.19521370597086,-66.25417221866674,100.0,0.08,0.6,0.27,1.0,false
0.02,0.02,0.0,0.005,0.3,0.3,0.15,1.0,3.0,2.0,20.644123622888603,77.27123172049056,-0.27368160573877276,-0.00026832707331517664,-0.00026832707331517664,0.0007870148958833384,false,0.0,0.27368160573877276,-0.004419039702502973,0.004419039702502973,61.65868926292704,12.403974400575072,74.06266366350211,83.25205469663966,-67.64853845076968,100.0,0.08,0.6,0.27,1.0,false
0.02,0.02,0.0,0.005,0.3,0.3,0.15,1.0,3.0,2.0,21.175987335575662,72.2812394326902,-0.16585073473199685,-0.2391398166446965,-0.2391398166446965,-0.1719513666762635,true,0.0,0.16585073473199685,-0.0026106729933259134,0.0026106729933259134,63.36211127199499,16.82824372744813,80.19035499944312,79.01462871991902,-54.068740553313944,100.0,0.08,0.6,0.27,1.0,false
0.02,0.02,0.0,0.005,0.3,0.3,0.15,1.0,3.0,2.0,21.70785104826272,58.861630021969205,-0.0372617190783302,-1.0712750005626341,-1.0712750005626341,-1.6249826330928467,true,0.0,0.0372617190783302,-0.0005721696264865465,0.0005721696264865465,65.08629142570983,34.167154042315765,99.2534454680256,65.57585091257846,-2.13828482409959,100.0,0.08,0.6,0.27,1.0,false
