gross_delta,delta,iota,kappa,lambda,sigmah,sigmal,mu_b,m,c,p,vb,debt_diff,eq_deriv,eq_deriv_min_val,eq_min_val,eq_negative,eq_vb,abs_debt_diff,debt_per_diff,abs_debt_per_diff,debt,equity,firm_value,leverage,ROE,V0,r,alpha,pi,xi,opt
0.02,0.02,0.0,0.005,0.3,0.3,0.15,1.0,3.0,10.0,32.09353830119854,91.21193104058273,-0.7416113522324821,-1.1783434155687549,-1.1783434155687549,-1.8512533189624345,true,0.0,0.7416113522324821,-0.007702602989968923,0.007702602989968923,95.53900355136314,0.8757426419951708,96.41474619335831,99.09169221869973,-80.36890071358901,100.0,0.08,0.6,0.27,1.0,false
0.02,0.02,0.0,0.005,0.3,0.3,0.15,1.0,3.0,10.0,32.97362367815729,91.21193104058273,-2.442689863258437,-1.311319366846838,-1.311319366846838,-2.233659257239544,true,0.0,2.442689863258437,-0.024693371961991825,0.024693371961991825,96.47818117121344,0.18253785631123384,96.66071902752466,99.81115611579587,-94.81694359689345,100.0,0.08,0.6,0.27,1.0,false
0.02,0.02,0.0,0.005,0.3,0.3,0.15,1.0,3.0,10.0,33.853709055116035,90.73512516046922,-1.8016530283466494,-1.4071991114987434,-1.4071991114987434,-2.518001729005647,true,0.0,1.8016530283466494,-0.017739592683069,0.017739592683069,99.75947413700145,0.057717162844151966,99.8171912998456,99.94217713192232,-76.00376020914669,100.0,0.08,0.6,0.27,1.0,false
0.02,0.02,0.0,0.005,0.3,0.3,0.15,1.0,3.0,10.0,34.28381107985602,90.10381332661022,7.916609745786674e-5,-1.418804852772055,-1.418804852772055,-2.5343750897743247,true,0.0,7.916609745786674e-5,-0.00010643992888952807,0.00010643992888952807,102.85151240566553,0.5686331947243751,103.4201456003899,99.45017173257371,-119.94145961261069,100.0,0.08,0.6,0.27,1.0,false
0.02,0.02,0.0,0.005,0.3,0.3,0.15,1.0,3.0,10.0,34.73379443207479,89.4350296565452,2.2643263837827305,-1.4080345076853025,-1.4080345076853025,-2.4771134430958357,true,0.0,2.2643263837827305,0.021730291020664178,0.021730291020664178,106.4657096800071,1.2342534319561325,107.69996311196323,98.8539889928532,-119.0892182457963,100.0,0.08,0.6,0.27,1.0,false
0.02,0.02,0.0,0.005,0.3,0.3,0.15,1.0,3.0,10.0,35.613879809033534,89.56526139645133,4.143746868564378,-1.3481681331079791,-1.3481681331079791,-2.2807155293063492,true,0.0,4.143746868564378,0.038784006785965774,0.038784006785965774,110.98538629566498,1.3332164595405593,112.31860275520555,98.81300476783328,-112.13627289617179,100.0,0.08,0.6,0.27,1.0,false
