gross_delta,delta,iota,kappa,lambda,sigmah,sigmal,mu_b,m,c,p,vb,debt_diff,eq_deriv,eq_deriv_min_val,eq_min_val,eq_negative,eq_vb,abs_debt_diff,debt_per_diff,abs_debt_per_diff,debt,equity,firm_value,leverage,ROE,V0,r,alpha,pi,xi,opt
0.02,0.02,0.0,0.001,0.5,0.2,0.15,1.0,5.0,11.0,15.990435885693833,91.21193104058273,48.587320301299556,-1.4816195572410085,-1.4816195572410085,-2.278864231873019,true,0.0,48.587320301299556,0.6077047636302295,0.6077047636302295,128.53949972976872,1.1688840550117874,129.7083837847805,99.09883692872833,-104.09567114378169,100.0,0.08,0.6,0.27,1.0,false
0.02,0.02,0.0,0.001,0.5,0.2,0.15,1.0,5.0,11.0,16.48764744895542,91.21193104058273,44.9914986779351,-1.6191014553033507,-1.6191014553033507,-2.6705121934174336,true,0.0,44.9914986779351,0.5457600766540596,0.5457600766540596,127.4297359227122,0.47774358518633686,127.90747950789853,99.62649284699819,-101.7416995429065,100.0,0.08,0.6,0.27,1.0,false
0.02,0.02,0.0,0.001,0.5,0.2,0.15,1.0,5.0,11.0,16.854379448990272,91.40105263630964,42.334431287191435,-1.6957279440590836,-1.6957279440590836,-2.91066674971956,true,0.0,42.334431287191435,0.5027000605823988,0.5027000605823988,126.6063285321428,-0.1623861721723755,126.44394235997042,100.12842542643132,-99.38967087482139,100.0,0.08,0.6,0.27,1.0,false
0.02,0.02,0.0,0.001,0.5,0.2,0.15,1.0,5.0,11.0,16.98485901221701,91.21193104058273,42.864400274907524,-1.7160910645614387,-1.7160910645614387,-2.9707855174507922,true,0.0,42.864400274907524,0.5047366038667223,0.5047366038667223,127.78869533599259,-0.08454204559593954,127.70415329039665,100.06620148477371,-99.69576820871313,100.0,0.08,0.6,0.27,1.0,false
0.02,0.02,0.0,0.001,0.5,0.2,0.15,1.0,5.0,11.0,17.482070575478602,89.30009100004656,52.260445139555046,-1.7441532442294954,-1.7441532442294954,-3.0239825663229887,true,0.0,52.260445139555046,0.5978747759188053,0.5978747759188053,139.67079801694805,1.7034981561754534,141.3742961731235,98.79504393493895,-104.29408593053179,100.0,0.08,0.6,0.27,1.0,false
0.02,0.02,0.0,0.001,0.5,0.2,0.15,1.0,5.0,11.0,17.97928213874019,89.41303301407247,55.942726886580175,-1.644630152408221,-1.644630152408221,-2.753543685099627,true,0.0,55.942726886580175,0.6223021192380053,0.6223021192380053,145.83913758028112,1.7544001892755676,147.5935377695567,98.8113299431749,-103.82729754939864,100.0,0.08,0.6,0.27,1.0,false
