gross_delta,delta,iota,kappa,lambda,sigmah,sigmal,mu_b,m,c,p,vb,debt_diff,eq_deriv,eq_deriv_min_val,eq_min_val,eq_negative,eq_vb,abs_debt_diff,debt_per_diff,abs_debt_per_diff,debt,equity,firm_value,leverage,ROE,V0,r,alpha,pi,xi,opt
0.02,0.02,0.0,0.001,0.5,0.2,0.15,1.0,5.0,4.0,18.623020196756517,91.21193104058273,-0.047164771022764285,-0.39788141922824727,-0.39788141922824727,-0.3569238663028069,true,0.0,0.047164771022764285,-0.0005065211821117903,0.0005065211821117903,93.06793621275982,2.6959114747128172,95.76384768747263,97.18483379708073,-61.10954028329674,100.0,0.08,0.6,0.27,1.0,false
0.02,0.02,0.0,0.001,0.5,0.2,0.15,1.0,5.0,4.0,19.863588990477993,88.84604227748358,-1.5153112376507352,-0.6740248308729047,-0.6740248308729047,-0.8826642423306371,true,0.0,1.5153112376507352,-0.015257174706717199,0.015257174706717199,97.80263371473923,3.5877937773180766,101.39042749205731,96.46140778171673,63.27700126209494,100.0,0.08,0.6,0.27,1.0,false
0.02,0.02,0.0,0.001,0.5,0.2,0.15,1.0,5.0,4.0,20.36912169401722,86.16986079728619,9.429863625932955e-6,-0.808705725377217,-0.808705725377217,-1.1678176156552287,true,0.0,9.429863625932955e-6,-0.00037686977252791366,0.00037686977252791366,101.84561789994973,5.849999163667969,107.6956170636177,94.5680248433766,-416.9669715398463,100.0,0.08,0.6,0.27,1.0,false
0.02,0.02,0.0,0.001,0.5,0.2,0.15,1.0,5.0,4.0,21.104157784199472,83.39648587235126,1.8128387629196254,-0.9040450708519323,-0.9040450708519323,-1.3498483826787326,true,0.0,1.8128387629196254,0.01717992048255898,0.01717992048255898,107.33362768391699,8.411865639136153,115.74549332305314,92.73244651032927,-214.702654698217,100.0,0.08,0.6,0.27,1.0,false
0.02,0.02,0.0,0.001,0.5,0.2,0.15,1.0,5.0,4.0,21.517680715439962,83.25115472914703,1.893304330753196,-0.8728405057762789,-0.8728405057762789,-1.2507904527569216,true,0.0,1.893304330753196,0.017597661716345293,0.017597661716345293,109.48170790795301,8.682590073830541,118.16429798178355,92.65210370464938,-191.57200536147934,100.0,0.08,0.6,0.27,1.0,false
0.02,0.02,0.0,0.001,0.5,0.2,0.15,1.0,5.0,4.0,23.171772440401934,85.96463393949159,2.332754899671542,-0.7803149483470115,-0.7803149483470115,-1.0265818329477703,true,0.0,2.332754899671542,0.02013445372529369,0.02013445372529369,118.19161710168122,5.958346179755658,124.14996328143687,95.20068631333494,-132.75325193165486,100.0,0.08,0.6,0.27,1.0,false
