gross_delta,delta,iota,kappa,lambda,sigmah,sigmal,mu_b,m,c,p,vb,debt_diff,eq_deriv,eq_deriv_min_val,eq_min_val,eq_negative,eq_vb,abs_debt_diff,debt_per_diff,abs_debt_per_diff,debt,equity,firm_value,leverage,ROE,V0,r,alpha,pi,xi,opt
0.02,0.02,0.0,0.001,0.5,0.2,0.15,1.0,5.0,10.0,16.809292771382403,91.21193104058273,39.0153022885885,-1.4171315314086053,-1.4171315314086053,-2.22318112450721,true,0.0,39.0153022885885,0.4642111101189401,0.4642111101189401,123.06176614550051,0.9556991090961399,124.01746525459666,99.22938345245633,-104.14408464237508,100.0,0.08,0.6,0.27,1.0,false
0.02,0.02,0.0,0.001,0.5,0.2,0.15,1.0,5.0,10.0,17.293909654123308,91.21193104058273,36.03479640497507,-1.5330503097109067,-1.5330503097109067,-2.558471567471446,true,0.0,36.03479640497507,0.4167339499935858,0.4167339499935858,122.50434467559161,0.35742448368361746,122.86176915927523,99.70908404939192,-101.58824657565471,100.0,0.08,0.6,0.27,1.0,false
0.02,0.02,0.0,0.001,0.5,0.2,0.15,1.0,5.0,10.0,17.6293502762563,91.41092152524892,33.933418560589686,-1.5921483174332578,-1.5921483174332578,-2.74859320893752,true,0.0,33.933418560589686,0.38528570317696387,0.38528570317696387,122.08016994187119,-0.198262519412717,121.88190742245847,100.16266771960298,-99.10207883392805,100.0,0.08,0.6,0.27,1.0,false
0.02,0.02,0.0,0.001,0.5,0.2,0.15,1.0,5.0,10.0,17.778526536864213,91.21193104058273,34.59653024928869,-1.6080457604829965,-1.6080457604829965,-2.7963549852390983,true,0.0,34.59653024928869,0.3891945733247571,0.3891945733247571,123.48916293360975,-0.10791769250178006,123.38124524110796,100.08746685307877,-99.5405639068246,100.0,0.08,0.6,0.27,1.0,false
0.02,0.02,0.0,0.001,0.5,0.2,0.15,1.0,5.0,10.0,18.263143419605118,89.33539201443806,43.97705942392166,-1.602394934837444,-1.602394934837444,-2.748769825488832,true,0.0,43.97705942392166,0.48159353966101115,0.48159353966101115,135.29277652194725,1.6901432524436635,136.98291977439092,98.76616496770012,-104.78892118729345,100.0,0.08,0.6,0.27,1.0,false
0.02,0.02,0.0,0.001,0.5,0.2,0.15,1.0,5.0,10.0,18.747760302346023,89.44545843461086,47.88522476079723,-1.5057401689938907,-1.5057401689938907,-2.479681894876968,true,0.0,47.88522476079723,0.5108367505083267,0.5108367505083267,141.62402627252735,1.7978230728406708,143.421849345368,98.74647894930472,-104.31919550758901,100.0,0.08,0.6,0.27,1.0,false
