gross_delta,delta,iota,kappa,lambda,sigmah,sigmal,mu_b,m,c,p,vb,debt_diff,eq_deriv,eq_deriv_min_val,eq_min_val,eq_negative,eq_vb,abs_debt_diff,debt_per_diff,abs_debt_per_diff,debt,equity,firm_value,leverage,ROE,V0,r,alpha,pi,xi,opt
0.02,0.02,0.0,0.001,0.75,0.35,0.15,1.0,3.0,10.0,31.367743353282695,91.21193104058273,-0.7638339960145117,-1.7008125810190637,-1.7008125810190637,-3.945712289156323,true,0.0,0.7638339960145117,-0.008116979571569712,0.008116979571569712,93.33939606383358,-3.1839409197119486,90.15545514412163,103.53161205234018,-147.80258592503094,100.0,0.08,0.6,0.27,1.0,false
0.02,0.02,0.0,0.001,0.75,0.35,0.15,1.0,3.0,10.0,32.34006295366379,88.93409605277506,-1.1577541456682496,-2.062788334365924,-2.062788334365924,-5.175474836333982,true,0.0,1.1577541456682496,-0.01193312607674942,0.01193312607674942,95.86243471532312,-3.3890198420032283,92.4734148733199,103.66485853977154,-181.908552707414,100.0,0.08,0.6,0.27,1.0,false
0.02,0.02,0.0,0.001,0.75,0.35,0.15,1.0,3.0,10.0,32.71505148063203,87.1586175726687,-1.1800820305135629e-5,-2.095007901798234,-2.095007901798234,-5.283974276074602,true,0.0,1.1800820305135629e-5,-0.00016618037173183058,0.00016618037173183058,98.14514264107578,-2.3068767376525257,95.83826590342325,102.40705183457428,-224.3694953983128,100.0,0.08,0.6,0.27,1.0,false
0.02,0.02,0.0,0.001,0.75,0.35,0.15,1.0,3.0,10.0,33.31238255404488,84.7831478381102,1.9108419876022822,-2.068957530697048,-2.068957530697048,-5.197305965818499,true,0.0,1.9108419876022822,0.01912043751801298,0.01912043751801298,101.84798964973692,-0.6347878151570452,101.21320183457988,100.6271788696049,-65.6498176141076,100.0,0.08,0.6,0.27,1.0,false
0.02,0.02,0.0,0.001,0.75,0.35,0.15,1.0,3.0,10.0,35.257021754807056,86.52864796925611,2.4435878223331997,-1.794190362959452,-1.794190362959452,-4.361232705189245,true,0.0,2.4435878223331997,0.02310261143937976,0.02310261143937976,108.21465308675437,-1.7763991531367906,106.43825393361757,101.66894804028324,-78.37523831650144,100.0,0.08,0.6,0.27,1.0,false
0.02,0.02,0.0,0.001,0.75,0.35,0.15,1.0,3.0,10.0,36.22934135518815,88.60427500024873,2.5121022726825117,-1.7987821414168086,-1.7987821414168086,-4.524867236828653,true,0.0,2.5121022726825117,0.023112962943986574,0.023112962943986574,111.20012633824695,-3.3236159979305007,107.87651034031644,103.08094504303628,-70.32519189912357,100.0,0.08,0.6,0.27,1.0,false
