gross_delta,delta,iota,kappa,lambda,sigmah,sigmal,mu_b,m,c,p,vb,debt_diff,eq_deriv,eq_deriv_min_val,eq_min_val,eq_negative,eq_vb,abs_debt_diff,debt_per_diff,abs_debt_per_diff,debt,equity,firm_value,leverage,ROE,V0,r,alpha,pi,xi,opt
0.02,0.02,0.0,0.001,0.75,0.35,0.15,1.0,3.0,1.0,11.615570767603074,45.65239358194385,-0.007479101704447544,-0.18725632683796886,-0.18725632683796886,-0.1078550126544228,true,0.0,0.007479101704447544,-0.00021462861803018944,0.00021462861803018944,34.839233201104776,30.582754522825287,65.42198772393006,53.25309488932156,-53.06569270860114,100.0,0.08,0.6,0.27,1.0,false
0.02,0.02,0.0,0.001,0.75,0.35,0.15,1.0,3.0,1.0,11.777608252880206,46.27963225234176,-8.857695956184354e-5,-0.18593498897076885,-0.18593498897076885,-0.1082486904588378,true,0.0,8.857695956184354e-5,-1.945407537001815e-6,1.945407537001815e-6,35.33273618168104,30.034473193511108,65.36720937519215,54.05269173857429,-53.555367244403286,100.0,0.08,0.6,0.27,1.0,false
0.02,0.02,0.0,0.001,0.75,0.35,0.15,1.0,3.0,1.0,11.830643590674855,46.46306766687933,-0.000911604878247374,-0.1869280920287396,-0.1869280920287396,-0.11026047530090176,true,0.0,0.000911604878247374,-2.5684848877421985e-5,2.5684848877421985e-5,35.49101916714632,29.897618283997097,65.38863745114341,54.27704345982776,-53.653556608709295,100.0,0.08,0.6,0.27,1.0,false
0.02,0.02,0.0,0.001,0.75,0.35,0.15,1.0,3.0,1.0,12.045716413746636,47.27424865165983,-0.021926584891971856,-0.18658950471693092,-0.18658950471693092,-0.11262066807641534,true,0.0,0.021926584891971856,-0.0006067602274212908,0.0006067602274212908,36.11522265634794,29.224215746481622,65.33943840282956,55.27323702063522,-54.25480535170794,100.0,0.08,0.6,0.27,1.0,false
0.02,0.02,0.0,0.001,0.75,0.35,0.15,1.0,3.0,1.0,12.260789236818418,47.54573501117416,-0.0592156473365506,-0.2081716147614532,-0.2081716147614532,-0.13622165192226832,true,0.0,0.0592156473365506,-0.0016098922125591924,0.0016098922125591924,36.723152063118704,29.284528079435486,66.0076801425542,55.63466551742033,-53.71999548927149,100.0,0.08,0.6,0.27,1.0,false
0.02,0.02,0.0,0.001,0.75,0.35,0.15,1.0,3.0,1.0,12.475862059890199,42.864813671667754,-0.04383495075988719,-0.47273025051418954,-0.47273025051418954,-0.434937790611665,true,0.0,0.04383495075988719,-0.0011711936364118736,0.0011711936364118736,37.38375122891071,36.90140010235875,74.28515133126946,50.32466187246557,-41.06737336300383,100.0,0.08,0.6,0.27,1.0,false
