gross_delta,delta,iota,kappa,lambda,sigmah,sigmal,mu_b,m,c,p,vb,debt_diff,eq_deriv,eq_deriv_min_val,eq_min_val,eq_negative,eq_vb,abs_debt_diff,debt_per_diff,abs_debt_per_diff,debt,equity,firm_value,leverage,ROE,V0,r,alpha,pi,xi,opt
0.02,0.02,0.0,0.001,0.75,0.35,0.15,1.0,3.0,3.0,19.52895947489486,44.56739021712209,5.895279864080649,-1.8471601702373672,-1.8471601702373672,-2.7438513593123646,true,0.0,5.895279864080649,0.1006245770827205,0.1006245770827205,64.48215828876523,55.886811880295014,120.36897016906025,53.57041619463801,57.34855832362491,100.0,0.08,0.6,0.27,1.0,false
0.02,0.02,0.0,0.001,0.75,0.35,0.15,1.0,3.0,3.0,21.269309648515716,86.75706819890787,1.620166707841028e-5,-0.2529480261066036,-0.2529480261066036,-0.1913443014852907,true,0.0,1.620166707841028e-5,0.0019215476853478148,0.0019215476853478148,63.80794514721423,7.150033186206768,70.957978333421,89.92356694181755,-80.2441911207028,100.0,0.08,0.6,0.27,1.0,false
0.02,0.02,0.0,0.001,0.75,0.35,0.15,1.0,3.0,3.0,22.636696564393283,86.84392286494588,-0.3674845328096552,-0.29374009365817594,-0.29374009365817594,-0.3573125925904888,true,0.0,0.3674845328096552,-0.005411339235008569,0.005411339235008569,67.5426051603702,2.6631322322524777,70.20573739262268,96.20667436714037,-91.79499080129237,100.0,0.08,0.6,0.27,1.0,false
0.02,0.02,0.0,0.001,0.75,0.35,0.15,1.0,3.0,3.0,23.413630836767886,83.22378231966046,-0.1711768913374243,-0.46434931403780855,-0.46434931403780855,-0.7096113267816806,true,0.0,0.1711768913374243,-0.0024369976693037363,0.0024369976693037363,70.06971561896624,4.228933122098091,74.29864874106434,94.30819645612102,-85.87072188068522,100.0,0.08,0.6,0.27,1.0,false
0.02,0.02,0.0,0.001,0.75,0.35,0.15,1.0,3.0,3.0,24.190565109142494,79.55298187448395,-0.18207601216150238,-0.6672959339133016,-0.6672959339133016,-1.179240741086673,true,0.0,0.18207601216150238,-0.0025089122052339495,0.0025089122052339495,72.38961931526597,6.342663904605333,78.7322832198713,91.94401121723789,-77.02797372832953,100.0,0.08,0.6,0.27,1.0,false
0.02,0.02,0.0,0.001,0.75,0.35,0.15,1.0,3.0,3.0,24.9674993815171,67.59588499661483,-0.0034281865791143673,-1.3535827884200882,-1.3535827884200882,-2.7766898048368174,true,0.0,0.0034281865791143673,-4.576865477167996e-5,4.576865477167996e-5,74.89906995797219,17.75864577488843,92.65771573286062,80.83414248405606,-29.25104470171348,100.0,0.08,0.6,0.27,1.0,false
