gross_delta,delta,iota,kappa,lambda,sigmah,sigmal,mu_b,m,c,p,vb,debt_diff,eq_deriv,eq_deriv_min_val,eq_min_val,eq_negative,eq_vb,abs_debt_diff,debt_per_diff,abs_debt_per_diff,debt,equity,firm_value,leverage,ROE,V0,r,alpha,pi,xi,opt
0.02,0.02,0.0,0.001,0.75,0.35,0.15,1.0,3.0,5.0,23.491811023207582,46.02393442278394,-0.012244778752375396,-0.00020476319015411137,-0.7064798020167552,0.0009578069611642925,false,0.0,0.012244778752375396,-0.0001737453495358981,0.0001737453495358981,70.46318829087036,63.34534608910984,133.8085343799802,52.6597115926656,114.46236890060209,100.0,0.08,0.6,0.27,1.0,false
0.02,0.02,0.0,0.001,0.75,0.35,0.15,1.0,3.0,5.0,26.03844594985814,90.3385759938538,-0.7338253506924985,-0.6359665423576231,-0.6359665423576231,-1.068484109713889,true,0.0,0.7338253506924985,-0.009394126312371784,0.009394126312371784,77.38151249888192,0.4165958396593436,77.79810833854125,99.46451674911361,-98.15816225714143,100.0,0.08,0.6,0.27,1.0,false
0.02,0.02,0.0,0.001,0.75,0.35,0.15,1.0,3.0,5.0,26.88732425874166,88.68018918829745,-0.989506269310894,-0.7817459045695708,-0.7817459045695708,-1.4510754096779444,true,0.0,0.989506269310894,-0.012267320464080564,0.012267320464080564,79.67246650691409,0.6855735691193874,80.35804007603348,99.14685130638988,-96.62736470535113,100.0,0.08,0.6,0.27,1.0,false
0.02,0.02,0.0,0.001,0.75,0.35,0.15,1.0,3.0,5.0,27.959043840902925,65.11372201901986,-1.8611247978549128e-6,-0.65488631450593,-0.9897700762086983,-0.702408797607796,true,0.0,1.8611247978549128e-6,-0.00023126889649188167,0.00023126889649188167,83.87712966158396,32.68476479584874,116.56189445743271,71.95930544198137,102.72298982626316,100.0,0.08,0.6,0.27,1.0,false
0.02,0.02,0.0,0.001,0.75,0.35,0.15,1.0,3.0,5.0,28.585080876508698,52.74393448497611,0.5829974833455367,-0.557802348116558,-1.019280232119208,-0.19664529707271042,true,0.0,0.5829974833455367,0.006798388826956765,0.006798388826956765,86.33824011287163,49.25720484870451,135.59544496157613,63.67340741964998,260.54802057466196,100.0,0.08,0.6,0.27,1.0,false
0.02,0.02,0.0,0.001,0.75,0.35,0.15,1.0,3.0,5.0,29.43395918539222,56.028534867867435,0.33059275066277394,-0.6130903251142754,-0.8096341867481377,-0.32472221122292644,true,0.0,0.33059275066277394,0.0037438926533861585,0.0037438926533861585,88.63247030683944,41.84662295746625,130.47909326430567,67.92848424176323,268.1241579042795,100.0,0.08,0.6,0.27,1.0,false
