gross_delta,delta,iota,kappa,lambda,sigmah,sigmal,mu_b,m,c,p,vb,debt_diff,eq_deriv,eq_deriv_min_val,eq_min_val,eq_negative,eq_vb,abs_debt_diff,debt_per_diff,abs_debt_per_diff,debt,equity,firm_value,leverage,ROE,V0,r,alpha,pi,xi,opt
0.02,0.02,0.0,0.001,0.2,0.2,0.15,1.0,5.0,1.0,11.480830977834625,71.407199473543,0.12099054752690819,0.7630957972042963,0.7630957972042963,0.04348482727811448,false,0.0,0.12099054752690819,0.0021076966947862507,0.0021076966947862507,57.525145436700036,25.56632484666612,83.09147028336616,69.23110788691366,-39.808328693474834,100.0,0.08,0.6,0.27,1.0,false
0.02,0.02,0.0,0.001,0.2,0.2,0.15,1.0,5.0,1.0,11.691228333359652,67.531033950944,0.1100107462111879,0.6049366282735968,0.6049366282735968,0.03419082499615265,false,0.0,0.1100107462111879,0.0018819364924604913,0.0018819364924604913,58.56615241300945,28.93901290030831,87.50516531331776,66.92879466407456,-30.156105248129027,100.0,0.08,0.6,0.27,1.0,false
0.02,0.02,0.0,0.001,0.2,0.2,0.15,1.0,5.0,1.0,11.901625688884677,63.47980964701039,0.06226766047064558,0.414478843722523,0.414478843722523,0.024083682436791102,false,0.0,0.06226766047064558,0.0010463723544725393,0.0010463723544725393,59.57039610489403,32.60805805458665,92.17845415948068,64.62507605283716,-19.346085756398235,100.0,0.08,0.6,0.27,1.0,false
0.02,0.02,0.0,0.001,0.2,0.2,0.15,1.0,5.0,1.0,12.112023044409703,55.72564367737307,0.025869357661278514,0.05331617763177425,0.05331617763177425,0.0032967544638348597,false,0.0,0.025869357661278514,0.00042716823715454374,0.00042716823715454374,60.585984579709795,42.03017842401005,102.61616300371985,59.04136620028713,6.637646471242453,100.0,0.08,0.6,0.27,1.0,false
0.02,0.02,0.0,0.001,0.2,0.2,0.15,1.0,5.0,1.0,12.248511277794679,48.17106972357665,0.018140448153586786,-0.42080590281563857,-0.42080590281563857,-0.30143868107982263,true,0.0,0.018140448153586786,0.00029616008460190075,0.00029616008460190075,61.260696837126964,54.371755535260206,115.63245237238718,52.978809650979876,40.35295190174975,100.0,0.08,0.6,0.27,1.0,false
0.02,0.02,0.0,0.001,0.2,0.2,0.15,1.0,5.0,1.0,12.32242039993473,43.1976714856193,0.02066956812495846,-0.7991959705956435,-0.7991959705956435,-0.6533274027297565,true,0.0,0.02066956812495846,0.00033547902853676287,0.00033547902853676287,61.632771567798606,63.92446173569988,125.55723330349849,49.08739221643974,66.61214361277253,100.0,0.08,0.6,0.27,1.0,false
