gross_delta,delta,iota,kappa,lambda,sigmah,sigmal,mu_b,m,c,p,vb,debt_diff,eq_deriv,eq_deriv_min_val,eq_min_val,eq_negative,eq_vb,abs_debt_diff,debt_per_diff,abs_debt_per_diff,debt,equity,firm_value,leverage,ROE,V0,r,alpha,pi,xi,opt
0.02,0.02,0.0,0.003,0.2,0.225,0.15,1.0,3.0,7.0,29.662492565045977,88.48309735254071,3.2306187725842506,0.07125638364463907,0.07125638364463907,0.009816382452195472,false,0.0,3.2306187725842506,0.036304195334674196,0.036304195334674196,92.21809646772218,11.421029648394537,103.63912611611671,88.98000197763297,46.76395821436652,100.0,0.08,0.6,0.27,1.0,false
0.02,0.02,0.0,0.003,0.2,0.225,0.15,1.0,3.0,7.0,30.71987553358882,89.62743920264325,2.216310277608491e-6,-0.007925770662160445,-0.007925770662160445,0.07523140258279472,false,0.0,2.216310277608491e-6,8.434699083893394e-5,8.434699083893394e-5,92.15962881707674,9.313545314673203,101.47317413174994,90.82166750536378,18.78959678539951,100.0,0.08,0.6,0.27,1.0,false
0.02,0.02,0.0,0.003,0.2,0.225,0.15,1.0,3.0,7.0,31.84732683794695,89.42354507072947,-1.9064380045327027,-0.20021830344775135,-0.20021830344775135,-0.06532918427188239,true,0.0,1.9064380045327027,-0.019953930139186546,0.019953930139186546,93.63554250930815,8.635940835427919,102.27148334473607,91.55586625617042,35.69013302482047,100.0,0.08,0.6,0.27,1.0,false
0.02,0.02,0.0,0.003,0.2,0.225,0.15,1.0,3.0,7.0,34.03216111084793,87.13152490699687,-1.6164168837367612,-0.5737209244053555,-0.5737209244053555,-0.4634107765680752,true,0.0,1.6164168837367612,-0.015832248388730936,0.015832248388730936,100.48006644880702,10.266431904293269,110.74649835310029,90.72979095776,-2238.5439307007637,100.0,0.08,0.6,0.27,1.0,false
0.02,0.02,0.0,0.003,0.2,0.225,0.15,1.0,3.0,7.0,36.2169953837489,85.70023795776069,1.9099541097076553,-0.6036029464059119,-0.6036029464059119,-0.4695968489762611,true,0.0,1.9099541097076553,0.017578801420623274,0.017578801420623274,110.56094026095437,12.583270025500159,123.14421028645452,89.78167954771945,-219.1491450057974,100.0,0.08,0.6,0.27,1.0,false
0.02,0.02,0.0,0.003,0.2,0.225,0.15,1.0,3.0,7.0,38.40182965664987,87.49483396890265,1.9517660765017553,-0.5630287716137776,-0.5630287716137776,-0.405404244609895,true,0.0,1.9517660765017553,0.016941606636562752,0.016941606636562752,117.15725504645137,10.138961870384518,127.29621691683589,92.03514282203027,-159.0943122482845,100.0,0.08,0.6,0.27,1.0,false
