gross_delta,delta,iota,kappa,lambda,sigmah,sigmal,mu_b,m,c,p,vb,debt_diff,eq_deriv,eq_deriv_min_val,eq_min_val,eq_negative,eq_vb,abs_debt_diff,debt_per_diff,abs_debt_per_diff,debt,equity,firm_value,leverage,ROE,V0,r,alpha,pi,xi,opt
0.02,0.02,0.0,0.003,0.2,0.225,0.15,1.0,3.0,6.0,33.81697906632768,84.97121083779952,-1.4315193197568306,-0.6443598741549112,-0.6443598741549112,-0.5952801235156048,true,0.0,1.4315193197568306,-0.014110459294713941,0.014110459294713941,100.01941787922621,12.340247071702443,112.35966495092865,89.01719128737892,-63650.95182096542,100.0,0.08,0.6,0.27,1.0,false
0.02,0.02,0.0,0.003,0.2,0.225,0.15,1.0,3.0,6.0,34.520828398629334,84.81182185461122,-1.580611378440281,-0.6809287471576921,-0.6809287471576921,-0.6503767407352204,true,0.0,1.580611378440281,-0.015262393283152306,0.015262393283152306,101.98187381744772,12.3827374841999,114.36461130164761,89.17257939911217,-724.7994890081615,100.0,0.08,0.6,0.27,1.0,false
0.02,0.02,0.0,0.003,0.2,0.225,0.15,1.0,3.0,6.0,35.224677730930985,82.84905563523762,1.2012068868360615,-0.6826576869564638,-0.6826576869564638,-0.607654567546993,true,0.0,1.2012068868360615,0.011367096064598627,0.011367096064598627,106.87524007962902,15.905347341448518,122.78058742107754,87.0457149004338,-331.34242815134894,100.0,0.08,0.6,0.27,1.0,false
0.02,0.02,0.0,0.003,0.2,0.225,0.15,1.0,3.0,6.0,37.33622572783594,83.96528955730352,1.739636991394022,-0.6666720345655482,-0.6666720345655482,-0.5626150746137543,true,0.0,1.739636991394022,0.015531269854601645,0.015531269854601645,113.74831417490184,14.445391054425645,128.1937052293275,88.73159097119154,-205.07027167590013,100.0,0.08,0.6,0.27,1.0,false
0.02,0.02,0.0,0.003,0.2,0.225,0.15,1.0,3.0,6.0,37.894672411044226,84.72391646904359,1.2766690192012042e-5,-0.6710168720710046,-0.6710168720710046,-0.5734177587146685,true,0.0,1.2766690192012042e-5,-3.679746455539142e-5,3.679746455539142e-5,113.68402999982288,13.216774003143257,126.90080400296614,89.58495644926384,-196.5853919007363,100.0,0.08,0.6,0.27,1.0,false
0.02,0.02,0.0,0.003,0.2,0.225,0.15,1.0,3.0,6.0,38.04007506013759,84.84568688438058,-0.5406594798489266,-0.6733439505138945,-0.6733439505138945,-0.5769407918510316,true,0.0,0.5406594798489266,-0.004737630678472615,0.004737630678472615,113.57956570056385,13.024110601622768,126.60367630218661,89.71269162000011,-195.9096254535002,100.0,0.08,0.6,0.27,1.0,false
