gross_delta,delta,iota,kappa,lambda,sigmah,sigmal,mu_b,m,c,p,vb,debt_diff,eq_deriv,eq_deriv_min_val,eq_min_val,eq_negative,eq_vb,abs_debt_diff,debt_per_diff,abs_debt_per_diff,debt,equity,firm_value,leverage,ROE,V0,r,alpha,pi,xi,opt
0.02,0.02,0.0,0.003,0.2,0.225,0.15,1.0,3.0,5.0,25.2011740647749,87.7678600415969,3.3951422807716227,0.49114103491439726,0.49114103491439726,0.05032917853495392,false,0.0,3.3951422807716227,0.0449071972076254,0.0449071972076254,78.99866447509632,12.381119179577361,91.37978365467367,86.45092088818475,-41.04603888216701,100.0,0.08,0.6,0.27,1.0,false
0.02,0.02,0.0,0.003,0.2,0.225,0.15,1.0,3.0,5.0,25.87697059179602,87.8743543102126,2.5066695110241426,0.41785978983635985,0.41785978983635985,0.04427181123889818,false,0.0,2.5066695110241426,0.03228957967512694,0.03228957967512694,80.1375812864122,11.90517876282504,92.04276004923724,87.0655999923769,-40.06178736590245,100.0,0.08,0.6,0.27,1.0,false
0.02,0.02,0.0,0.003,0.2,0.225,0.15,1.0,3.0,5.0,26.552767118817144,87.98090236726543,1.5890870048366423,0.3473700217500957,0.3473700217500957,0.03704106343455556,false,0.0,1.5890870048366423,0.019948793506477953,0.019948793506477953,81.24738836128807,11.462402028774454,92.70979039006252,87.63625504863282,-38.87570302414806,100.0,0.08,0.6,0.27,1.0,false
0.02,0.02,0.0,0.003,0.2,0.225,0.15,1.0,3.0,5.0,28.20169334418459,87.431894048671,8.368502957267765e-7,0.11055340159559633,0.11055340159559633,-0.017105866364153826,true,0.0,8.368502957267765e-7,-0.0003749016796902566,0.0003749016796902566,84.60508086940406,11.201087782160327,95.80616865156439,88.308594384045,-27.241658841200213,100.0,0.08,0.6,0.27,1.0,false
0.02,0.02,0.0,0.003,0.2,0.225,0.15,1.0,3.0,5.0,31.95913933498613,83.48003300083789,-1.0718113631508999,-0.5576083440605288,-0.5576083440605288,-0.4889876416946241,true,0.0,1.0718113631508999,-0.01117897608689744,0.01117897608689744,94.80560664180749,13.964972479527477,108.77057912133496,87.1610755478746,168.84703403338034,100.0,0.08,0.6,0.27,1.0,false
0.02,0.02,0.0,0.003,0.2,0.225,0.15,1.0,3.0,5.0,32.634935862007254,82.68962584693517,-1.0962182416236743,-0.6564770238187253,-0.6564770238187253,-0.646603210923762,true,0.0,1.0962182416236743,-0.011196776426535621,0.011196776426535621,96.80858934439809,14.744529652148483,111.55311899654657,86.7825034523643,362.0066560932004,100.0,0.08,0.6,0.27,1.0,false
