gross_delta,delta,iota,kappa,lambda,sigmah,sigmal,mu_b,m,c,p,vb,debt_diff,eq_deriv,eq_deriv_min_val,eq_min_val,eq_negative,eq_vb,abs_debt_diff,debt_per_diff,abs_debt_per_diff,debt,equity,firm_value,leverage,ROE,V0,r,alpha,pi,xi,opt
0.02,0.02,0.0,0.005,0.75,0.25,0.15,1.0,3.0,3.0,23.155649775503864,85.73767750544508,0.28932882442093444,-1.657102084489165e-6,-0.00029189518615528284,0.0008012163687417758,false,0.0,0.28932882442093444,0.004164985323610778,0.004164985323610778,69.75627815093253,6.959197751897874,76.7154759028304,90.92856080210913,-76.98961197094711,100.0,0.08,0.6,0.27,1.0,false
0.02,0.02,0.0,0.005,0.75,0.25,0.15,1.0,3.0,3.0,23.300178597740306,86.15692566343945,-1.4006188826186892e-5,-0.000708786188285236,-0.0008880464211242134,0.0060285694374744925,false,0.0,1.4006188826186892e-5,6.154152581154319e-5,6.154152581154319e-5,69.90052178703209,6.594302451551045,76.49482423858313,91.3794135522375,-78.09163864937038,100.0,0.08,0.6,0.27,1.0,false
0.02,0.02,0.0,0.005,0.75,0.25,0.15,1.0,3.0,3.0,23.786883951553047,85.70710332671035,-0.34800058460690764,-0.04931529266334554,-0.04931529266334554,-0.008703294578475268,true,0.0,0.34800058460690764,-0.0048766452598510935,0.0048766452598510935,71.01265127005223,6.8746707298465015,77.88732199989873,91.17356900542114,-76.28389269438755,100.0,0.08,0.6,0.27,1.0,false
0.02,0.02,0.0,0.005,0.75,0.25,0.15,1.0,3.0,3.0,24.41811812760223,83.17548128040853,-0.16367547621746326,-0.16466920734086013,-0.16466920734086013,-0.08287979345045524,true,0.0,0.16367547621746326,-0.0022343446692894343,0.0022343446692894343,73.09067890658923,8.864181296847416,81.95486020343665,89.18406879733081,-67.05906750275477,100.0,0.08,0.6,0.27,1.0,false
0.02,0.02,0.0,0.005,0.75,0.25,0.15,1.0,3.0,3.0,25.049352303651414,80.79108252789463,-0.17236927039743932,-0.29308483807962754,-0.29308483807962754,-0.22592761851637058,true,0.0,0.17236927039743932,-0.002293728906413191,0.002293728906413191,74.9756876405568,11.01903996207623,85.99472760263303,87.1863772707167,-55.9666623250166,100.0,0.08,0.6,0.27,1.0,false
0.02,0.02,0.0,0.005,0.75,0.25,0.15,1.0,3.0,3.0,25.6805864797006,76.02208048880605,-0.005700215792742824,-0.5346327154528389,-0.5346327154528389,-0.588952624541627,true,0.0,0.005700215792742824,-7.398865023648115e-5,7.398865023648115e-5,77.03605922330907,16.267097852132295,93.30315707544136,82.56532966083951,-29.162428999800106,100.0,0.08,0.6,0.27,1.0,false
