gross_delta,delta,iota,kappa,lambda,sigmah,sigmal,mu_b,m,c,p,vb,debt_diff,eq_deriv,eq_deriv_min_val,eq_min_val,eq_negative,eq_vb,abs_debt_diff,debt_per_diff,abs_debt_per_diff,debt,equity,firm_value,leverage,ROE,V0,r,alpha,pi,xi,opt
0.02,0.02,0.0,0.005,0.75,0.25,0.15,1.0,3.0,5.0,26.37583889967944,91.21193104058273,-0.9019391604156795,-0.17109376292720052,-0.17109376292720052,-0.07897215400910443,true,0.0,0.9019391604156795,-0.011398552590070618,0.011398552590070618,78.22557753862264,3.3437331752826713,81.56931071390531,95.90074606979283,-84.64375722840109,100.0,0.08,0.6,0.27,1.0,false
0.02,0.02,0.0,0.005,0.75,0.25,0.15,1.0,3.0,5.0,27.770741547838995,88.96309246993312,-1.0533046465373843,-0.3629987089188117,-0.3629987089188117,-0.3027946432904261,true,0.0,1.0533046465373843,-0.012642858248526534,0.012642858248526534,82.2589199969796,4.512896221484057,86.77181621846366,94.7991220903778,-74.56244929443,100.0,0.08,0.6,0.27,1.0,false
0.02,0.02,0.0,0.005,0.75,0.25,0.15,1.0,3.0,5.0,29.46669509603334,80.76659534840374,-4.474882574557679e-6,-1.0221421890383808,-1.08879620781542,-1.6391508840194406,true,0.0,4.474882574557679e-6,-0.00027970546213094874,0.00027970546213094874,88.40008081321746,12.51785354800117,100.91793436121863,87.59600696621906,7.913282381006259,100.0,0.08,0.6,0.27,1.0,false
0.02,0.02,0.0,0.005,0.75,0.25,0.15,1.0,3.0,5.0,30.5605468441581,75.18233103580124,0.3566722295784075,-1.016601661488902,-1.016601661488902,-1.4201529445678438,true,0.0,0.3566722295784075,0.003890334286198463,0.003890334286198463,92.03831276205271,19.865703063096447,111.90401582514916,82.24755124593852,149.51624535578088,100.0,0.08,0.6,0.27,1.0,false
0.02,0.02,0.0,0.005,0.75,0.25,0.15,1.0,3.0,5.0,31.257998168237876,71.56107461147072,0.20235498853453748,-0.6561395473408396,-0.6561395473408396,-0.513145831468322,true,0.0,0.20235498853453748,0.002157900914889212,0.002157900914889212,93.97634949324816,26.693687145075636,120.67003663832381,77.87877762473641,343.14800659757753,100.0,0.08,0.6,0.27,1.0,false
0.02,0.02,0.0,0.005,0.75,0.25,0.15,1.0,3.0,5.0,31.95544949231765,63.624448752386705,0.10755435890818887,-0.15481599555837805,-0.8804784509846347,-0.01918689987573151,true,0.0,0.10755435890818887,0.0011219198458784086,0.0011219198458784086,95.97390283586114,44.33168443365548,140.30558726951662,68.40347893737288,1001.1081607400191,100.0,0.08,0.6,0.27,1.0,false
