gross_delta,delta,iota,kappa,lambda,sigmah,sigmal,mu_b,m,c,p,vb,debt_diff,eq_deriv,eq_deriv_min_val,eq_min_val,eq_negative,eq_vb,abs_debt_diff,debt_per_diff,abs_debt_per_diff,debt,equity,firm_value,leverage,ROE,V0,r,alpha,pi,xi,opt
0.02,0.02,0.0,0.0025,0.5,0.225,0.15,1.0,5.0,5.0,19.160388407261777,91.21193104058273,0.20521345460352336,-0.9843006411879809,-0.9843006411879809,-1.7657452637577844,true,0.0,0.20521345460352336,0.00214205944307212,0.00214205944307212,96.00715549091241,-0.1742218518223536,95.83293363909006,100.18179747317188,-104.36335177655505,100.0,0.08,0.6,0.27,1.0,false
0.02,0.02,0.0,0.0025,0.5,0.225,0.15,1.0,5.0,5.0,19.195529899422354,91.20603223051717,7.224692855035454e-5,-0.9888423004327084,-0.9888423004327084,-1.7785027823999908,true,0.0,7.224692855035454e-5,-4.333260330984993e-5,4.333260330984993e-5,95.97772174404032,-0.18517232176408852,95.79254942227624,100.19330555756252,-104.60366762268933,100.0,0.08,0.6,0.27,1.0,false
0.02,0.02,0.0,0.0025,0.5,0.225,0.15,1.0,5.0,5.0,19.603753796432276,91.21193104058273,-2.254597543331343,-1.0636394242222242,-1.0636394242222242,-2.0123529402030003,true,0.0,2.254597543331343,-0.023001692091661155,0.023001692091661155,95.76417143883003,-0.5521158636890419,95.212055575141,100.57988020566715,-113.03442421514207,100.0,0.08,0.6,0.27,1.0,false
0.02,0.02,0.0,0.0025,0.5,0.225,0.15,1.0,5.0,5.0,20.490484574773266,89.72538928500254,-2.138953066158379,-1.235904546447585,-1.235904546447585,-2.552061088180954,true,0.0,2.138953066158379,-0.020877525451904032,0.020877525451904032,100.31346980770795,-0.446501687933507,99.86696811977444,100.44709646877234,42.43849868613307,100.0,0.08,0.6,0.27,1.0,false
0.02,0.02,0.0,0.0025,0.5,0.225,0.15,1.0,5.0,5.0,20.933849963943764,87.44547545657117,2.2139668200687197,-1.252528914870618,-1.252528914870618,-2.553093853935897,true,0.0,2.2139668200687197,0.021152027208392456,0.021152027208392456,106.88321663978755,1.1755710812970317,108.05878772108458,98.91210043524515,-117.07880403620881,100.0,0.08,0.6,0.27,1.0,false
0.02,0.02,0.0,0.0025,0.5,0.225,0.15,1.0,5.0,5.0,21.820580742284754,88.68343268898406,2.5492343737245307,-1.2043396027133846,-1.2043396027133846,-2.4240474210639413,true,0.0,2.5492343737245307,0.023365412715936812,0.023365412715936812,111.65213808514831,0.2442444256596765,111.89638251080798,99.78172267934035,-102.09613397880159,100.0,0.08,0.6,0.27,1.0,false
