gross_delta,delta,iota,kappa,lambda,sigmah,sigmal,mu_b,m,c,p,vb,debt_diff,eq_deriv,eq_deriv_min_val,eq_min_val,eq_negative,eq_vb,abs_debt_diff,debt_per_diff,abs_debt_per_diff,debt,equity,firm_value,leverage,ROE,V0,r,alpha,pi,xi,opt
0.02,0.02,0.0,0.003,0.75,0.275,0.15,1.0,7.0,9.0,5.547432374816428,83.10815078602823,8.259583439565567,-4.825572151478058,-4.825572151478058,-19.985027852742558,true,0.0,8.259583439565567,0.21270029297212575,0.21270029297212575,47.09161006328056,-17.05401036877591,30.037599694504653,156.77554312668974,-132.23309268940747,100.0,0.08,0.6,0.27,1.0,false
0.02,0.02,0.0,0.003,0.75,0.275,0.15,1.0,7.0,9.0,6.234706365373379,81.96073636423502,8.592141101843076,-4.999791823199749,-4.999791823199749,-20.487551913075738,true,0.0,8.592141101843076,0.19687354253791176,0.19687354253791176,52.23508565945673,-16.216493249375674,36.018592410081055,145.0225624165061,-133.95063818969518,100.0,0.08,0.6,0.27,1.0,false
0.02,0.02,0.0,0.003,0.75,0.275,0.15,1.0,7.0,9.0,6.5783433606518535,81.47391100183988,7.842616328204649,-5.081083825099117,-5.081083825099117,-20.723970727084748,true,0.0,7.842616328204649,0.17031244794450406,0.17031244794450406,53.89101985276762,-15.8000691499862,38.09095070278142,141.47984982908937,-134.2667937992434,100.0,0.08,0.6,0.27,1.0,false
0.02,0.02,0.0,0.003,0.75,0.275,0.15,1.0,7.0,9.0,6.921980355930329,81.16367278821177,8.684719980873531,-5.149875082342599,-5.149875082342599,-20.951252196921324,true,0.0,8.684719980873531,0.17923689741751422,0.17923689741751422,57.138582472385835,-15.584178428059662,41.554404044326176,137.50307286668334,-136.35945642259568,100.0,0.08,0.6,0.27,1.0,false
0.02,0.02,0.0,0.003,0.75,0.275,0.15,1.0,7.0,9.0,7.265617351208804,80.78715235528949,7.632965311080476,-5.222827876919986,-5.222827876919986,-21.170571441635335,true,0.0,7.632965311080476,0.1500799674906114,0.1500799674906114,58.492286769542105,-15.234100977078896,43.25818579246321,135.21668950742983,-136.70185561053816,100.0,0.08,0.6,0.27,1.0,false
0.02,0.02,0.0,0.003,0.75,0.275,0.15,1.0,7.0,9.0,7.265617351208804,80.78715235528949,7.632965311080476,-5.222827876919986,-5.222827876919986,-21.170571441635335,true,0.0,7.632965311080476,0.1500799674906114,0.1500799674906114,58.492286769542105,-15.234100977078896,43.25818579246321,135.21668950742983,-136.70185561053816,100.0,0.08,0.6,0.27,1.0,false
