gross_delta,delta,iota,kappa,lambda,sigmah,sigmal,mu_b,m,c,p,vb,debt_diff,eq_deriv,eq_deriv_min_val,eq_min_val,eq_negative,eq_vb,abs_debt_diff,debt_per_diff,abs_debt_per_diff,debt,equity,firm_value,leverage,ROE,V0,r,alpha,pi,xi,opt
0.02,0.02,0.0,0.001,0.75,0.35,0.15,1.0,5.0,6.0,14.727297729772975,99.04943939492343,-8.778813505603836,-1.5599253470147616,-1.5599253470147616,-6.288061790605156,true,0.0,8.778813505603836,-0.11921825261747002,0.11921825261747002,64.85767514326103,-1.0755628749018378,63.7821122683592,101.68630802061944,-103.06059112277424,100.0,0.08,0.6,0.27,1.0,false
0.02,0.02,0.0,0.001,0.75,0.35,0.15,1.0,5.0,6.0,15.26996647033124,62.082864399259314,-8.026421980704384,-1.6057524452613703,-1.6057524452613703,-5.207299156564324,true,0.0,8.026421980704384,-0.10512691034782963,0.10512691034782963,68.32341037095182,14.398057122514713,82.72146749346653,82.59453373013251,-54.54669429024849,100.0,0.08,0.6,0.27,1.0,false
0.02,0.02,0.0,0.001,0.75,0.35,0.15,1.0,5.0,6.0,16.355303951447773,63.32054349142623,-5.0851961167334565,-1.3342444183699473,-1.3342444183699473,-3.570743639806967,true,0.0,5.0851961167334565,-0.06218406129081219,0.06218406129081219,76.69132364050542,12.10388594321236,88.79520958371778,86.36876245919484,-48.071328648046766,100.0,0.08,0.6,0.27,1.0,false
0.02,0.02,0.0,0.001,0.75,0.35,0.15,1.0,5.0,6.0,17.98331017312257,64.17549481778337,-4.098512814132178,-1.068583956477689,-1.068583956477689,-1.059586769224361,true,0.0,4.098512814132178,-0.04558129481921207,0.04558129481921207,85.81803805148068,11.053950490599942,96.87198854208063,88.58911574237152,-22.056267456322974,100.0,0.08,0.6,0.27,1.0,false
0.02,0.02,0.0,0.001,0.75,0.35,0.15,1.0,5.0,6.0,19.568678485472613,64.27743262974023,-6.525308329052848e-5,-0.6720441635107336,-1.0197543873061448,-0.3995549769283991,true,0.0,6.525308329052848e-5,-0.00023759718636213404,0.00023759718636213404,97.84332717427979,11.104768258471182,108.94809543275097,89.80728555706999,414.90277644513907,100.0,0.08,0.6,0.27,1.0,false
0.02,0.02,0.0,0.001,0.75,0.35,0.15,1.0,5.0,6.0,19.61131639479737,64.77588257945396,0.25698521507355565,-0.6530887000187118,-1.0190819157537976,-0.4320729556483698,true,0.0,0.25698521507355565,0.002620784958033011,0.002620784958033011,98.31356718906041,10.873932970709765,109.18750015977017,90.04104594866781,544.7889830043911,100.0,0.08,0.6,0.27,1.0,false
