gross_delta,delta,iota,kappa,lambda,sigmah,sigmal,mu_b,m,c,p,vb,debt_diff,eq_deriv,eq_deriv_min_val,eq_min_val,eq_negative,eq_vb,abs_debt_diff,debt_per_diff,abs_debt_per_diff,debt,equity,firm_value,leverage,ROE,V0,r,alpha,pi,xi,opt
0.02,0.02,0.0,0.001,0.75,0.35,0.15,1.0,5.0,3.0,14.67323048094283,94.82295328451261,-3.0950708591118,-0.7444576749651349,-0.7444576749651349,-2.3004721281747296,true,0.0,3.0950708591118,-0.04218663181405879,0.04218663181405879,70.27108154560236,-2.092058349036673,68.17902319656568,103.06847803173287,-107.03711556895608,100.0,0.08,0.6,0.27,1.0,false
0.02,0.02,0.0,0.001,0.75,0.35,0.15,1.0,5.0,3.0,15.198964633305435,93.00227153418206,-1.6195638580331462,-0.8426274045155917,-0.8426274045155917,-2.670631125681982,true,0.0,1.6195638580331462,-0.021311502422792696,0.021311502422792696,74.37525930849402,-2.6324591902180936,71.74280011827592,103.6693008718341,-110.27311543133271,100.0,0.08,0.6,0.27,1.0,false
0.02,0.02,0.0,0.001,0.75,0.35,0.15,1.0,5.0,3.0,16.250432938030645,90.33313105753362,-1.590748114886594,-1.0289567056234579,-1.0289567056234579,-3.391332077989551,true,0.0,1.590748114886594,-0.019577916735544813,0.019577916735544813,79.66141657526663,-3.3629580707833733,76.29845850448325,104.40763566748308,-116.53486872981401,100.0,0.08,0.6,0.27,1.0,false
0.02,0.02,0.0,0.001,0.75,0.35,0.15,1.0,5.0,3.0,16.776167090393248,87.41002442040264,-1.3355310915690666,-1.1853124292640893,-1.1853124292640893,-3.9550354566713364,true,0.0,1.3355310915690666,-0.015921766686907275,0.015921766686907275,82.54530436039717,-3.5865181753606654,78.9587861850365,104.54226609684174,-120.54758358102356,100.0,0.08,0.6,0.27,1.0,false
0.02,0.02,0.0,0.001,0.75,0.35,0.15,1.0,5.0,3.0,17.301901242755854,82.58806904693593,-0.5697054429567316,-1.438564303011577,-1.438564303011577,-4.810482388043727,true,0.0,0.5697054429567316,-0.006585466359603249,0.006585466359603249,85.93980077082254,-3.0460681746180787,82.89373259620446,103.67466644246342,-121.66447377429002,100.0,0.08,0.6,0.27,1.0,false
0.02,0.02,0.0,0.001,0.75,0.35,0.15,1.0,5.0,3.0,17.301901242755854,82.58806904693593,-0.5697054429567316,-1.438564303011577,-1.438564303011577,-4.810482388043727,true,0.0,0.5697054429567316,-0.006585466359603249,0.006585466359603249,85.93980077082254,-3.0460681746180787,82.89373259620446,103.67466644246342,-121.66447377429002,100.0,0.08,0.6,0.27,1.0,false
