gross_delta,delta,iota,kappa,lambda,sigmah,sigmal,mu_b,m,c,p,vb,debt_diff,eq_deriv,eq_deriv_min_val,eq_min_val,eq_negative,eq_vb,abs_debt_diff,debt_per_diff,abs_debt_per_diff,debt,equity,firm_value,leverage,ROE,V0,r,alpha,pi,xi,opt
0.02,0.02,0.0,0.005,0.75,0.25,0.15,1.0,5.0,4.0,18.76503308225559,65.51355824715931,-1.5822994409027444,-0.8086860300200889,-0.8086860300200889,-0.7321209006630683,true,0.0,1.5822994409027444,-0.016864339476160933,0.016864339476160933,92.24286597037522,22.16294144098318,114.4058074113584,80.62778285258375,185.7104357916479,100.0,0.08,0.6,0.27,1.0,false
0.02,0.02,0.0,0.005,0.75,0.25,0.15,1.0,5.0,4.0,19.63717819150336,67.56481443376714,-0.7534959661795568,-0.8033844527836009,-0.8033844527836009,-0.7469830843691673,true,0.0,0.7534959661795568,-0.007674177611787222,0.007674177611787222,97.43239499133723,18.999788488055845,116.43218347939307,83.68166951758785,639.9809715261116,100.0,0.08,0.6,0.27,1.0,false
0.02,0.02,0.0,0.005,0.75,0.25,0.15,1.0,5.0,4.0,20.073250746127243,67.86000248680477,-0.9621272332687454,-0.7496476821984678,-0.7496476821984678,-0.6408844932578606,true,0.0,0.9621272332687454,-0.009586162654341073,0.009586162654341073,99.40412649736747,18.929200776167452,118.33332727353492,84.0034914826561,3076.71463700593,100.0,0.08,0.6,0.27,1.0,false
0.02,0.02,0.0,0.005,0.75,0.25,0.15,1.0,5.0,4.0,20.509323300751127,68.2034572459969,-0.7212077888718511,-0.7160385067032601,-0.7160385067032601,-0.5785755570613547,true,0.0,0.7212077888718511,-0.007032974986994698,0.007032974986994698,101.82540871488379,18.824066841185278,120.64947555606906,84.39772178500915,-1131.2247710718111,100.0,0.08,0.6,0.27,1.0,false
0.02,0.02,0.0,0.005,0.75,0.25,0.15,1.0,5.0,4.0,20.90507618377777,69.21606501576457,1.6655607897986258e-5,-0.733452113700258,-0.733452113700258,-0.6574292491170595,true,0.0,1.6655607897986258e-5,3.652769679367285e-5,3.652769679367285e-5,104.52539757449681,17.74051140330592,122.26590897780272,85.49022245724547,-492.02105696268114,100.0,0.08,0.6,0.27,1.0,false
0.02,0.02,0.0,0.005,0.75,0.25,0.15,1.0,5.0,4.0,21.81754096462278,77.77382272460655,3.5257135069854684,-1.0950722305366354,-1.0950722305366354,-1.843833117737595,true,0.0,3.5257135069854684,0.03231998979813926,0.03231998979813926,112.61341833009936,6.509507247600693,119.12292557770006,94.5354706358729,-151.60779637401762,100.0,0.08,0.6,0.27,1.0,false
