gross_delta,delta,iota,kappa,lambda,sigmah,sigmal,mu_b,m,c,p,vb,debt_diff,eq_deriv,eq_deriv_min_val,eq_min_val,eq_negative,eq_vb,abs_debt_diff,debt_per_diff,abs_debt_per_diff,debt,equity,firm_value,leverage,ROE,V0,r,alpha,pi,xi,opt
0.02,0.02,0.0,0.005,0.75,0.25,0.15,1.0,5.0,11.0,13.23879887988799,73.5598893251939,64.12232721886612,1.0277739748931758e-5,-0.17822936572004872,-0.27153639948422553,true,0.0,64.12232721886612,0.9687030946029244,0.9687030946029244,130.31632161830606,7.836646161299897,138.15296777960597,94.32755858433556,-125.84959435371556,100.0,0.08,0.6,0.27,1.0,false
0.02,0.02,0.0,0.005,0.75,0.25,0.15,1.0,5.0,11.0,13.783145419805138,68.11436999566135,31.349964076408483,-2.691992726107633e-5,-1.3484336154283112,-2.1932259977747477,true,0.0,31.349964076408483,0.45490289946968726,0.45490289946968726,100.26569117543417,22.402810583039223,122.6685017584734,81.73711241118036,-8531.898630592601,100.0,0.08,0.6,0.27,1.0,false
0.02,0.02,0.0,0.005,0.75,0.25,0.15,1.0,5.0,11.0,13.79726046673566,68.67070555696574,31.335229241504287,-0.07643524243138912,-1.399352530996293,-2.4058317585119204,true,0.0,31.335229241504287,0.4540319615354943,0.4540319615354943,100.32153157518255,21.689601660741516,122.01113323592406,82.22326021773611,-6845.714366754621,100.0,0.08,0.6,0.27,1.0,false
0.02,0.02,0.0,0.005,0.75,0.25,0.15,1.0,5.0,11.0,14.327491959722288,91.21193104058273,43.41347287996547,-3.007587085166026,-3.007587085166026,-10.064855424797924,true,0.0,43.41347287996547,0.6060163635339699,0.6060163635339699,115.05093267857691,-10.062108455444056,104.98882422313285,109.5839805140203,-33.146279567337466,100.0,0.08,0.6,0.27,1.0,false
0.02,0.02,0.0,0.005,0.75,0.25,0.15,1.0,5.0,11.0,14.871838499639438,89.35567686525557,55.2585488574187,-2.8887365667267573,-2.8887365667267573,-9.904565880160922,true,0.0,55.2585488574187,0.7431300287285721,0.7431300287285721,129.6177413556159,-9.828353587408003,119.78938776820789,108.2046947317452,-66.81599224802324,100.0,0.08,0.6,0.27,1.0,false
0.02,0.02,0.0,0.005,0.75,0.25,0.15,1.0,5.0,11.0,15.416185039556588,89.47474294930117,62.679322890405814,-2.689933694469726,-2.689933694469726,-9.263215152179823,true,0.0,62.679322890405814,0.8131625655708742,0.8131625655708742,139.76024808818875,-9.234884199975935,130.5253638882128,107.07516449284529,-76.77357500513367,100.0,0.08,0.6,0.27,1.0,false
