gross_delta,delta,iota,kappa,lambda,sigmah,sigmal,mu_b,m,c,p,vb,debt_diff,eq_deriv,eq_deriv_min_val,eq_min_val,eq_negative,eq_vb,abs_debt_diff,debt_per_diff,abs_debt_per_diff,debt,equity,firm_value,leverage,ROE,V0,r,alpha,pi,xi,opt
0.02,0.02,0.0,0.005,0.75,0.25,0.15,1.0,5.0,7.0,15.103035303530353,79.92398297669249,44.29675698762432,-1.906652106076212e-5,-0.5245941431501205,-2.117988076519117,true,0.0,44.29675698762432,0.5865940997604621,0.5865940997604621,119.81193350527609,-0.13380229909995117,119.67813120617613,100.11180179515793,-99.32463785493567,100.0,0.08,0.6,0.27,1.0,false
0.02,0.02,0.0,0.005,0.75,0.25,0.15,1.0,5.0,7.0,15.573961343502772,61.0220595549913,-3.5751604906254073,2.2724951896130937e-5,-0.8085757709500638,-0.01852577107120241,true,0.0,3.5751604906254073,-0.04591202471575303,0.04591202471575303,74.29464622688845,36.16392563398762,110.45857186087606,67.26019083468097,40.686356442275425,100.0,0.08,0.6,0.27,1.0,false
0.02,0.02,0.0,0.005,0.75,0.25,0.15,1.0,5.0,7.0,16.515813423447607,85.10068969189795,37.06439585993506,-1.8703598296698765e-5,-0.9552529929523719,-2.8757511777486697,true,0.0,37.06439585993506,0.44883524546619663,0.44883524546619663,119.6434629771731,-3.9636189890308264,115.67984398814228,103.42636958382923,-79.82219838917001,100.0,0.08,0.6,0.27,1.0,false
0.02,0.02,0.0,0.005,0.75,0.25,0.15,1.0,5.0,7.0,17.7098065358644,97.90703476457882,-5.032438726049193e-5,-1.4658648873545956,-1.6099430780409285,-5.162154526091328,true,0.0,5.032438726049193e-5,0.011103591148124065,0.011103591148124065,88.54898235493474,-7.508731823858614,81.04025053107613,109.26543510743376,-165.57261595954708,100.0,0.08,0.6,0.27,1.0,false
0.02,0.02,0.0,0.005,0.75,0.25,0.15,1.0,5.0,7.0,17.928591543364863,97.24584761268243,-11.617424072579709,-1.7413321939795567,-1.7413321939795567,-5.317406203702984,true,0.0,11.617424072579709,-0.12959661716292672,0.12959661716292672,78.0255336442446,-3.3841286248437563,74.64140501940085,104.53384903990506,-115.40027671232802,100.0,0.08,0.6,0.27,1.0,false
0.02,0.02,0.0,0.005,0.75,0.25,0.15,1.0,5.0,7.0,18.870443623309697,96.17792122105148,-9.181181819864449,-1.983378515364078,-1.983378515364078,-6.369229908552053,true,0.0,9.181181819864449,-0.09730753556342897,0.09730753556342897,85.17103629668404,-4.8937371150685145,80.27729918161552,106.0960410538939,-133.00120772413925,100.0,0.08,0.6,0.27,1.0,false
