gross_delta,delta,iota,kappa,lambda,sigmah,sigmal,mu_b,m,c,p,vb,debt_diff,eq_deriv,eq_deriv_min_val,eq_min_val,eq_negative,eq_vb,abs_debt_diff,debt_per_diff,abs_debt_per_diff,debt,equity,firm_value,leverage,ROE,V0,r,alpha,pi,xi,opt
0.02,0.02,0.0,0.003,0.3,0.2,0.15,1.0,5.0,4.0,20.760812923397605,87.03838300640228,-1.9386730219949584,-0.6539284713781502,-0.6539284713781502,-0.7672849460827685,true,0.0,1.9386730219949584,-0.01867627273698958,0.01867627273698958,101.86539159499307,6.605306401106643,108.47069799609972,93.91051544506135,-454.09757494544624,100.0,0.08,0.6,0.27,1.0,false
0.02,0.02,0.0,0.003,0.3,0.2,0.15,1.0,5.0,4.0,21.5661592475037,86.45673487856158,-2.2646883494330012,-0.7106728470519637,-0.7106728470519637,-0.8767017891560593,true,0.0,2.2646883494330012,-0.021002240811099835,0.021002240811099835,105.56610788808548,6.942420004722605,112.50852789280809,93.82942774672426,-224.72665180607052,100.0,0.08,0.6,0.27,1.0,false
0.02,0.02,0.0,0.003,0.3,0.2,0.15,1.0,5.0,4.0,21.97439338153442,85.63244014726307,3.5179703753884795e-5,-0.7110390948714584,-0.7110390948714584,-0.8520173253923549,true,0.0,3.5179703753884795e-5,-0.0002330882892315751,0.0002330882892315751,109.87200208737586,8.051504715132218,117.92350680250809,93.17226485757718,-181.55898513664556,100.0,0.08,0.6,0.27,1.0,false
0.02,0.02,0.0,0.003,0.3,0.2,0.15,1.0,5.0,4.0,22.37150557160979,85.20151703145144,1.8853658176493155,-0.702928164853679,-0.702928164853679,-0.8150975881065147,true,0.0,1.8853658176493155,0.016855064238876345,0.016855064238876345,113.74289367569827,8.703145155101433,122.44603883079971,92.89226075567234,-163.32833070295317,100.0,0.08,0.6,0.27,1.0,false
0.02,0.02,0.0,0.003,0.3,0.2,0.15,1.0,5.0,4.0,23.176851895715888,86.23125051915363,2.17928035131024,-0.6833020190274993,-0.6833020190274993,-0.7714976131278529,true,0.0,2.17928035131024,0.01880566317734522,0.01880566317734522,118.06353982988968,7.532753997981982,125.59629382787166,94.00240742110945,-141.7014276765264,100.0,0.08,0.6,0.27,1.0,false
0.02,0.02,0.0,0.003,0.3,0.2,0.15,1.0,5.0,4.0,23.579525057768933,86.89169873034508,2.0101448349514897,-0.676676171885007,-0.676676171885007,-0.7594446361311454,true,0.0,2.0101448349514897,0.017049917926902358,0.017049917926902358,119.90777012379615,6.778528798895119,126.68629892269128,94.64935919942563,-134.049663808367,100.0,0.08,0.6,0.27,1.0,false
