gross_delta,delta,iota,kappa,lambda,sigmah,sigmal,mu_b,m,c,p,vb,debt_diff,eq_deriv,eq_deriv_min_val,eq_min_val,eq_negative,eq_vb,abs_debt_diff,debt_per_diff,abs_debt_per_diff,debt,equity,firm_value,leverage,ROE,V0,r,alpha,pi,xi,opt
0.02,0.02,0.0,0.004,0.2,0.275,0.15,1.0,3.0,6.0,29.280560950831926,89.82208918075955,-1.9618458864140962,-0.2622048039263833,-0.2622048039263833,-0.13727759675194418,true,0.0,1.9618458864140962,-0.022333883217019398,0.022333883217019398,85.87983696608168,5.750058747758814,91.6298957138405,93.72469137614627,-59.27767452864045,100.0,0.08,0.6,0.27,1.0,false
0.02,0.02,0.0,0.004,0.2,0.275,0.15,1.0,3.0,6.0,31.389272399745753,85.55883686827133,-3.5287954903540086e-5,-0.7639784099843427,-0.7639784099843427,-0.8933502164565494,true,0.0,3.5287954903540086e-5,-0.0016067940183149604,0.0016067940183149604,94.16778191128233,9.053138337992733,103.22092024927507,91.22935707593993,55.22633413702216,100.0,0.08,0.6,0.27,1.0,false
0.02,0.02,0.0,0.004,0.2,0.275,0.15,1.0,3.0,6.0,32.340514314589356,85.41945960879725,-1.2005797677419565,-0.9427344983148761,-0.9427344983148761,-1.3329528874523338,true,0.0,1.2005797677419565,-0.012374362758153526,0.012374362758153526,95.82096317602611,7.966324505346244,103.78728768137236,92.32437354967506,90.62585090530469,100.0,0.08,0.6,0.27,1.0,false
0.02,0.02,0.0,0.004,0.2,0.275,0.15,1.0,3.0,6.0,34.635479337407425,83.82446419952593,-1.1963340833401475,-1.1699963833935114,-1.1699963833935114,-1.8655609538795737,true,0.0,1.1963340833401475,-0.011513570344884937,0.011513570344884937,102.71010392888213,8.894564802830367,111.60466873171251,92.03029326289915,-428.20013683014747,100.0,0.08,0.6,0.27,1.0,false
0.02,0.02,0.0,0.004,0.2,0.275,0.15,1.0,3.0,6.0,35.40046767834678,81.94015388115533,1.1426718425116746,-1.1692144288324402,-1.1692144288324402,-1.7391215415325854,true,0.0,1.1426718425116746,0.010759479723018904,0.010759479723018904,107.344074877552,11.989613532191287,119.33368840974329,89.95286771743464,-263.25560035939856,100.0,0.08,0.6,0.27,1.0,false
0.02,0.02,0.0,0.004,0.2,0.275,0.15,1.0,3.0,6.0,36.93044436022549,83.09720175293776,1.1160333747561708,-1.175081163152687,-1.175081163152687,-1.7398494306461092,true,0.0,1.1160333747561708,0.010073291328153738,0.010073291328153738,111.90736645543265,10.306625042611397,122.21399149804405,91.56673886821187,-186.55671328490166,100.0,0.08,0.6,0.27,1.0,false
