gross_delta,delta,iota,kappa,lambda,sigmah,sigmal,mu_b,m,c,p,vb,debt_diff,eq_deriv,eq_deriv_min_val,eq_min_val,eq_negative,eq_vb,abs_debt_diff,debt_per_diff,abs_debt_per_diff,debt,equity,firm_value,leverage,ROE,V0,r,alpha,pi,xi,opt
0.02,0.02,0.0,0.004,0.2,0.275,0.15,1.0,3.0,11.0,32.13109732025834,91.21193104058273,3.0345106447792745,-0.6325488735406063,-0.6325488735406063,-0.5116585637352226,true,0.0,3.0345106447792745,0.031480516777185046,0.031480516777185046,99.4278026055543,5.143711442095602,104.57151404764991,95.08115428093373,798.9400322380833,100.0,0.08,0.6,0.27,1.0,false
0.02,0.02,0.0,0.004,0.2,0.275,0.15,1.0,3.0,11.0,33.0194374700628,91.21193104058273,1.5102696083078797,-0.763573457333587,-0.763573457333587,-0.7269246564099129,true,0.0,1.5102696083078797,0.015246268299565184,0.015246268299565184,100.56858201849627,4.460523095351092,105.02910511384736,95.75305998226295,-884.4995005554043,100.0,0.08,0.6,0.27,1.0,false
0.02,0.02,0.0,0.004,0.2,0.275,0.15,1.0,3.0,11.0,33.61840680576181,91.40133819143868,0.3012511321591296,-0.8279620782703372,-0.8279620782703372,-0.8479196658553914,true,0.0,0.3012511321591296,0.0031702820182335154,0.0031702820182335154,101.15647154944455,3.8120096673560813,104.96848121680063,96.36842448021821,-429.6241631873253,100.0,0.08,0.6,0.27,1.0,false
0.02,0.02,0.0,0.004,0.2,0.275,0.15,1.0,3.0,11.0,33.90777761986725,91.21193104058273,0.7620920158457523,-0.8498824323560715,-0.8498824323560715,-0.8853160750101756,true,0.0,0.7620920158457523,0.007491811312332732,0.007491811312332732,102.48542487544749,3.9505430268973996,106.43596790234488,96.28833832701929,-258.94839815611476,100.0,0.08,0.6,0.27,1.0,false
0.02,0.02,0.0,0.004,0.2,0.275,0.15,1.0,3.0,11.0,34.7961177696717,89.46512935186969,6.667837562429256,-0.8734788562148695,-0.8734788562148695,-0.8925062186477754,true,0.0,6.667837562429256,0.06387530170814,0.06387530170814,111.05619087144437,6.303326056948248,117.35951692839262,94.62904566930499,-157.01173333781986,100.0,0.08,0.6,0.27,1.0,false
0.02,0.02,0.0,0.004,0.2,0.275,0.15,1.0,3.0,11.0,35.68445791947616,89.59940606522667,8.195509953292017,-0.8281580060757325,-0.8281580060757325,-0.7959050468872204,true,0.0,8.195509953292017,0.07655536360568713,0.07655536360568713,115.2488837117205,6.324351841023744,121.57323555274424,94.79790776952717,-141.4741954925052,100.0,0.08,0.6,0.27,1.0,false
