gross_delta,delta,iota,kappa,lambda,sigmah,sigmal,mu_b,m,c,p,vb,debt_diff,eq_deriv,eq_deriv_min_val,eq_min_val,eq_negative,eq_vb,abs_debt_diff,debt_per_diff,abs_debt_per_diff,debt,equity,firm_value,leverage,ROE,V0,r,alpha,pi,xi,opt
0.02,0.02,0.0,0.004,0.2,0.275,0.15,1.0,3.0,3.0,22.115726046288838,82.55263817110055,1.779951133580397,0.2912625327143491,0.2912625327143491,0.034892923555222784,false,0.0,1.779951133580397,0.026827834785300278,0.026827834785300278,68.12712927244691,12.957940376787676,81.08506964923458,84.01932632870349,-59.34492224578333,100.0,0.08,0.6,0.27,1.0,false
0.02,0.02,0.0,0.004,0.2,0.275,0.15,1.0,3.0,3.0,22.786556287207667,80.62258428428372,1.792332411701878,0.14874335572824654,0.14874335572824654,0.018610702320937967,false,0.0,1.792332411701878,0.026219149998078624,0.026219149998078624,70.15200127332487,14.467388372675932,84.6193896460008,82.9029866166617,-51.52978762443312,100.0,0.08,0.6,0.27,1.0,false
0.02,0.02,0.0,0.004,0.2,0.275,0.15,1.0,3.0,3.0,26.010404122772048,78.30620404531794,-8.94078190280534e-6,-0.3170429123146814,-0.3170429123146814,-0.12889774596562786,true,0.0,8.94078190280534e-6,0.0006113728660711935,0.0006113728660711935,78.03120342753425,15.437893325913222,93.46909675344747,83.48342515105794,-29.728088313849344,100.0,0.08,0.6,0.27,1.0,false
0.02,0.02,0.0,0.004,0.2,0.275,0.15,1.0,3.0,3.0,27.48236797363947,75.6979980967297,-0.5267122561546387,-0.7351370436654764,-0.7351370436654764,-0.9705558470704276,true,0.0,0.5267122561546387,-0.006388487055407676,0.006388487055407676,81.92039166476377,17.959112456874063,99.87950412163784,82.01922144607103,-0.6664739419566246,100.0,0.08,0.6,0.27,1.0,false
0.02,0.02,0.0,0.004,0.2,0.275,0.15,1.0,3.0,3.0,28.153198214558298,72.54527857055659,-0.44258199688371747,-1.046154461985076,-1.046154461985076,-1.659809629399625,true,0.0,0.44258199688371747,-0.005240162455798171,0.005240162455798171,84.01701264679117,21.849326437546658,105.86633908433782,79.36140360899748,36.70364591235238,100.0,0.08,0.6,0.27,1.0,false
0.02,0.02,0.0,0.004,0.2,0.275,0.15,1.0,3.0,3.0,28.824028455477126,64.98791033349,-0.11511894770630704,-1.5083277515440414,-1.5083277515440414,-2.545320498362295,true,0.0,0.11511894770630704,-0.0013312845089659007,0.0013312845089659007,86.35696641872507,34.054122305037524,120.41108872376259,71.71844996505119,149.60813958397648,100.0,0.08,0.6,0.27,1.0,false
