gross_delta,delta,iota,kappa,lambda,sigmah,sigmal,mu_b,m,c,p,vb,debt_diff,eq_deriv,eq_deriv_min_val,eq_min_val,eq_negative,eq_vb,abs_debt_diff,debt_per_diff,abs_debt_per_diff,debt,equity,firm_value,leverage,ROE,V0,r,alpha,pi,xi,opt
0.02,0.02,0.0,0.004,0.1,0.225,0.15,1.0,7.0,6.0,9.400017633342282,97.92715817495022,10.941905194458386,2.057542936003201e-7,2.057542936003201e-7,0.002434461500293538,false,0.0,10.941905194458386,0.16629004055796298,0.16629004055796298,76.74202862785435,0.47115453742804436,77.2131831652824,99.38980039662462,-97.97422341833169,100.0,0.08,0.6,0.27,1.0,false
0.02,0.02,0.0,0.004,0.1,0.225,0.15,1.0,7.0,6.0,9.880380058123382,98.90944291833222,-3.951090236531049e-5,-0.06573033831680183,-0.06573033831680183,-0.003798845798099328,false,0.0,3.951090236531049e-5,-0.0012263516676378338,0.0012263516676378338,69.16262089596128,0.062280941401635204,69.22490183736292,99.91003101521478,-99.79803425838651,100.0,0.08,0.6,0.27,1.0,false
0.02,0.02,0.0,0.004,0.1,0.225,0.15,1.0,7.0,6.0,10.835549344408125,100.0,-15.848843026671062,-0.23691216149799416,-0.23691216149799416,-0.10179890948906112,true,0.0,15.848843026671062,-0.20895298986848498,0.20895298986848498,60.00000238418582,0.03558007888425262,60.03558246307007,99.9407350150952,-99.91104979748752,100.0,0.08,0.6,0.27,1.0,false
0.02,0.02,0.0,0.004,0.1,0.225,0.15,1.0,7.0,6.0,11.409762028834463,100.0,-19.868331817655417,-0.3572689581136676,-0.3572689581136676,-0.22673322273232113,true,0.0,19.868331817655417,-0.2487635683930088,0.2487635683930088,60.00000238418582,0.05366855938919403,60.053670943575014,99.91063234179369,-99.86582859352977,100.0,0.08,0.6,0.27,1.0,false
0.02,0.02,0.0,0.004,0.1,0.225,0.15,1.0,7.0,6.0,12.271081055473969,99.02049345801855,-16.744275280235954,-0.5421222880189621,-0.5421222880189621,-0.49582875032413526,true,0.0,16.744275280235954,-0.19493305560726745,0.19493305560726745,69.15329210808183,-0.34585734551141084,68.80743476257042,100.50264531253757,-101.12121315092438,100.0,0.08,0.6,0.27,1.0,false
0.02,0.02,0.0,0.004,0.1,0.225,0.15,1.0,7.0,6.0,14.567931793179318,93.7022314547832,12.505966677415401,-0.6898075801948044,-0.6898075801948044,-0.67127397419925,true,0.0,12.505966677415401,0.12263694624371235,0.12263694624371235,114.48148922967063,1.2724947490239757,115.7539839786946,98.90069032158911,-108.78704343761004,100.0,0.08,0.6,0.27,1.0,false
