gross_delta,delta,iota,kappa,lambda,sigmah,sigmal,mu_b,m,c,p,vb,debt_diff,eq_deriv,eq_deriv_min_val,eq_min_val,eq_negative,eq_vb,abs_debt_diff,debt_per_diff,abs_debt_per_diff,debt,equity,firm_value,leverage,ROE,V0,r,alpha,pi,xi,opt
0.02,0.02,0.0,0.004,0.1,0.225,0.15,1.0,7.0,7.0,10.100764023770797,100.0,-10.705345782209761,-0.38292104095361895,-0.38292104095361895,-0.23251224641356347,true,0.0,10.705345782209761,-0.15140786460758474,0.15140786460758474,60.00000238418582,0.05906041576352426,60.059062799949345,99.90166277492499,-99.8523489517905,100.0,0.08,0.6,0.27,1.0,false
0.02,0.02,0.0,0.004,0.1,0.225,0.15,1.0,7.0,7.0,10.682359025376222,100.0,-14.776510793447727,-0.4772012500149115,-0.4772012500149115,-0.35566453631751566,true,0.0,14.776510793447727,-0.19760898396460053,0.19760898396460053,60.00000238418582,0.07284482077211092,60.07284720495793,99.87873919056379,-99.817887937215,100.0,0.08,0.6,0.27,1.0,false
0.02,0.02,0.0,0.004,0.1,0.225,0.15,1.0,7.0,7.0,11.476686158040172,97.93480903972717,0.00022974118676777344,-0.566800439810762,-0.566800439810762,-0.46442804426957063,true,0.0,0.00022974118676777344,-0.01080689611851704,0.01080689611851704,80.33703284746797,0.11914747591115146,80.45618032337912,99.85191010133434,-99.39405139119195,100.0,0.08,0.6,0.27,1.0,false
0.02,0.02,0.0,0.004,0.1,0.225,0.15,1.0,7.0,7.0,12.427144030192492,95.66275940024053,16.1302004387327,-0.5909249496714082,-0.5909249496714082,-0.4766485480811272,true,0.0,16.1302004387327,0.18542589856461916,0.18542589856461916,103.12020865008014,0.36647020763034793,103.48667885771049,99.6458769266968,-111.7450545373283,100.0,0.08,0.6,0.27,1.0,false
0.02,0.02,0.0,0.004,0.1,0.225,0.15,1.0,7.0,7.0,12.717941530995205,95.56201957927117,15.370835570276398,-0.5781742600492038,-0.5781742600492038,-0.452826969902114,true,0.0,15.370835570276398,0.17265637269562129,0.17265637269562129,104.39642628724283,0.5001736905299294,104.89659997777277,99.52317454461259,-111.37682421700757,100.0,0.08,0.6,0.27,1.0,false
0.02,0.02,0.0,0.004,0.1,0.225,0.15,1.0,7.0,7.0,13.008739031797917,95.50100358293453,14.27832991410962,-0.5680003267063714,-0.5680003267063714,-0.43297529085548336,true,0.0,14.27832991410962,0.15679931862077348,0.15679931862077348,105.33950313669504,0.6028436280878895,105.94234676478294,99.43097010166639,-111.29025702681818,100.0,0.08,0.6,0.27,1.0,false
