gross_delta,delta,iota,kappa,lambda,sigmah,sigmal,mu_b,m,c,p,vb,debt_diff,eq_deriv,eq_deriv_min_val,eq_min_val,eq_negative,eq_vb,abs_debt_diff,debt_per_diff,abs_debt_per_diff,debt,equity,firm_value,leverage,ROE,V0,r,alpha,pi,xi,opt
0.02,0.02,0.0,0.004,0.1,0.225,0.15,1.0,7.0,5.0,10.037803780378036,93.68833715939807,26.929822453828592,4.292582328330446e-7,4.292582328330446e-7,0.001998296271793344,false,0.0,26.929822453828592,0.3832628708009271,0.3832628708009271,97.19444891647484,3.741192918950795,100.93564183542564,96.29348676946962,33.34966313463117,100.0,0.08,0.6,0.27,1.0,false
0.02,0.02,0.0,0.004,0.1,0.225,0.15,1.0,7.0,5.0,10.741094341636485,97.44637570348739,0.0006351488393720461,0.004217427643066982,0.004217427643066982,0.06885150586884228,false,0.0,0.0006351488393720461,0.01516790048596562,0.01516790048596562,75.18829554029473,1.5116610912235469,76.69995663151828,98.02912392964463,-93.90746776917919,100.0,0.08,0.6,0.27,1.0,false
0.02,0.02,0.0,0.004,0.1,0.225,0.15,1.0,7.0,5.0,11.755475547554754,99.35716103182291,-17.397619933015193,-0.1480553277885912,-0.1480553277885912,-0.04516962618993152,true,0.0,17.397619933015193,-0.21142269116131232,0.21142269116131232,64.89070889986809,-0.04399330840203492,64.84671559146605,100.0678419993993,-100.12530389256953,100.0,0.08,0.6,0.27,1.0,false
0.02,0.02,0.0,0.004,0.1,0.225,0.15,1.0,7.0,5.0,13.473147314731472,97.90213445710378,-17.820803057433636,-0.5514499967034041,-0.5514499967034041,-0.5642732625453735,true,0.0,17.820803057433636,-0.18895577616235285,0.18895577616235285,76.49122814568666,-0.5609204661404348,75.93030767954623,100.73873066405541,-102.38600497557475,100.0,0.08,0.6,0.27,1.0,false
0.02,0.02,0.0,0.004,0.1,0.225,0.15,1.0,7.0,5.0,14.904540454045403,96.59349169028823,-16.959605197274215,-0.7575497214369723,-0.7575497214369723,-0.9903796953179965,true,0.0,16.959605197274215,-0.16255454168062902,0.16255454168062902,87.3721779810436,-0.9661140411709255,86.40606393987268,101.11810907373724,-107.65067831745358,100.0,0.08,0.6,0.27,1.0,false
0.02,0.02,0.0,0.004,0.1,0.225,0.15,1.0,7.0,5.0,15.190819081908188,96.34523774562439,-16.836569397185997,-0.7791003658288422,-0.7791003658288422,-1.0331768813579758,true,0.0,16.836569397185997,-0.15833406919199963,0.15833406919199963,89.49916417617132,-0.9843789808379554,88.51478519533336,101.11210684030429,-109.37429169784929,100.0,0.08,0.6,0.27,1.0,false
