gross_delta,delta,iota,kappa,lambda,sigmah,sigmal,mu_b,m,c,p,vb,debt_diff,eq_deriv,eq_deriv_min_val,eq_min_val,eq_negative,eq_vb,abs_debt_diff,debt_per_diff,abs_debt_per_diff,debt,equity,firm_value,leverage,ROE,V0,r,alpha,pi,xi,opt
0.02,0.02,0.0,0.0025,0.75,0.2,0.15,1.0,10.0,2.0,10.647804254109621,91.21193104058273,-470.00282336979575,-1.2662061796871142,-1.2662061796871142,-3.8340468358188278,true,0.0,470.00282336979575,-4.414082116398728,4.414082116398728,-363.52478082869953,-3.6703767804475596,-367.1951576091471,99.00042887157177,-100.79184046511722,100.0,0.08,0.6,0.27,1.0,false
0.02,0.02,0.0,0.0025,0.75,0.2,0.15,1.0,10.0,2.0,10.828649970260184,91.21193104058273,-463.87346542691944,-1.282597373318749,-1.282597373318749,-3.894988309168671,true,0.0,463.87346542691944,-4.283760826150092,4.283760826150092,-355.5869657243176,-3.735172793102517,-359.3221385174201,98.96049466684296,-100.81985945036074,100.0,0.08,0.6,0.27,1.0,false
0.02,0.02,0.0,0.0025,0.75,0.2,0.15,1.0,10.0,2.0,11.009495686410746,91.21193104058273,-457.33433283802367,-1.2994759810548464,-1.2994759810548464,-3.958541991893797,true,0.0,457.33433283802367,-4.153998928420683,4.153998928420683,-347.2393759739162,-3.8025118114529985,-351.04188778536917,98.91679256984344,-100.85021847711253,100.0,0.08,0.6,0.27,1.0,false
0.02,0.02,0.0,0.0025,0.75,0.2,0.15,1.0,10.0,2.0,11.190341402561309,91.21193104058273,-450.3665592397699,-1.3163545888367472,-1.3163545888367472,-4.022445939026996,true,0.0,450.3665592397699,-4.024600707326833,4.024600707326833,-338.46314521415684,-3.8698508301502255,-342.33299604430704,98.86956534284842,-100.88259432346591,100.0,0.08,0.6,0.27,1.0,false
0.02,0.02,0.0,0.0025,0.75,0.2,0.15,1.0,10.0,2.0,11.371187118711871,91.21193104058273,-442.9635450309869,-1.3332331966663076,-1.3332331966663076,-4.086349886457393,true,0.0,442.9635450309869,-3.8954907733605726,3.8954907733605726,-329.25167384386816,-3.937189849208205,-333.18886369307637,98.8183308993079,-100.91722178132736,100.0,0.08,0.6,0.27,1.0,false
0.02,0.02,0.0,0.0025,0.75,0.2,0.15,1.0,10.0,2.0,11.371187118711871,91.21193104058273,-442.9635450309869,-1.3332331966663076,-1.3332331966663076,-4.086349886457393,true,0.0,442.9635450309869,-3.8954907733605726,3.8954907733605726,-329.25167384386816,-3.937189849208205,-333.18886369307637,98.8183308993079,-100.91722178132736,100.0,0.08,0.6,0.27,1.0,false
