gross_delta,delta,iota,kappa,lambda,sigmah,sigmal,mu_b,m,c,p,vb,debt_diff,eq_deriv,eq_deriv_min_val,eq_min_val,eq_negative,eq_vb,abs_debt_diff,debt_per_diff,abs_debt_per_diff,debt,equity,firm_value,leverage,ROE,V0,r,alpha,pi,xi,opt
0.02,0.02,0.0,0.005,0.5,0.35,0.15,1.0,1.0,8.0,58.646810733704946,81.23152087795876,1.027668544227481,-1.2694245826040673e-5,-1.2692847807449156e-5,0.0031021894307332112,false,0.0,1.027668544227481,0.01752300818016808,0.01752300818016808,59.67447927793243,12.800786097913113,72.47526537584554,82.33771752123954,-68.2563650296323,100.0,0.08,0.6,0.27,1.0,false
0.02,0.02,0.0,0.005,0.5,0.35,0.15,1.0,1.0,8.0,60.558407156505126,83.95741902028696,0.6121216347442271,3.429754639548005e-6,3.429754639548005e-6,0.0011752416207585466,false,0.0,0.6121216347442271,0.01010795467526549,0.01010795467526549,61.17052879124935,10.128358026974412,71.29888681822376,85.79450748958169,-73.91579717240168,100.0,0.08,0.6,0.27,1.0,false
0.02,0.02,0.0,0.005,0.5,0.35,0.15,1.0,1.0,8.0,62.65946379537118,86.9394240590627,-7.216908301577174e-6,-0.00048371784791719874,-0.0004837184035251831,0.0010820224051530521,false,0.0,7.216908301577174e-6,-0.00036082326182685504,0.00036082326182685504,62.659456578462894,7.305618106871332,69.96507468533423,89.55819294165249,-80.43515857710408,100.0,0.08,0.6,0.27,1.0,false
0.02,0.02,0.0,0.005,0.5,0.35,0.15,1.0,1.0,8.0,68.20479284770582,94.83774378951574,-4.687410801651261,-8.830805586201515e-6,-8.830805586201515e-6,0.006485108043778319,false,0.0,4.687410801651261,-0.06872553388026205,0.06872553388026205,63.51738204605456,1.4415257587122876,64.95890780476684,97.78086515394506,-96.04873268543386,100.0,0.08,0.6,0.27,1.0,false
0.02,0.02,0.0,0.005,0.5,0.35,0.15,1.0,1.0,8.0,70.116389270506,97.55215809191552,-8.004945443363823,-9.405707234372285e-6,-9.405707234372285e-6,0.0074595734128736265,false,0.0,8.004945443363823,-0.11416653833215924,0.11416653833215924,62.11144382714218,0.3230450034297887,62.43448883057197,99.48258565180788,-99.14738106684253,100.0,0.08,0.6,0.27,1.0,false
0.02,0.02,0.0,0.005,0.5,0.35,0.15,1.0,1.0,8.0,72.02798569330618,100.0,-12.027983309120884,-0.011449009038819772,-0.011449009038819772,0.00028223033182664143,false,0.0,12.027983309120884,-0.16699041620205532,0.16699041620205532,60.000002384185294,0.0046126037451686645,60.00461498793046,99.99231291835454,-99.98846848994974,100.0,0.08,0.6,0.27,1.0,false
