gross_delta,delta,iota,kappa,lambda,sigmah,sigmal,mu_b,m,c,p,vb,debt_diff,eq_deriv,eq_deriv_min_val,eq_min_val,eq_negative,eq_vb,abs_debt_diff,debt_per_diff,abs_debt_per_diff,debt,equity,firm_value,leverage,ROE,V0,r,alpha,pi,xi,opt
0.02,0.02,0.0,0.005,0.5,0.35,0.15,1.0,1.0,7.0,58.21698222453824,80.90160031060891,0.6000200328361913,7.214876715528479e-7,2.517541013286745e-6,0.002585734342221333,false,0.0,0.6000200328361913,0.010306615181837528,0.010306615181837528,58.81700225737443,12.55064295920594,71.36764521658037,82.41409966502562,-69.52469794053951,100.0,0.08,0.6,0.27,1.0,false
0.02,0.02,0.0,0.005,0.5,0.35,0.15,1.0,1.0,7.0,61.27381472016119,85.25367796366393,1.072409458402479e-5,-1.126338258531175e-5,-1.1193786117987711e-5,0.007824651754940435,false,0.0,1.072409458402479e-5,-1.0940053161111879e-5,1.0940053161111879e-5,61.27382544425577,8.469300025791348,69.74312547004712,87.85643750733728,-78.1302952771639,100.0,0.08,0.6,0.27,1.0,true
0.02,0.02,0.0,0.005,0.5,0.35,0.15,1.0,1.0,7.0,61.89843458030013,86.14021986722773,-0.23212170869786064,-4.1025128766686205e-6,-4.1025128766686205e-6,0.006009011967263799,false,0.0,0.23212170869786064,-0.0037500416653789815,0.0037500416653789815,61.66631287160227,7.6767667007200195,69.3430795723223,88.92929655263805,-79.97383691527799,100.0,0.08,0.6,0.27,1.0,false
0.02,0.02,0.0,0.005,0.5,0.35,0.15,1.0,1.0,7.0,63.73916075818108,88.75524499931626,-1.1043620077339469,1.0311526090617945e-5,1.0311526090617945e-5,0.0016903810582229138,false,0.0,1.1043620077339469,-0.017326271551076224,0.017326271551076224,62.63479875044713,5.45643841662759,68.09123716707472,91.98657765133686,-85.39700514340764,100.0,0.08,0.6,0.27,1.0,false
0.02,0.02,0.0,0.005,0.5,0.35,0.15,1.0,1.0,7.0,65.57988693606202,91.37893486718103,-2.29633379023241,-7.552407917787302e-7,-7.552407917787302e-7,0.0037298502625764435,false,0.0,2.29633379023241,-0.03501582417290915,0.03501582417290915,63.283553145829615,3.4590335341517395,66.74258667998136,94.81735169969186,-90.5790624351799,100.0,0.08,0.6,0.27,1.0,false
0.02,0.02,0.0,0.005,0.5,0.35,0.15,1.0,1.0,7.0,67.42061311394298,94.00255926571994,-4.123034933481911,-3.7161800120494998e-6,-3.7161800120494998e-6,0.007089530298953592,false,0.0,4.123034933481911,-0.06115392226578911,0.06115392226578911,63.297578180461066,1.793924463759339,65.09150264422041,97.243995927449,-95.11224498323344,100.0,0.08,0.6,0.27,1.0,false
