gross_delta,delta,iota,kappa,lambda,sigmah,sigmal,V0,r,alpha,pi,xi,mu_b,m,c,p,vb,sg_debt,debt,debt_diff,abs_debt_diff,debt_per_diff,abs_debt_per_diff,eq_vb,eq_min_val,sg_equity,equity,eq_negative,firm_value,leverage,ROE,cvml_vb,cvmh_vb,eq_deriv
0.02,0.02,0.0,0.015000000000000001,NaN,NaN,0.15,100.0,0.08,0.6,0.27,1.0,1.0,1.0,4.672692269226923,49.18499517197886,54.93942530339998,49.1850057061273,49.185027185363055,3.201338419245303e-5,3.201338419245303e-5,6.508770424906201e-7,6.508770424906201e-7,2.1316282072803006e-13,NaN,56.37221681270668,56.372189055309434,false,105.55721624067249,46.595608464342455,10.93617871438035,NaN,NaN,NaN
