gross_delta,delta,iota,kappa,lambda,sigmah,sigmal,V0,r,alpha,pi,xi,mu_b,m,c,p,vb,sg_debt,debt,debt_diff,abs_debt_diff,debt_per_diff,abs_debt_per_diff,eq_vb,eq_min_val,sg_equity,equity,eq_negative,firm_value,leverage,ROE,cvml_vb,cvmh_vb,eq_deriv
0.02,0.0199,0.0001,0.015000000000000001,NaN,NaN,0.25,100.0,0.08,0.6,0.27,1.0,1.0,10.0,0.5722072207220722,5.523675763928796,42.173349785310215,55.236070673630635,55.32219374625736,0.08543610696940362,0.08543610696940362,0.0015467255976052427,0.0015467255976052427,-5.329070518200751e-15,NaN,49.09045091948729,49.04620099810144,false,104.3683947443588,53.00665386467255,9.777549773927996,NaN,NaN,NaN
