gross_delta,delta,iota,kappa,lambda,sigmah,sigmal,mu_b,m,c,p,vb,debt_diff,eq_deriv,eq_deriv_min_val,eq_min_val,eq_negative,eq_vb,abs_debt_diff,debt_per_diff,abs_debt_per_diff,debt,equity,firm_value,leverage,ROE,V0,r,alpha,pi,xi,opt
0.02,0.02,0.0,0.003,0.5,0.25,0.15,1.0,5.0,3.0,17.050072112474407,89.64902161312928,-0.9642918482203271,-0.499784568895995,-0.499784568895995,-0.7151522480214177,true,0.0,0.9642918482203271,-0.011311293487313976,0.011311293487313976,84.28606871415171,1.5825274053851477,85.86859611953686,98.15703589332924,-89.92914391314447,100.0,0.08,0.6,0.27,1.0,false
0.02,0.02,0.0,0.003,0.5,0.25,0.15,1.0,5.0,3.0,17.490059532269015,88.18155118188099,-0.8089710644707395,-0.5937661244156472,-0.5937661244156472,-0.9340821959328615,true,0.0,0.8089710644707395,-0.0092506382036973,0.0092506382036973,86.64132659687434,2.1108376542918648,88.7521642511662,97.62164937373441,-84.19874795503294,100.0,0.08,0.6,0.27,1.0,false
0.02,0.02,0.0,0.003,0.5,0.25,0.15,1.0,5.0,3.0,19.25000921144746,58.76751174768156,0.4259892465053525,-0.7647520191138015,-0.7647520191138015,-0.5479756203493751,true,0.0,0.4259892465053525,0.004425860183506076,0.004425860183506076,96.67603530374265,39.30724672732705,135.9832820310697,71.09405940184172,1082.541041172472,100.0,0.08,0.6,0.27,1.0,false
0.02,0.02,0.0,0.003,0.5,0.25,0.15,1.0,5.0,3.0,19.65117615298881,59.66729502959656,-9.359665889186256e-6,-0.787916524432545,-0.787916524432545,-0.590915709628975,true,0.0,9.359665889186256e-6,9.031435690864302e-6,9.031435690864302e-6,98.25587140527817,37.935065281714685,136.19093668699287,72.14567561944249,2075.015385706978,100.0,0.08,0.6,0.27,1.0,false
0.02,0.02,0.0,0.003,0.5,0.25,0.15,1.0,5.0,3.0,19.68999663124207,59.93653844825354,-0.039007788668754984,-0.7930821724848215,-0.7930821724848215,-0.6054795219025976,true,0.0,0.039007788668754984,-0.000396219353403661,0.000396219353403661,98.4109753675416,37.518850615103595,135.92982598264518,72.39836780200557,2261.1245444985716,100.0,0.08,0.6,0.27,1.0,false
0.02,0.02,0.0,0.003,0.5,0.25,0.15,1.0,5.0,3.0,20.129984051036683,63.56375951341958,-0.06993941886692312,-0.931131956548386,-0.931131956548386,-0.9469764070051624,true,0.0,0.06993941886692312,-0.000694878035567259,0.000694878035567259,100.5799808363165,30.93170347080644,131.51168430712295,76.47988189507878,-5433.228536869636,100.0,0.08,0.6,0.27,1.0,false
