gross_delta,delta,iota,kappa,lambda,sigmah,sigmal,mu_b,m,c,p,vb,debt_diff,eq_deriv,eq_deriv_min_val,eq_min_val,eq_negative,eq_vb,abs_debt_diff,debt_per_diff,abs_debt_per_diff,debt,equity,firm_value,leverage,ROE,V0,r,alpha,pi,xi,opt
0.02,0.02,0.0,0.0025,0.1,0.3,0.15,1.0,3.0,5.0,22.661141114111413,87.47417752258582,5.997637120430198,0.821528269048381,0.8215282690483812,0.12146697244646404,false,0.0,5.997637120430198,0.08822205216452207,0.08822205216452207,73.98106046276443,14.362750547063282,88.34381100982772,83.74221082055706,-44.79886266498746,100.0,0.08,0.6,0.27,1.0,false
0.02,0.02,0.0,0.0025,0.1,0.3,0.15,1.0,3.0,5.0,26.566729041325186,82.94953857793436,5.168558983490527,0.0799557876844833,0.0799557876844833,0.014350957216219365,false,0.0,5.168558983490527,0.06485002319317908,0.06485002319317908,84.86874610746608,16.808691881964773,101.67743798943086,83.4686119021685,11.08591529389733,100.0,0.08,0.6,0.27,1.0,false
0.02,0.02,0.0,0.0025,0.1,0.3,0.15,1.0,3.0,5.0,28.910081797653447,88.93264199734352,-3.0833066828450626,-6.94138057644178e-7,-6.94138057644178e-7,0.0027793102696437016,false,0.0,3.0833066828450626,-0.035550535673859934,0.035550535673859934,83.64693871011528,8.118976070093947,91.76591478020923,91.15251442810775,-50.3519498510289,100.0,0.08,0.6,0.27,1.0,false
0.02,0.02,0.0,0.0025,0.1,0.3,0.15,1.0,3.0,5.0,30.472316968538955,87.10443723838334,-2.8456265811062735,-0.32059359644369817,-0.32059359644369817,-0.19694944698844852,true,0.0,2.8456265811062735,-0.03112799708277551,0.03112799708277551,88.57132432451058,8.738536680041516,97.3098610045521,91.01988576508938,-23.53850150124851,100.0,0.08,0.6,0.27,1.0,false
0.02,0.02,0.0,0.0025,0.1,0.3,0.15,1.0,3.0,5.0,31.79074728060748,82.89891662765636,-0.00016059437519319597,-0.7098455066954388,-0.7098455066954388,-0.5022022177500072,true,0.0,0.00016059437519319597,0.005145066664698408,0.005145066664698408,95.37208124744726,12.259811967591137,107.63189321503839,88.60949891209552,164.90983578371305,100.0,0.08,0.6,0.27,1.0,false
0.02,0.02,0.0,0.0025,0.1,0.3,0.15,1.0,3.0,5.0,36.721257652080986,81.71567852510617,-2.534973678801123,-1.4350382272977134,-1.4350382272977134,-2.60027296452145,true,0.0,2.534973678801123,-0.0230109555144595,0.0230109555144595,107.62879927744183,10.493025780278376,118.1218250577202,91.1167764507948,-237.54491891412056,100.0,0.08,0.6,0.27,1.0,false
