gross_delta,delta,iota,kappa,lambda,sigmah,sigmal,mu_b,m,c,p,vb,debt_diff,eq_deriv,eq_deriv_min_val,eq_min_val,eq_negative,eq_vb,abs_debt_diff,debt_per_diff,abs_debt_per_diff,debt,equity,firm_value,leverage,ROE,V0,r,alpha,pi,xi,opt
0.02,0.02,0.0,0.004,0.1,0.275,0.15,1.0,3.0,5.0,23.818197609234605,85.82084755455058,5.809308223076258,0.7020722268055819,0.7020722268055819,0.09298239015630315,false,0.0,5.809308223076258,0.08130069731254444,0.08130069731254444,77.26390105078008,16.479636677826868,93.74353772860695,82.42050910694624,-27.517747373314073,100.0,0.08,0.6,0.27,1.0,false
0.02,0.02,0.0,0.004,0.1,0.275,0.15,1.0,3.0,5.0,24.55616219516688,85.12065195282901,5.545951816781027,0.5719966616308514,0.5719966616308515,0.07581295903466116,false,0.0,5.545951816781027,0.07528255396348234,0.07528255396348234,79.21443840228167,16.812040086852694,96.02647848913436,82.49228717810888,-19.11673876207326,100.0,0.08,0.6,0.27,1.0,false
0.02,0.02,0.0,0.004,0.1,0.275,0.15,1.0,3.0,5.0,27.406778164928202,87.25842018651471,-4.9828282306541016e-5,0.2652721251324604,0.26527212513246057,0.10198694773153774,false,0.0,4.9828282306541016e-5,0.0029362126905737493,0.0029362126905737493,82.2202846665023,12.259832395285018,94.48011706178731,87.02390219598539,-31.045957905822053,100.0,0.08,0.6,0.27,1.0,false
0.02,0.02,0.0,0.004,0.1,0.275,0.15,1.0,3.0,5.0,29.721914296692823,88.72196140020333,-3.944705663427385,-0.029655715690063398,-0.029655715690063398,-0.001831212077329334,false,0.0,3.944705663427385,-0.04424014801615381,0.04424014801615381,85.22103722665108,8.557988709166336,93.77902593581742,90.8743041167612,-42.09344160065781,100.0,0.08,0.6,0.27,1.0,false
0.02,0.02,0.0,0.004,0.1,0.275,0.15,1.0,3.0,5.0,31.935808054489655,85.89088796034672,-3.3407860154615605,-0.5296237447986686,-0.5296237447986686,-0.47967559309887403,true,0.0,3.3407860154615605,-0.034869803093353496,0.034869803093353496,92.4666381480074,9.727148405147734,102.19378655315514,90.48166357933293,29.120950198016526,100.0,0.08,0.6,0.27,1.0,false
0.02,0.02,0.0,0.004,0.1,0.275,0.15,1.0,3.0,5.0,32.67377264042193,84.88107978266906,-3.0640022691285225,-0.6994665861845636,-0.6994665861845636,-0.7831163232884382,true,0.0,3.0640022691285225,-0.03125852961485009,0.03125852961485009,94.95731565213727,10.253811606103712,105.21112725824098,90.25406164413037,103.34034214236789,100.0,0.08,0.6,0.27,1.0,false
