gross_delta,delta,iota,kappa,lambda,sigmah,sigmal,mu_b,m,c,p,vb,debt_diff,eq_deriv,eq_deriv_min_val,eq_min_val,eq_negative,eq_vb,abs_debt_diff,debt_per_diff,abs_debt_per_diff,debt,equity,firm_value,leverage,ROE,V0,r,alpha,pi,xi,opt
0.02,0.02,0.0,0.004,0.75,0.275,0.15,1.0,5.0,6.0,15.620537053705371,60.79792673452848,-8.436117600246575,-0.5291557045495815,-0.5858782681088159,-0.22650266327189333,true,0.0,8.436117600246575,-0.10801315692593849,0.10801315692593849,69.66656766828028,29.97595619736025,99.64252386564053,69.9165024786202,-1.1784889044213265,100.0,0.08,0.6,0.27,1.0,false
0.02,0.02,0.0,0.004,0.75,0.275,0.15,1.0,5.0,6.0,16.1019101910191,61.636955616009246,-5.06373536872087,-0.5201377110832023,-0.6249628725316608,-0.21939644701269068,true,0.0,5.06373536872087,-0.06289608262186416,0.06289608262186416,75.44581558637464,28.098838903256095,103.54465448963073,72.86307145283874,14.436050613286767,100.0,0.08,0.6,0.27,1.0,false
0.02,0.02,0.0,0.004,0.75,0.275,0.15,1.0,5.0,6.0,17.546029602960296,70.13854154873191,20.272359484311252,-0.04465273725321201,-0.5239540042150397,-0.6173756664070207,true,0.0,20.272359484311252,0.2310763168995336,0.2310763168995336,108.00250749911272,10.476950014091766,118.4794575132045,91.15715902655604,-230.92083968997713,100.0,0.08,0.6,0.27,1.0,false
0.02,0.02,0.0,0.004,0.75,0.275,0.15,1.0,5.0,6.0,18.777172967999306,91.3154396427241,0.00014990080550758567,-1.6100805840120644,-1.7012999646094251,-5.660668157285632,true,0.0,0.00014990080550758567,0.003962157854079056,0.003962157854079056,93.88601474080201,-4.170625461309049,89.71538927949297,104.6487291587357,-168.2145161379754,100.0,0.08,0.6,0.27,1.0,false
0.02,0.02,0.0,0.004,0.75,0.275,0.15,1.0,5.0,6.0,18.99014901490149,94.45486127555853,-4.551363293472633,-1.9272372477152964,-1.9272372477152964,-6.575274903345011,true,0.0,4.551363293472633,-0.04793393974845798,0.04793393974845798,90.39938178103482,-5.891106165779911,84.5082756152549,106.97104055536602,-161.36173766541978,100.0,0.08,0.6,0.27,1.0,false
0.02,0.02,0.0,0.004,0.75,0.275,0.15,1.0,5.0,6.0,20.434268426842685,88.27953267082692,9.201085364578447,-2.026745540898523,-2.026745540898523,-7.12971697376767,true,0.0,9.201085364578447,0.09005544189183495,0.09005544189183495,111.37242749879188,-6.954141438450462,104.41828606034142,106.65988851266125,-38.85086153163678,100.0,0.08,0.6,0.27,1.0,false
