gross_delta,delta,iota,kappa,lambda,sigmah,sigmal,mu_b,m,c,p,vb,debt_diff,eq_deriv,eq_deriv_min_val,eq_min_val,eq_negative,eq_vb,abs_debt_diff,debt_per_diff,abs_debt_per_diff,debt,equity,firm_value,leverage,ROE,V0,r,alpha,pi,xi,opt
0.02,0.02,0.0,0.004,0.75,0.275,0.15,1.0,5.0,10.0,16.278262036729988,100.0,-21.39130779946443,-2.681100281053428,-2.681100281053428,-10.307195557897115,true,0.0,21.39130779946443,-0.26282053638401265,0.26282053638401265,60.00000238418551,0.49308729565381115,60.493089679839315,99.18488657421288,-98.76728168738974,100.0,0.08,0.6,0.27,1.0,false
0.02,0.02,0.0,0.004,0.75,0.275,0.15,1.0,5.0,10.0,22.392803754059614,94.04160161906262,4.538064851678499,-0.6544006358184372,-0.6544006358184372,-0.5324704828948598,true,0.0,4.538064851678499,0.040531457351389404,0.040531457351389404,116.50208362197657,0.7869909695616706,117.28907459153824,99.32901596137373,-104.76904000482459,100.0,0.08,0.6,0.27,1.0,false
0.02,0.02,0.0,0.004,0.75,0.275,0.15,1.0,5.0,10.0,22.948671182907763,94.34297739266745,0.2402722517305591,-0.5523772008829022,-0.5523772008829022,-0.37580870883900674,true,0.0,0.2402722517305591,0.0020939970756085834,0.0020939970756085834,114.98362816626937,1.0641601904997426,116.04778835676912,99.08299830133068,-107.10215295448498,100.0,0.08,0.6,0.27,1.0,false
0.02,0.02,0.0,0.004,0.75,0.275,0.15,1.0,5.0,10.0,23.50453861175591,93.69991936582788,3.3458152712322686,-0.16125604650373623,-0.6377676204160337,-0.03124300216185989,true,0.0,3.3458152712322686,0.02846952519679619,0.02846952519679619,120.8685083300118,2.5481765059089287,123.41668483592073,97.93530630862702,-112.21063080126478,100.0,0.08,0.6,0.27,1.0,false
0.02,0.02,0.0,0.004,0.75,0.275,0.15,1.0,5.0,10.0,23.86670653935262,93.95337444979047,0.0007730147800142362,-0.03014073204582144,-0.6874863404577405,0.06054585038074341,false,0.0,0.0007730147800142362,0.000728844769299599,0.000728844769299599,119.33430571154312,2.7192732522757947,122.05357896381892,97.77206594402128,-114.06449909733408,100.0,0.08,0.6,0.27,1.0,false
0.02,0.02,0.0,0.004,0.75,0.275,0.15,1.0,5.0,10.0,24.060406040604057,94.67250329776577,-6.423961390485701,-0.0869126392818232,-0.6785896304531762,-0.006407821286968252,true,0.0,6.423961390485701,-0.05339861164142201,0.05339861164142201,113.87806881253458,2.1063508311555337,115.98441964369012,98.18393639626223,-115.1775499862999,100.0,0.08,0.6,0.27,1.0,false
