gross_delta,delta,iota,kappa,lambda,sigmah,sigmal,mu_b,m,c,p,vb,debt_diff,eq_deriv,eq_deriv_min_val,eq_min_val,eq_negative,eq_vb,abs_debt_diff,debt_per_diff,abs_debt_per_diff,debt,equity,firm_value,leverage,ROE,V0,r,alpha,pi,xi,opt
0.02,0.02,0.0,0.004,0.75,0.275,0.15,1.0,5.0,11.0,12.913641364136414,69.74085934980637,65.29431406625275,-1.24086330721071e-5,-0.8010772267183061,-1.0629772091969627,true,0.0,65.29431406625275,1.0112455848059592,1.0112455848059592,129.86252088693482,12.63239762764356,142.4949185145784,91.13484343208269,-142.3018461015807,100.0,0.08,0.6,0.27,1.0,false
0.02,0.02,0.0,0.004,0.75,0.275,0.15,1.0,5.0,11.0,13.426553374892054,90.81612566391122,43.057045910531116,-3.110160596977814,-3.1422721574943804,-11.428754204851886,true,0.0,43.057045910531116,0.642492408822667,0.642492408822667,110.18981278499136,-10.748199247558718,99.44161353743264,110.80855274287438,5.4798500654478,100.0,0.08,0.6,0.27,1.0,false
0.02,0.02,0.0,0.004,0.75,0.275,0.15,1.0,5.0,11.0,13.492595312162795,91.21193104058273,43.30192082404105,-3.2291869760696414,-3.2291869760696414,-11.861167454701071,true,0.0,43.30192082404105,0.6418619964834619,0.6418619964834619,110.76489738485502,-11.720649588371284,99.04424779648373,111.83375092358206,8.878414436731186,100.0,0.08,0.6,0.27,1.0,false
0.02,0.02,0.0,0.004,0.75,0.275,0.15,1.0,5.0,11.0,14.071549260189176,87.31958015568729,54.60707362511022,-3.1261578509458285,-3.1261578509458285,-11.919513353810062,true,0.0,54.60707362511022,0.7761344911693979,0.7761344911693979,124.9648199260561,-11.784332117079913,113.18048780897618,110.41198208738001,-52.79624626981403,100.0,0.08,0.6,0.27,1.0,false
0.02,0.02,0.0,0.004,0.75,0.275,0.15,1.0,5.0,11.0,14.650503208215557,89.38814721034582,56.72703412952335,-3.090289504308935,-3.090289504308935,-12.00744104440322,true,0.0,56.72703412952335,0.7744039003071588,0.7744039003071588,129.97955017060113,-11.9825829344078,117.99696723619333,110.15499229774473,-60.03081144907141,100.0,0.08,0.6,0.27,1.0,false
0.02,0.02,0.0,0.004,0.75,0.275,0.15,1.0,5.0,11.0,15.229457156241939,89.51046423635103,65.56584893953473,-2.861364664325932,-2.861364664325932,-11.258014792171648,true,0.0,65.56584893953473,0.8610398685505601,0.8610398685505601,141.71313472074442,-11.18061839382603,130.5325163269184,108.5653894588412,-73.19640811299233,100.0,0.08,0.6,0.27,1.0,false
