gross_delta,delta,iota,kappa,lambda,sigmah,sigmal,mu_b,m,c,p,vb,debt_diff,eq_deriv,eq_deriv_min_val,eq_min_val,eq_negative,eq_vb,abs_debt_diff,debt_per_diff,abs_debt_per_diff,debt,equity,firm_value,leverage,ROE,V0,r,alpha,pi,xi,opt
0.02,0.02,0.0,0.005,0.3,0.275,0.15,1.0,10.0,1.0,6.721197119711971,68.75962026239773,2.760590994987467,-1.239028494522817,-1.239028494522817,-4.21056439953126,true,0.0,2.760590994987467,0.04107290629657606,0.04107290629657606,69.97256219210718,6.379414971002568,76.35197716310975,91.64472852173256,-78.75471423230884,100.0,0.08,0.6,0.27,1.0,false
0.02,0.02,0.0,0.005,0.3,0.275,0.15,1.0,10.0,1.0,6.8696348197500114,83.15889522654612,-5.971817823768573e-5,-0.8067587807588569,-0.8067587807588569,-2.7021622873036306,true,0.0,5.971817823768573e-5,0.0009481347532562931,0.0009481347532562931,68.69628847932188,1.5098489339340802,70.20613741325596,97.84940606396472,-95.17677342210132,100.0,0.08,0.6,0.27,1.0,false
0.02,0.02,0.0,0.005,0.3,0.275,0.15,1.0,10.0,1.0,7.163333438607019,89.85818369553213,-1.105870735489546,-0.6104005023668944,-0.6104005023668944,-2.0747193627762535,true,0.0,1.105870735489546,-0.015437934656642113,0.015437934656642113,70.52746365058064,-1.9768583577044003,68.55060529287624,102.88379416820383,-106.70745922328244,100.0,0.08,0.6,0.27,1.0,false
0.02,0.02,0.0,0.005,0.3,0.275,0.15,1.0,10.0,1.0,7.384401598054542,86.57117846219815,-0.5665844497096515,-0.718815237695783,-0.718815237695783,-2.502961255996914,true,0.0,0.5665844497096515,-0.007672719883746857,0.007672719883746857,73.27743153083577,-1.9306699259969302,71.34676160483885,102.70603722239018,-107.22486660750734,100.0,0.08,0.6,0.27,1.0,false
0.02,0.02,0.0,0.005,0.3,0.275,0.15,1.0,10.0,1.0,7.605469757502066,84.12548582659389,-0.6107701666818741,-0.808679003692476,-0.808679003692476,-2.8393934628288835,true,0.0,0.6107701666818741,-0.008030669848886165,0.008030669848886165,75.44392740833878,-1.62984273909719,73.8140846692416,102.20803759390968,-106.63722886879987,100.0,0.08,0.6,0.27,1.0,false
0.02,0.02,0.0,0.005,0.3,0.275,0.15,1.0,10.0,1.0,7.82653791694959,80.44377578553008,-0.4919519530983649,-0.9416604418736527,-0.9416604418736527,-3.3085025598831153,true,0.0,0.4919519530983649,-0.006285690535440531,0.006285690535440531,77.77342721639754,-0.6565671485820725,77.11686006781547,100.85139248149457,-102.95397385361386,100.0,0.08,0.6,0.27,1.0,false
