gross_delta,delta,iota,kappa,lambda,sigmah,sigmal,mu_b,m,c,p,vb,debt_diff,eq_deriv,eq_deriv_min_val,eq_min_val,eq_negative,eq_vb,abs_debt_diff,debt_per_diff,abs_debt_per_diff,debt,equity,firm_value,leverage,ROE,V0,r,alpha,pi,xi,opt
0.02,0.02,0.0,0.0025,0.75,0.275,0.15,1.0,5.0,9.0,14.1998199819982,63.88321928677595,13.499903970418487,0.294953962274503,-0.7316138373763323,0.04457946584206716,false,0.0,13.499903970418487,0.19014190303162953,0.19014190303162953,84.49900388040949,25.759051394771806,110.25805527518129,76.63748799987218,66.17674887497671,100.0,0.08,0.6,0.27,1.0,false
0.02,0.02,0.0,0.0025,0.75,0.275,0.15,1.0,5.0,9.0,14.263691164395972,64.93211196438028,13.115302126423064,0.1739980405021694,-0.8537006431748044,-0.4051678188004986,true,0.0,13.115302126423064,0.18639210376796117,0.18639210376796117,84.43375794840294,24.929692862974665,109.3634508113776,77.20473094254163,60.15228839652369,100.0,0.08,0.6,0.27,1.0,false
0.02,0.02,0.0,0.0025,0.75,0.275,0.15,1.0,5.0,9.0,14.749669703812486,65.18224805624678,27.641306822024234,0.2825711320841893,-0.7506372828997073,0.04345650543507483,false,0.0,27.641306822024234,0.37480577364901296,0.37480577364901296,101.38965534108667,22.77721892314551,124.16687426423218,81.65596173849504,-1739.0552570635577,100.0,0.08,0.6,0.27,1.0,false
0.02,0.02,0.0,0.0025,0.75,0.275,0.15,1.0,5.0,9.0,15.299519425626773,68.69256113944746,43.920888167888066,1.3206136061465028e-5,-0.7376854021205936,-0.5682153824616503,true,0.0,43.920888167888066,0.5741472911145217,0.5741472911145217,120.41848529602193,14.433380015470231,134.85186531149216,89.296862907954,-170.68780963043446,100.0,0.08,0.6,0.27,1.0,false
0.02,0.02,0.0,0.0025,0.75,0.275,0.15,1.0,5.0,9.0,15.84936914744106,91.21193104058273,25.286115074139957,-2.8071386831318015,-2.8071386831318015,-10.11098381063575,true,0.0,25.286115074139957,0.3190803979503815,0.3190803979503815,104.53296081134525,-10.040431045800911,94.49252976554433,110.6256347149487,121.49829799259196,100.0,0.08,0.6,0.27,1.0,false
0.02,0.02,0.0,0.0025,0.75,0.275,0.15,1.0,5.0,9.0,16.399218869255346,91.21193104058273,24.4178900937481,-2.859155667428851,-2.859155667428851,-10.50587993840329,true,0.0,24.4178900937481,0.29779333135831076,0.29779333135831076,106.41398444002483,-10.395012338921184,96.01897210110366,110.8259983537167,62.06793820785972,100.0,0.08,0.6,0.27,1.0,false
