gross_delta,delta,iota,kappa,lambda,sigmah,sigmal,mu_b,m,c,p,vb,debt_diff,eq_deriv,eq_deriv_min_val,eq_min_val,eq_negative,eq_vb,abs_debt_diff,debt_per_diff,abs_debt_per_diff,debt,equity,firm_value,leverage,ROE,V0,r,alpha,pi,xi,opt
0.02,0.02,0.0,0.0025,0.75,0.275,0.15,1.0,5.0,4.0,15.131938193819382,61.78322841302687,-4.1976863764112835,-1.855917799619253,-1.855917799619253,-4.402156026445418,true,0.0,4.1976863764112835,-0.05548114620407083,0.05548114620407083,71.46200459268563,23.690676561938822,95.15268115462445,75.10246030435954,-16.98549171443613,100.0,0.08,0.6,0.27,1.0,false
0.02,0.02,0.0,0.0025,0.75,0.275,0.15,1.0,5.0,4.0,18.903641679957467,68.71597057536947,-0.05401123133631813,-1.365416635640619,-1.365416635640619,-2.5886065143836743,true,0.0,0.05401123133631813,-0.0005714373161609743,0.0005714373161609743,94.46419716845102,12.412521835959776,106.8767190044108,88.38613128136211,124.22261438250355,100.0,0.08,0.6,0.27,1.0,false
0.02,0.02,0.0,0.0025,0.75,0.275,0.15,1.0,5.0,4.0,19.37510461572473,69.5824367579373,-0.3685889162179592,-1.3254624918108011,-1.3254624918108011,-2.4387187440961777,true,0.0,0.3685889162179592,-0.003804768268645264,0.003804768268645264,96.50693416240568,11.303400104963218,107.8103342673689,89.51547624652488,223.59539242890145,100.0,0.08,0.6,0.27,1.0,false
0.02,0.02,0.0,0.0025,0.75,0.275,0.15,1.0,5.0,4.0,19.84656755149199,72.22844385228557,-0.1978017150489393,-1.4244236706871987,-1.4244236706871987,-3.0542187360582034,true,0.0,0.1978017150489393,-0.001993309065013303,0.001993309065013303,99.03503604241101,7.799705327282855,106.83474136969386,92.6992800026608,708.2898087479647,100.0,0.08,0.6,0.27,1.0,false
0.02,0.02,0.0,0.0025,0.75,0.275,0.15,1.0,5.0,4.0,20.06290048289811,73.76748415693743,1.6784598305738443e-5,-1.496836523231307,-1.4981132449886219,-3.489643175133103,true,0.0,1.6784598305738443e-5,7.959310727479314e-5,7.959310727479314e-5,100.31451919908886,5.774845915908858,106.08936511499772,94.55662128843066,-1936.0869328925287,100.0,0.08,0.6,0.27,1.0,false
0.02,0.02,0.0,0.0025,0.75,0.275,0.15,1.0,5.0,4.0,22.203882230328293,68.21004022224929,0.2375158372951205,-0.8279352661375432,-1.0196050786745638,-0.7347498095478802,true,0.0,0.2375158372951205,0.0021394081884536166,0.0021394081884536166,111.25692698893658,16.621426816836124,127.8783538057727,87.00215765829964,-247.65510012787524,100.0,0.08,0.6,0.27,1.0,false
