gross_delta,delta,iota,kappa,lambda,sigmah,sigmal,mu_b,m,c,p,vb,debt_diff,eq_deriv,eq_deriv_min_val,eq_min_val,eq_negative,eq_vb,abs_debt_diff,debt_per_diff,abs_debt_per_diff,debt,equity,firm_value,leverage,ROE,V0,r,alpha,pi,xi,opt
0.02,0.02,0.0,0.0025,0.75,0.275,0.15,1.0,5.0,11.0,13.094284428442844,72.36055434511401,62.405427017423975,-1.2037157694558265e-5,-0.24771753234963656,-0.20695749892158574,true,0.0,62.405427017423975,0.9531704822581916,0.9531704822581916,127.8768491596382,10.545346316601119,138.42219547623932,92.38175187128044,-137.82832936467338,100.0,0.08,0.6,0.27,1.0,false
0.02,0.02,0.0,0.0025,0.75,0.275,0.15,1.0,5.0,11.0,13.689971628741821,91.21193104058273,42.80695640042049,-3.256934104865464,-3.256934104865464,-11.995784121625483,true,0.0,42.80695640042049,0.6253768460783095,0.6253768460783095,111.2568145441296,-11.846796962377747,99.41001758175184,111.91710579131052,5.241113424541788,100.0,0.08,0.6,0.27,1.0,false
0.02,0.02,0.0,0.0025,0.75,0.275,0.15,1.0,5.0,11.0,13.712566270195577,91.33337370364804,42.78876016648965,-3.2936733022574973,-3.2911083020929817,-12.139650073061128,true,0.0,42.78876016648965,0.6238875330424635,0.6238875330424635,111.35159151746754,-12.106158239998573,99.24543327746896,112.19820181161622,6.647232869240627,100.0,0.08,0.6,0.27,1.0,false
0.02,0.02,0.0,0.0025,0.75,0.275,0.15,1.0,5.0,11.0,14.285658829040798,89.25268282527855,49.33412357332213,-3.3001764899149686,-3.3001764899149686,-12.530547006662495,true,0.0,49.33412357332213,0.6906804112251733,0.6906804112251733,120.76241771852612,-12.529767885564496,108.23264983296163,111.57669881029616,-39.651691554282266,100.0,0.08,0.6,0.27,1.0,false
0.02,0.02,0.0,0.0025,0.75,0.275,0.15,1.0,5.0,11.0,14.881346029339776,89.37783084306564,55.77770934515196,-3.1386721021833033,-3.1386721021833033,-12.243591812932285,true,0.0,55.77770934515196,0.749632583439451,0.749632583439451,130.18443949185084,-12.215692890650619,117.96874660120022,110.3550247354466,-59.52983359539077,100.0,0.08,0.6,0.27,1.0,false
0.02,0.02,0.0,0.0025,0.75,0.275,0.15,1.0,5.0,11.0,15.477033229638753,89.50291423406034,64.73461654927912,-2.902701300337859,-2.902701300337859,-11.490973520143022,true,0.0,64.73461654927912,0.8365248764254296,0.8365248764254296,142.11978269747289,-11.404593189248317,130.71518950822457,108.72476506529544,-72.9234282352255,100.0,0.08,0.6,0.27,1.0,false
