gross_delta,delta,iota,kappa,lambda,sigmah,sigmal,V0,r,alpha,pi,xi,mu_b,m,c,p,vb,sg_debt,debt,debt_diff,abs_debt_diff,debt_per_diff,abs_debt_per_diff,eq_vb,eq_min_val,sg_equity,equity,eq_negative,firm_value,leverage,ROE,cvml_vb,cvmh_vb,eq_deriv
0.02,0.0198,0.0002,0.01,NaN,NaN,0.3,100.0,0.08,0.6,0.27,1.0,1.0,10.0,0.6114111411141114,5.718460533160741,40.586447554753896,57.18458053604609,57.20659153498194,0.0219862033745315,0.0219862033745315,0.0003844776622490591,0.0003844776622490591,4.618527782440651e-14,NaN,47.79621122414776,47.75766679844157,false,104.96425833342352,54.50102010273128,11.600520994913488,NaN,NaN,NaN
