gross_delta,delta,iota,kappa,lambda,sigmah,sigmal,V0,r,alpha,pi,xi,mu_b,m,c,p,vb,sg_debt,debt,debt_diff,abs_debt_diff,debt_per_diff,abs_debt_per_diff,eq_vb,eq_min_val,sg_equity,equity,eq_negative,firm_value,leverage,ROE,cvml_vb,cvmh_vb,eq_deriv
0.02,0.0198,0.0002,0.005,NaN,NaN,0.3,100.0,0.08,0.6,0.27,1.0,1.0,10.0,0.6677667766776678,6.28110074828934,43.640212019474106,62.811150859955205,62.810999246404556,-8.236488845625445e-6,8.236488845625445e-6,-1.3113129649876505e-7,1.3113129649876505e-7,8.704148513061227e-14,NaN,44.63776889829483,44.58759005422007,false,107.39858930062462,58.48400770943763,19.894563313614523,NaN,NaN,NaN
