gross_delta,delta,iota,kappa,lambda,sigmah,sigmal,mu_b,m,c,p,vb,debt_diff,eq_deriv,eq_deriv_min_val,eq_min_val,eq_negative,eq_vb,abs_debt_diff,debt_per_diff,abs_debt_per_diff,debt,equity,firm_value,leverage,ROE,V0,r,alpha,pi,xi,opt
0.02,0.02,0.0,0.001,0.5,0.25,0.15,1.0,5.0,9.0,15.880082745116615,91.21193104058273,32.210540590519244,-1.8412547980384064,-1.8412547980384064,-4.215048872461413,true,0.0,32.210540590519244,0.40567220092633977,0.40567220092633977,111.61095431610232,-3.219932068968561,108.39102224713376,102.97066306988695,-72.26815314824648,100.0,0.08,0.6,0.27,1.0,false
0.02,0.02,0.0,0.001,0.5,0.25,0.15,1.0,5.0,9.0,16.423959501213275,91.21193104058273,29.122309370874817,-1.9623457062606655,-1.9623457062606655,-4.69645723325074,true,0.0,29.122309370874817,0.35463201633836816,0.35463201633836816,111.2421068769412,-3.85411894509514,107.38798793184606,103.58896653091327,-65.71711168303902,100.0,0.08,0.6,0.27,1.0,false
0.02,0.02,0.0,0.001,0.5,0.25,0.15,1.0,5.0,9.0,16.809947256125067,91.4053861807069,27.10006634309087,-2.025603418310796,-2.025603418310796,-4.9791527929190496,true,0.0,27.10006634309087,0.3227549473942617,0.3227549473942617,111.14980262371616,-4.334530667084173,106.81527195663199,104.05796904102256,-61.12459732816775,100.0,0.08,0.6,0.27,1.0,false
0.02,0.02,0.0,0.001,0.5,0.25,0.15,1.0,5.0,9.0,16.96783625730994,91.21193104058273,27.629439141144786,-2.042157068856669,-2.042157068856669,-5.057168904768301,true,0.0,27.629439141144786,0.3256683848447878,0.3256683848447878,112.46862042769449,-4.351132973626087,108.1174874540684,104.02444884364759,-65.10333281169075,100.0,0.08,0.6,0.27,1.0,false
0.02,0.02,0.0,0.001,0.5,0.25,0.15,1.0,5.0,9.0,17.511713013406602,89.34565800085942,35.850209466118585,-2.044341584687632,-2.044341584687632,-5.096416734506743,true,0.0,35.850209466118585,0.4094426334953344,0.4094426334953344,123.4087745331516,-3.5501110768442987,119.8586634563073,102.9619144536335,-84.83427198712766,100.0,0.08,0.6,0.27,1.0,false
0.02,0.02,0.0,0.001,0.5,0.25,0.15,1.0,5.0,9.0,18.055589769503264,89.46273377322359,39.97643744242828,-1.9481965809955915,-1.9481965809955915,-4.782382415258433,true,0.0,39.97643744242828,0.4428150833372428,0.4428150833372428,130.2543862899446,-3.3835328672315392,126.87085342271305,102.66691109577246,-88.81638901941271,100.0,0.08,0.6,0.27,1.0,false
