gross_delta,delta,iota,kappa,lambda,sigmah,sigmal,mu_b,m,c,p,vb,debt_diff,eq_deriv,eq_deriv_min_val,eq_min_val,eq_negative,eq_vb,abs_debt_diff,debt_per_diff,abs_debt_per_diff,debt,equity,firm_value,leverage,ROE,V0,r,alpha,pi,xi,opt
0.02,0.02,0.0,0.001,0.5,0.25,0.15,1.0,5.0,5.0,19.125758628494427,91.21193104058273,-0.24241011651646716,-1.195595410159965,-1.195595410159965,-2.6094741504923746,true,0.0,0.24241011651646716,-0.0025349072026383678,0.0025349072026383678,95.38638302595567,-1.7036734828316624,93.682709543124,101.81855701136338,-136.92706812065953,100.0,0.08,0.6,0.27,1.0,false
0.02,0.02,0.0,0.001,0.5,0.25,0.15,1.0,5.0,5.0,20.07691690221654,89.62195427853494,-1.750651527476947,-1.4445842390634192,-1.4445842390634192,-3.474993191377748,true,0.0,1.750651527476947,-0.017439445867145777,0.017439445867145777,98.63393298360575,-2.039613130188352,96.59431985341739,102.11152491500897,-249.30549568292255,100.0,0.08,0.6,0.27,1.0,false
0.02,0.02,0.0,0.001,0.5,0.25,0.15,1.0,5.0,5.0,20.552496039077592,88.68990967269244,-1.6304989049911285,-1.5161922503273881,-1.5161922503273881,-3.7477566852190938,true,0.0,1.6304989049911285,-0.01586667528742953,0.01586667528742953,101.13198129039684,-1.9129669912041098,99.21901429919272,101.92802458754086,68.9928099901266,100.0,0.08,0.6,0.27,1.0,false
0.02,0.02,0.0,0.001,0.5,0.25,0.15,1.0,5.0,5.0,21.007924686404948,87.77121698019415,3.2222741147953926e-5,-1.5238823640878354,-1.5238823640878354,-3.76761915870202,true,0.0,3.2222741147953926e-5,-0.00023666891315627254,0.00023666891315627254,105.03965565476588,-1.4519964253369306,103.58765922942895,101.40170792171392,-71.18857864894375,100.0,0.08,0.6,0.27,1.0,false
0.02,0.02,0.0,0.001,0.5,0.25,0.15,1.0,5.0,5.0,21.5036543127997,87.13268954501447,2.448284180564599,-1.488546184628649,-1.488546184628649,-3.622058965532663,true,0.0,2.448284180564599,0.0227708662439509,0.0227708662439509,109.9665557445631,-0.9456913150600456,109.02086442950305,100.86744066836084,-90.51135277524601,100.0,0.08,0.6,0.27,1.0,false
0.02,0.02,0.0,0.001,0.5,0.25,0.15,1.0,5.0,5.0,22.45481258652181,88.79937944528243,3.4700803529749606,-1.4307866937655236,-1.4307866937655236,-3.453953585878685,true,0.0,3.4700803529749606,0.030907230595706044,0.030907230595706044,115.74414328558402,-1.8831852244611278,113.86095806112289,101.65393411097963,-88.03882059314432,100.0,0.08,0.6,0.27,1.0,false
