gross_delta,delta,iota,kappa,lambda,sigmah,sigmal,mu_b,m,c,p,vb,debt_diff,eq_deriv,eq_deriv_min_val,eq_min_val,eq_negative,eq_vb,abs_debt_diff,debt_per_diff,abs_debt_per_diff,debt,equity,firm_value,leverage,ROE,V0,r,alpha,pi,xi,opt
0.02,0.02,0.0,0.003,0.3,0.3,0.15,1.0,1.0,5.0,54.31428932366921,61.470165038817704,0.23846029088848297,-1.8388068845354155e-16,0.014058764514534815,0.03298097018301728,false,-7.576035327819797e-7,0.23846029088848297,0.004390378551534618,0.004390378551534618,54.55274961455769,48.60516617248954,103.15791578704723,52.882756692344365,6.948529911633061,100.0,0.08,0.6,0.27,1.0,false
0.02,0.02,0.0,0.003,0.3,0.3,0.15,1.0,1.0,5.0,55.55362509935204,62.929083657374484,0.18854268642246552,4.649058915617843e-16,0.013697803295113562,0.03269618736200124,false,-8.422102251038851e-7,0.18854268642246552,0.0033938862870834443,0.0033938862870834443,55.742167785774505,46.75648704008367,102.49865482585818,54.383316425448314,5.64567829206748,100.0,0.08,0.6,0.27,1.0,false
0.02,0.02,0.0,0.003,0.3,0.3,0.15,1.0,1.0,5.0,56.79296087503487,64.38844321291349,0.14192535655471517,4.423544863740858e-16,0.013259067860721787,0.03281147283641225,false,-1.2490670466380876e-6,0.14192535655471517,0.002498995550997992,0.002498995550997992,56.93488623158959,44.8736601306072,101.80854636219678,55.92348409438686,4.199562485594566,100.0,0.08,0.6,0.27,1.0,false
0.02,0.02,0.0,0.003,0.3,0.3,0.15,1.0,1.0,5.0,58.032296650717704,65.84752507434807,0.0904863568905725,1.5161483180037294e-15,0.008816945076768274,0.03210161727841071,false,-8.275569835781062e-7,0.0904863568905725,0.0015592413554677647,0.0015592413554677647,58.12278300760828,42.9524180371288,101.07520104473707,57.50449408642032,2.5675083540828814,100.0,0.08,0.6,0.27,1.0,false
0.02,0.02,0.0,0.003,0.3,0.3,0.15,1.0,1.0,5.0,59.27163242640054,67.30650631351553,0.026716008252343215,4.3021142204224816e-16,-0.0004763336491565018,0.002868323528920696,false,-1.469943337138988e-6,0.026716008252343215,0.0004507385263180887,0.0004507385263180887,59.29834843465288,40.989796545114096,100.28814497976697,59.12797414551467,0.7079441955920585,100.0,0.08,0.6,0.27,1.0,true
