gross_delta,delta,iota,kappa,lambda,sigmah,sigmal,mu_b,m,c,p,vb,debt_diff,eq_deriv,eq_deriv_min_val,eq_min_val,eq_negative,eq_vb,abs_debt_diff,debt_per_diff,abs_debt_per_diff,debt,equity,firm_value,leverage,ROE,V0,r,alpha,pi,xi,opt
0.02,0.02,0.0,0.005,0.3,0.2,0.15,1.0,7.0,3.0,13.580029055537132,91.21193104058273,-1.46469461084844,-0.8643987255618822,-0.8643987255618822,-1.7263400010376473,true,0.0,1.46469461084844,-0.015408073606348162,0.015408073606348162,93.59550877791149,-0.6537594140867851,92.94174936382471,100.70340769198091,-110.2078274669505,100.0,0.08,0.6,0.27,1.0,false
0.02,0.02,0.0,0.005,0.3,0.2,0.15,1.0,7.0,3.0,13.580029055537132,91.21193104058271,-1.46469461084844,-0.8643987255618822,-0.8643987255618822,-1.7263400010376475,true,0.0,1.46469461084844,-0.015408073606348162,0.015408073606348162,93.59550877791148,-0.6537594140867851,92.9417493638247,100.70340769198091,-110.20782746695048,100.0,0.08,0.6,0.27,1.0,false
0.02,0.02,0.0,0.005,0.3,0.2,0.15,1.0,7.0,3.0,14.115137829572431,90.16986517886775,-2.3135607823141555,-0.9904473101150981,-0.9904473101150981,-2.1289474640147463,true,0.0,2.3135607823141555,-0.02341519347372523,0.02341519347372523,96.49240402469286,-0.6967066203890816,95.79569740430378,100.72728383347808,-119.86279563820274,100.0,0.08,0.6,0.27,1.0,false
0.02,0.02,0.0,0.005,0.3,0.2,0.15,1.0,7.0,3.0,14.650246603607728,88.7983001883849,-1.8873118039551144,-1.0967563170051806,-1.0967563170051806,-2.476407566745477,true,0.0,1.8873118039551144,-0.01840351082740088,0.01840351082740088,100.66441442129899,-0.4074104942742678,100.25700392702471,100.40636611739447,-38.681268615791595,100.0,0.08,0.6,0.27,1.0,false
0.02,0.02,0.0,0.005,0.3,0.2,0.15,1.0,7.0,3.0,15.720464151678327,88.77524623128599,-2.5485923111856295,-1.1437219247504504,-1.1437219247504504,-2.6317900988135263,true,0.0,2.5485923111856295,-0.02315991515077444,0.02315991515077444,107.49465675056265,-0.657547090280153,106.83710966028251,100.6154669406267,-91.22645489760704,100.0,0.08,0.6,0.27,1.0,false
0.02,0.02,0.0,0.005,0.3,0.2,0.15,1.0,7.0,3.0,16.255572925713626,89.37292616325693,-2.833513936973219,-1.136437659763312,-1.136437659763312,-2.5979040093211223,true,0.0,2.833513936973219,-0.024901472690733728,0.024901472690733728,110.95549654302216,-0.9657373430198412,109.98975920000233,100.87802478161969,-91.18490577558582,100.0,0.08,0.6,0.27,1.0,false
