gross_delta,delta,iota,kappa,lambda,sigmah,sigmal,V0,r,alpha,pi,xi,mu_b,m,c,p,vb,sg_debt,debt,debt_diff,abs_debt_diff,debt_per_diff,abs_debt_per_diff,eq_vb,eq_min_val,sg_equity,equity,eq_negative,firm_value,leverage,ROE,cvml_vb,cvmh_vb,eq_deriv
0.02,0.0198,0.0002,0.015000000000000001,NaN,NaN,0.25,100.0,0.08,0.6,0.27,1.0,1.0,7.0,0.7400490049004901,7.2800604705650365,40.98055489163949,50.959993375399485,51.07787202136424,0.11744872740898415,0.11744872740898415,0.002304704706464153,0.002304704706464153,-1.2434497875801753e-14,NaN,52.30654914831707,52.2882032677528,false,103.36607528911705,49.414541355564076,6.880476030370142,NaN,NaN,NaN
