gross_delta,delta,iota,kappa,lambda,sigmah,sigmal,mu_b,m,c,p,vb,debt_diff,eq_deriv,eq_deriv_min_val,eq_min_val,eq_negative,eq_vb,abs_debt_diff,debt_per_diff,abs_debt_per_diff,debt,equity,firm_value,leverage,ROE,V0,r,alpha,pi,xi,opt
0.02,0.02,0.0,0.004,0.75,0.35,0.15,1.0,7.0,4.0,10.548527221143168,99.10903061178108,-8.94164819258593,-1.9872507353372126,-1.9872507353372126,-10.070654244591893,true,0.0,8.94164819258593,-0.12109541800927627,0.12109541800927627,64.89804235541625,-1.2835390510866242,63.614503304329624,102.01768305090148,-103.65660247238284,100.0,0.08,0.6,0.27,1.0,false
0.02,0.02,0.0,0.004,0.75,0.35,0.15,1.0,7.0,4.0,10.548527221143168,99.1090306117811,-8.941648192585932,-1.9872507353372124,-1.9872507353372124,-10.070654244591896,true,0.0,8.941648192585932,-0.12109541800927626,0.12109541800927626,64.89804235541625,-1.2835390510866242,63.614503304329624,102.01768305090148,-103.65660247238284,100.0,0.08,0.6,0.27,1.0,false
0.02,0.02,0.0,0.004,0.75,0.35,0.15,1.0,7.0,4.0,10.864156152457351,99.12711913886699,-11.15361646272926,-2.021848727864081,-2.021848727864081,-10.275340489460003,true,0.0,11.15361646272926,-0.14666337247274294,0.14666337247274294,64.8954766044722,-1.2728166123716647,63.62265999210053,102.00057119983619,-103.62579089318677,100.0,0.08,0.6,0.27,1.0,false
0.02,0.02,0.0,0.004,0.75,0.35,0.15,1.0,7.0,4.0,11.179785083771534,99.14521469112216,-13.36957906843854,-2.0558909003911343,-2.0558909003911343,-10.47474397766723,true,0.0,13.36957906843854,-0.17083869256952366,0.17083869256952366,64.8889165179622,-1.2544511455508787,63.63446537241132,101.97133917635574,-103.57280670701215,100.0,0.08,0.6,0.27,1.0,false
0.02,0.02,0.0,0.004,0.75,0.35,0.15,1.0,7.0,4.0,11.811042946399903,98.36279008678045,-13.171890576307263,-2.154833424842563,-2.154833424842563,-10.967799379460757,true,0.0,13.171890576307263,-0.1593168920219477,0.1593168920219477,69.50541004849205,-2.7636120426550335,66.74179800583701,104.14075156083351,-109.06263060775596,100.0,0.08,0.6,0.27,1.0,false
0.02,0.02,0.0,0.004,0.75,0.35,0.15,1.0,7.0,4.0,12.757929740342455,98.47137092571653,-19.913281232314347,-2.256862508362194,-2.256862508362194,-11.575515299317633,true,0.0,19.913281232314347,-0.22297931715078032,0.22297931715078032,69.39222695008283,-2.689740944907339,66.70248600517549,104.03244482476805,-108.78777080750284,100.0,0.08,0.6,0.27,1.0,false
