gross_delta,delta,iota,kappa,lambda,sigmah,sigmal,mu_b,m,c,p,vb,debt_diff,eq_deriv,eq_deriv_min_val,eq_min_val,eq_negative,eq_vb,abs_debt_diff,debt_per_diff,abs_debt_per_diff,debt,equity,firm_value,leverage,ROE,V0,r,alpha,pi,xi,opt
0.02,0.02,0.0,0.0025,0.5,0.35,0.15,1.0,1.0,6.0,57.47253277959374,79.5583135498547,0.30790637163501344,6.674699821112434e-6,1.4976735132262234e-5,0.0026328252155608427,false,0.0,0.30790637163501344,0.005357452625514687,0.005357452625514687,57.780439151228755,13.527374019771703,71.30781317100046,81.02960472601754,-67.95946298866961,100.0,0.08,0.6,0.27,1.0,false
0.02,0.02,0.0,0.0025,0.5,0.35,0.15,1.0,1.0,6.0,59.2135753048989,82.02290707651574,0.04549067086492187,-1.3054499245782059e-5,-8.693604024379714e-6,0.0015439190586133131,false,0.0,0.04549067086492187,0.0007682473255614798,0.0007682473255614798,59.259065975763825,11.186946934903608,70.44601291066743,84.1198295365704,-72.54126052130111,100.0,0.08,0.6,0.27,1.0,false
0.02,0.02,0.0,0.0025,0.5,0.35,0.15,1.0,1.0,6.0,59.463748207089026,82.37581062555913,-2.4053678315677507e-6,-1.393113253502624e-5,-1.039529640810194e-5,0.0014122521750675474,false,0.0,2.4053678315677507e-6,-8.692667108437533e-7,8.692667108437533e-7,59.46374580172118,10.857454171000445,70.32119997272163,84.56019781344435,-73.21544778683213,100.0,0.08,0.6,0.27,1.0,true
0.02,0.02,0.0,0.0025,0.5,0.35,0.15,1.0,1.0,6.0,60.954617830204064,84.4791650437924,-0.33623058366904246,-1.1714936561716544e-5,-1.202675587196056e-5,0.0017440836986274046,false,0.0,0.33623058366904246,-0.005516080579910296,0.005516080579910296,60.61838724653502,8.932147238608447,69.55053448514347,87.15732768305838,-77.31899073172784,100.0,0.08,0.6,0.27,1.0,false
0.02,0.02,0.0,0.0025,0.5,0.35,0.15,1.0,1.0,6.0,62.695660355509226,86.9441996569768,-0.9212784596842241,-5.948475012580029e-7,-5.948475012580029e-7,0.004735545928405487,false,0.0,0.9212784596842241,-0.014694453403317077,0.014694453403317077,61.774381895825,6.781304722790311,68.55568661861531,90.10832644633021,-82.25979053024219,100.0,0.08,0.6,0.27,1.0,false
0.02,0.02,0.0,0.0025,0.5,0.35,0.15,1.0,1.0,6.0,64.4367028808144,89.40934384071872,-1.7857552337488798,2.591732662286583e-6,2.591732662286583e-6,0.0041943359549274336,false,0.0,1.7857552337488798,-0.027713324144655712,0.027713324144655712,62.650947647065514,4.786948793864273,67.43789644092979,92.90169319255493,-87.1832121773013,100.0,0.08,0.6,0.27,1.0,false
