gross_delta,delta,iota,kappa,lambda,sigmah,sigmal,mu_b,m,c,p,vb,debt_diff,eq_deriv,eq_deriv_min_val,eq_min_val,eq_negative,eq_vb,abs_debt_diff,debt_per_diff,abs_debt_per_diff,debt,equity,firm_value,leverage,ROE,V0,r,alpha,pi,xi,opt
0.02,0.02,0.0,0.0025,0.5,0.35,0.15,1.0,1.0,9.0,61.04803243482243,83.78114868511226,1.1122736423771329,8.792341828135763e-6,8.792341828135763e-6,0.0017926991833289636,false,0.0,1.1122736423771329,0.018219647677665044,0.018219647677665044,62.160306077199564,11.016527545224715,73.17683362242428,84.94533447283675,-70.88631962060701,100.0,0.08,0.6,0.27,1.0,false
0.02,0.02,0.0,0.0025,0.5,0.35,0.15,1.0,1.0,9.0,63.48708588310479,87.40252953201878,-8.649904761903748e-7,0.008042162723263437,0.008042162723263437,0.0028980138747246665,false,0.0,8.649904761903748e-7,0.0013504649995091866,0.0013504649995091866,63.48708501811431,7.836277425527103,71.32336244364141,89.01302861075962,-78.53834066818621,100.0,0.08,0.6,0.27,1.0,false
0.02,0.02,0.0,0.0025,0.5,0.35,0.15,1.0,1.0,9.0,67.03382048731189,92.23616785721447,-2.2241163278563363,-5.483790983223935e-6,-5.483790983223935e-6,0.002395877136587432,false,0.0,2.2241163278563363,-0.03317901787020054,0.03317901787020054,64.80970415945555,3.3120619627308012,68.12176612218634,95.13802687265898,-90.58813833865297,100.0,0.08,0.6,0.27,1.0,false
0.02,0.02,0.0,0.0025,0.5,0.35,0.15,1.0,1.0,9.0,69.02908317147504,95.06161065136885,-4.924817752900623,-2.0104432689963675e-6,-2.0104432689963675e-6,0.006222958391677963,false,0.0,4.924817752900623,-0.07134409913379396,0.07134409913379396,64.10426541857441,1.4456429870361593,65.54990840561058,97.7945919037891,-95.97266080804984,100.0,0.08,0.6,0.27,1.0,false
0.02,0.02,0.0,0.0025,0.5,0.35,0.15,1.0,1.0,9.0,73.01960853980135,100.0,-13.01960615561606,-0.02918734298013329,-0.02918734298013329,-0.002767699625863425,false,0.0,13.01960615561606,-0.1783028752957415,0.1783028752957415,60.000002384185294,0.008414196920892274,60.00841658110619,99.98597830537734,-99.97896450644396,100.0,0.08,0.6,0.27,1.0,false
0.02,0.02,0.0,0.0025,0.5,0.35,0.15,1.0,1.0,9.0,75.0148712239645,100.0,-15.014868839779211,-0.14850936014561353,-0.14850936014561353,-0.06352990564881333,true,0.0,15.014868839779211,-0.20015856315944072,0.20015856315944072,60.000002384185294,0.03220212703999095,60.03220451122529,99.94635857986196,-99.91949467760153,100.0,0.08,0.6,0.27,1.0,false
