gross_delta,delta,iota,kappa,lambda,sigmah,sigmal,mu_b,m,c,p,vb,debt_diff,eq_deriv,eq_deriv_min_val,eq_min_val,eq_negative,eq_vb,abs_debt_diff,debt_per_diff,abs_debt_per_diff,debt,equity,firm_value,leverage,ROE,V0,r,alpha,pi,xi,opt
0.02,0.02,0.0,0.003,0.1,0.225,0.15,1.0,7.0,3.0,15.077393265642353,89.29822128890908,-2.2913459329819545,-0.6358462807102331,-0.6358462807102331,-0.8403774281680207,true,0.0,2.2913459329819545,-0.021710326680212826,0.021710326680212826,103.25040692651451,3.2260723683144863,106.476479294829,96.97015492089889,-199.25133810165354,100.0,0.08,0.6,0.27,1.0,false
0.02,0.02,0.0,0.003,0.1,0.225,0.15,1.0,7.0,3.0,15.367228828145972,88.91913449645362,-2.304583319694885,-0.704095876815302,-0.704095876815302,-1.0055385035030149,true,0.0,2.304583319694885,-0.02142391398017343,0.02142391398017343,105.26601847732692,3.177329775742908,108.44334825306983,97.07005563095663,-160.33647222133843,100.0,0.08,0.6,0.27,1.0,false
0.02,0.02,0.0,0.003,0.1,0.225,0.15,1.0,7.0,3.0,15.612261161365488,88.61873315593715,-2.191970378871638,-0.7576764797503028,-0.7576764797503028,-1.141826864164609,true,0.0,2.191970378871638,-0.020066154473494517,0.020066154473494517,107.09385775068678,3.1432809134234234,110.2371386641102,97.1486189214318,-144.30989489631523,100.0,0.08,0.6,0.27,1.0,false
0.02,0.02,0.0,0.003,0.1,0.225,0.15,1.0,7.0,3.0,15.657064390649591,88.58001230599689,-2.1988044994881477,-0.7664811458373526,-0.7664811458373526,-1.164860563636408,true,0.0,2.1988044994881477,-0.020062185391911427,0.020062185391911427,107.40064623505899,3.1269048729072937,110.52755110796627,97.17092721085186,-142.25178144706132,100.0,0.08,0.6,0.27,1.0,false
0.02,0.02,0.0,0.003,0.1,0.225,0.15,1.0,7.0,3.0,16.23673551565683,88.4196340686728,-2.7539189055219566,-0.8583264104074543,-0.8583264104074543,-1.4180368946135447,true,0.0,2.7539189055219566,-0.024230054503491225,0.024230054503491225,110.90322970407584,2.7139303535920583,113.6171600576679,97.61133762521914,-124.89106830958114,100.0,0.08,0.6,0.27,1.0,false
0.02,0.02,0.0,0.003,0.1,0.225,0.15,1.0,7.0,3.0,16.526571078160448,88.1799444247651,-2.263862400451302,-0.9063892752197481,-0.9063892752197481,-1.5515822828307693,true,0.0,2.263862400451302,-0.019569026921595657,0.019569026921595657,113.42213514667183,2.6667946073050715,116.08892975397691,97.70280024722709,-119.86863176509091,100.0,0.08,0.6,0.27,1.0,false
