gross_delta,delta,iota,kappa,lambda,sigmah,sigmal,V0,r,alpha,pi,xi,mu_b,m,c,p,vb,sg_debt,debt,debt_diff,abs_debt_diff,debt_per_diff,abs_debt_per_diff,eq_vb,eq_min_val,sg_equity,equity,eq_negative,firm_value,leverage,ROE,cvml_vb,cvmh_vb,eq_deriv
0.02,0.019,0.001,0.01,NaN,NaN,0.3,100.0,0.08,0.6,0.27,1.0,1.0,3.0,1.0291779177917793,11.293361818546465,30.44638193995377,33.8799693365818,33.881777700898645,0.001692245259249603,0.001692245259249603,4.9948081195525025e-5,4.9948081195525025e-5,5.684341886080802e-14,NaN,64.54179628893682,64.54179108245167,false,98.4235687833503,34.42445556458039,-2.384261345561167,NaN,NaN,NaN
