gross_delta,delta,iota,kappa,lambda,sigmah,sigmal,mu_b,m,c,p,vb,debt_diff,eq_deriv,eq_deriv_min_val,eq_min_val,eq_negative,eq_vb,abs_debt_diff,debt_per_diff,abs_debt_per_diff,debt,equity,firm_value,leverage,ROE,V0,r,alpha,pi,xi,opt
0.02,0.02,0.0,0.003,0.3,0.25,0.15,1.0,5.0,1.0,11.122499092014465,61.39007480150242,0.3290895317557272,4.563486859995858e-7,4.563486859995858e-7,-0.010847544110756347,true,0.0,0.3290895317557272,0.0059175465699431,0.0059175465699431,55.94158499182805,26.239069811615963,82.18065480344401,68.07147634151445,-40.444816712654905,100.0,0.08,0.6,0.27,1.0,false
0.02,0.02,0.0,0.003,0.3,0.25,0.15,1.0,5.0,1.0,11.351777282991456,62.62016092178626,0.12340692877756254,1.3420870872971058e-7,1.3420870872971058e-7,-0.009214325942068363,true,0.0,0.12340692877756254,0.0021742309719635718,0.0021742309719635718,56.882293343734844,25.13423681439945,82.01653015813429,69.35466939903618,-41.70785330776084,100.0,0.08,0.6,0.27,1.0,false
0.02,0.02,0.0,0.003,0.3,0.25,0.15,1.0,5.0,1.0,11.56495539839729,60.09632071413303,3.0292035212847734e-6,-0.12157114168787941,-0.12157114168787941,-0.046157534847267215,true,0.0,3.0292035212847734e-6,-1.985871540035808e-6,1.985871540035808e-6,57.824780021189966,28.34036402003617,86.16514404122614,67.10924778762444,-32.80328108715229,100.0,0.08,0.6,0.27,1.0,false
0.02,0.02,0.0,0.003,0.3,0.25,0.15,1.0,5.0,1.0,11.58105547396845,59.84894120648352,-0.012538259734860446,-0.13194768144689728,-0.13194768144689728,-0.050637673047601243,true,0.0,0.012538259734860446,-0.00021653051853595852,0.00021653051853595852,57.892739110107385,28.637048445109052,86.52978755521644,66.90498237172353,-31.99023674327137,100.0,0.08,0.6,0.27,1.0,false
0.02,0.02,0.0,0.003,0.3,0.25,0.15,1.0,5.0,1.0,11.810333664945441,55.03317349636193,-0.19389184557427086,-0.37091628164532386,-0.37091628164532386,-0.2926872129582385,true,0.0,0.19389184557427086,-0.003283427057607463,0.003283427057607463,58.85777647915293,35.619826926464015,94.47760340561695,62.29812607170101,-13.422698439195479,100.0,0.08,0.6,0.27,1.0,false
0.02,0.02,0.0,0.003,0.3,0.25,0.15,1.0,5.0,1.0,12.039611855922434,43.12944176885716,0.00779016360200302,-1.201123502257724,-1.201123502257724,-1.4916316177192617,true,0.0,0.00779016360200302,0.00012940888286479006,0.00012940888286479006,60.20584944321417,59.43571915545156,119.64156859866573,50.32184895968139,49.357929052003314,100.0,0.08,0.6,0.27,1.0,false
