gross_delta,delta,iota,kappa,lambda,sigmah,sigmal,mu_b,m,c,p,vb,debt_diff,eq_deriv,eq_deriv_min_val,eq_min_val,eq_negative,eq_vb,abs_debt_diff,debt_per_diff,abs_debt_per_diff,debt,equity,firm_value,leverage,ROE,V0,r,alpha,pi,xi,opt
0.02,0.02,0.0,0.003,0.3,0.25,0.15,1.0,5.0,2.0,13.819162179375832,83.40970497640257,3.954379985316052,0.06192018639153546,0.06192018639153546,0.007068122861719597,false,0.0,3.954379985316052,0.057230386820667,0.057230386820667,73.05019088219521,8.826892112611322,81.87708299480653,89.21933734110775,-67.2469215866182,100.0,0.08,0.6,0.27,1.0,false
0.02,0.02,0.0,0.003,0.3,0.25,0.15,1.0,5.0,2.0,14.505989945137975,88.1308106040971,-5.362556985288869e-5,0.11173404507225448,0.11173404507225448,0.1182400328085979,false,0.0,5.362556985288869e-5,0.001462938843472434,0.001462938843472434,72.52989610011997,4.409312588252564,76.93920868837253,94.26909548015806,-83.94868616324447,100.0,0.08,0.6,0.27,1.0,false
0.02,0.02,0.0,0.003,0.3,0.25,0.15,1.0,5.0,2.0,15.89002058100547,86.01905023365939,-1.9365267841312743,-0.11619000905841555,-0.11619000905841555,-0.05014890626346603,true,0.0,1.9365267841312743,-0.024374125562129853,0.024374125562129853,77.51357612089608,6.0376296573301405,83.55120577822622,92.77373725358783,-73.14988950759414,100.0,0.08,0.6,0.27,1.0,false
0.02,0.02,0.0,0.003,0.3,0.25,0.15,1.0,5.0,2.0,16.304192261331398,84.20518806307854,-1.7128709614575541,-0.21393051625907206,-0.21393051625907206,-0.15228712050833307,true,0.0,1.7128709614575541,-0.021011417603556664,0.021011417603556664,79.80809034519943,7.159893464050031,86.96798380924946,91.76720771203098,-64.54078100360465,100.0,0.08,0.6,0.27,1.0,false
0.02,0.02,0.0,0.003,0.3,0.25,0.15,1.0,5.0,2.0,17.54670730230918,75.36034340904651,-0.6499350157987749,-0.7153876994211057,-0.7153876994211057,-1.0913815248580374,true,0.0,0.6499350157987749,-0.007408056732253602,0.007408056732253602,87.08360149574713,14.961039656234625,102.04464115198175,85.33873068949093,15.829808528348966,100.0,0.08,0.6,0.27,1.0,false
0.02,0.02,0.0,0.003,0.3,0.25,0.15,1.0,5.0,2.0,17.960878982635105,68.21696038587388,-0.21906805493354398,-1.1309635032380965,-1.1309635032380965,-2.040840104958452,true,0.0,0.21906805493354398,-0.002439391247447776,0.002439391247447776,89.58532685824198,24.312545869598893,113.89787272784088,78.65408256772824,133.44511669902386,100.0,0.08,0.6,0.27,1.0,false
