gross_delta,delta,iota,kappa,lambda,sigmah,sigmal,mu_b,m,c,p,vb,debt_diff,eq_deriv,eq_deriv_min_val,eq_min_val,eq_negative,eq_vb,abs_debt_diff,debt_per_diff,abs_debt_per_diff,debt,equity,firm_value,leverage,ROE,V0,r,alpha,pi,xi,opt
0.02,0.02,0.0,0.003,0.3,0.25,0.15,1.0,5.0,10.0,14.585178254667573,100.0,-12.925888889152361,-0.7147193405339297,-0.7147193405339297,-0.7665889227153475,true,0.0,12.925888889152361,-0.177246910026839,0.177246910026839,60.00000238418551,0.11759488142906836,60.11759726561458,99.80439191388587,-99.70601277890432,100.0,0.08,0.6,0.27,1.0,false
0.02,0.02,0.0,0.003,0.3,0.25,0.15,1.0,5.0,10.0,17.306799100962728,99.41512672858654,-20.797811403179452,-1.2986200612862597,-1.2986200612862597,-2.2640836134163953,true,0.0,20.797811403179452,-0.2403426685876596,0.2403426685876596,65.7361841016342,-0.5093212602732626,65.22686284136093,100.78084586332474,-101.48646975510265,100.0,0.08,0.6,0.27,1.0,false
0.02,0.02,0.0,0.003,0.3,0.25,0.15,1.0,5.0,10.0,18.91459092086302,96.17203831088761,0.00017285423673696343,-0.9637617544201353,-0.9715905298055236,-1.7531251161873904,true,0.0,0.00017285423673696343,-0.04238244194732226,0.04238244194732226,94.57312745855181,3.068807826315458,97.64193528486727,96.85708008821997,-43.45163254015674,100.0,0.08,0.6,0.27,1.0,false
0.02,0.02,0.0,0.003,0.3,0.25,0.15,1.0,5.0,10.0,22.750040793553037,93.93459714366047,4.266345399052412,1.0912192730026374e-6,1.0912192730026374e-6,0.006047041193575551,false,0.0,4.266345399052412,0.03750626592512677,0.03750626592512677,118.0165493668176,5.131475274386043,123.14802464120365,95.83308356805821,-128.48200934545798,100.0,0.08,0.6,0.27,1.0,false
0.02,0.02,0.0,0.003,0.3,0.25,0.15,1.0,5.0,10.0,23.8386891320711,96.08022456324642,-17.87552557852561,0.05602526567977167,0.05602526567977167,0.015795390120141636,false,0.0,17.87552557852561,-0.14997070920713493,0.14997070920713493,101.31792008182988,2.5458650857454126,103.8637851675753,97.5488423788543,-293.1729488642874,100.0,0.08,0.6,0.27,1.0,false
0.02,0.02,0.0,0.003,0.3,0.25,0.15,1.0,5.0,10.0,24.38301330133013,95.37626094175069,-13.58198153498681,0.20827177029314,0.17634938377008388,0.041575977528316,false,0.0,13.58198153498681,-0.11140527519825363,0.11140527519825363,108.33308497166384,4.056284525207515,112.38936949687135,96.39086459567652,-148.6768650385862,100.0,0.08,0.6,0.27,1.0,false
