gross_delta,delta,iota,kappa,lambda,sigmah,sigmal,mu_b,m,c,p,vb,debt_diff,eq_deriv,eq_deriv_min_val,eq_min_val,eq_negative,eq_vb,abs_debt_diff,debt_per_diff,abs_debt_per_diff,debt,equity,firm_value,leverage,ROE,V0,r,alpha,pi,xi,opt
0.02,0.02,0.0,0.003,0.3,0.25,0.15,1.0,5.0,3.0,18.81002179165285,87.01971467822591,-3.424967982925054,-0.6228055488730018,-0.6228055488730018,-0.9099271870920035,true,0.0,3.424967982925054,-0.03641641695965414,0.03641641695965414,90.62514097533919,3.9174331274965497,94.54257410283574,95.85643487638121,-58.213418279766756,100.0,0.08,0.6,0.27,1.0,false
0.02,0.02,0.0,0.003,0.3,0.25,0.15,1.0,5.0,3.0,19.386785068523384,80.18409256357158,6.133373643483781e-5,-0.9705656518622604,-0.9705656518622604,-1.761872465841277,true,0.0,6.133373643483781e-5,-0.0012659675152902135,0.0012659675152902135,96.9339866763532,10.975712978517493,107.90969965487069,89.82879851058682,257.9799505066299,100.0,0.08,0.6,0.27,1.0,false
0.02,0.02,0.0,0.003,0.3,0.25,0.15,1.0,5.0,3.0,21.009958890625903,71.65157670880278,1.89066184119784,-1.216462140299474,-1.216462140299474,-1.9953285637490663,true,0.0,1.89066184119784,0.017997768115970984,0.017997768115970984,106.94045629432736,21.610888372271496,128.55134466659885,83.18890523602077,-411.375613588039,100.0,0.08,0.6,0.27,1.0,false
0.02,0.02,0.0,0.003,0.3,0.25,0.15,1.0,5.0,3.0,21.449946310420515,70.39163937214636,1.6842408474352055,-1.191121808998412,-1.191121808998412,-1.800925443125392,true,0.0,1.6842408474352055,0.015703916672434662,0.015703916672434662,108.93397239953778,24.164545535886628,133.0985179354244,81.8446171221752,-370.4792947103445,100.0,0.08,0.6,0.27,1.0,false
0.02,0.02,0.0,0.003,0.3,0.25,0.15,1.0,5.0,3.0,22.32992115000974,68.30254242701109,1.5908092216242835,-1.148335606588279,-1.148335606588279,-1.5021257739513245,true,0.0,1.5908092216242835,0.014248229637152925,0.014248229637152925,113.24041497167298,29.02381050581268,142.26422547748567,79.59865847622675,-319.2061998653915,100.0,0.08,0.6,0.27,1.0,false
0.02,0.02,0.0,0.003,0.3,0.25,0.15,1.0,5.0,3.0,22.76990856980435,68.774038712863,1.487830049273498,-1.1588648713799512,-1.1588648713799512,-1.5259273211998166,true,0.0,1.487830049273498,0.013068388436539796,0.013068388436539796,115.33737289829526,28.471664220643127,143.8090371189384,80.20175589028148,-285.6358609094504,100.0,0.08,0.6,0.27,1.0,false
