gross_delta,delta,iota,kappa,lambda,sigmah,sigmal,mu_b,m,c,p,vb,debt_diff,eq_deriv,eq_deriv_min_val,eq_min_val,eq_negative,eq_vb,abs_debt_diff,debt_per_diff,abs_debt_per_diff,debt,equity,firm_value,leverage,ROE,V0,r,alpha,pi,xi,opt
0.02,0.02,0.0,0.003,0.2,0.3,0.15,1.0,1.0,5.0,54.31428932366921,61.15486504522633,0.2387597282922016,4.0852737859253807e-16,0.010696435878230885,0.034677737464558496,false,-5.605224733657021e-7,0.2387597282922016,0.004395891601736457,0.004395891601736457,54.55304905196141,49.88246496559646,104.43551401755786,52.23610911015372,9.759761491214626,100.0,0.08,0.6,0.27,1.0,false
0.02,0.02,0.0,0.003,0.2,0.3,0.15,1.0,1.0,5.0,55.55362509935204,62.61058158371486,0.18898964965605813,-9.80118763926896e-17,0.010528556634377767,0.03486268556476077,false,-1.417854027705716e-7,0.18898964965605813,0.0034019319048589403,0.0034019319048589403,55.7426147490081,48.075137967547896,103.81775271655599,53.69275802106506,8.626250048223149,100.0,0.08,0.6,0.27,1.0,false
0.02,0.02,0.0,0.003,0.2,0.3,0.15,1.0,1.0,5.0,56.79296087503487,64.06667721442146,0.14105117589842564,-6.175615574477433e-16,0.01029747867459319,0.03547617960741474,false,-9.274156578752543e-7,0.14105117589842564,0.002483603138931063,0.002483603138931063,56.9340120509333,46.23278406209777,103.16679611303107,55.186372162372436,7.353357635209434,100.0,0.08,0.6,0.27,1.0,false
0.02,0.02,0.0,0.003,0.2,0.3,0.15,1.0,1.0,5.0,58.032296650717704,65.52258708237997,0.08973129658205181,6.375108774214766e-16,0.008291711835366648,0.03556222332386861,false,-1.0227580294587684e-6,0.08973129658205181,0.0015462303193361912,0.0015462303193361912,58.122027947299756,44.35164209708064,102.4736700443804,56.71898734780129,5.906852512503402,100.0,0.08,0.6,0.27,1.0,false
0.02,0.02,0.0,0.003,0.2,0.3,0.15,1.0,1.0,5.0,59.27163242640054,66.97871821566001,0.03127134854798186,4.85722573273506e-16,0.0005474002168082345,0.016651156381649945,false,2.9495291190405726e-6,0.03127134854798186,0.0005275938466316494,0.0005275938466316494,59.30290377494852,42.428106053562104,101.73100982851062,58.293831816784525,4.253398863983526,100.0,0.08,0.6,0.27,1.0,true
