gross_delta,delta,iota,kappa,lambda,sigmah,sigmal,V0,r,alpha,pi,xi,mu_b,m,c,p,vb,sg_debt,debt,debt_diff,abs_debt_diff,debt_per_diff,abs_debt_per_diff,eq_vb,eq_min_val,sg_equity,equity,eq_negative,firm_value,leverage,ROE,cvml_vb,cvmh_vb,eq_deriv
0.02,0.0185,0.0015,0.0025,NaN,NaN,0.25,100.0,0.08,0.6,0.27,1.0,1.0,1.0,2.833783378337834,34.34572400488138,38.28235119873108,34.34574935478149,34.34576426141124,4.025652985717443e-5,4.025652985717443e-5,1.1720972849910799e-6,1.1720972849910799e-6,1.0587086762825493e-12,NaN,63.92562476970498,63.92552857943618,false,98.27129284084742,34.94994648847754,-2.633047418350376,NaN,NaN,NaN
