gross_delta,delta,iota,kappa,lambda,sigmah,sigmal,mu_b,m,c,p,vb,debt_diff,eq_deriv,eq_deriv_min_val,eq_min_val,eq_negative,eq_vb,abs_debt_diff,debt_per_diff,abs_debt_per_diff,debt,equity,firm_value,leverage,ROE,V0,r,alpha,pi,xi,opt
0.02,0.02,0.0,0.0025,0.5,0.3,0.15,1.0,7.0,5.0,10.080421200014738,99.23626291214153,-5.181959975796715,-2.756477573275143,-2.756477573275143,-15.51519227056342,true,0.0,5.181959975796715,-0.07343740721283606,0.07343740721283606,65.38098842430645,-1.5218473268997463,63.859141097406706,102.3831315309713,-104.39598722676489,100.0,0.08,0.6,0.27,1.0,false
0.02,0.02,0.0,0.0025,0.5,0.3,0.15,1.0,7.0,5.0,10.714810954779688,99.27531681874373,-9.733237800825492,-2.843917275963011,-2.843917275963011,-16.07433324531764,true,0.0,9.733237800825492,-0.12977014236119674,0.12977014236119674,65.27043888263232,-1.4672795357926691,63.80315934683965,102.29969730466857,-104.22487209335596,100.0,0.08,0.6,0.27,1.0,false
0.02,0.02,0.0,0.0025,0.5,0.3,0.15,1.0,7.0,5.0,11.349200709544638,66.4038217330911,10.815049985592395,-2.8885227318724755,-2.8885227318724755,-10.474235644293111,true,0.0,10.815049985592395,0.13613356396980167,0.13613356396980167,90.25945495240487,5.26378428608404,95.52323923848891,94.48952492812542,-45.96006424318495,100.0,0.08,0.6,0.27,1.0,false
0.02,0.02,0.0,0.0025,0.5,0.3,0.15,1.0,7.0,5.0,12.394571288947214,81.91244255145138,0.00021165128842781655,-3.1478240439497047,-3.1478240439497047,-14.822068158836448,true,0.0,0.00021165128842781655,0.01050569244868485,0.01050569244868485,86.76221067391893,-1.5186050941437592,85.24360557977516,101.78148857479118,-111.4717424241811,100.0,0.08,0.6,0.27,1.0,false
0.02,0.02,0.0,0.0025,0.5,0.3,0.15,1.0,7.0,5.0,12.935175096457014,97.64786262187356,-12.515596254350712,-3.2716546757506517,-3.2716546757506517,-18.41678558394807,true,0.0,12.515596254350712,-0.1382232794467409,0.1382232794467409,78.03062942084838,-6.1130374335459665,71.91759198730242,108.50005855955978,-127.82527342566239,100.0,0.08,0.6,0.27,1.0,false
0.02,0.02,0.0,0.0025,0.5,0.3,0.15,1.0,7.0,5.0,13.252369973839489,97.72589627941274,-15.052595773921468,-3.3024486923798264,-3.3024486923798264,-18.654592234217375,true,0.0,15.052595773921468,-0.16226311437809313,0.16226311437809313,77.71399404295495,-5.978322803933189,71.73567123902177,108.33382151539857,-126.82545636690598,100.0,0.08,0.6,0.27,1.0,false
