gross_delta,delta,iota,kappa,lambda,sigmah,sigmal,mu_b,m,c,p,vb,debt_diff,eq_deriv,eq_deriv_min_val,eq_min_val,eq_negative,eq_vb,abs_debt_diff,debt_per_diff,abs_debt_per_diff,debt,equity,firm_value,leverage,ROE,V0,r,alpha,pi,xi,opt
0.02,0.02,0.0,0.0025,0.5,0.3,0.15,1.0,7.0,2.0,10.196769676967696,95.73413941532387,-2.944546081022537,-0.836752984056686,-0.836752984056686,-3.317628361084268,true,0.0,2.944546081022537,-0.041253206012511305,0.041253206012511305,68.43284165775134,-2.3884433143360435,66.0443983434153,103.6164207324847,-107.56622844679502,100.0,0.08,0.6,0.27,1.0,false
0.02,0.02,0.0,0.0025,0.5,0.3,0.15,1.0,7.0,2.0,10.582055383536447,91.97277199095112,1.253962566070358e-6,-0.9880595850238258,-0.9880595850238258,-3.932130942083877,true,0.0,1.253962566070358e-6,-0.0022377235875379597,0.0022377235875379597,74.0743889387177,-3.501630021279263,70.57275891743843,104.96173038293111,-113.50645125780142,100.0,0.08,0.6,0.27,1.0,false
0.02,0.02,0.0,0.0025,0.5,0.3,0.15,1.0,7.0,2.0,11.212647580547527,91.29568083486356,-1.1058123931874349,-1.0699912241911462,-1.0699912241911462,-4.330083070970717,true,0.0,1.1058123931874349,-0.014088840114875205,0.014088840114875205,77.38272067064526,-4.246605541976944,73.13611512866831,105.80644122880454,-118.77593445320065,100.0,0.08,0.6,0.27,1.0,false
0.02,0.02,0.0,0.0025,0.5,0.3,0.15,1.0,7.0,2.0,11.55127354840747,90.3951020435894,-1.7183606852873652,-1.1361794468033664,-1.1361794468033664,-4.617911949887647,true,0.0,1.7183606852873652,-0.021251344872881,0.021251344872881,79.14055415356493,-4.593901095466505,74.54665305809843,106.16245117253784,-122.02312146394634,100.0,0.08,0.6,0.27,1.0,false
0.02,0.02,0.0,0.0025,0.5,0.3,0.15,1.0,7.0,2.0,11.889899516267414,87.44364291346793,-0.932915825827223,-1.2744509373883444,-1.2744509373883444,-5.157260282735522,true,0.0,0.932915825827223,-0.01120898366058921,0.01120898366058921,82.29638078804467,-5.0492281181763845,77.24715266986829,106.53645855369622,-128.5208807178061,100.0,0.08,0.6,0.27,1.0,false
0.02,0.02,0.0,0.0025,0.5,0.3,0.15,1.0,7.0,2.0,12.228525484127358,83.59162380034824,-0.290364982538037,-1.4625508698518748,-1.4625508698518748,-5.848226612308267,true,0.0,0.290364982538037,-0.0033921270266795583,0.0033921270266795583,85.30931340635347,-4.9151893377646445,80.39412406858882,106.1138663984587,-133.45785989260963,100.0,0.08,0.6,0.27,1.0,false
