gross_delta,delta,iota,kappa,lambda,sigmah,sigmal,mu_b,m,c,p,vb,debt_diff,eq_deriv,eq_deriv_min_val,eq_min_val,eq_negative,eq_vb,abs_debt_diff,debt_per_diff,abs_debt_per_diff,debt,equity,firm_value,leverage,ROE,V0,r,alpha,pi,xi,opt
0.02,0.02,0.0,0.0025,0.5,0.3,0.15,1.0,7.0,7.0,9.374587458745873,100.0,-5.622109827035288,-4.046220462353798,-4.046220462353798,-23.82997642726114,true,0.0,5.622109827035288,-0.085674015017059,0.085674015017059,60.00000238418582,0.8352669864952293,60.83526937068105,98.62700207439572,-97.91183240929743,100.0,0.08,0.6,0.27,1.0,false
0.02,0.02,0.0,0.0025,0.5,0.3,0.15,1.0,7.0,7.0,10.03130313031303,100.0,-10.219119528005379,-4.097295582832751,-4.097295582832751,-24.299129949007426,true,0.0,10.219119528005379,-0.14553186154598113,0.14553186154598113,60.00000238418582,0.8458511598003003,60.84585354398612,98.60984584727895,-97.8853719744576,100.0,0.08,0.6,0.27,1.0,false
0.02,0.02,0.0,0.0025,0.5,0.3,0.15,1.0,7.0,7.0,10.808107030465242,98.40050540261677,0.00019133789830338976,-4.024890849720237,-4.024890849720237,-24.350833422370677,true,0.0,0.00019133789830338976,-0.012679743475586832,0.012679743475586832,75.65694055115496,-4.059880887574333,71.59705966358062,105.67045756718343,-116.67777584040265,100.0,0.08,0.6,0.27,1.0,false
0.02,0.02,0.0,0.0025,0.5,0.3,0.15,1.0,7.0,7.0,12.0014501450145,95.78887527560715,17.63697263149004,-3.7635006355152893,-3.7635006355152893,-23.40871559308933,true,0.0,17.63697263149004,0.20993858978208063,0.20993858978208063,101.64712364659154,-11.423051934523162,90.22407171206838,112.66075861769738,593.5151443039118,100.0,0.08,0.6,0.27,1.0,false
0.02,0.02,0.0,0.0025,0.5,0.3,0.15,1.0,7.0,7.0,12.658165816581656,95.54834620952848,16.027786532006857,-3.6050045534315402,-3.6050045534315402,-22.416883977767448,true,0.0,16.027786532006857,0.18088590586223052,0.18088590586223052,104.63494724807845,-11.291561400266607,93.34338584781185,112.09679860839469,143.6179053590708,100.0,0.08,0.6,0.27,1.0,false
0.02,0.02,0.0,0.0025,0.5,0.3,0.15,1.0,7.0,7.0,12.986523652365234,95.48882484950049,14.717442870638521,-3.529695552772546,-3.529695552772546,-21.853314447075547,true,0.0,14.717442870638521,0.16189797169311892,0.16189797169311892,105.62310843719516,-11.097856068606394,94.52525236858877,111.74062569580005,97.36158732414695,100.0,0.08,0.6,0.27,1.0,false
