gross_delta,delta,iota,kappa,lambda,sigmah,sigmal,mu_b,m,c,p,vb,debt_diff,eq_deriv,eq_deriv_min_val,eq_min_val,eq_negative,eq_vb,abs_debt_diff,debt_per_diff,abs_debt_per_diff,debt,equity,firm_value,leverage,ROE,V0,r,alpha,pi,xi,opt
0.02,0.02,0.0,0.0025,0.5,0.3,0.15,1.0,7.0,8.0,8.534615303635627,95.81610779526555,43.128987447554984,-4.4277801720910395,-4.4277801720910395,-26.97974550550129,true,0.0,43.128987447554984,0.7219170052638063,0.7219170052638063,102.87129457300438,-13.568103281983777,89.3031912910206,115.19330170157988,372.5430615705445,100.0,0.08,0.6,0.27,1.0,false
0.02,0.02,0.0,0.0025,0.5,0.3,0.15,1.0,7.0,8.0,9.897709507792884,96.57098213257709,28.26594593716939,-4.108412023188935,-4.108412023188935,-26.098476466558775,true,0.0,28.26594593716939,0.4079723974076227,0.4079723974076227,97.54991249171958,-10.612396207692806,86.93751628402677,112.20692361744253,-533.1435580087121,100.0,0.08,0.6,0.27,1.0,false
0.02,0.02,0.0,0.0025,0.5,0.3,0.15,1.0,7.0,8.0,12.283124365068085,96.7216554818468,12.663863457864139,-3.5016864006683663,-3.5016864006683663,-21.99355779624868,true,0.0,12.663863457864139,0.14728527509404735,0.14728527509404735,98.64573401334073,-8.43289133682858,90.21284267651215,109.34777254172943,-722.690920387877,100.0,0.08,0.6,0.27,1.0,false
0.02,0.02,0.0,0.0025,0.5,0.3,0.15,1.0,7.0,8.0,12.623897916107401,96.58872208566109,12.058217113878328,-3.41559328883665,-3.41559328883665,-21.183789227924958,true,0.0,12.058217113878328,0.13645566973746,0.13645566973746,100.42550252663014,-8.445361162606751,91.98014136402338,109.18172231240997,1884.796948091384,100.0,0.08,0.6,0.27,1.0,false
0.02,0.02,0.0,0.0025,0.5,0.3,0.15,1.0,7.0,8.0,12.964671467146715,96.54001892217904,10.573326070406779,-3.3373574545712312,-3.3373574545712312,-20.424327798484384,true,0.0,10.573326070406779,0.11650701344364123,0.11650701344364123,101.32602634043378,-8.297707021869561,93.02831931856423,108.91954953357275,525.7573299151147,100.0,0.08,0.6,0.27,1.0,false
0.02,0.02,0.0,0.0025,0.5,0.3,0.15,1.0,7.0,8.0,12.964671467146715,96.54001892217904,10.573326070406779,-3.3373574545712312,-3.3373574545712312,-20.424327798484384,true,0.0,10.573326070406779,0.11650701344364123,0.11650701344364123,101.32602634043378,-8.297707021869561,93.02831931856423,108.91954953357275,525.7573299151147,100.0,0.08,0.6,0.27,1.0,false
