gross_delta,delta,iota,kappa,lambda,sigmah,sigmal,mu_b,m,c,p,vb,debt_diff,eq_deriv,eq_deriv_min_val,eq_min_val,eq_negative,eq_vb,abs_debt_diff,debt_per_diff,abs_debt_per_diff,debt,equity,firm_value,leverage,ROE,V0,r,alpha,pi,xi,opt
0.02,0.02,0.0,0.0025,0.5,0.3,0.15,1.0,7.0,3.0,12.34270400724283,93.7898664535106,-2.0216296811764494,-1.8651849986703064,-1.8651849986703064,-9.139798191024722,true,0.0,2.0216296811764494,-0.023398781984773416,0.023398781984773416,84.37729836952336,-7.136759369113658,77.2405390004097,109.23965505869373,-145.68197958278435,100.0,0.08,0.6,0.27,1.0,false
0.02,0.02,0.0,0.0025,0.5,0.3,0.15,1.0,7.0,3.0,12.992976929271874,89.83445016670628,-1.01766322661706,-2.129925902020983,-2.129925902020983,-10.262261612301307,true,0.0,1.01766322661706,-0.011189157168267318,0.011189157168267318,89.93317527828606,-9.922499290363117,80.01067598792294,112.4014691387695,-198.56632617195055,100.0,0.08,0.6,0.27,1.0,false
0.02,0.02,0.0,0.0025,0.5,0.3,0.15,1.0,7.0,3.0,13.64324985130092,82.2434634775314,-0.5149319623398441,-2.654669335309195,-2.654669335309195,-12.169798282031058,true,0.0,0.5149319623398441,-0.005391802518274464,0.005391802518274464,94.9878169967666,-11.015951599154016,83.97186539761258,113.11862198963037,-319.783507346949,100.0,0.08,0.6,0.27,1.0,false
0.02,0.02,0.0,0.0025,0.5,0.3,0.15,1.0,7.0,3.0,16.569478000431623,72.41094605629151,-0.7388830005217386,-2.5007280670097547,-2.5007280670097547,-9.091624650310843,true,0.0,0.7388830005217386,-0.006370430882463451,0.006370430882463451,115.24746300249963,-2.2916535833560228,112.9558094191436,102.02880541969508,-84.97026303339555,100.0,0.08,0.6,0.27,1.0,false
0.02,0.02,0.0,0.0025,0.5,0.3,0.15,1.0,7.0,3.0,16.71986487161338,71.52461608242957,-0.00012043328570199296,-2.4752212079177296,-2.4752212079177296,-8.611840115606045,true,0.0,0.00012043328570199296,-7.787348172618325e-5,7.787348172618325e-5,117.03893366800794,-0.8253102502494568,116.21362341775848,100.71016652435203,-95.15632687860598,100.0,0.08,0.6,0.27,1.0,false
0.02,0.02,0.0,0.0025,0.5,0.3,0.15,1.0,7.0,3.0,16.894614461446146,70.25670418179845,1.048658634466321,-2.456131226523779,-2.456131226523779,-8.044309944109415,true,0.0,1.048658634466321,0.008867226694885362,0.008867226694885362,119.31095986458935,1.0539348720830892,120.36489473667244,99.12438350534943,-105.45770318758572,100.0,0.08,0.6,0.27,1.0,false
