gross_delta,delta,iota,kappa,lambda,sigmah,sigmal,mu_b,m,c,p,vb,debt_diff,eq_deriv,eq_deriv_min_val,eq_min_val,eq_negative,eq_vb,abs_debt_diff,debt_per_diff,abs_debt_per_diff,debt,equity,firm_value,leverage,ROE,V0,r,alpha,pi,xi,opt
0.02,0.02,0.0,0.005,0.75,0.3,0.15,1.0,3.0,9.0,30.766308209768344,91.21193104058273,-0.9783460269850934,-1.2330117798432418,-1.2330117798432418,-2.262913920404284,true,0.0,0.9783460269850934,-0.010599755424176061,0.010599755424176061,91.32057860231994,-0.6169427523730322,90.7036358499469,100.68017422520268,-107.10810921725653,100.0,0.08,0.6,0.27,1.0,false
0.02,0.02,0.0,0.005,0.75,0.3,0.15,1.0,3.0,9.0,31.621741121480564,88.92158980007297,-0.9558845400934501,-1.553041289742303,-1.553041289742303,-3.190049973942164,true,0.0,0.9558845400934501,-0.010076237700102693,0.010076237700102693,93.90933882434824,-0.14644784220594165,93.7628909821423,100.15618955502752,-102.40446542637089,100.0,0.08,0.6,0.27,1.0,false
0.02,0.02,0.0,0.005,0.75,0.3,0.15,1.0,3.0,9.0,31.92680010271608,87.21520027429443,-2.7578772740177726e-5,-1.6126245180398366,-1.6126245180398366,-3.3455511735028396,true,0.0,2.7578772740177726e-5,-0.0001037565674418357,0.0001037565674418357,95.78037272937549,1.1764391270685732,96.95681185644406,98.78663592114556,-72.1198330653869,100.0,0.08,0.6,0.27,1.0,false
0.02,0.02,0.0,0.005,0.75,0.3,0.15,1.0,3.0,9.0,32.47717403319279,84.72079126681794,1.6671594070252667,-1.630906179839882,-1.630906179839882,-3.3616266246996744,true,0.0,1.6671594070252667,0.017111088599451135,0.017111088599451135,99.09868150660363,3.3404311665027238,102.43911267310635,96.73910571915789,270.6160686790321,100.0,0.08,0.6,0.27,1.0,false
0.02,0.02,0.0,0.005,0.75,0.3,0.15,1.0,3.0,9.0,33.33260694490501,84.59137127547494,2.3188988250732336,-1.4646848323382284,-1.4646848323382284,-2.8376486809729102,true,0.0,2.3188988250732336,0.02318949358812637,0.02318949358812637,102.31671965978826,3.6890695126651423,106.0057891724534,96.51993580589863,-259.23676812076206,100.0,0.08,0.6,0.27,1.0,false
0.02,0.02,0.0,0.005,0.75,0.3,0.15,1.0,3.0,9.0,34.18803985661724,85.48023732479277,2.7198315371468027,-1.3558425588118315,-1.3558425588118315,-2.506974696930817,true,0.0,2.7198315371468027,0.026518353090277835,0.026518353090277835,105.28395110699852,2.931546318692079,108.2154974256906,97.29101063301482,-155.48019388009266,100.0,0.08,0.6,0.27,1.0,false
