gross_delta,delta,iota,kappa,lambda,sigmah,sigmal,mu_b,m,c,p,vb,debt_diff,eq_deriv,eq_deriv_min_val,eq_min_val,eq_negative,eq_vb,abs_debt_diff,debt_per_diff,abs_debt_per_diff,debt,equity,firm_value,leverage,ROE,V0,r,alpha,pi,xi,opt
0.02,0.02,0.0,0.001,0.3,0.25,0.15,1.0,10.0,4.0,5.924633252798964,100.0,0.7536698561958701,-3.6260992459984966,-3.6260992459984966,-22.34240171686878,true,0.0,0.7536698561958701,0.012720953754222934,0.012720953754222934,60.00000238418551,0.5908392737906507,60.590841657976156,99.02487033085656,-98.52290172748147,100.0,0.08,0.6,0.27,1.0,false
0.02,0.02,0.0,0.001,0.3,0.25,0.15,1.0,10.0,4.0,6.00000514231565,100.00000000000001,-4.9038970991774344e-5,-3.638031517952333,-3.638031517952333,-22.427601958306536,true,0.0,4.9038970991774344e-5,-2.5133024798783244e-7,2.5133024798783244e-7,60.00000238418553,0.6009402755400037,60.60094265972553,99.00836480561979,-98.49764922160291,100.0,0.08,0.6,0.27,1.0,false
0.02,0.02,0.0,0.001,0.3,0.25,0.15,1.0,10.0,4.0,6.056285891747069,100.0,-0.5628565332851849,-3.646786759503048,-3.646786759503048,-22.48949103075647,true,0.0,0.5628565332851849,-0.009293757648597672,0.009293757648597672,60.00000238418551,0.6063213375604877,60.606323721745994,98.99957413628286,-98.48419656574987,100.0,0.08,0.6,0.27,1.0,false
0.02,0.02,0.0,0.001,0.3,0.25,0.15,1.0,10.0,4.0,6.451243808591385,100.0,-4.512435701728336,-3.7069895804664577,-3.7069895804664577,-22.90302872215519,true,0.0,4.512435701728336,-0.06994675500744432,0.06994675500744432,60.00000238418551,0.6163241421662267,60.616326526351735,98.98323739248981,-98.45918955274499,100.0,0.08,0.6,0.27,1.0,false
0.02,0.02,0.0,0.001,0.3,0.25,0.15,1.0,10.0,4.0,6.846201725435701,100.0,-8.462014870171501,-3.7654015884682743,-3.7654015884682743,-23.315011533647695,true,0.0,8.462014870171501,-0.12360159997524713,0.12360159997524713,60.00000238418551,0.626030839257957,60.626033223443464,98.96738941017193,-98.43492280856924,100.0,0.08,0.6,0.27,1.0,false
0.02,0.02,0.0,0.001,0.3,0.25,0.15,1.0,10.0,4.0,7.241159642280016,100.0,-12.411594038614652,-3.798774095203938,-3.798774095203938,-23.6884203506068,true,0.0,12.411594038614652,-0.1714034029321114,0.1714034029321114,60.00000238418551,0.6315928411128108,60.63159522529832,98.95831069796877,-98.42101780310331,100.0,0.08,0.6,0.27,1.0,false
