gross_delta,delta,iota,kappa,lambda,sigmah,sigmal,mu_b,m,c,p,vb,debt_diff,eq_deriv,eq_deriv_min_val,eq_min_val,eq_negative,eq_vb,abs_debt_diff,debt_per_diff,abs_debt_per_diff,debt,equity,firm_value,leverage,ROE,V0,r,alpha,pi,xi,opt
0.02,0.02,0.0,0.001,0.3,0.35,0.15,1.0,3.0,1.0,11.830643590674855,46.46306766687933,0.13224983351167907,-0.021301108158736624,-0.021301108158736624,-0.001406844237753048,false,0.0,0.13224983351167907,0.003726194395034743,0.003726194395034743,35.624180605536246,32.60333769518964,68.22751830072588,52.213800960069854,-49.3546831685167,100.0,0.08,0.6,0.27,1.0,false
0.02,0.02,0.0,0.001,0.3,0.35,0.15,1.0,3.0,1.0,12.045716413746636,47.27424865165983,0.06492234185792967,-0.022557342312723022,-0.022557342312723022,-0.0016586817654561956,false,0.0,0.06492234185792967,0.0017965540509166655,0.0017965540509166655,36.20207158309784,31.91774025665896,68.1198118397568,53.144702848355784,-49.970569501747484,100.0,0.08,0.6,0.27,1.0,false
0.02,0.02,0.0,0.001,0.3,0.35,0.15,1.0,3.0,1.0,12.239535527905375,48.30192851268418,4.0005502306705853e-8,-0.006604999991267957,-0.006604999991267957,0.010997888579318896,false,0.0,4.0005502306705853e-8,7.511691976109798e-7,7.511691976109798e-7,36.71860662372163,30.863079275582688,67.58168589930432,54.33218502188861,-51.22882473199144,100.0,0.08,0.6,0.27,1.0,false
0.02,0.02,0.0,0.001,0.3,0.35,0.15,1.0,3.0,1.0,12.260789236818418,48.08492601860376,-0.005387334476374406,-0.023786086806296458,-0.023786086806296458,-0.0019066018204132332,false,0.0,0.005387334476374406,-0.00014646513565365384,0.00014646513565365384,36.77698037597888,31.218659359331944,67.99563973531082,54.08726282911965,-50.62137249219485,100.0,0.08,0.6,0.27,1.0,false
0.02,0.02,0.0,0.001,0.3,0.35,0.15,1.0,3.0,1.0,12.475862059890199,42.864813671667754,-0.04383495075988719,-0.3704808950442915,-0.3704808950442915,-0.2640036418554515,true,0.0,0.04383495075988719,-0.0011711936364118736,0.0011711936364118736,37.38375122891071,39.12299788750511,76.50674911641582,48.86333775864147,-37.519416037632894,100.0,0.08,0.6,0.27,1.0,false
0.02,0.02,0.0,0.001,0.3,0.35,0.15,1.0,3.0,1.0,12.69093488296198,43.5757485410808,-0.11625378067209624,-0.37170177196673926,-0.37170177196673926,-0.27143097451831105,true,0.0,0.11625378067209624,-0.003053459857875167,0.003053459857875167,37.95655086821384,38.433370204696786,76.38992107291062,49.687904287773875,-38.05410443403836,100.0,0.08,0.6,0.27,1.0,false
