gross_delta,delta,iota,kappa,lambda,sigmah,sigmal,mu_b,m,c,p,vb,debt_diff,eq_deriv,eq_deriv_min_val,eq_min_val,eq_negative,eq_vb,abs_debt_diff,debt_per_diff,abs_debt_per_diff,debt,equity,firm_value,leverage,ROE,V0,r,alpha,pi,xi,opt
0.02,0.02,0.0,0.001,0.3,0.35,0.15,1.0,3.0,11.0,26.78007406003758,98.15110408833472,-11.416384820617509,-0.38565626285548366,-0.38565626285548366,-0.2744695038942104,true,0.0,11.416384820617509,-0.14210048853267296,0.14210048853267296,68.92383735949524,-0.27153821168008774,68.65229914781516,100.39552675591452,-100.87378295326002,100.0,0.08,0.6,0.27,1.0,false
0.02,0.02,0.0,0.001,0.3,0.35,0.15,1.0,3.0,11.0,27.784585037451112,98.2207399774652,-14.366449373649473,-0.5088667651956741,-0.5088667651956741,-0.46060072708070326,true,0.0,14.366449373649473,-0.17235515489715844,0.17235515489715844,68.98730573870387,-0.4483185053951467,68.53898723330872,100.6541072803849,-101.44559676633658,100.0,0.08,0.6,0.27,1.0,false
0.02,0.02,0.0,0.001,0.3,0.35,0.15,1.0,3.0,11.0,30.798117969691702,95.28901976393361,-8.052424596635461,-1.0450023602733571,-1.0450023602733571,-1.6173712964528082,true,0.0,8.052424596635461,-0.0871527778045812,0.0871527778045812,84.34192931243965,-1.474244620696477,82.86768469174316,101.77903440428011,-109.41523799523844,100.0,0.08,0.6,0.27,1.0,false
0.02,0.02,0.0,0.001,0.3,0.35,0.15,1.0,3.0,11.0,32.807139924518765,94.27593977529654,-7.652826790655837,-1.4448526768861072,-1.4448526768861072,-2.7985322801329393,true,0.0,7.652826790655837,-0.07775570407603473,0.07775570407603473,90.76859298290046,-2.639699501469545,88.12889348143091,102.99527135448005,-128.59476888604274,100.0,0.08,0.6,0.27,1.0,false
0.02,0.02,0.0,0.001,0.3,0.35,0.15,1.0,3.0,11.0,36.31853356599214,92.15469226733686,-0.0003720708558265784,-1.723140254747053,-1.723140254747053,-3.6069379985356176,true,0.0,0.0003720708558265784,-0.013247315789909661,0.013247315789909661,108.95522862712063,-2.0979278324910924,106.85730079462954,101.96329854571485,-76.57315162074609,100.0,0.08,0.6,0.27,1.0,false
0.02,0.02,0.0,0.001,0.3,0.35,0.15,1.0,3.0,11.0,37.829694811586414,89.17212025605778,16.78041535667981,-1.4911891929631085,-1.4911891929631085,-2.615571043118206,true,0.0,16.78041535667981,0.1478592892017405,0.1478592892017405,130.26949979143905,0.66052773350796,130.930027524947,99.49551088776629,-102.18215609131,100.0,0.08,0.6,0.27,1.0,false
