gross_delta,delta,iota,kappa,lambda,sigmah,sigmal,mu_b,m,c,p,vb,debt_diff,eq_deriv,eq_deriv_min_val,eq_min_val,eq_negative,eq_vb,abs_debt_diff,debt_per_diff,abs_debt_per_diff,debt,equity,firm_value,leverage,ROE,V0,r,alpha,pi,xi,opt
0.02,0.02,0.0,0.001,0.3,0.35,0.15,1.0,3.0,7.0,24.2732839073381,97.84057764963825,-7.185061060984864,-0.023677627968601154,-0.023677627968601154,-0.0014422275181153927,false,0.0,7.185061060984864,-0.09866898779763286,0.09866898779763286,65.63479066102944,0.2490105932602874,65.88380125428974,99.6220458010624,-99.27539916662779,100.0,0.08,0.6,0.27,1.0,false
0.02,0.02,0.0,0.001,0.3,0.35,0.15,1.0,3.0,7.0,25.17008016591133,96.85415029342715,-6.952791714215493,-0.14356489069858916,-0.14356489069858916,-0.056878962795449586,true,0.0,6.952791714215493,-0.09207746748501142,0.09207746748501142,68.5574487835185,0.29266331028362264,68.85011209380212,99.5749268935323,-99.06921258307368,100.0,0.08,0.6,0.27,1.0,false
0.02,0.02,0.0,0.001,0.3,0.35,0.15,1.0,3.0,7.0,32.34445023449713,88.80131214553701,-3.836002361654309,-1.4389553311737575,-1.4389553311737575,-3.1543639733331696,true,0.0,3.836002361654309,-0.03953282385739859,0.03953282385739859,93.19734834183708,-0.5827006920143065,92.61464764982277,100.62916688320999,-108.5657875971804,100.0,0.08,0.6,0.27,1.0,false
0.02,0.02,0.0,0.001,0.3,0.35,0.15,1.0,3.0,7.0,33.59574463110315,83.95863005988718,3.5651294584854165e-5,-1.72041165384029,-1.72041165384029,-3.8963748514271415,true,0.0,3.5651294584854165e-5,-0.0007974013837206936,0.0007974013837206936,100.78726954460406,3.3283214898887117,104.11559103449277,96.80324391686345,-522.7677182104925,100.0,0.08,0.6,0.27,1.0,false
0.02,0.02,0.0,0.001,0.3,0.35,0.15,1.0,3.0,7.0,35.034839010216814,79.50737442609105,3.908818119101767,-1.8580153508174333,-1.8580153508174333,-4.070137760800704,true,0.0,3.908818119101767,0.03718982047138737,0.03718982047138737,109.01333514975221,7.6783558406281,116.69169099038031,93.41996351628748,-185.18884201081983,100.0,0.08,0.6,0.27,1.0,false
0.02,0.02,0.0,0.001,0.3,0.35,0.15,1.0,3.0,7.0,35.93163526879004,79.05825755295959,4.7555265691569275,-1.7334726899706476,-1.7334726899706476,-3.4448343515430744,true,0.0,4.7555265691569275,0.04411643141744738,0.04411643141744738,112.55043237552704,8.869944276472724,121.42037665199976,92.69484700916826,-170.67441193316054,100.0,0.08,0.6,0.27,1.0,false
