gross_delta,delta,iota,kappa,lambda,sigmah,sigmal,V0,r,alpha,pi,xi,mu_b,m,c,p,vb,sg_debt,debt,debt_diff,abs_debt_diff,debt_per_diff,abs_debt_per_diff,eq_vb,eq_min_val,sg_equity,equity,eq_negative,firm_value,leverage,ROE,cvml_vb,cvmh_vb,eq_deriv
0.02,0.01985,0.00015000000000000001,0.015000000000000001,NaN,NaN,0.15,100.0,0.08,0.6,0.27,1.0,1.0,10.0,0.7510751075107511,7.365531533656546,62.38194487801929,73.65576505541272,74.39086407528042,0.7355487387149537,0.7355487387149537,0.009986363310697792,0.009986363310697792,2.5757174171303632e-14,NaN,33.50159949239625,33.639055785417156,false,108.02991986069758,68.86135264305106,31.355684488154022,NaN,NaN,NaN
