gross_delta,delta,iota,kappa,lambda,sigmah,sigmal,V0,r,alpha,pi,xi,mu_b,m,c,p,vb,sg_debt,debt,debt_diff,abs_debt_diff,debt_per_diff,abs_debt_per_diff,eq_vb,eq_min_val,sg_equity,equity,eq_negative,firm_value,leverage,ROE,cvml_vb,cvmh_vb,eq_deriv
0.02,0.0198,0.0002,0.015000000000000001,NaN,NaN,0.2,100.0,0.08,0.6,0.27,1.0,1.0,1.0,3.434093409340934,36.14646408991603,40.80904099569192,36.14654842623685,36.1465483896585,8.429974246837446e-5,8.429974246837446e-5,2.332171198230479e-6,2.332171198230479e-6,9.414691248821327e-14,NaN,66.53078898066956,66.53073016530539,false,102.67727855496389,35.20403822381111,4.192848604804755,NaN,NaN,NaN
