gross_delta,delta,iota,kappa,lambda,sigmah,sigmal,mu_b,m,c,p,vb,debt_diff,eq_deriv,eq_deriv_min_val,eq_min_val,eq_negative,eq_vb,abs_debt_diff,debt_per_diff,abs_debt_per_diff,debt,equity,firm_value,leverage,ROE,V0,r,alpha,pi,xi,opt
0.02,0.02,0.0,0.0025,0.75,0.35,0.15,1.0,5.0,11.0,16.213567409372516,95.11820390136347,23.12846954089838,-3.545339251690112,-3.545339251690112,-18.701709615169136,true,0.0,23.12846954089838,0.2852977257494682,0.2852977257494682,104.19630658776096,-11.352563189283666,92.84374339847729,112.2276017464736,170.5370294533485,100.0,0.08,0.6,0.27,1.0,false
0.02,0.02,0.0,0.0025,0.75,0.35,0.15,1.0,5.0,11.0,19.366941957353628,94.11829498427254,19.41152927844672,-1.9170669932719548,-1.9170669932719548,-11.4241925514894,true,0.0,19.41152927844672,0.20046044771746901,0.20046044771746901,116.24623906521487,-5.582539484399836,110.66369958081503,105.04459864033646,-65.63795804068451,100.0,0.08,0.6,0.27,1.0,false
0.02,0.02,0.0,0.0025,0.75,0.35,0.15,1.0,5.0,11.0,21.88964159573852,94.01867182585303,11.446661684545944,-0.8670298706322088,-0.8670298706322088,-3.8766791298772545,true,0.0,11.446661684545944,0.10458519052933586,0.10458519052933586,120.89486966323855,-0.8687487597475337,120.02612090349102,100.72379974726174,-95.84228677302559,100.0,0.08,0.6,0.27,1.0,false
0.02,0.02,0.0,0.0025,0.75,0.35,0.15,1.0,5.0,11.0,23.781666324527187,93.63999837926603,8.109238847160697,-0.3785877487039944,-0.8135041643110625,-0.17659773075512036,true,0.0,8.109238847160697,0.06819739825209174,0.06819739825209174,127.01757046979662,1.1358525969765647,128.1534230667732,99.11367752043209,-104.20412560132435,100.0,0.08,0.6,0.27,1.0,false
0.02,0.02,0.0,0.0025,0.75,0.35,0.15,1.0,5.0,11.0,24.41234123412341,93.63077332753471,6.057324471333885,-0.3405560421236731,-0.9332619485234442,-0.1381971129602472,true,0.0,6.057324471333885,0.049625100790144594,0.049625100790144594,128.11903064195093,1.4073513868582308,129.52638202880917,98.91346352394433,-105.00497831798864,100.0,0.08,0.6,0.27,1.0,false
0.02,0.02,0.0,0.0025,0.75,0.35,0.15,1.0,5.0,11.0,24.41234123412341,93.63077332753471,6.057324471333885,-0.3405560421236731,-0.9332619485234442,-0.1381971129602472,true,0.0,6.057324471333885,0.049625100790144594,0.049625100790144594,128.11903064195093,1.4073513868582308,129.52638202880917,98.91346352394433,-105.00497831798864,100.0,0.08,0.6,0.27,1.0,false
