gross_delta,delta,iota,kappa,lambda,sigmah,sigmal,mu_b,m,c,p,vb,debt_diff,eq_deriv,eq_deriv_min_val,eq_min_val,eq_negative,eq_vb,abs_debt_diff,debt_per_diff,abs_debt_per_diff,debt,equity,firm_value,leverage,ROE,V0,r,alpha,pi,xi,opt
0.02,0.02,0.0,0.0025,0.75,0.35,0.15,1.0,5.0,1.0,11.386007021754805,44.67001044257474,0.6639145200647505,-1.354307729430118,-1.354307729430118,-2.281942335832502,true,0.0,0.6639145200647505,0.011661937653757538,0.011661937653757538,57.59394962883878,39.529690652633086,97.12364028147186,59.299620012107276,-6.782899358352513,100.0,0.08,0.6,0.27,1.0,false
0.02,0.02,0.0,0.0025,0.75,0.35,0.15,1.0,5.0,1.0,11.671122375395433,44.15001057397747,0.4064461408555857,-1.45761152765861,-1.45761152765861,-2.4626579827896355,true,0.0,0.4064461408555857,0.0069649880753960445,0.0069649880753960445,58.76205801783275,42.02280112364536,100.78485914147811,58.30445021046734,1.9032451760505165,100.0,0.08,0.6,0.27,1.0,false
0.02,0.02,0.0,0.0025,0.75,0.35,0.15,1.0,5.0,1.0,11.95623772903606,42.0125058268745,0.14897776164612253,-1.6887254007309191,-1.6887254007309191,-2.82878413719484,true,0.0,0.14897776164612253,0.0024920508444613116,0.0024920508444613116,59.93016640682642,48.420458566779246,108.35062497360568,55.311325081350915,20.840178819780043,100.0,0.08,0.6,0.27,1.0,false
0.02,0.02,0.0,0.0025,0.75,0.35,0.15,1.0,5.0,1.0,12.121212824710556,42.24547302582881,-8.171024839034868e-8,-1.700275156972307,-1.700275156972307,-2.8628600757970237,true,0.0,8.171024839034868e-8,-1.1284733111285514e-8,1.1284733111285514e-8,60.606064041842544,48.49354548638382,109.09960952822637,55.551128279851895,23.09901081702417,100.0,0.08,0.6,0.27,1.0,false
0.02,0.02,0.0,0.0025,0.75,0.35,0.15,1.0,5.0,1.0,12.241353082676687,42.909978716825236,-0.10849061756284328,-1.6679462175047512,-1.6679462175047512,-2.8285598708675628,true,0.0,0.10849061756284328,-0.0017725265635279068,0.0017725265635279068,61.09827479582059,47.32572044048336,108.42399523630395,56.35124832161033,21.654554372819735,100.0,0.08,0.6,0.27,1.0,false
0.02,0.02,0.0,0.0025,0.75,0.35,0.15,1.0,5.0,1.0,12.526468436317314,43.808041741836355,-0.3659589967718375,-1.6491029146805076,-1.6491029146805076,-2.8325980604561,true,0.0,0.3659589967718375,-0.005842971602608,0.005842971602608,62.266383184814735,46.21056890491672,108.47695208973145,57.40056480689868,22.465251956234546,100.0,0.08,0.6,0.27,1.0,false
