gross_delta,delta,iota,kappa,lambda,sigmah,sigmal,mu_b,m,c,p,vb,debt_diff,eq_deriv,eq_deriv_min_val,eq_min_val,eq_negative,eq_vb,abs_debt_diff,debt_per_diff,abs_debt_per_diff,debt,equity,firm_value,leverage,ROE,V0,r,alpha,pi,xi,opt
0.02,0.02,0.0,0.004,0.1,0.25,0.15,1.0,3.0,5.0,27.92825335165095,85.96804703034718,1.4837386644279178,0.2583179088286763,0.2583179088286763,0.033260840795690375,false,0.0,1.4837386644279178,0.01770893254876855,0.01770893254876855,85.26849871938077,14.586881317771178,99.85538003715195,85.39199258733579,-0.9817055308430134,100.0,0.08,0.6,0.27,1.0,false
0.02,0.02,0.0,0.004,0.1,0.25,0.15,1.0,3.0,5.0,28.548431544526725,86.74974753804074,-5.790835387031474e-5,0.2238740982998745,0.2238740982998745,0.10539196671048968,false,0.0,5.790835387031474e-5,0.0005818252358023062,0.0005818252358023062,85.64523672522633,13.208353262533608,98.85358998775993,86.6384688060706,-7.986269019529624,100.0,0.08,0.6,0.27,1.0,false
0.02,0.02,0.0,0.004,0.1,0.25,0.15,1.0,3.0,5.0,30.750809291455457,85.45305335010826,-1.2471673540368045,-0.21025359327464388,-0.21025359327464388,-0.07931416461845191,true,0.0,1.2471673540368045,-0.01351907351137961,0.01351907351137961,91.00526052032957,12.847780922227217,103.85304144255679,87.62888332997588,42.83660967908285,100.0,0.08,0.6,0.27,1.0,false
0.02,0.02,0.0,0.004,0.1,0.25,0.15,1.0,3.0,5.0,31.456448276406583,84.47366749156134,-1.0558963087899684,-0.37959480391781075,-0.37959480391781075,-0.24120452325768454,true,0.0,1.0558963087899684,-0.011188975728302707,0.011188975728302707,93.31344852042979,13.451250774231756,106.76469929466154,87.40103155528267,101.16873122610511,100.0,0.08,0.6,0.27,1.0,false
0.02,0.02,0.0,0.004,0.1,0.25,0.15,1.0,3.0,5.0,34.27900421621109,81.64921849787655,-0.7831543904123208,-0.8729247411469804,-0.8729247411469804,-1.0457922558948571,true,0.0,0.7831543904123208,-0.007615491448474404,0.007615491448474404,102.05385825822096,15.373046198924344,117.4269044571453,86.90841228422683,-848.495965453839,100.0,0.08,0.6,0.27,1.0,false
0.02,0.02,0.0,0.004,0.1,0.25,0.15,1.0,3.0,5.0,36.395921171064465,81.09877646230757,-0.8365084645933649,-1.0766788545110895,-1.0766788545110895,-1.4549463513198262,true,0.0,0.8365084645933649,-0.007661192405431839,0.007661192405431839,108.35125504860004,15.459601722525363,123.8108567711254,87.51353304088371,-285.1171067409435,100.0,0.08,0.6,0.27,1.0,false
