gross_delta,delta,iota,kappa,lambda,sigmah,sigmal,mu_b,m,c,p,vb,debt_diff,eq_deriv,eq_deriv_min_val,eq_min_val,eq_negative,eq_vb,abs_debt_diff,debt_per_diff,abs_debt_per_diff,debt,equity,firm_value,leverage,ROE,V0,r,alpha,pi,xi,opt
0.02,0.02,0.0,0.0025,0.5,0.225,0.15,1.0,3.0,9.0,33.23153367968376,92.057075966833,-6.223241140099532,-0.6592004967901384,-0.6592004967901384,-0.6135251207068344,true,0.0,6.223241140099532,-0.062423050749376416,0.062423050749376416,93.47135989895173,3.211524214998791,96.68288411395052,96.6782908428614,-50.808680440462105,100.0,0.08,0.6,0.27,1.0,false
0.02,0.02,0.0,0.0025,0.5,0.225,0.15,1.0,3.0,9.0,33.42598518560233,90.5668720481733,-0.0004428421385325831,-0.6231591497576563,-0.6231591497576563,-0.5539073849567151,true,0.0,0.0004428421385325831,-0.004162868728805371,0.004162868728805371,100.27751271466839,5.575595419562831,105.85310813423122,94.73270504963116,-2109.1315189739366,100.0,0.08,0.6,0.27,1.0,false
0.02,0.02,0.0,0.0025,0.5,0.225,0.15,1.0,3.0,9.0,36.330948884362115,86.7943395809069,13.840378158650182,-0.4886796448827991,-0.4886796448827991,-0.28838773179332644,true,0.0,13.840378158650182,0.1269842800115384,0.1269842800115384,122.83322481173653,11.055026460003365,133.8882512717399,91.74309444256907,-148.4164043894534,100.0,0.08,0.6,0.27,1.0,false
0.02,0.02,0.0,0.0025,0.5,0.225,0.15,1.0,3.0,9.0,37.10580268553171,88.03467382049881,11.973322732768779,-0.4384896988851284,-0.4384896988851284,-0.23550588186723395,true,0.0,11.973322732768779,0.10756020052749876,0.10756020052749876,123.2907307893639,9.458846654888452,132.74957744425237,92.8746691047957,-140.6120646897348,100.0,0.08,0.6,0.27,1.0,false
0.02,0.02,0.0,0.0025,0.5,0.225,0.15,1.0,3.0,9.0,37.8806564867013,88.6742774848164,15.360401245145113,-0.32103280467715534,-0.32103280467715534,-0.12509354616191906,true,0.0,15.360401245145113,0.13516486310577067,0.13516486310577067,129.002370705249,9.31042425625907,138.31279496150808,93.26857341083294,-132.1022869160624,100.0,0.08,0.6,0.27,1.0,false
0.02,0.02,0.0,0.0025,0.5,0.225,0.15,1.0,3.0,9.0,38.65551028787089,88.80458305434455,19.696661519175763,-0.13857783128615797,-0.13857783128615797,-0.022097047365694893,true,0.0,19.696661519175763,0.169847811885835,0.169847811885835,135.66319238278842,10.427502133363458,146.09069451615187,92.862309151244,-129.23883543974577,100.0,0.08,0.6,0.27,1.0,false
