gross_delta,delta,iota,kappa,lambda,sigmah,sigmal,mu_b,m,c,p,vb,debt_diff,eq_deriv,eq_deriv_min_val,eq_min_val,eq_negative,eq_vb,abs_debt_diff,debt_per_diff,abs_debt_per_diff,debt,equity,firm_value,leverage,ROE,V0,r,alpha,pi,xi,opt
0.02,0.02,0.0,0.0025,0.5,0.225,0.15,1.0,3.0,1.0,11.640581163379496,44.87811469607406,0.164596987716898,0.2935527934780153,0.2935527934780153,0.015641774799231404,false,0.0,0.164596987716898,0.004713309567816348,0.004713309567816348,35.08634047785539,41.99920138465202,77.0855418625074,45.51611058327471,-35.29990190997562,100.0,0.08,0.6,0.27,1.0,false
0.02,0.02,0.0,0.0025,0.5,0.225,0.15,1.0,3.0,1.0,11.832388502008095,45.61531516684166,0.06390149118237787,0.2931600840583048,0.2931600840583048,0.015726360012338417,false,0.0,0.06390149118237787,0.0018001857407891632,0.0018001857407891632,35.561066997206666,41.38613639880262,76.94720339600929,46.21489206591616,-35.774640469281834,100.0,0.08,0.6,0.27,1.0,false
0.02,0.02,0.0,0.0025,0.5,0.225,0.15,1.0,3.0,1.0,12.024195840636695,45.196388965345584,0.015257298390302765,0.2530556217729797,0.2530556217729797,0.013574044037757626,false,0.0,0.015257298390302765,0.00042296101939001885,0.00042296101939001885,36.08784482030039,42.55701341411508,78.64485823441547,45.88710009843737,-33.41327124009668,100.0,0.08,0.6,0.27,1.0,false
0.02,0.02,0.0,0.0025,0.5,0.225,0.15,1.0,3.0,1.0,12.090995332382409,43.668019846612715,5.660869778024774e-7,0.17531067260243743,0.17531067260243743,0.009411134756727661,false,0.0,5.660869778024774e-7,3.9602600226560686e-7,3.9602600226560686e-7,36.27298656323421,45.446481443418485,81.7194680066527,44.38720350000475,-28.68568760324297,100.0,0.08,0.6,0.27,1.0,false
0.02,0.02,0.0,0.0025,0.5,0.225,0.15,1.0,3.0,1.0,12.216003179265295,40.200073243071586,-0.03246191607907889,2.0013182878281244e-7,2.0013182878281244e-7,2.847493710635444e-5,false,0.0,0.03246191607907889,-0.0008857756939186619,0.0008857756939186619,36.61554762171681,51.973964226603385,88.5895118483202,41.331695883377975,-18.002030030300098,100.0,0.08,0.6,0.27,1.0,false
0.02,0.02,0.0,0.0025,0.5,0.225,0.15,1.0,3.0,1.0,12.407810517893894,40.8363107517516,-0.09814821734455137,-2.9215648308274222e-6,-2.9215648308274222e-6,3.148451226235539e-6,false,0.0,0.09814821734455137,-0.0026367321132928635,0.0026367321132928635,37.125283336337134,51.360822007420666,88.4861053437578,41.956059871897295,-18.312439828291772,100.0,0.08,0.6,0.27,1.0,false
