gross_delta,delta,iota,kappa,lambda,sigmah,sigmal,mu_b,m,c,p,vb,debt_diff,eq_deriv,eq_deriv_min_val,eq_min_val,eq_negative,eq_vb,abs_debt_diff,debt_per_diff,abs_debt_per_diff,debt,equity,firm_value,leverage,ROE,V0,r,alpha,pi,xi,opt
0.02,0.02,0.0,0.004,0.1,0.3,0.15,1.0,5.0,7.0,19.226809523057568,91.21193104058273,13.048641444157994,-0.8052852185557899,-0.8052852185557899,-0.9419762420279191,true,0.0,13.048641444157994,0.1357338192642886,0.1357338192642886,109.18268905944583,2.815561832371708,111.99825089181755,97.48606624661366,-130.6616266122554,100.0,0.08,0.6,0.27,1.0,false
0.02,0.02,0.0,0.004,0.1,0.3,0.15,1.0,5.0,7.0,19.73558671656639,91.21193104058273,12.489482531688196,-0.8725060414126687,-0.8725060414126687,-1.0921926903129127,true,0.0,12.489482531688196,0.12656814019321058,0.12656814019321058,111.16741611452015,2.421916191276399,113.58933230579655,97.8678312988439,-121.68734617247192,100.0,0.08,0.6,0.27,1.0,false
0.02,0.02,0.0,0.004,0.1,0.3,0.15,1.0,5.0,7.0,20.21205623521066,91.21193104058273,12.311660127778092,-0.9228917988335283,-0.9228917988335283,-1.2102809246607744,true,0.0,12.311660127778092,0.12182515452839984,0.12182515452839984,113.37194130383139,2.127679645642089,115.49962094947348,98.15784707503684,-115.9115239687184,100.0,0.08,0.6,0.27,1.0,false
0.02,0.02,0.0,0.004,0.1,0.3,0.15,1.0,5.0,7.0,20.244363910075215,91.21193104058273,12.312503197516875,-0.9259388632950349,-0.9259388632950349,-1.2174308296005503,true,0.0,12.312503197516875,0.12163882503010322,0.12163882503010322,113.53432274789294,2.1103321209297072,115.64465486882266,98.17515809673738,-115.59244714522747,100.0,0.08,0.6,0.27,1.0,false
0.02,0.02,0.0,0.004,0.1,0.3,0.15,1.0,5.0,7.0,20.753141103584042,91.21193104058273,12.528291525246999,-0.9682312677636599,-0.9682312677636599,-1.3152200532287082,true,0.0,12.528291525246999,0.12073634022642846,0.12073634022642846,116.29399704316721,1.880555836133734,118.17455287930095,98.40866261786962,-111.54140283167864,100.0,0.08,0.6,0.27,1.0,false
0.02,0.02,0.0,0.004,0.1,0.3,0.15,1.0,5.0,7.0,21.261918297092866,91.21193104058273,13.040239751960229,-0.9992788991477001,-0.9992788991477001,-1.3857298878716042,true,0.0,13.040239751960229,0.12266287142814594,0.12266287142814594,119.34983123742455,1.7316872087774509,121.081518446202,98.56981706952507,-108.9493659532709,100.0,0.08,0.6,0.27,1.0,false
