gross_delta,delta,iota,kappa,lambda,sigmah,sigmal,mu_b,m,c,p,vb,debt_diff,eq_deriv,eq_deriv_min_val,eq_min_val,eq_negative,eq_vb,abs_debt_diff,debt_per_diff,abs_debt_per_diff,debt,equity,firm_value,leverage,ROE,V0,r,alpha,pi,xi,opt
0.02,0.02,0.0,0.005,0.5,0.2,0.15,1.0,5.0,6.0,16.23024802480248,99.1329881629044,-16.400477238777725,-0.2830006502002186,-0.2830006502002186,-0.181623883609499,true,0.0,16.400477238777725,-0.20209767852857338,0.20209767852857338,64.75076288523468,-0.1504301722124377,64.60033271302224,100.23286284434587,-100.42676149762522,100.0,0.08,0.6,0.27,1.0,false
0.02,0.02,0.0,0.005,0.5,0.2,0.15,1.0,5.0,6.0,17.051388033540196,98.36109659639757,-16.104276880361866,-0.3854453232664527,-0.3854453232664527,-0.31817586960322913,true,0.0,16.104276880361866,-0.18889109612290383,0.18889109612290383,69.15266328733911,-0.3148167005937307,68.83784658674539,100.45733083790907,-101.02056363415166,100.0,0.08,0.6,0.27,1.0,false
0.02,0.02,0.0,0.005,0.5,0.2,0.15,1.0,5.0,6.0,18.28309804664677,96.25961695860805,-10.561249162294601,-0.5935841416028305,-0.5935841416028305,-0.6762784802668467,true,0.0,10.561249162294601,-0.11553019226116984,0.11553019226116984,80.85424107093925,-0.5316122433939658,80.32262882754529,100.66184617106512,-102.7766579813509,100.0,0.08,0.6,0.27,1.0,false
0.02,0.02,0.0,0.005,0.5,0.2,0.15,1.0,5.0,6.0,18.693668051015628,95.65413412527548,-9.197365150644757,-0.6819069123637093,-0.6819069123637093,-0.8598879117231736,true,0.0,9.197365150644757,-0.09840086092836192,0.09840086092836192,84.27097510443339,-0.6272784911915278,83.64369661324186,100.74994113912969,-103.98803165076262,100.0,0.08,0.6,0.27,1.0,false
0.02,0.02,0.0,0.005,0.5,0.2,0.15,1.0,5.0,6.0,19.26937506821181,95.04483352843859,-8.449173722496354,-0.8111602750686836,-0.8111602750686836,-1.1566919262749635,true,0.0,8.449173722496354,-0.08791353373603292,0.08791353373603292,87.89770161856269,-0.8317993279319315,87.06590229063076,100.95536749295417,-106.87306907924001,100.0,0.08,0.6,0.27,1.0,false
0.02,0.02,0.0,0.005,0.5,0.2,0.15,1.0,5.0,6.0,19.925378064122203,94.77643022464562,-9.531851488848162,-0.9437675037205395,-0.9437675037205395,-1.5090344317129458,true,0.0,9.531851488848162,-0.09567548940023668,0.09567548940023668,90.09503883176285,-1.2401734850022625,88.85486534676059,101.39572940678309,-112.52073040911259,100.0,0.08,0.6,0.27,1.0,false
