gross_delta,delta,iota,kappa,lambda,sigmah,sigmal,mu_b,m,c,p,vb,debt_diff,eq_deriv,eq_deriv_min_val,eq_min_val,eq_negative,eq_vb,abs_debt_diff,debt_per_diff,abs_debt_per_diff,debt,equity,firm_value,leverage,ROE,V0,r,alpha,pi,xi,opt
0.02,0.02,0.0,0.005,0.5,0.2,0.15,1.0,5.0,7.0,16.07128212821282,100.0,-20.35640825687861,-0.38116646543788113,-0.38116646543788113,-0.2939207101248339,true,0.0,20.35640825687861,-0.25332649995787615,0.25332649995787615,60.00000238418551,0.04189690291225617,60.04189928709776,99.93022055696153,-99.89525773647624,100.0,0.08,0.6,0.27,1.0,false
0.02,0.02,0.0,0.005,0.5,0.2,0.15,1.0,5.0,7.0,16.91121348977003,99.21134551363404,-19.303210960923934,-0.49266390419143186,-0.49266390419143186,-0.4655455190443463,true,0.0,19.303210960923934,-0.22828889213184939,0.22828889213184939,65.25285648792622,-0.27137021113393156,64.9814862767923,100.4176115793628,-100.78098566876335,100.0,0.08,0.6,0.27,1.0,false
0.02,0.02,0.0,0.005,0.5,0.2,0.15,1.0,5.0,7.0,18.171110532105843,97.85300113441284,-16.39266668407633,-0.6997895746130801,-0.6997895746130801,-0.8629324011977755,true,0.0,16.39266668407633,-0.18042558989570565,0.18042558989570565,74.46288597645288,-0.823950543887308,73.63893543256557,101.11890610455909,-103.22648261321763,100.0,0.08,0.6,0.27,1.0,false
0.02,0.02,0.0,0.005,0.5,0.2,0.15,1.0,5.0,7.0,19.01104189366305,96.66495203966018,-12.632755588203537,-0.9154348601800822,-0.9154348601800822,-1.369942606618074,true,0.0,12.632755588203537,-0.13289913997206448,0.13289913997206448,82.42245388011172,-1.3702746837333208,81.0521791963784,101.69060807163903,-107.7955971464237,100.0,0.08,0.6,0.27,1.0,false
0.02,0.02,0.0,0.005,0.5,0.2,0.15,1.0,5.0,7.0,19.4504017835221,96.2309285315176,-11.78382227264411,-1.0216261872952623,-1.0216261872952623,-1.6419937032619094,true,0.0,11.78382227264411,-0.12038009403450943,0.12038009403450943,85.46818664496638,-1.6446864067486116,83.82350023821778,101.96208271197764,-111.31783327081418,100.0,0.08,0.6,0.27,1.0,false
0.02,0.02,0.0,0.005,0.5,0.2,0.15,1.0,5.0,7.0,20.270938935998863,96.43587878927444,-16.34162997575774,-1.1252057464960827,-1.1252057464960827,-1.9700211675239097,true,0.0,16.34162997575774,-0.16123209711551031,0.16123209711551031,85.01306470423657,-1.9542749552567282,83.05878974897985,102.35288156878151,-113.03985716018386,100.0,0.08,0.6,0.27,1.0,false
