gross_delta,delta,iota,kappa,lambda,sigmah,sigmal,mu_b,m,c,p,vb,debt_diff,eq_deriv,eq_deriv_min_val,eq_min_val,eq_negative,eq_vb,abs_debt_diff,debt_per_diff,abs_debt_per_diff,debt,equity,firm_value,leverage,ROE,V0,r,alpha,pi,xi,opt
0.02,0.02,0.0,0.005,0.5,0.2,0.15,1.0,5.0,10.0,19.678474426390007,93.86079366501417,15.087198352842563,-1.2252248519990754,-1.2252248519990754,-1.8477749139895432,true,0.0,15.087198352842563,0.15333707304677777,0.15333707304677777,113.4795704847926,-1.1156575130248028,112.3639129717678,100.9928966369346,-91.72334523356315,100.0,0.08,0.6,0.27,1.0,false
0.02,0.02,0.0,0.005,0.5,0.2,0.15,1.0,5.0,10.0,20.131682905132617,94.17580957723446,11.285764629036265,-1.0924098248656458,-1.0924098248656458,-1.4775959510496217,true,0.0,11.285764629036265,0.11211943564001729,0.11211943564001729,111.94417915469936,-0.7117472676674143,111.23243188703194,100.63987387095004,-94.04105331602145,100.0,0.08,0.6,0.27,1.0,false
0.02,0.02,0.0,0.005,0.5,0.2,0.15,1.0,5.0,10.0,20.584891383875227,93.57286198138773,14.010115626229123,-0.8362918076840175,-0.8362918076840175,-0.8449689142649028,true,0.0,14.010115626229123,0.13612037455008066,0.13612037455008066,116.93457254560526,0.9350185212314991,117.86959106683676,99.20673473729003,-105.5213588575293,100.0,0.08,0.6,0.27,1.0,false
0.02,0.02,0.0,0.005,0.5,0.2,0.15,1.0,5.0,10.0,21.038099862617837,93.94046697729998,9.841185019171093,-0.6835557829589661,-0.6835557829589661,-0.5599876495168877,true,0.0,9.841185019171093,0.09355583520789051,0.09355583520789051,115.03168433226028,1.3900897240099068,116.4217740562702,98.80598819655674,-109.24773094806524,100.0,0.08,0.6,0.27,1.0,false
0.02,0.02,0.0,0.005,0.5,0.2,0.15,1.0,5.0,10.0,21.5148074359742,95.09034372895248,0.00030231457109616833,-0.6069601799598255,-0.6069570734103068,-0.5651776632436096,true,0.0,0.00030231457109616833,-0.0035008035179814783,0.0035008035179814783,107.5743394944421,0.9093331554350486,108.48367264987715,99.16177878825152,-112.00544491176161,100.0,0.08,0.6,0.27,1.0,false
0.02,0.02,0.0,0.005,0.5,0.2,0.15,1.0,5.0,10.0,22.85093377758828,94.77589073235679,-3.0271771058216217,1.8453821776728196e-6,6.524816256992591e-5,0.0034723290796537048,false,0.0,3.0271771058216217,-0.026494996968488123,0.026494996968488123,111.22749178211978,3.812973228085059,115.04046501020484,96.68553736483348,-133.96104225306462,100.0,0.08,0.6,0.27,1.0,false
