gross_delta,delta,iota,kappa,lambda,sigmah,sigmal,mu_b,m,c,p,vb,debt_diff,eq_deriv,eq_deriv_min_val,eq_min_val,eq_negative,eq_vb,abs_debt_diff,debt_per_diff,abs_debt_per_diff,debt,equity,firm_value,leverage,ROE,V0,r,alpha,pi,xi,opt
0.02,0.02,0.0,0.005,0.5,0.2,0.15,1.0,5.0,8.0,16.255930856243516,100.0,-21.279651897032068,-0.545092399332771,-0.545092399332771,-0.526004491258539,true,0.0,21.279651897032068,-0.261807854440511,0.261807854440511,60.00000238418551,0.06139777774548268,60.06140016193099,99.89777498096956,-99.84650554648731,100.0,0.08,0.6,0.27,1.0,false
0.02,0.02,0.0,0.005,0.5,0.2,0.15,1.0,5.0,8.0,17.116577447218404,99.26214790942271,-19.897887190574323,-0.6724424527197707,-0.6724424527197707,-0.7631454072642099,true,0.0,19.897887190574323,-0.23249843319358107,0.23249843319358107,65.6850000455177,-0.358410860126044,65.32658918539165,100.5486446860235,-101.0444728561896,100.0,0.08,0.6,0.27,1.0,false
0.02,0.02,0.0,0.005,0.5,0.2,0.15,1.0,5.0,8.0,17.97722403819329,97.93602958133297,-14.147733915827487,-0.8702210457866487,-0.8702210457866487,-1.192436377240811,true,0.0,14.147733915827487,-0.15739620183594633,0.15739620183594633,75.73838627513898,-1.0713455242003114,74.66704075093867,101.43483056704218,-104.41580488565153,100.0,0.08,0.6,0.27,1.0,false
0.02,0.02,0.0,0.005,0.5,0.2,0.15,1.0,5.0,8.0,18.306941044365832,97.65195244963095,-13.544685112029125,-0.9506593022329172,-0.9506593022329172,-1.3920363595778598,true,0.0,13.544685112029125,-0.1474816726789392,0.1474816726789392,77.99002010980004,-1.3010460507921517,76.68897405900789,101.69652295751285,-105.91116419589028,100.0,0.08,0.6,0.27,1.0,false
0.02,0.02,0.0,0.005,0.5,0.2,0.15,1.0,5.0,8.0,19.26819392465562,97.54727454554907,-16.98829362245108,-1.1531162715109584,-1.1531162715109584,-1.9559003203635592,true,0.0,16.98829362245108,-0.17633509076024845,0.17633509076024845,79.35267600082702,-1.7233147695094058,77.62936123131762,102.21992650998932,-108.34643157427293,100.0,0.08,0.6,0.27,1.0,false
0.02,0.02,0.0,0.005,0.5,0.2,0.15,1.0,5.0,8.0,19.698517220143064,97.64696655169416,-19.586889258083275,-1.2101431719429132,-1.2101431719429132,-2.136885910228116,true,0.0,19.586889258083275,-0.19886663589129805,0.19886663589129805,78.90569684263204,-1.799322679532461,77.10637416309957,102.33355892954638,-108.52989864661151,100.0,0.08,0.6,0.27,1.0,false
