gross_delta,delta,iota,kappa,lambda,sigmah,sigmal,mu_b,m,c,p,vb,debt_diff,eq_deriv,eq_deriv_min_val,eq_min_val,eq_negative,eq_vb,abs_debt_diff,debt_per_diff,abs_debt_per_diff,debt,equity,firm_value,leverage,ROE,V0,r,alpha,pi,xi,opt
0.02,0.02,0.0,0.0025,0.5,0.3,0.15,1.0,3.0,2.0,19.98559592801385,78.78418855216134,0.17962541916076447,0.012577860001269661,0.012577860001269661,0.00220015014565176,false,0.0,0.17962541916076447,0.0029959146545301516,0.0029959146545301516,60.136413203202316,9.901121297646787,70.0375345008491,85.86312129887045,-75.16249265747918,100.0,0.08,0.6,0.27,1.0,false
0.02,0.02,0.0,0.0025,0.5,0.3,0.15,1.0,3.0,2.0,20.18658814057466,78.76324866263413,-1.4335321877573346e-6,-0.030834935409247453,-0.030834935409247453,-0.061197027349056805,true,0.0,1.4335321877573346e-6,2.964386257700197e-5,2.964386257700197e-5,60.55976298819179,10.35227998050587,70.91204296869766,85.40123856666261,-73.75198334278151,100.0,0.08,0.6,0.27,1.0,false
0.02,0.02,0.0,0.0025,0.5,0.3,0.15,1.0,3.0,2.0,20.54043430658855,78.04942979921691,-0.11086861767354605,-0.05937628312339175,-0.05937628312339175,-0.015451382267954637,true,0.0,0.11086861767354605,-0.0017991930131354594,0.0017991930131354594,61.51043430209211,10.411982010368334,71.92241631246044,85.52331450443153,-72.94855937817381,100.0,0.08,0.6,0.27,1.0,false
0.02,0.02,0.0,0.0025,0.5,0.3,0.15,1.0,3.0,2.0,21.095272685163252,72.29251216980303,-0.04358014671379351,-0.29474955695571875,-0.29474955695571875,-0.263479859886077,true,0.0,0.04358014671379351,-0.0006886242139681583,0.0006886242139681583,63.24223790877596,15.449743994136039,78.691981902912,80.36681295789766,-57.96875784822415,100.0,0.08,0.6,0.27,1.0,false
0.02,0.02,0.0,0.0025,0.5,0.3,0.15,1.0,3.0,2.0,21.650111063737953,59.14269853724796,-0.06166564600850677,-1.0463259759958141,-1.0463259759958141,-1.5951874248670932,true,0.0,0.06166564600850677,-0.0009494277085070993,0.0009494277085070993,64.88866754520535,32.58525123872749,97.47391878393285,66.57028706216468,-7.194489754324918,100.0,0.08,0.6,0.27,1.0,false
0.02,0.02,0.0,0.0025,0.5,0.3,0.15,1.0,3.0,2.0,22.75978782088735,51.161054842419304,-0.7462568091141151,-1.741124332212481,-1.741124332212481,-2.8879571574723517,true,0.0,0.7462568091141151,-0.010929463475771839,0.010929463475771839,67.53310665354793,49.43250268426078,116.96560933780871,57.737575203413314,52.25510539850493,100.0,0.08,0.6,0.27,1.0,false
