gross_delta,delta,iota,kappa,lambda,sigmah,sigmal,mu_b,m,c,p,vb,debt_diff,eq_deriv,eq_deriv_min_val,eq_min_val,eq_negative,eq_vb,abs_debt_diff,debt_per_diff,abs_debt_per_diff,debt,equity,firm_value,leverage,ROE,V0,r,alpha,pi,xi,opt
0.02,0.02,0.0,0.0025,0.5,0.3,0.15,1.0,3.0,8.0,29.797813991925505,91.21193104058273,0.054033843689808236,-0.8720282448031406,-0.8720282448031406,-1.2760887058476487,true,0.0,0.054033843689808236,0.0006044497504017142,0.0006044497504017142,89.44747581946632,1.0490457481401598,90.49652156760648,98.84078887235853,-90.05881692197075,100.0,0.08,0.6,0.27,1.0,false
0.02,0.02,0.0,0.0025,0.5,0.3,0.15,1.0,3.0,8.0,29.8115934427829,91.24764119311901,9.560396773799246e-6,-0.8723837864594857,-0.8723837864594857,-1.275973891702013,true,0.0,9.560396773799246e-6,3.709852303065119e-5,3.709852303065119e-5,89.43478988874553,1.0024487707743803,90.4372386595199,98.89155309733812,-90.51179522017709,100.0,0.08,0.6,0.27,1.0,false
0.02,0.02,0.0,0.0025,0.5,0.3,0.15,1.0,3.0,8.0,31.509529900358455,89.39908777226431,-1.281034771649729,-1.2435349759335128,-1.2435349759335128,-2.271601479246672,true,0.0,1.281034771649729,-0.013551823587982249,0.013551823587982249,93.24755492942563,0.8867649823004574,94.1343199117261,99.05797908442742,-86.86749802431153,100.0,0.08,0.6,0.27,1.0,false
0.02,0.02,0.0,0.0025,0.5,0.3,0.15,1.0,3.0,8.0,33.2212458087914,84.17239807294598,1.592813247203111,-1.6002819942735174,-1.6002819942735174,-3.2619295853716435,true,0.0,1.592813247203111,0.015981873531281013,0.015981873531281013,101.25655067357732,4.611832327554039,105.86838300113136,95.64380583058045,-467.02318693001337,100.0,0.08,0.6,0.27,1.0,false
0.02,0.02,0.0,0.0025,0.5,0.3,0.15,1.0,3.0,8.0,34.07710376300788,84.07043473498148,1.87409176788546,-1.5107626322555838,-1.5107626322555838,-2.9622871394403334,true,0.0,1.87409176788546,0.01833187645013292,0.01833187645013292,104.1054030569091,4.797777773909269,108.90318083081837,95.59445579338711,-216.8649632545812,100.0,0.08,0.6,0.27,1.0,false
0.02,0.02,0.0,0.0025,0.5,0.3,0.15,1.0,3.0,8.0,35.78881967144083,85.8440541550858,2.3873930219974966,-1.3754434367947654,-1.3754434367947654,-2.543296095273995,true,0.0,2.3873930219974966,0.022235929580941314,0.022235929580941314,109.75385203631998,3.0451080276054325,112.79896006392542,97.30041125744448,-131.2195429689368,100.0,0.08,0.6,0.27,1.0,false
