gross_delta,delta,iota,kappa,lambda,sigmah,sigmal,mu_b,m,c,p,vb,debt_diff,eq_deriv,eq_deriv_min_val,eq_min_val,eq_negative,eq_vb,abs_debt_diff,debt_per_diff,abs_debt_per_diff,debt,equity,firm_value,leverage,ROE,V0,r,alpha,pi,xi,opt
0.02,0.02,0.0,0.0025,0.75,0.275,0.15,1.0,3.0,3.0,21.62211615898432,84.73573190111725,1.988402495424026,1.6375213941176303e-6,1.6375213941176303e-6,-0.0042231954185036925,false,0.0,1.988402495424026,0.03065383734573106,0.03065383734573106,66.85475097237699,6.86695985338721,73.7217108257642,90.68529504203075,-79.28221976047205,100.0,0.08,0.6,0.27,1.0,false
0.02,0.02,0.0,0.0025,0.75,0.275,0.15,1.0,3.0,3.0,22.302073628415474,87.15521699372097,0.6547577216220333,1.0952773909563305e-6,1.0952773909563305e-6,0.0008230668376345727,false,0.0,0.6547577216220333,0.009786200938550016,0.009786200938550016,67.56097860686846,5.161155240722579,72.72213384759104,92.90291006650165,-84.08967034432374,100.0,0.08,0.6,0.27,1.0,false
0.02,0.02,0.0,0.0025,0.75,0.275,0.15,1.0,3.0,3.0,22.809619357780264,87.64149713934887,-1.0469228162616334e-5,-0.027007378340321665,-0.027007378340321665,-0.004773172257911636,false,0.0,1.0469228162616334e-5,-7.781679197675574e-5,7.781679197675574e-5,68.42884760411262,4.728904240878024,73.15775184499064,93.536017548902,-85.02143925068115,100.0,0.08,0.6,0.27,1.0,false
0.02,0.02,0.0,0.0025,0.75,0.275,0.15,1.0,3.0,3.0,24.341946036708933,84.64183591525813,-0.6581672367583735,-0.22075999629187443,-0.22075999629187443,-0.15905927857110486,true,0.0,0.6581672367583735,-0.009012799493869865,0.009012799493869865,72.36767087336843,6.4385169551982795,78.8061878285667,91.82993476450797,-76.69933314092967,100.0,0.08,0.6,0.27,1.0,false
0.02,0.02,0.0,0.0025,0.75,0.275,0.15,1.0,3.0,3.0,25.021903506140088,81.78538845456649,-0.5145490795017622,-0.3684058515358252,-0.3684058515358252,-0.3714696745219579,true,0.0,0.5145490795017622,-0.0068546487597089725,0.0068546487597089725,74.5511614389185,8.589052997802407,83.14021443672091,89.66919551988929,-66.24972500341329,100.0,0.08,0.6,0.27,1.0,false
0.02,0.02,0.0,0.0025,0.75,0.275,0.15,1.0,3.0,3.0,25.70186097557124,75.94433657358002,-0.15347917813367928,-0.6586866039438236,-0.6586866039438236,-0.8892149765897903,true,0.0,0.15347917813367928,-0.001990506683278124,0.001990506683278124,76.95210374858004,14.34554973906514,91.29765348764518,84.28705537212252,-37.75766090503239,100.0,0.08,0.6,0.27,1.0,false
