gross_delta,delta,iota,kappa,lambda,sigmah,sigmal,mu_b,m,c,p,vb,debt_diff,eq_deriv,eq_deriv_min_val,eq_min_val,eq_negative,eq_vb,abs_debt_diff,debt_per_diff,abs_debt_per_diff,debt,equity,firm_value,leverage,ROE,V0,r,alpha,pi,xi,opt
0.02,0.02,0.0,0.0025,0.5,0.275,0.15,1.0,7.0,4.0,10.87730878350993,98.32885813706523,-6.914756018240254,-2.0654682151008408,-2.0654682151008408,-10.431032299557637,true,0.0,6.914756018240254,-0.0908149532187209,0.0908149532187209,69.22640546632925,-2.7879355140883133,66.43846995224094,104.19626688587562,-109.0595055804674,100.0,0.08,0.6,0.27,1.0,false
0.02,0.02,0.0,0.0025,0.5,0.275,0.15,1.0,7.0,4.0,12.125417804938388,96.22054564985184,-3.710476378427856,-2.328374668365808,-2.328374668365808,-11.760623348904065,true,0.0,3.710476378427856,-0.04371544655931266,0.04371544655931266,81.16744825614086,-6.451460003586054,74.71598825255481,108.63464454459042,-134.25696151712273,100.0,0.08,0.6,0.27,1.0,false
0.02,0.02,0.0,0.0025,0.5,0.275,0.15,1.0,7.0,4.0,12.749965323646162,71.92251887779646,-3.5795672071570195e-5,-2.4258899511656336,-2.4258899511656336,-8.021314552565496,true,0.0,3.5795672071570195e-5,-0.0009114228784571493,0.0009114228784571493,89.24972146985104,7.803825612993552,97.05354708284459,91.95925770097591,-27.40815420635042,100.0,0.08,0.6,0.27,1.0,false
0.02,0.02,0.0,0.0025,0.5,0.275,0.15,1.0,7.0,4.0,13.061499571009733,65.88965672569586,0.6282184507945914,-2.4825750499026387,-2.4825750499026387,-7.282192414493034,true,0.0,0.6282184507945914,0.006870994596198424,0.006870994596198424,92.05871544786272,11.026890211093995,103.08560565895672,89.3031717274138,38.85524613428284,100.0,0.08,0.6,0.27,1.0,false
0.02,0.02,0.0,0.0025,0.5,0.275,0.15,1.0,7.0,4.0,14.309608592438192,94.45218216282545,-6.822054927638476,-2.74508681562613,-2.74508681562613,-13.982137090795936,true,0.0,6.822054927638476,-0.06810663402016003,0.06810663402016003,93.34520521942886,-9.996491473366556,83.3487137460623,111.99357617422001,-250.21487217835175,100.0,0.08,0.6,0.27,1.0,false
0.02,0.02,0.0,0.0025,0.5,0.275,0.15,1.0,7.0,4.0,15.245690358509535,94.43320542900344,-11.646240623624692,-2.78245015774094,-2.78245015774094,-14.464891542329552,true,0.0,11.646240623624692,-0.10912911264718,0.10912911264718,95.07359188594205,-10.19020018184826,84.8833917040938,112.00493992673104,-306.8484775504004,100.0,0.08,0.6,0.27,1.0,false
