gross_delta,delta,iota,kappa,lambda,sigmah,sigmal,mu_b,m,c,p,vb,debt_diff,eq_deriv,eq_deriv_min_val,eq_min_val,eq_negative,eq_vb,abs_debt_diff,debt_per_diff,abs_debt_per_diff,debt,equity,firm_value,leverage,ROE,V0,r,alpha,pi,xi,opt
0.02,0.02,0.0,0.004,0.3,0.3,0.15,1.0,3.0,7.0,24.026802680268027,89.97859832202356,8.638431135108618,2.8378974888804143e-7,2.8378974888804143e-7,0.0026194769443478915,false,0.0,8.638431135108618,0.11984437061203203,0.11984437061203203,80.7188391759127,6.333414136722414,87.05225331263512,92.72458334423933,-67.15231933125989,100.0,0.08,0.6,0.27,1.0,false
0.02,0.02,0.0,0.004,0.3,0.3,0.15,1.0,3.0,7.0,29.755042609524107,92.3256025849307,-5.019508678542181,-0.5996494123905328,-0.5996494123905328,-0.6857407218833261,true,0.0,5.019508678542181,-0.05623146239348707,0.05623146239348707,84.24561915003014,1.370481783831023,85.61610093386116,98.39927096786417,-91.30094799102406,100.0,0.08,0.6,0.27,1.0,false
0.02,0.02,0.0,0.004,0.3,0.3,0.15,1.0,3.0,7.0,30.573362599417834,90.95223447649485,-3.684424161266989,-0.7706733632296167,-0.7706733632296167,-1.0478275598464268,true,0.0,3.684424161266989,-0.04017030783236065,0.04017030783236065,88.03566363698651,1.715042707291436,89.75070634427794,98.0891039445276,-85.66537536847163,100.0,0.08,0.6,0.27,1.0,false
0.02,0.02,0.0,0.004,0.3,0.3,0.15,1.0,3.0,7.0,31.39168258931156,90.4917270360461,-4.546935526659837,-0.9183772158344666,-0.9183772158344666,-1.413045400644534,true,0.0,4.546935526659837,-0.04828174377850442,0.04828174377850442,89.62811224127485,1.4110092369809446,91.0391214782558,98.45010670789705,-86.39583005712764,100.0,0.08,0.6,0.27,1.0,false
0.02,0.02,0.0,0.004,0.3,0.3,0.15,1.0,3.0,7.0,36.614130241291356,85.5899089030414,-0.00037122587077664804,-1.2270586631707372,-1.2270586631707372,-1.9882694396763614,true,0.0,0.00037122587077664804,-0.010354602228313928,0.010354602228313928,109.84201949800331,6.313044332481017,116.15506383048432,94.56498569731389,-164.143790141462,100.0,0.08,0.6,0.27,1.0,false
0.02,0.02,0.0,0.004,0.3,0.3,0.15,1.0,3.0,7.0,37.11992251856764,82.56563012859368,7.538228852271914,-1.196603623092722,-1.196603623092722,-1.7197344944736823,true,0.0,7.538228852271914,0.0676925699265782,0.0676925699265782,118.89799640797483,9.604090579337115,128.50208698731194,92.52612093351806,-150.8206815791554,100.0,0.08,0.6,0.27,1.0,false
