gross_delta,delta,iota,kappa,lambda,sigmah,sigmal,mu_b,m,c,p,vb,debt_diff,eq_deriv,eq_deriv_min_val,eq_min_val,eq_negative,eq_vb,abs_debt_diff,debt_per_diff,abs_debt_per_diff,debt,equity,firm_value,leverage,ROE,V0,r,alpha,pi,xi,opt
0.02,0.02,0.0,0.004,0.3,0.3,0.15,1.0,3.0,4.0,27.251185644880277,86.22377502135738,-1.962532266980432,-0.4775426941789469,-0.4775426941789469,-0.5499076530590884,true,0.0,1.962532266980432,-0.024005466435538816,0.024005466435538816,79.7910246676604,5.491299000263395,85.28232366792379,93.56103496705171,-72.82742489434439,100.0,0.08,0.6,0.27,1.0,false
0.02,0.02,0.0,0.004,0.3,0.3,0.15,1.0,3.0,4.0,28.73288644653939,82.34164421591736,-1.312156357530867,-0.8511459463753649,-0.8511459463753649,-1.385665672692127,true,0.0,1.312156357530867,-0.015222468279477994,0.015222468279477994,84.8865029820873,7.955257988258032,92.84176097034532,91.43137968828594,-47.36322123973452,100.0,0.08,0.6,0.27,1.0,false
0.02,0.02,0.0,0.004,0.3,0.3,0.15,1.0,3.0,4.0,30.2145872481985,76.38166667088424,-0.7201322589612147,-1.4436021399484689,-1.4436021399484689,-2.9724213305344978,true,0.0,0.7201322589612147,-0.007944642246758381,0.007944642246758381,89.9236294856343,13.610597185316658,103.53422667095096,86.85401183458548,35.07440169962257,100.0,0.08,0.6,0.27,1.0,false
0.02,0.02,0.0,0.004,0.3,0.3,0.15,1.0,3.0,4.0,30.62029580178632,70.46004365728216,1.4379646500937114e-5,-1.5525980259791206,-1.5525980259791206,-2.8335568902472654,true,0.0,1.4379646500937114e-5,-6.2776123598061e-5,6.2776123598061e-5,91.86090178500547,23.251718326869007,115.11262011187448,79.80089558879698,185.6792941020509,100.0,0.08,0.6,0.27,1.0,false
0.02,0.02,0.0,0.004,0.3,0.3,0.15,1.0,3.0,4.0,30.95543764902806,65.25494103419226,0.5354403515102888,-1.596910497240302,-1.596910497240302,-2.534878854914355,true,0.0,0.5354403515102888,0.005765711316819331,0.005765711316819331,93.40175329859447,32.338749504722585,125.74050280331706,74.28135820698381,390.1112517941157,100.0,0.08,0.6,0.27,1.0,false
0.02,0.02,0.0,0.004,0.3,0.3,0.15,1.0,3.0,4.0,31.696288049857614,59.8140222725193,0.11405584631684462,-1.4649709731114868,-1.4649709731114868,-1.6673568445809352,true,0.0,0.11405584631684462,0.001199465861085869,0.001199465861085869,95.20291999588969,45.081230986761504,140.2841509826512,67.86434485223019,839.7640011868525,100.0,0.08,0.6,0.27,1.0,false
