gross_delta,delta,iota,kappa,lambda,sigmah,sigmal,mu_b,m,c,p,vb,debt_diff,eq_deriv,eq_deriv_min_val,eq_min_val,eq_negative,eq_vb,abs_debt_diff,debt_per_diff,abs_debt_per_diff,debt,equity,firm_value,leverage,ROE,V0,r,alpha,pi,xi,opt
0.02,0.02,0.0,0.004,0.3,0.3,0.15,1.0,3.0,3.0,24.438521483727317,84.58996925024043,-1.1756795323497329,-0.19033708344510636,-0.19033708344510636,-0.116939524730957,true,0.0,1.1756795323497329,-0.016035879163592517,0.016035879163592517,72.13988491883222,7.152757747119341,79.29264266595156,90.97929201672231,-74.32617300294537,100.0,0.08,0.6,0.27,1.0,false
0.02,0.02,0.0,0.004,0.3,0.3,0.15,1.0,3.0,3.0,25.139395518499217,82.80185197045806,-1.146204702996954,-0.3357630995030794,-0.3357630995030794,-0.31742884637991553,true,0.0,1.146204702996954,-0.015197988115950007,0.015197988115950007,74.2719818525007,8.23009444626585,82.50207629876655,90.02437900294528,-68.01116044351906,100.0,0.08,0.6,0.27,1.0,false
0.02,0.02,0.0,0.004,0.3,0.3,0.15,1.0,3.0,3.0,25.840269553271114,80.06851266178309,-0.8455099982859906,-0.5351395053508428,-0.5351395053508428,-0.6821319141756317,true,0.0,0.8455099982859906,-0.010906877945460618,0.010906877945460618,76.67529866152735,10.308060444725283,86.98335910625264,88.1493879396705,-55.80624894123392,100.0,0.08,0.6,0.27,1.0,false
0.02,0.02,0.0,0.004,0.3,0.3,0.15,1.0,3.0,3.0,26.541143588043013,76.46661314549459,-0.5355276612538091,-0.8055851299101823,-0.8055851299101823,-1.2701827193829136,true,0.0,0.5355276612538091,-0.006725754669378909,0.006725754669378909,79.08790310287523,13.668260923702677,92.7561640265779,85.26430985245763,-34.63945298770137,100.0,0.08,0.6,0.27,1.0,false
0.02,0.02,0.0,0.004,0.3,0.3,0.15,1.0,3.0,3.0,27.24201762281491,70.07951284843028,-0.20746158076694599,-1.3369693154006341,-1.3369693154006341,-2.555990581590489,true,0.0,0.20746158076694599,-0.002538499945677042,0.002538499945677042,81.51859128767778,21.391515177747824,102.9101064654256,79.21339709726696,15.746129046349866,100.0,0.08,0.6,0.27,1.0,false
0.02,0.02,0.0,0.004,0.3,0.3,0.15,1.0,3.0,3.0,27.24201762281491,70.07951284843028,-0.20746158076694599,-1.3369693154006341,-1.3369693154006341,-2.555990581590489,true,0.0,0.20746158076694599,-0.002538499945677042,0.002538499945677042,81.51859128767778,21.391515177747824,102.9101064654256,79.21339709726696,15.746129046349866,100.0,0.08,0.6,0.27,1.0,false
