gross_delta,delta,iota,kappa,lambda,sigmah,sigmal,mu_b,m,c,p,vb,debt_diff,eq_deriv,eq_deriv_min_val,eq_min_val,eq_negative,eq_vb,abs_debt_diff,debt_per_diff,abs_debt_per_diff,debt,equity,firm_value,leverage,ROE,V0,r,alpha,pi,xi,opt
0.02,0.02,0.0,0.004,0.3,0.3,0.15,1.0,3.0,11.0,31.77969902253383,91.21193104058273,2.513806608404792,-1.1532102931573274,-1.1532102931573274,-1.6829719703691775,true,0.0,2.513806608404792,0.026367006671170205,0.026367006671170205,97.85290367600628,1.5144144521709764,99.36731812817726,98.47594311620901,-29.466860184731768,100.0,0.08,0.6,0.27,1.0,false
0.02,0.02,0.0,0.004,0.3,0.3,0.15,1.0,3.0,11.0,32.697322363815324,91.21193104058273,0.6507245386137726,-1.299228079756786,-1.299228079756786,-2.079817791464509,true,0.0,0.6507245386137726,0.006633820871459702,0.006633820871459702,98.74269163005975,0.755490404628931,99.49818203468868,99.24069928798745,-39.91208340839765,100.0,0.08,0.6,0.27,1.0,false
0.02,0.02,0.0,0.004,0.3,0.3,0.15,1.0,3.0,11.0,33.61494570509682,91.21193104058273,-0.16907537665333905,-1.3895917266283757,-1.3895917266283757,-2.3489971806761587,true,0.0,0.16907537665333905,-0.0016765893177064116,0.0016765893177064116,100.67576173863712,0.2041255407346687,100.87988727937179,99.79765486833925,-130.2067325010661,100.0,0.08,0.6,0.27,1.0,false
0.02,0.02,0.0,0.004,0.3,0.3,0.15,1.0,3.0,11.0,33.66172661084441,91.15441371979256,-3.5949056174904834e-5,-1.391492386493905,-1.391492386493905,-2.3530038100174857,true,0.0,3.5949056174904834e-5,-3.795710171878255e-5,3.795710171878255e-5,100.98514388347705,0.24918742574490538,101.23433130922196,99.75385087003365,-125.29452092474067,100.0,0.08,0.6,0.27,1.0,false
0.02,0.02,0.0,0.004,0.3,0.3,0.15,1.0,3.0,11.0,34.53256904637832,89.43106858927518,5.949715861186107,-1.3768915232867505,-1.3768915232867505,-2.2539321206692016,true,0.0,5.949715861186107,0.05743096083386722,0.05743096083386722,109.54742300032107,2.025465845927819,111.5728888462489,98.18462543466183,-121.21479111022633,100.0,0.08,0.6,0.27,1.0,false
0.02,0.02,0.0,0.004,0.3,0.3,0.15,1.0,3.0,11.0,35.45019238765982,89.56639281065614,8.422726371739245,-1.2900216311383061,-1.2900216311383061,-1.9899239351425129,true,0.0,8.422726371739245,0.07919774952261556,0.07919774952261556,114.77330353471869,2.2347235388370223,117.00802707355571,98.09011091398696,-115.12676926717987,100.0,0.08,0.6,0.27,1.0,false
