gross_delta,delta,iota,kappa,lambda,sigmah,sigmal,mu_b,m,c,p,vb,debt_diff,eq_deriv,eq_deriv_min_val,eq_min_val,eq_negative,eq_vb,abs_debt_diff,debt_per_diff,abs_debt_per_diff,debt,equity,firm_value,leverage,ROE,V0,r,alpha,pi,xi,opt
0.02,0.02,0.0,0.004,0.3,0.3,0.15,1.0,3.0,9.0,27.476071291339657,96.35699556345092,-8.289327109493868,-0.2067085652455536,-0.2067085652455536,-0.08594796170895384,true,0.0,8.289327109493868,-0.10056419664949975,0.10056419664949975,74.13888676452511,0.612502080168661,74.75138884469378,99.18061444792521,-97.63157109830654,100.0,0.08,0.6,0.27,1.0,false
0.02,0.02,0.0,0.004,0.3,0.3,0.15,1.0,3.0,9.0,30.441456228085734,91.97977461199687,6.263758755897797e-6,-0.612222899076118,-0.612222899076118,-0.46097052543279665,true,0.0,6.263758755897797e-6,-0.006509445305079185,0.006509445305079185,91.32437494801592,2.741641429968153,94.06601637798407,97.08540710499373,-68.39834117380224,100.0,0.08,0.6,0.27,1.0,false
0.02,0.02,0.0,0.004,0.3,0.3,0.15,1.0,3.0,9.0,31.80379353724846,92.48830274571623,-5.388930268374324,-0.9572623009154437,-0.9572623009154437,-1.3798212544494748,true,0.0,5.388930268374324,-0.056481000838918084,0.056481000838918084,90.02245034337106,0.3629087919483763,90.38535913531943,99.59848719370021,-96.36274632111437,100.0,0.08,0.6,0.27,1.0,false
0.02,0.02,0.0,0.004,0.3,0.3,0.15,1.0,3.0,9.0,32.66933798643022,92.0881867912179,-6.553816128181822,-1.134266552511552,-1.134266552511552,-1.8469034116561913,true,0.0,6.553816128181822,-0.06687020645989279,0.06687020645989279,91.45419783110884,-0.11920578009800656,91.33499205101084,100.13051490717974,-101.39490451267343,100.0,0.08,0.6,0.27,1.0,false
0.02,0.02,0.0,0.004,0.3,0.3,0.15,1.0,3.0,9.0,35.2659713339755,85.65913626451571,8.424703269956936,-1.2804389011326431,-1.2804389011326431,-2.000344651632171,true,0.0,8.424703269956936,0.07963014535242659,0.07963014535242659,114.22261727188344,6.141378202568144,120.36399547445158,94.89766173151695,-143.18036606883163,100.0,0.08,0.6,0.27,1.0,false
0.02,0.02,0.0,0.004,0.3,0.3,0.15,1.0,3.0,9.0,40.45923802906606,89.63134292582005,15.71764666521264,-0.8326742955860101,-0.8326742955860101,-0.8285322922278404,true,0.0,15.71764666521264,0.12949367833637918,0.12949367833637918,137.0953607524108,4.795261162063774,141.8906219144746,96.62045236157034,-112.92684870776498,100.0,0.08,0.6,0.27,1.0,false
