gross_delta,delta,iota,kappa,lambda,sigmah,sigmal,mu_b,m,c,p,vb,debt_diff,eq_deriv,eq_deriv_min_val,eq_min_val,eq_negative,eq_vb,abs_debt_diff,debt_per_diff,abs_debt_per_diff,debt,equity,firm_value,leverage,ROE,V0,r,alpha,pi,xi,opt
0.02,0.02,0.0,0.001,0.1,0.3,0.15,1.0,3.0,7.0,31.94204552034151,89.38347906566526,-2.0638906011315754,-0.2938197765556645,-0.2938197765556645,-0.1409397398155599,true,0.0,2.0638906011315754,-0.021537867174862436,0.021537867174862436,93.76224595989295,7.779820702560966,101.54206666245392,92.33832739644483,24.721504768204248,100.0,0.08,0.6,0.27,1.0,false
0.02,0.02,0.0,0.001,0.1,0.3,0.15,1.0,3.0,7.0,35.33147393686737,86.8395050518915,-1.802537950553571,-0.9039681008705244,-0.9039681008705244,-1.0992243371326424,true,0.0,1.802537950553571,-0.01700596993466756,0.01700596993466756,104.19188386004853,8.152063332463612,112.34394719251215,92.7436559457055,-294.47254753783244,100.0,0.08,0.6,0.27,1.0,false
0.02,0.02,0.0,0.001,0.1,0.3,0.15,1.0,3.0,7.0,36.17883104099884,86.66280185467464,-1.790715328358317,-0.985051714763296,-0.985051714763296,-1.2711910780912272,true,0.0,1.790715328358317,-0.016498739519149836,0.016498739519149836,106.7457777946382,7.9479117639837,114.6936895586219,93.07031468377221,-217.82053909781908,100.0,0.08,0.6,0.27,1.0,false
0.02,0.02,0.0,0.001,0.1,0.3,0.15,1.0,3.0,7.0,37.87354524926177,86.8881917753136,-1.8506671862420347,-1.087735750849651,-1.087735750849651,-1.4941260695583685,true,0.0,1.8506671862420347,-0.016288125603786792,0.016288125603786792,111.76996856154327,7.081541479501027,118.85151004104429,94.04168993977822,-160.1661885711316,100.0,0.08,0.6,0.27,1.0,false
0.02,0.02,0.0,0.001,0.1,0.3,0.15,1.0,3.0,7.0,40.415616561656165,87.30788242782833,-1.5851956089179424,-1.1946818116150058,-1.1946818116150058,-1.7053773255332716,true,0.0,1.5851956089179424,-0.013074117909345286,0.013074117909345286,119.66165407605055,6.236149014875654,125.8978030909262,95.04665779563146,-131.71731630896596,100.0,0.08,0.6,0.27,1.0,false
0.02,0.02,0.0,0.001,0.1,0.3,0.15,1.0,3.0,7.0,40.415616561656165,87.30788242782833,-1.5851956089179424,-1.1946818116150058,-1.1946818116150058,-1.7053773255332716,true,0.0,1.5851956089179424,-0.013074117909345286,0.013074117909345286,119.66165407605055,6.236149014875654,125.8978030909262,95.04665779563146,-131.71731630896596,100.0,0.08,0.6,0.27,1.0,false
