gross_delta,delta,iota,kappa,lambda,sigmah,sigmal,V0,r,alpha,pi,xi,mu_b,m,c,p,vb,sg_debt,debt,debt_diff,abs_debt_diff,debt_per_diff,abs_debt_per_diff,eq_vb,eq_min_val,sg_equity,equity,eq_negative,firm_value,leverage,ROE,cvml_vb,cvmh_vb,eq_deriv
0.02,0.019,0.001,0.015000000000000001,NaN,NaN,0.25,100.0,0.08,0.6,0.27,1.0,1.0,10.0,0.5758825882588259,5.506551471733499,43.84796373674906,55.06624675829667,55.152493519782354,0.08697880244736211,0.08697880244736211,0.0015795512471616035,0.0015795512471616035,2.1316282072803006e-14,NaN,44.747874302864055,44.70124372033708,false,99.85373724011944,55.23327923836893,-0.32613353865076355,NaN,NaN,NaN
