gross_delta,delta,iota,kappa,lambda,sigmah,sigmal,mu_b,m,c,p,vb,debt_diff,eq_deriv,eq_deriv_min_val,eq_min_val,eq_negative,eq_vb,abs_debt_diff,debt_per_diff,abs_debt_per_diff,debt,equity,firm_value,leverage,ROE,V0,r,alpha,pi,xi,opt
0.02,0.02,0.0,0.003,0.5,0.3,0.15,1.0,7.0,3.0,12.300826135245103,91.21193104058273,0.9445608067399434,-1.967451169844441,-1.967451169844441,-9.481450559430531,true,0.0,0.9445608067399434,0.010969771999221698,0.010969771999221698,87.05034375345566,-8.771804801282432,78.27853895217324,111.20588723129062,-167.7377424873592,100.0,0.08,0.6,0.27,1.0,false
0.02,0.02,0.0,0.003,0.5,0.3,0.15,1.0,7.0,3.0,12.62281282305088,91.02826040483701,9.744718375011719e-6,-2.0084878440725884,-2.0084878440725884,-9.723893763900497,true,0.0,9.744718375011719e-6,0.0001000268217797103,0.0001000268217797103,88.35969950607455,-8.893930937652089,79.46576856842246,111.19215367557183,-176.40636891026506,100.0,0.08,0.6,0.27,1.0,false
0.02,0.02,0.0,0.003,0.5,0.3,0.15,1.0,7.0,3.0,12.94590906459067,89.208569961553,-0.23966344439364207,-2.1516053503467485,-2.1516053503467485,-10.311183859975861,true,0.0,0.23966344439364207,-0.0026446682687601576,0.0026446682687601576,90.38170000774105,-10.115416938204271,80.26628306953677,112.60232385426522,-205.16844916820443,100.0,0.08,0.6,0.27,1.0,false
0.02,0.02,0.0,0.003,0.5,0.3,0.15,1.0,7.0,3.0,13.268450529263452,86.02875544966133,-0.17768276400357763,-2.377753656136402,-2.377753656136402,-11.157876462136889,true,0.0,0.17768276400357763,-0.0019130532193287037,0.0019130532193287037,92.7014709408406,-11.09866871759819,81.6028022232424,113.60084263679494,-252.06719912514063,100.0,0.08,0.6,0.27,1.0,false
0.02,0.02,0.0,0.003,0.5,0.3,0.15,1.0,7.0,3.0,13.590991993936235,81.79193606302172,-0.1487102142453125,-2.665914143984874,-2.665914143984874,-12.175251409341469,true,0.0,0.1487102142453125,-0.0015631174185252485,0.0015631174185252485,94.98823374330834,-10.800969874360323,84.18726386894802,112.82969582094258,-315.5122430129095,100.0,0.08,0.6,0.27,1.0,false
0.02,0.02,0.0,0.003,0.5,0.3,0.15,1.0,7.0,3.0,16.493865175991285,73.25085682254401,-0.1474413975933544,-2.5090963650461986,-2.5090963650461986,-9.397583907396122,true,0.0,0.1474413975933544,-0.001277023703922979,0.001277023703922979,115.30961483434564,-3.389458216529387,111.92015661781625,103.02846093050395,-77.8605911827026,100.0,0.08,0.6,0.27,1.0,false
