gross_delta,delta,iota,kappa,lambda,sigmah,sigmal,mu_b,m,c,p,vb,debt_diff,eq_deriv,eq_deriv_min_val,eq_min_val,eq_negative,eq_vb,abs_debt_diff,debt_per_diff,abs_debt_per_diff,debt,equity,firm_value,leverage,ROE,V0,r,alpha,pi,xi,opt
0.02,0.02,0.0,0.001,0.5,0.275,0.15,1.0,10.0,5.0,4.565789473684211,100.0,14.342107647343397,-3.688066727424126,-3.688066727424126,-20.504023601986283,true,0.0,14.342107647343397,0.314121089682449,0.314121089682449,60.00000238418551,0.7122731467073542,60.71227553089286,98.82680538576598,-98.21931702709466,100.0,0.08,0.6,0.27,1.0,false
0.02,0.02,0.0,0.001,0.5,0.275,0.15,1.0,10.0,5.0,4.723684210526316,100.0,12.76316027892235,-3.707496385067426,-3.707496385067426,-20.62249993307301,true,0.0,12.76316027892235,0.27019503654543137,0.27019503654543137,60.00000238418551,0.7160229450833764,60.71602532926888,98.82070188026914,-98.20994253059582,100.0,0.08,0.6,0.27,1.0,false
0.02,0.02,0.0,0.001,0.5,0.275,0.15,1.0,10.0,5.0,4.9605263157894735,100.0,10.394739226290774,-3.736640871600245,-3.736640871600245,-20.800214430513158,true,0.0,10.394739226290774,0.20954911968119333,0.20954911968119333,60.00000238418551,0.721647642660419,60.72165002684593,98.81154803543485,-98.19588078581508,100.0,0.08,0.6,0.27,1.0,false
0.02,0.02,0.0,0.001,0.5,0.275,0.15,1.0,10.0,5.0,5.197368421052632,100.0,8.026318173659192,-3.7646817282698786,-3.7646817282698786,-20.96659129746949,true,0.0,8.026318173659192,0.1544304256197718,0.1544304256197718,60.00000238418551,0.7396446752982063,60.739647059483715,98.78227037675433,-98.15088820153885,100.0,0.08,0.6,0.27,1.0,false
0.02,0.02,0.0,0.001,0.5,0.275,0.15,1.0,10.0,5.0,5.5131578947368425,100.0,4.868423436817082,-3.80353396133983,-3.80353396133983,-21.203575224250585,true,0.0,4.868423436817082,0.0883055325055127,0.0883055325055127,60.00000238418551,0.7472726045036177,60.74727498868913,98.76986645961854,-98.13181837738867,100.0,0.08,0.6,0.27,1.0,false
0.02,0.02,0.0,0.001,0.5,0.275,0.15,1.0,10.0,5.0,5.5131578947368425,100.0,4.868423436817082,-3.80353396133983,-3.80353396133983,-21.203575224250585,true,0.0,4.868423436817082,0.0883055325055127,0.0883055325055127,60.00000238418551,0.7472726045036177,60.74727498868913,98.76986645961854,-98.13181837738867,100.0,0.08,0.6,0.27,1.0,false
