gross_delta,delta,iota,kappa,lambda,sigmah,sigmal,mu_b,m,c,p,vb,debt_diff,eq_deriv,eq_deriv_min_val,eq_min_val,eq_negative,eq_vb,abs_debt_diff,debt_per_diff,abs_debt_per_diff,debt,equity,firm_value,leverage,ROE,V0,r,alpha,pi,xi,opt
0.02,0.02,0.0,0.001,0.5,0.275,0.15,1.0,10.0,4.0,5.953916444276006,100.0,0.46083794142545287,-2.955433701451813,-2.955433701451813,-15.999782047567232,true,0.0,0.46083794142545287,0.0077400807642924625,0.0077400807642924625,60.00000238418551,0.5412656956353664,60.541268079820874,99.10595580039431,-98.64683568025671,100.0,0.08,0.6,0.27,1.0,false
0.02,0.02,0.0,0.001,0.5,0.275,0.15,1.0,10.0,4.0,6.000005221758598,99.99999999999999,-4.9833400471954855e-5,-2.960901831397831,-2.960901831397831,-16.032448247831233,true,0.0,4.9833400471954855e-5,-2.863787949635392e-7,2.863787949635392e-7,60.000002384185514,0.5467744742756359,60.54677685846115,99.09693875934335,-98.63306373283517,100.0,0.08,0.6,0.27,1.0,false
0.02,0.02,0.0,0.001,0.5,0.275,0.15,1.0,10.0,4.0,6.082906974908016,100.0,-0.8290673648946552,-2.9708601072944143,-2.9708601072944143,-16.09223708310367,true,0.0,0.8290673648946552,-0.013629459867043127,0.013629459867043127,60.00000238418551,0.5540095178936187,60.554011902079125,99.08509857482358,-98.61497612271211,100.0,0.08,0.6,0.27,1.0,false
0.02,0.02,0.0,0.001,0.5,0.275,0.15,1.0,10.0,4.0,6.469878566804048,100.0,-4.698783283854965,-3.0184846653135953,-3.0184846653135953,-16.380920333598272,true,0.0,4.698783283854965,-0.07262552512134772,0.07262552512134772,60.00000238418551,0.562883006463899,60.562885390649406,99.07058092950307,-98.59279239996415,100.0,0.08,0.6,0.27,1.0,false
0.02,0.02,0.0,0.001,0.5,0.275,0.15,1.0,10.0,4.0,6.856850158700079,100.0,-8.568499202815289,-3.0661092235479614,-3.0661092235479614,-16.66960358657131,true,0.0,8.568499202815289,-0.12496261409392828,0.12496261409392828,60.00000238418551,0.5717564950740109,60.57175887925952,99.05606753765609,-98.57060867711662,100.0,0.08,0.6,0.27,1.0,false
0.02,0.02,0.0,0.001,0.5,0.275,0.15,1.0,10.0,4.0,7.243821750596111,100.0,-12.438215121775599,-3.1137337819959354,-3.1137337819959354,-16.95828684200462,true,0.0,12.438215121775599,-0.17170791261880552,0.17170791261880552,60.00000238418551,0.580629983723661,60.58063236790917,99.0415583974141,-98.54842495417024,100.0,0.08,0.6,0.27,1.0,false
