gross_delta,delta,iota,kappa,lambda,sigmah,sigmal,mu_b,m,c,p,vb,debt_diff,eq_deriv,eq_deriv_min_val,eq_min_val,eq_negative,eq_vb,abs_debt_diff,debt_per_diff,abs_debt_per_diff,debt,equity,firm_value,leverage,ROE,V0,r,alpha,pi,xi,opt
0.02,0.02,0.0,0.005,0.3,0.25,0.15,1.0,3.0,7.0,30.303190845400326,90.57377113510665,-1.8508976977883123,-0.3789047403078164,-0.3789047403078164,-0.25554776818355984,true,0.0,1.8508976977883123,-0.02035976681169927,0.02035976681169927,89.05867483841267,4.93874670835048,93.99742154676315,94.74587001740949,-54.86153061523689,100.0,0.08,0.6,0.27,1.0,false
0.02,0.02,0.0,0.005,0.3,0.25,0.15,1.0,3.0,7.0,31.801222227485905,88.31225852473749,-1.5297551009048362,-0.7351156545661304,-0.7351156545661304,-0.8324409035378676,true,0.0,1.5297551009048362,-0.01603455248734291,0.01603455248734291,93.87391158155287,6.067617292410082,99.94152887396295,93.92883282778074,-0.9544610205261206,100.0,0.08,0.6,0.27,1.0,false
0.02,0.02,0.0,0.005,0.3,0.25,0.15,1.0,3.0,7.0,33.29925360957148,86.51641159294599,-1.5994268911488092,-0.9663380597661042,-0.9663380597661042,-1.314063161493346,true,0.0,1.5994268911488092,-0.016010638055153213,0.016010638055153213,98.29833393756563,7.2069108783766636,105.50524481594229,93.16914444305647,323.5208680172301,100.0,0.08,0.6,0.27,1.0,false
0.02,0.02,0.0,0.005,0.3,0.25,0.15,1.0,3.0,7.0,33.66732360084982,85.38448815592885,2.121365781093676e-7,-0.9749735293892827,-0.9749735293892827,-1.299879140489636,true,0.0,2.121365781093676e-7,-0.0001444655058684097,0.0001444655058684097,101.00197101468605,8.800468814379872,109.80243982906592,91.98517917445193,-978.3157082779837,100.0,0.08,0.6,0.27,1.0,false
0.02,0.02,0.0,0.005,0.3,0.25,0.15,1.0,3.0,7.0,34.048269300614265,84.31553317062641,1.7398035275523114,-0.9674489160473682,-0.9674489160473682,-1.2458605316011413,true,0.0,1.7398035275523114,0.01703271623188322,0.01703271623188322,103.88461142939511,10.393670423084863,114.27828185247998,90.90494689401972,-367.5601050966201,100.0,0.08,0.6,0.27,1.0,false
0.02,0.02,0.0,0.005,0.3,0.25,0.15,1.0,3.0,7.0,34.79728499165706,84.72290143563518,1.737632104294704,-0.9385704259671328,-0.9385704259671328,-1.1696870202936105,true,0.0,1.737632104294704,0.01664528429647424,0.01664528429647424,106.12948707926589,9.863656971126552,115.99314405039243,91.49634484703566,-260.9214089787738,100.0,0.08,0.6,0.27,1.0,false
