gross_delta,delta,iota,kappa,lambda,sigmah,sigmal,mu_b,m,c,p,vb,debt_diff,eq_deriv,eq_deriv_min_val,eq_min_val,eq_negative,eq_vb,abs_debt_diff,debt_per_diff,abs_debt_per_diff,debt,equity,firm_value,leverage,ROE,V0,r,alpha,pi,xi,opt
0.02,0.02,0.0,0.005,0.3,0.25,0.15,1.0,3.0,10.0,32.77123501823866,91.21193104058273,-1.0467593510865214,-0.786294963150755,-0.786294963150755,-0.8152958626346237,true,0.0,1.0467593510865214,-0.010647135620653832,0.010647135620653832,97.26694570362947,3.837295355462861,101.10424105909233,96.20461484576094,40.40318776537879,100.0,0.08,0.6,0.27,1.0,false
0.02,0.02,0.0,0.005,0.3,0.25,0.15,1.0,3.0,10.0,33.58971160273922,91.21193104058273,-2.231134517912892,-0.882802684784225,-0.882802684784225,-1.0064199246155268,true,0.0,2.231134517912892,-0.022141050651661883,0.022141050651661883,98.53800029030478,3.3090699355563986,101.84707022586117,96.75094243926895,126.33861782682794,100.0,0.08,0.6,0.27,1.0,false
0.02,0.02,0.0,0.005,0.3,0.25,0.15,1.0,3.0,10.0,33.944254650277806,90.33457420336873,-8.893630286449516e-5,-0.9112177560906888,-0.9112177560906888,-1.0486139503281888,true,0.0,8.893630286449516e-5,-0.0002191362709313392,0.0002191362709313392,101.83267501453054,4.291335639557726,106.12401065408827,95.95630092275219,-334.1569348375171,100.0,0.08,0.6,0.27,1.0,false
0.02,0.02,0.0,0.005,0.3,0.25,0.15,1.0,3.0,10.0,34.40818818723978,89.3756411978657,2.7828541811550878,-0.9256638912096361,-0.9256638912096361,-1.0592492425470181,true,0.0,2.7828541811550878,0.026959224221199615,0.026959224221199615,106.00741874287444,5.427507464003443,111.43492620687788,95.12943773666855,-190.34674785141556,100.0,0.08,0.6,0.27,1.0,false
0.02,0.02,0.0,0.005,0.3,0.25,0.15,1.0,3.0,10.0,35.22666477174033,89.50289000507073,3.8836154822515567,-0.8803838385867562,-0.8803838385867562,-0.957728197683206,true,0.0,3.8836154822515567,0.03674882372407739,0.03674882372407739,109.56360979747255,5.376199984084999,114.93980978155756,95.32259537030518,-156.21517500124074,100.0,0.08,0.6,0.27,1.0,false
0.02,0.02,0.0,0.005,0.3,0.25,0.15,1.0,3.0,10.0,36.04514135624089,89.63016091235798,6.443974752112538,-0.797010651968146,-0.797010651968146,-0.7806041441322165,true,0.0,6.443974752112538,0.05959170926279659,0.05959170926279659,114.57939882083521,5.6404356721756574,120.21983449301086,95.30823204343741,-138.6877109371272,100.0,0.08,0.6,0.27,1.0,false
