gross_delta,delta,iota,kappa,lambda,sigmah,sigmal,mu_b,m,c,p,vb,debt_diff,eq_deriv,eq_deriv_min_val,eq_min_val,eq_negative,eq_vb,abs_debt_diff,debt_per_diff,abs_debt_per_diff,debt,equity,firm_value,leverage,ROE,V0,r,alpha,pi,xi,opt
0.02,0.02,0.0,0.003,0.2,0.25,0.15,1.0,5.0,8.0,16.9874329538217,99.29437052777664,-19.489821898838514,-0.3557251934092842,-0.3557251934092842,-0.21672956768454052,true,0.0,19.489821898838514,-0.22946164911224975,0.22946164911224975,65.44734287026998,-0.15049725745179254,65.29684561281819,100.23048166575177,-100.43555914350304,100.0,0.08,0.6,0.27,1.0,false
0.02,0.02,0.0,0.003,0.2,0.25,0.15,1.0,5.0,8.0,19.009119332985932,97.61614956352574,-16.262333731605807,-0.8215493497491773,-0.8215493497491773,-1.023048495539225,true,0.0,16.262333731605807,-0.1711003381770168,0.1711003381770168,78.78326293332385,-1.0011292115652337,77.78213372175863,101.28709404546095,-104.71858235514284,100.0,0.08,0.6,0.27,1.0,false
0.02,0.02,0.0,0.003,0.2,0.25,0.15,1.0,5.0,8.0,19.514540927776988,97.72583213479352,-19.27048473848464,-0.8912981844887027,-0.8912981844887027,-1.191700819060488,true,0.0,19.27048473848464,-0.19749872476943633,0.19749872476943633,78.3022199004003,-1.120540819463341,77.18167908093696,101.45182228840639,-105.164310884891,100.0,0.08,0.6,0.27,1.0,false
0.02,0.02,0.0,0.003,0.2,0.25,0.15,1.0,5.0,8.0,20.019962522568047,97.29432265579096,-18.236305008792556,-0.9556515883606261,-0.9556515883606261,-1.3466027180336464,true,0.0,18.236305008792556,-0.18218121026185924,0.18218121026185924,81.86350760404768,-1.3173462161412746,80.54616138790641,101.63551706678733,-107.26351152902795,100.0,0.08,0.6,0.27,1.0,false
0.02,0.02,0.0,0.003,0.2,0.25,0.15,1.0,5.0,8.0,20.348838588843304,95.09922649947511,-0.0013390106723285555,-0.9627206087897222,-0.9627206087897222,-1.3087197233586236,true,0.0,0.0013390106723285555,-0.0012320222937349107,0.0012320222937349107,101.7428539335442,-0.3967225381668755,101.34613139537733,100.39145306555328,-77.23718950100903,100.0,0.08,0.6,0.27,1.0,false
0.02,0.02,0.0,0.003,0.2,0.25,0.15,1.0,5.0,8.0,20.525384117359106,92.80804983693419,20.169772899096543,-0.9451381365820634,-0.9451381365820634,-1.2027313014805967,true,0.0,20.169772899096543,0.19653491290365854,0.19653491290365854,122.79669348589208,0.7770792088219517,123.57377269471402,99.37116170213423,-103.40873648760885,100.0,0.08,0.6,0.27,1.0,false
