gross_delta,delta,iota,kappa,lambda,sigmah,sigmal,mu_b,m,c,p,vb,debt_diff,eq_deriv,eq_deriv_min_val,eq_min_val,eq_negative,eq_vb,abs_debt_diff,debt_per_diff,abs_debt_per_diff,debt,equity,firm_value,leverage,ROE,V0,r,alpha,pi,xi,opt
0.02,0.02,0.0,0.003,0.2,0.25,0.15,1.0,5.0,2.0,15.89002058100547,84.99382768964493,-1.3293559270026805,9.90536470934708e-7,9.90536470934708e-7,0.0008117585557819778,false,0.0,1.3293559270026805,-0.016731959788545008,0.016731959788545008,78.12074697802467,8.312336833665254,86.43308381168993,90.38292229422801,-62.00813242885205,100.0,0.08,0.6,0.27,1.0,false
0.02,0.02,0.0,0.003,0.2,0.25,0.15,1.0,5.0,2.0,17.13253562198325,80.8467805604893,-1.4506279898482575,-0.3171561941684627,-0.3171561941684627,-0.27605713858421294,true,0.0,1.4506279898482575,-0.016934189099095345,0.016934189099095345,84.212050120068,11.024777502143031,95.23682762221102,88.42382954430556,-30.169669995237435,100.0,0.08,0.6,0.27,1.0,false
0.02,0.02,0.0,0.003,0.2,0.25,0.15,1.0,5.0,2.0,17.54670730230918,78.31710219996093,-1.0837835763688588,-0.4848618935250064,-0.4848618935250064,-0.5657901396185987,true,0.0,1.0837835763688588,-0.012353127657474866,0.012353127657474866,86.64975293517705,13.234822283069883,99.88457521824694,86.74988379922334,-0.8645891060488742,100.0,0.08,0.6,0.27,1.0,false
0.02,0.02,0.0,0.003,0.2,0.25,0.15,1.0,5.0,2.0,18.375050662961034,71.7805342957519,-0.6458402518405251,-0.964788400121904,-0.964788400121904,-1.6350771181476522,true,0.0,0.6458402518405251,-0.007029534379922648,0.007029534379922648,91.22941306296464,20.493874661321648,111.72328772428628,81.65657753296969,133.6659428661795,100.0,0.08,0.6,0.27,1.0,false
0.02,0.02,0.0,0.003,0.2,0.25,0.15,1.0,5.0,2.0,18.78922234328696,65.10891258368825,-0.2244576349633718,-1.2978349323863576,-1.2978349323863576,-2.2979906333233506,true,0.0,0.2244576349633718,-0.0023892168697824405,0.0023892168697824405,93.72165408147141,30.808745032546472,124.53039911401788,75.26006079500435,390.71436063476585,100.0,0.08,0.6,0.27,1.0,false
0.02,0.02,0.0,0.003,0.2,0.25,0.15,1.0,5.0,2.0,18.78922234328696,65.10891258368825,-0.2244576349633718,-1.2978349323863576,-1.2978349323863576,-2.2979906333233506,true,0.0,0.2244576349633718,-0.0023892168697824405,0.0023892168697824405,93.72165408147141,30.808745032546472,124.53039911401788,75.26006079500435,390.71436063476585,100.0,0.08,0.6,0.27,1.0,false
