gross_delta,delta,iota,kappa,lambda,sigmah,sigmal,mu_b,m,c,p,vb,debt_diff,eq_deriv,eq_deriv_min_val,eq_min_val,eq_negative,eq_vb,abs_debt_diff,debt_per_diff,abs_debt_per_diff,debt,equity,firm_value,leverage,ROE,V0,r,alpha,pi,xi,opt
0.02,0.02,0.0,0.005,0.2,0.275,0.15,1.0,3.0,6.0,29.112221748490636,89.82037557216736,-1.8211078610076328,-0.26435990653976144,-0.26435990653976144,-0.14034102146340155,true,0.0,1.8211078610076328,-0.02085158456518983,0.02085158456518983,85.51555738446427,5.679118066863249,91.19467545132753,93.77253327701757,-60.79160090860562,100.0,0.08,0.6,0.27,1.0,false
0.02,0.02,0.0,0.005,0.2,0.275,0.15,1.0,3.0,6.0,29.553284048060423,87.96319439494599,4.7704405837634416e-5,-0.4348810345676769,-0.4348810345676769,-0.4586753263743099,true,0.0,4.7704405837634416e-5,-0.002983192103677997,0.002983192103677997,88.65989984858699,7.495787743682739,96.15568759226973,92.20453003730032,-33.90016275342382,100.0,0.08,0.6,0.27,1.0,false
0.02,0.02,0.0,0.005,0.2,0.275,0.15,1.0,3.0,6.0,35.15535237734299,81.88235032131504,1.1705425921607286,-1.1782076345713908,-1.1782076345713908,-1.7753921276614248,true,0.0,1.1705425921607286,0.011098761288623605,0.011098761288623605,106.63659972418971,11.88214554977454,118.51874527396424,89.974458873735,-279.03965951819225,100.0,0.08,0.6,0.27,1.0,false
0.02,0.02,0.0,0.005,0.2,0.275,0.15,1.0,3.0,6.0,35.910743705949535,82.45523713049981,0.948195319871914,-1.1821629407905734,-1.1821629407905734,-1.779291748280515,true,0.0,0.948195319871914,0.008801407991213699,0.008801407991213699,108.68042643772053,11.00611910123452,119.68654553895504,90.8042135800032,-226.79237800354795,100.0,0.08,0.6,0.27,1.0,false
0.02,0.02,0.0,0.005,0.2,0.275,0.15,1.0,3.0,6.0,36.66613503455608,83.02887712164187,1.042877563032519,-1.186359030454072,-1.186359030454072,-1.7832662415389415,true,0.0,1.042877563032519,0.00948084258175977,0.00948084258175977,111.04128266670075,10.193346383106183,121.23462904980694,91.59205050322838,-192.32030997492848,100.0,0.08,0.6,0.27,1.0,false
0.02,0.02,0.0,0.005,0.2,0.275,0.15,1.0,3.0,6.0,37.42152636316263,83.22159805478655,0.30809492987597764,-1.1835834563685945,-1.1835834563685945,-1.7459567456072462,true,0.0,0.30809492987597764,0.0027443645393298117,0.0027443645393298117,112.57267401936386,10.12630857198083,122.69898259134469,91.74703134604871,-180.5422025289509,100.0,0.08,0.6,0.27,1.0,false
