gross_delta,delta,iota,kappa,lambda,sigmah,sigmal,mu_b,m,c,p,vb,debt_diff,eq_deriv,eq_deriv_min_val,eq_min_val,eq_negative,eq_vb,abs_debt_diff,debt_per_diff,abs_debt_per_diff,debt,equity,firm_value,leverage,ROE,V0,r,alpha,pi,xi,opt
0.02,0.02,0.0,0.005,0.2,0.275,0.15,1.0,3.0,7.0,28.36324948284302,91.21193104058273,-0.10952503147143489,-0.10131598045492692,-0.10131598045492692,-0.020332687221356765,true,0.0,0.10952503147143489,-0.0012871707046787988,0.0012871707046787988,84.98022341705763,5.487396726346045,90.46762014340368,93.93440800404855,-63.46552363117064,100.0,0.08,0.6,0.27,1.0,false
0.02,0.02,0.0,0.005,0.2,0.275,0.15,1.0,3.0,7.0,30.704991551786755,89.96157344250655,-1.8486992791802095,-0.47178889857704626,-0.47178889857704626,-0.3828499803083381,true,0.0,1.8486992791802095,-0.020069476066154807,0.020069476066154807,90.26627537618006,5.17508299359352,95.44135836977358,94.57773539481342,-46.83347645844339,100.0,0.08,0.6,0.27,1.0,false
0.02,0.02,0.0,0.005,0.2,0.275,0.15,1.0,3.0,7.0,33.827314310378405,86.65153553154795,-1.6365240374441044,-1.0518657146155268,-1.0518657146155268,-1.543572151903615,true,0.0,1.6365240374441044,-0.016126258427616384,0.016126258427616384,99.84541889369112,6.376434078135185,106.22185297182631,93.99706002132496,4024.9763508574433,100.0,0.08,0.6,0.27,1.0,false
0.02,0.02,0.0,0.005,0.2,0.275,0.15,1.0,3.0,7.0,34.59848890865514,85.65152677694816,-7.855711749020153e-5,-1.0936521062963354,-1.0936521062963354,-1.598714284505803,true,0.0,7.855711749020153e-5,-0.0002376974127259445,0.0002376974127259445,103.79538816884794,7.587254086047208,111.38264225489515,93.18811806539475,-299.9071965371665,100.0,0.08,0.6,0.27,1.0,false
0.02,0.02,0.0,0.005,0.2,0.275,0.15,1.0,3.0,7.0,35.38847568967423,84.94740780060935,1.716837315526476,-1.0973447375186833,-1.0973447375186833,-1.566551360260652,true,0.0,1.716837315526476,0.016171340924482757,0.016171340924482757,107.88226438454916,8.617460325139618,116.49972470968878,92.60302086840645,-209.3272174685182,100.0,0.08,0.6,0.27,1.0,false
0.02,0.02,0.0,0.005,0.2,0.275,0.15,1.0,3.0,7.0,36.94963706897005,86.16510232523945,1.7069201968788406,-1.0861078848102235,-1.0861078848102235,-1.5278581864696112,true,0.0,1.7069201968788406,0.015398619420742077,0.015398619420742077,112.55583140378899,6.9897753351702665,119.54560673895925,94.15304708734868,-155.66955393380763,100.0,0.08,0.6,0.27,1.0,false
