gross_delta,delta,iota,kappa,lambda,sigmah,sigmal,V0,r,alpha,pi,xi,mu_b,m,c,p,vb,sg_debt,debt,debt_diff,abs_debt_diff,debt_per_diff,abs_debt_per_diff,eq_vb,eq_min_val,sg_equity,equity,eq_negative,firm_value,leverage,ROE,cvml_vb,cvmh_vb,eq_deriv
0.02,0.0175,0.0025,0.01,NaN,NaN,0.25,100.0,0.08,0.6,0.27,1.0,1.0,10.0,0.6444894489448945,6.07848884706692,50.930908810919995,60.785227664251714,60.884013559051745,0.09912508838254297,0.09912508838254297,0.0016307521635146906,0.0016307521635146906,1.0125233984581428e-13,NaN,34.03933456247259,33.96734926406002,false,94.85136282311177,64.18886534355262,-13.16248839757861,NaN,NaN,NaN
