gross_delta,delta,iota,kappa,lambda,sigmah,sigmal,V0,r,alpha,pi,xi,mu_b,m,c,p,vb,sg_debt,debt,debt_diff,abs_debt_diff,debt_per_diff,abs_debt_per_diff,eq_vb,eq_min_val,sg_equity,equity,eq_negative,firm_value,leverage,ROE,cvml_vb,cvmh_vb,eq_deriv
0.02,0.01975,0.00025,0.005,NaN,NaN,0.3,100.0,0.08,0.6,0.27,1.0,1.0,10.0,0.6677667766776678,6.27719251676266,43.71412067319767,62.77070810522117,62.77034124413661,-0.0015839234899885923,0.0015839234899885923,-2.5232992070242737e-5,2.5232992070242737e-5,7.105427357601002e-15,NaN,44.42652034999389,44.37656396432928,false,107.14690520846588,58.583438431572176,19.196805577328323,NaN,NaN,NaN
