gross_delta,delta,iota,kappa,lambda,sigmah,sigmal,mu_b,m,c,p,vb,debt_diff,eq_deriv,eq_deriv_min_val,eq_min_val,eq_negative,eq_vb,abs_debt_diff,debt_per_diff,abs_debt_per_diff,debt,equity,firm_value,leverage,ROE,V0,r,alpha,pi,xi,opt
0.02,0.02,0.0,0.003,0.75,0.2,0.15,1.0,3.0,4.0,27.193621993778326,84.93540598715774,0.9579212362818907,0.00035657706936617005,0.00035657706936617005,0.0008002820162083805,false,0.0,0.9579212362818907,0.011741984162083486,0.011741984162083486,82.53878721761687,11.821722521761453,94.36050973937833,87.4717479225019,-32.29724264234063,100.0,0.08,0.6,0.27,1.0,false
0.02,0.02,0.0,0.003,0.75,0.2,0.15,1.0,3.0,4.0,27.644082626102684,85.06206908375967,-1.4377842884868552e-5,0.024720492909694712,0.026073043472887882,0.06815243046063689,false,0.0,1.4377842884868552e-5,1.8120969395699017e-5,1.8120969395699017e-5,82.93223350046519,12.162269849542978,95.09450335000817,87.21033348817429,-28.741292248904003,100.0,0.08,0.6,0.27,1.0,false
0.02,0.02,0.0,0.003,0.75,0.2,0.15,1.0,3.0,4.0,28.39676336054658,85.32202153536853,-0.853297386473173,-0.09330294734105514,-0.09330294734105514,-0.019365612845229762,true,0.0,0.853297386473173,-0.010016369068064438,0.010016369068064438,84.33699269516657,11.13720776010983,95.4742004552764,88.33485097858777,-28.894831347789697,100.0,0.08,0.6,0.27,1.0,false
0.02,0.02,0.0,0.003,0.75,0.2,0.15,1.0,3.0,4.0,29.599904727314836,80.20557162095022,-0.4482857675901073,-0.4688075483605628,-0.4688075483605628,-0.3733812443797157,true,0.0,0.4482857675901073,-0.0050482793972917595,0.0050482793972917595,88.3514284143544,17.507119438035893,105.8585478523903,83.46178008936235,50.2941309955095,100.0,0.08,0.6,0.27,1.0,false
0.02,0.02,0.0,0.003,0.75,0.2,0.15,1.0,3.0,4.0,30.201475410698965,73.29134724631861,0.2717943738985724,-0.5674657108212953,-0.5674657108212953,-0.44198154217936064,true,0.0,0.2717943738985724,0.002999791347967153,0.002999791347967153,90.87622060599547,28.971345091407887,119.84756569740335,75.82650517528569,217.5366680878508,100.0,0.08,0.6,0.27,1.0,false
0.02,0.02,0.0,0.003,0.75,0.2,0.15,1.0,3.0,4.0,30.803046094083093,66.90845638082578,0.1437413791237816,-0.19242745518663326,-0.22439792399416542,-0.03874869011973678,true,0.0,0.1437413791237816,0.0015554887946768426,0.0015554887946768426,92.55287966137305,42.36674228527467,134.91962194664774,68.59853172281488,468.901002787958,100.0,0.08,0.6,0.27,1.0,false
