gross_delta,delta,iota,kappa,lambda,sigmah,sigmal,mu_b,m,c,p,vb,debt_diff,eq_deriv,eq_deriv_min_val,eq_min_val,eq_negative,eq_vb,abs_debt_diff,debt_per_diff,abs_debt_per_diff,debt,equity,firm_value,leverage,ROE,V0,r,alpha,pi,xi,opt
0.02,0.02,0.0,0.003,0.75,0.2,0.15,1.0,3.0,1.0,11.384525294634726,44.89441841037983,0.22854738062893887,0.3590324064715731,0.3590324064715731,0.01799480050280836,false,0.0,0.22854738062893887,0.006691755539912534,0.006691755539912534,34.382123264533114,41.68914808688541,76.07127135141852,45.19725075410086,-36.46678289370471,100.0,0.08,0.6,0.27,1.0,false
0.02,0.02,0.0,0.003,0.75,0.2,0.15,1.0,3.0,1.0,11.575258841673639,45.653055764923614,0.028492525783661904,0.3587072392519289,0.3587072392519289,0.018093938047681644,false,0.0,0.028492525783661904,0.0008205007528955391,0.0008205007528955391,34.75426905080458,41.09941989675355,75.85368894755814,45.81750674622052,-37.008261998388456,100.0,0.08,0.6,0.27,1.0,false
0.02,0.02,0.0,0.003,0.75,0.2,0.15,1.0,3.0,1.0,11.765992388712554,44.124850810170685,0.09718152649028866,0.29885546623341386,0.29885546623341386,0.014943918675475482,false,0.0,0.09718152649028866,0.002753175515777647,0.002753175515777647,35.39515869262795,44.13200661871677,79.52716531134473,44.50700405837142,-31.68931967691271,100.0,0.08,0.6,0.27,1.0,false
0.02,0.02,0.0,0.003,0.75,0.2,0.15,1.0,3.0,1.0,11.948423221421722,45.438175045939374,3.693642513418263e-8,0.3167124449071617,0.3167124449071617,0.015985244786140745,false,0.0,3.693642513418263e-8,2.4542318021957113e-6,2.4542318021957113e-6,35.84526970120158,42.548858337537354,78.39412803873893,45.72443191598282,-33.67775355088,100.0,0.08,0.6,0.27,1.0,false
0.02,0.02,0.0,0.003,0.75,0.2,0.15,1.0,3.0,1.0,11.956725935751468,45.4272031080918,-0.005961249420508352,0.31443473400181626,0.31443473400181626,0.015878330307799657,false,0.0,0.005961249420508352,-0.00016618956985774253,0.00016618956985774253,35.8642165578339,42.61705641506042,78.48127297289432,45.69780178033122,-33.551826877596355,100.0,0.08,0.6,0.27,1.0,false
0.02,0.02,0.0,0.003,0.75,0.2,0.15,1.0,3.0,1.0,12.147459482790383,38.013905015987824,-0.034184327649001034,3.9431350142888786e-7,3.9431350142888786e-7,-1.3857892350572937e-6,false,0.0,0.034184327649001034,-0.0009380377764703488,0.0009380377764703488,36.40819412072215,57.258453886778746,93.6666480075009,38.869965879217276,-9.959383767968921,100.0,0.08,0.6,0.27,1.0,false
