gross_delta,delta,iota,kappa,lambda,sigmah,sigmal,mu_b,m,c,p,vb,debt_diff,eq_deriv,eq_deriv_min_val,eq_min_val,eq_negative,eq_vb,abs_debt_diff,debt_per_diff,abs_debt_per_diff,debt,equity,firm_value,leverage,ROE,V0,r,alpha,pi,xi,opt
0.02,0.02,0.0,0.004,0.5,0.2,0.15,1.0,5.0,11.0,15.402467878366783,91.21193104058273,49.12901333347145,-1.4716052640731367,-1.4716052640731367,-2.2773459462040857,true,0.0,49.12901333347145,0.6379369036370409,0.6379369036370409,126.14135272530537,1.1128660371356043,127.25421876244097,99.1254780800524,-104.2571096026654,100.0,0.08,0.6,0.27,1.0,false
0.02,0.02,0.0,0.004,0.5,0.2,0.15,1.0,5.0,11.0,15.875317794937388,91.21193104058273,46.01779519909228,-1.594606453620732,-1.594606453620732,-2.6298963308844097,true,0.0,46.01779519909228,0.5797401449660085,0.5797401449660085,125.39438417377922,0.4806499032254058,125.87503407700463,99.618153109749,-101.89274093018447,100.0,0.08,0.6,0.27,1.0,false
0.02,0.02,0.0,0.004,0.5,0.2,0.15,1.0,5.0,11.0,16.206604487852847,91.4103774681366,43.77443872074001,-1.6575810265692916,-1.6575810265692916,-2.8298056770980935,true,0.0,43.77443872074001,0.5405825974066292,0.5405825974066292,124.80746116000424,-0.10614922917760694,124.70131193082663,100.08512278462354,-99.57210764740108,100.0,0.08,0.6,0.27,1.0,false
0.02,0.02,0.0,0.004,0.5,0.2,0.15,1.0,5.0,11.0,16.34816771150799,91.21193104058273,44.42787703259141,-1.6755186854252648,-1.6755186854252648,-2.883020169429105,true,0.0,44.42787703259141,0.5435211800686046,0.5435211800686046,126.16871559013136,-0.015245067426597992,126.15347052270475,100.01208454064991,-99.94174315749625,100.0,0.08,0.6,0.27,1.0,false
0.02,0.02,0.0,0.004,0.5,0.2,0.15,1.0,5.0,11.0,16.821017628078597,89.32010640884393,54.02597245535421,-1.6828705254354928,-1.6828705254354928,-2.874162878636358,true,0.0,54.02597245535421,0.6423627113400201,0.6423627113400201,138.1310605957472,1.8314932261482804,139.96255382189545,98.69144054882074,-104.80315311856955,100.0,0.08,0.6,0.27,1.0,false
0.02,0.02,0.0,0.004,0.5,0.2,0.15,1.0,5.0,11.0,17.2938675446492,89.42914594570871,57.89019046535999,-1.5852526787949681,-1.5852526787949681,-2.60728277007916,true,0.0,57.89019046535999,0.6694880750751613,0.6694880750751613,144.359528188606,1.9093471270448783,146.26887531565086,98.69463197626668,-104.30425481291594,100.0,0.08,0.6,0.27,1.0,false
