gross_delta,delta,iota,kappa,lambda,sigmah,sigmal,mu_b,m,c,p,vb,debt_diff,eq_deriv,eq_deriv_min_val,eq_min_val,eq_negative,eq_vb,abs_debt_diff,debt_per_diff,abs_debt_per_diff,debt,equity,firm_value,leverage,ROE,V0,r,alpha,pi,xi,opt
0.02,0.02,0.0,0.004,0.5,0.2,0.15,1.0,5.0,9.0,17.01203936183092,91.21193104058273,30.922721470508463,-1.3100175988061147,-1.3100175988061147,-2.0729432225801694,true,0.0,30.922721470508463,0.36353926549086485,0.36353926549086485,115.98291827966305,0.85292505532395,116.835843334987,99.26997997277387,-105.3364788607424,100.0,0.08,0.6,0.27,1.0,false
0.02,0.02,0.0,0.004,0.5,0.2,0.15,1.0,5.0,9.0,17.46050526105242,91.21193104058273,28.766062388982803,-1.396827033764711,-1.396827033764711,-2.32689975244551,true,0.0,28.766062388982803,0.3294986251417211,0.3294986251417211,116.0685886942449,0.3791423660063882,116.44773106025129,99.67440982958249,-102.35952499140252,100.0,0.08,0.6,0.27,1.0,false
0.02,0.02,0.0,0.004,0.5,0.2,0.15,1.0,5.0,9.0,17.748804447358825,91.41621430643488,27.24817051708113,-1.435694521676071,-1.435694521676071,-2.455462004301757,true,0.0,27.24817051708113,0.3073278732734016,0.3073278732734016,115.99219275387524,-0.07190833506715355,115.9202844188081,100.06203257301142,-99.55035349952415,100.0,0.08,0.6,0.27,1.0,false
0.02,0.02,0.0,0.004,0.5,0.2,0.15,1.0,5.0,9.0,17.908971160273918,91.21193104058273,28.011505007334662,-1.44663622292557,-1.44663622292557,-2.48811494128872,true,0.0,28.011505007334662,0.31282092931692707,0.31282092931692707,117.55636080870426,0.03286504561706635,117.58922585432133,99.97205097203566,-100.18719736951847,100.0,0.08,0.6,0.27,1.0,false
0.02,0.02,0.0,0.004,0.5,0.2,0.15,1.0,5.0,9.0,18.35743705949542,89.36979528439845,36.797796042692866,-1.4276290249314372,-1.4276290249314372,-2.397585164605413,true,0.0,36.797796042692866,0.40090341504027255,0.40090341504027255,128.58498134016997,1.7865429784519054,130.37152431862188,98.629652458396,-106.24993578687878,100.0,0.08,0.6,0.27,1.0,false
0.02,0.02,0.0,0.004,0.5,0.2,0.15,1.0,5.0,9.0,18.80590295871692,89.47317605074045,40.34286526019014,-1.3461504431402265,-1.3461504431402265,-2.1687671005290623,true,0.0,40.34286526019014,0.4290447031312622,0.4290447031312622,134.37238005377475,1.8981098536723227,136.27048990744706,98.60710132108464,-105.52219500279811,100.0,0.08,0.6,0.27,1.0,false
