gross_delta,delta,iota,kappa,lambda,sigmah,sigmal,mu_b,m,c,p,vb,debt_diff,eq_deriv,eq_deriv_min_val,eq_min_val,eq_negative,eq_vb,abs_debt_diff,debt_per_diff,abs_debt_per_diff,debt,equity,firm_value,leverage,ROE,V0,r,alpha,pi,xi,opt
0.02,0.02,0.0,0.003,0.75,0.25,0.15,1.0,1.0,5.0,54.5729599275717,60.869488019069784,0.2294117525745918,2.498001805406602e-16,4.485631043549265e-5,-0.03549091058104133,true,3.7857172388806564e-7,0.2294117525745918,0.004203762318904145,0.004203762318904145,54.802371680146294,49.655638746423065,104.45801042656936,52.46354152865147,9.863372465079356,100.0,0.08,0.6,0.27,1.0,false
0.02,0.02,0.0,0.003,0.75,0.25,0.15,1.0,1.0,5.0,55.697064443286436,62.18266237221266,0.18371192228102018,8.604228440844963e-16,-0.00041416715690772987,-0.035567417397804016,true,1.1403348921826268e-7,0.18371192228102018,0.0032984130154307314,0.0032984130154307314,55.880776365567456,47.92640259346762,103.80717895903507,53.831321615646075,8.629297266382064,100.0,0.08,0.6,0.27,1.0,false
0.02,0.02,0.0,0.003,0.75,0.25,0.15,1.0,1.0,5.0,56.82116895900116,63.496464150193546,0.1366932676013093,-6.106226635438361e-16,-0.000852581559280835,-0.03544072466865842,true,3.3398841792198236e-7,0.1366932676013093,0.0024056750345973904,0.0024056750345973904,56.95786222660247,46.16773065381905,103.12559288042152,55.23154886745477,7.261704557698145,100.0,0.08,0.6,0.27,1.0,false
0.02,0.02,0.0,0.003,0.75,0.25,0.15,1.0,1.0,5.0,57.94527347471589,64.8106058376433,0.09181900957879208,-9.992007221626409e-16,-0.0028876592819530866,-0.01124476113382894,true,1.2329640386304984e-7,0.09181900957879208,0.0015845815210252965,0.0015845815210252965,58.03709248429468,44.377163143978635,102.41425562827331,56.6689589532812,5.753308746229613,100.0,0.08,0.6,0.27,1.0,false
0.02,0.02,0.0,0.003,0.75,0.25,0.15,1.0,1.0,5.0,59.069377990430624,66.12568696421694,0.04940261816620506,-1.0414846068895756e-15,0.019351159341428965,0.044387956095054984,false,3.2775293077420256e-7,0.04940261816620506,0.0008363490499969104,0.0008363490499969104,59.11878060859683,42.55129613128027,101.67007673987709,58.147669898835865,4.085193066007942,100.0,0.08,0.6,0.27,1.0,true
