gross_delta,delta,iota,kappa,lambda,sigmah,sigmal,mu_b,m,c,p,vb,debt_diff,eq_deriv,eq_deriv_min_val,eq_min_val,eq_negative,eq_vb,abs_debt_diff,debt_per_diff,abs_debt_per_diff,debt,equity,firm_value,leverage,ROE,V0,r,alpha,pi,xi,opt
0.02,0.02,0.0,0.001,0.2,0.225,0.15,1.0,7.0,1.0,10.102081260757656,73.36640045298812,1.0679405265842377,0.13128715722822887,0.13128715722822887,0.01067860070262246,false,0.0,1.0679405265842377,0.01510212880209346,0.01510212880209346,71.78250935188782,18.178801308641276,89.96131066052911,79.7926451102526,-35.57612356342719,100.0,0.08,0.6,0.27,1.0,false
0.02,0.02,0.0,0.001,0.2,0.225,0.15,1.0,7.0,1.0,10.351940457203614,70.47806332291724,0.9434664293616635,5.142900097234999e-7,5.142900097234999e-7,0.00045138857078236007,false,0.0,0.9434664293616635,0.013019869949739473,0.013019869949739473,73.40704962978697,20.79407473366623,94.2011243634532,77.92587416107995,-21.806063471024896,100.0,0.08,0.6,0.27,1.0,false
0.02,0.02,0.0,0.001,0.2,0.225,0.15,1.0,7.0,1.0,10.693391455208786,71.69453641633518,1.3321477472107157e-5,-0.013636405417517927,-0.013636405417517927,0.028958499357453128,false,0.0,1.3321477472107157e-5,0.00010715187182067662,0.00010715187182067662,74.85375350793898,19.502541268218515,94.35629477615748,79.3309589842579,-22.443529397615247,100.0,0.08,0.6,0.27,1.0,false
0.02,0.02,0.0,0.001,0.2,0.225,0.15,1.0,7.0,1.0,10.851658850095536,70.77260651214556,-0.25185547541788367,-0.07370382832892432,-0.07370382832892432,-0.01795480054482098,true,0.0,0.25185547541788367,-0.0033155625446896057,0.0033155625446896057,75.70975647525087,20.556718107937915,96.26647458318878,78.646025839272,-15.370473387832263,100.0,0.08,0.6,0.27,1.0,false
0.02,0.02,0.0,0.001,0.2,0.225,0.15,1.0,7.0,1.0,11.101518046541496,64.77393894455776,-0.12872217599601754,-0.3449404356069929,-0.3449404356069929,-0.28978265422695454,true,0.0,0.12872217599601754,-0.0016564295268496304,0.0016564295268496304,77.58190414979445,27.42878885169796,105.01069300149241,73.88000396177927,22.35110883178095,100.0,0.08,0.6,0.27,1.0,false
0.02,0.02,0.0,0.001,0.2,0.225,0.15,1.0,7.0,1.0,11.351377242987457,57.40567479007704,-0.35313421350002727,-0.7773655728996145,-0.7773655728996145,-1.011665913696906,true,0.0,0.35313421350002727,-0.004444195951366456,0.004444195951366456,79.10650648741218,38.3898105794541,117.49631706686628,67.32679667090608,83.74050541775202,100.0,0.08,0.6,0.27,1.0,false
