gross_delta,delta,iota,kappa,lambda,sigmah,sigmal,mu_b,m,c,p,vb,debt_diff,eq_deriv,eq_deriv_min_val,eq_min_val,eq_negative,eq_vb,abs_debt_diff,debt_per_diff,abs_debt_per_diff,debt,equity,firm_value,leverage,ROE,V0,r,alpha,pi,xi,opt
0.02,0.02,0.0,0.004,0.3,0.35,0.15,1.0,3.0,10.0,26.171525047241566,98.10206260313387,-10.470110777439018,-0.3399837631989102,-0.3399837631989102,-0.2356820757819206,true,0.0,10.470110777439018,-0.13335244772756757,0.13335244772756757,68.04446436428567,-0.2291901314721517,67.81527423281352,100.33796240458356,-100.71721574028633,100.0,0.08,0.6,0.27,1.0,false
0.02,0.02,0.0,0.004,0.3,0.35,0.15,1.0,3.0,10.0,28.976742411083215,95.74578499942997,-7.8892823447663005,-0.7919292786065243,-0.7919292786065243,-1.0693221611643606,true,0.0,7.8892823447663005,-0.09075418983546331,0.09075418983546331,79.04094488848334,-0.9350923041160915,78.10585258436724,101.19721157016504,-104.4615193726089,100.0,0.08,0.6,0.27,1.0,false
0.02,0.02,0.0,0.004,0.3,0.35,0.15,1.0,3.0,10.0,29.911814865697096,95.09119978588596,-7.342817615954047,-0.9465465906004618,-0.9465465906004618,-1.4521109886274717,true,0.0,7.342817615954047,-0.08182739439162548,0.08182739439162548,82.39262698113724,-1.2635775727274752,81.12904940840977,101.5574909134785,-107.17641167352907,100.0,0.08,0.6,0.27,1.0,false
0.02,0.02,0.0,0.004,0.3,0.35,0.15,1.0,3.0,10.0,31.78195977492486,93.22564330100803,-6.207316001271337,-1.3363466651446578,-1.3363466651446578,-2.5669024239060745,true,0.0,6.207316001271337,-0.06510313864878725,0.06510313864878725,89.13856332350325,-2.056599554410587,87.08196376909267,102.36168256364071,-118.9348758885728,100.0,0.08,0.6,0.27,1.0,false
0.02,0.02,0.0,0.004,0.3,0.35,0.15,1.0,3.0,10.0,35.51321670313992,89.19513446165325,1.4461637011020656e-5,-1.861753817933369,-1.861753817933369,-4.1171284089474,true,0.0,1.4461637011020656e-5,-0.001685125113797866,0.001685125113797866,106.53966457105673,-2.0774074967684353,104.4622570742883,101.98866801747457,-68.23373012183788,100.0,0.08,0.6,0.27,1.0,false
0.02,0.02,0.0,0.004,0.3,0.35,0.15,1.0,3.0,10.0,37.392394502608155,88.31494467824245,7.344753103618089,-1.6334610371394072,-1.6334610371394072,-3.2541905353637617,true,0.0,7.344753103618089,0.06547457222533837,0.06547457222533837,119.52193661144256,-0.007273606130840719,119.51466300531172,100.00608595292655,-99.96274137000026,100.0,0.08,0.6,0.27,1.0,false
