gross_delta,delta,iota,kappa,lambda,sigmah,sigmal,mu_b,m,c,p,vb,debt_diff,eq_deriv,eq_deriv_min_val,eq_min_val,eq_negative,eq_vb,abs_debt_diff,debt_per_diff,abs_debt_per_diff,debt,equity,firm_value,leverage,ROE,V0,r,alpha,pi,xi,opt
0.02,0.02,0.0,0.003,0.75,0.225,0.15,1.0,5.0,11.0,14.185368536853685,65.5052903658358,45.306677901665864,1.0205681237730877,-0.755643069895172,0.1138807475649945,false,0.0,45.306677901665864,0.6387804135501846,0.6387804135501846,116.23352058593429,34.61815191840245,150.85167250433673,77.05152926467737,-313.2510427121873,100.0,0.08,0.6,0.27,1.0,false
0.02,0.02,0.0,0.003,0.75,0.225,0.15,1.0,5.0,11.0,14.714883330438306,72.03293874743602,73.37765739513051,-1.0506382019798144e-6,-1.0086142420898088,-1.7921819607936063,true,0.0,73.37765739513051,0.9973257109466303,0.9973257109466303,146.95207404732204,17.437351813942694,164.38942586126473,89.39265605279331,-137.13861883155138,100.0,0.08,0.6,0.27,1.0,false
0.02,0.02,0.0,0.003,0.75,0.225,0.15,1.0,5.0,11.0,15.24439812402293,91.21193104058273,42.000877851339,-2.766211486186752,-2.766211486186752,-8.110090594305476,true,0.0,42.000877851339,0.5510335994853323,0.5510335994853323,118.22286847145364,-7.965547072877875,110.25732139857575,107.22450624760125,-56.28818215224454,100.0,0.08,0.6,0.27,1.0,false
0.02,0.02,0.0,0.003,0.75,0.225,0.15,1.0,5.0,11.0,15.379754049118281,92.59188458804557,39.994652343292586,-3.02327134087641,-2.936243494704962,-8.738510379629798,true,0.0,39.994652343292586,0.517800787418524,0.517800787418524,116.89342258888401,-10.141713996065215,106.75170859281879,109.5002825994557,-39.966493215303004,100.0,0.08,0.6,0.27,1.0,false
0.02,0.02,0.0,0.003,0.75,0.225,0.15,1.0,5.0,11.0,15.77391291760755,89.28167433127729,50.01804265330435,-2.7627839609898865,-2.7627839609898865,-8.270181118771214,true,0.0,50.01804265330435,0.6341868744244424,0.6341868744244424,128.8876072413421,-7.699290448298799,121.1883167930433,106.35316229488284,-73.34742755267017,100.0,0.08,0.6,0.27,1.0,false
0.02,0.02,0.0,0.003,0.75,0.225,0.15,1.0,5.0,11.0,16.30342771119217,89.3999147664865,56.670337674888486,-2.6066214492713313,-2.6066214492713313,-7.833647135875817,true,0.0,56.670337674888486,0.6951953746019282,0.6951953746019282,138.18747623084934,-7.414065864674176,130.77341036617517,105.66939857568465,-80.58508548756934,100.0,0.08,0.6,0.27,1.0,false
