gross_delta,delta,iota,kappa,lambda,sigmah,sigmal,mu_b,m,c,p,vb,debt_diff,eq_deriv,eq_deriv_min_val,eq_min_val,eq_negative,eq_vb,abs_debt_diff,debt_per_diff,abs_debt_per_diff,debt,equity,firm_value,leverage,ROE,V0,r,alpha,pi,xi,opt
0.02,0.02,0.0,0.003,0.75,0.225,0.15,1.0,5.0,5.0,18.645369800137907,62.70115763114021,-1.5239055638905512,-0.1456213121323233,-0.9486866218420421,-0.016850001847909895,true,0.0,1.5239055638905512,-0.01634620906128963,0.01634620906128963,91.70294343679898,34.6394516664111,126.34239510321007,72.58287557544413,317.49084633270377,100.0,0.08,0.6,0.27,1.0,false
0.02,0.02,0.0,0.003,0.75,0.225,0.15,1.0,5.0,5.0,19.08522299598381,63.309759616978575,0.2872010788508703,-0.13672897338506343,-1.0203753298676927,-0.01520489758733488,true,0.0,0.2872010788508703,0.0030096696162398243,0.0030096696162398243,95.71331605876992,33.683788515664354,129.39710457443428,73.96866906222918,685.7772809347512,100.0,0.08,0.6,0.27,1.0,false
0.02,0.02,0.0,0.003,0.75,0.225,0.15,1.0,5.0,5.0,19.167155270096764,68.10788130852298,1.3626690562734689e-5,-0.36377709296050836,-1.0957078888917628,-0.6380998701762346,true,0.0,1.3626690562734689e-5,9.266614301431039e-5,9.266614301431039e-5,95.83578997717443,27.237195380555445,123.07298535772988,77.86907069704493,554.0783301336467,100.0,0.08,0.6,0.27,1.0,false
0.02,0.02,0.0,0.003,0.75,0.225,0.15,1.0,5.0,5.0,19.525076191829708,90.12221250262756,-1.5332651871940186,-1.4425738906222465,-1.4425738906222465,-3.5986278542064905,true,0.0,1.5332651871940186,-0.015705600040993594,0.015705600040993594,96.09211577195452,-2.6828084470106734,93.40930732494385,102.87209971237444,-168.65117517446205,100.0,0.08,0.6,0.27,1.0,false
0.02,0.02,0.0,0.003,0.75,0.225,0.15,1.0,5.0,5.0,20.40478258352151,86.25440238491242,1.099891982533748,-1.5232240050152548,-1.5232240050152548,-3.8731574661895185,true,0.0,1.099891982533748,0.01078072729304157,0.01078072729304157,103.1238049001413,-1.1150012349617173,102.00880366517957,101.09304412452622,-64.30631007361298,100.0,0.08,0.6,0.27,1.0,false
0.02,0.02,0.0,0.003,0.75,0.225,0.15,1.0,5.0,5.0,21.284488975213307,87.19218709212925,2.7993920972745485,-1.4253679614923913,-1.4253679614923913,-3.5421927487679072,true,0.0,2.7993920972745485,0.026304527212605948,0.026304527212605948,109.22183697334108,-1.478348137113607,107.74348883622747,101.37209974642711,-83.96904931861965,100.0,0.08,0.6,0.27,1.0,false
