gross_delta,delta,iota,kappa,lambda,sigmah,sigmal,mu_b,m,c,p,vb,debt_diff,eq_deriv,eq_deriv_min_val,eq_min_val,eq_negative,eq_vb,abs_debt_diff,debt_per_diff,abs_debt_per_diff,debt,equity,firm_value,leverage,ROE,V0,r,alpha,pi,xi,opt
0.02,0.02,0.0,0.003,0.75,0.225,0.15,1.0,5.0,3.0,16.118017064864382,88.38852042714127,0.8744527550777406,-0.35424988249120254,-0.35424988249120254,0.046105895238354455,false,0.0,0.8744527550777406,0.010850624509933763,0.010850624509933763,81.46453807939965,1.640615606699778,83.10515368609943,98.0258557575182,-91.14877409730808,100.0,0.08,0.6,0.27,1.0,false
0.02,0.02,0.0,0.003,0.75,0.225,0.15,1.0,5.0,3.0,16.424739723892255,90.75295532902045,-6.528515848572085e-6,-0.4216558685592211,-0.4216558685592211,-0.4845437452095189,true,0.0,6.528515848572085e-6,1.595455776702114e-5,1.595455776702114e-5,82.12369209094543,0.926574616686775,83.0502667076322,98.88432072114992,-94.8167450381773,100.0,0.08,0.6,0.27,1.0,false
0.02,0.02,0.0,0.003,0.75,0.225,0.15,1.0,5.0,3.0,16.53518641337818,91.21193104058273,-0.23268915845031302,-0.4415221871044951,-0.4415221871044951,-0.6127000155347452,true,0.0,0.23268915845031302,-0.00281447275686049,0.00281447275686049,82.4432429084406,0.7712503895461842,83.21449329798678,99.07317780956213,-95.60710223691042,100.0,0.08,0.6,0.27,1.0,false
0.02,0.02,0.0,0.003,0.75,0.225,0.15,1.0,5.0,3.0,17.786694458919577,87.5493542175853,-0.5800092001553878,-0.6573601578056325,-0.6573601578056325,-1.1095185865634256,true,0.0,0.5800092001553878,-0.006521832389879817,0.006521832389879817,88.3534630944425,1.987726236707868,90.34118933115037,97.79975639968413,-82.93289882798238,100.0,0.08,0.6,0.27,1.0,false
0.02,0.02,0.0,0.003,0.75,0.225,0.15,1.0,5.0,3.0,18.203863807433375,84.82897940103895,-0.16543608486040284,-0.7977690710442552,-0.7977690710442552,-1.4544373896037754,true,0.0,0.16543608486040284,-0.00181759308474774,0.00181759308474774,90.85388295230648,3.4257620817157504,94.27964503402222,96.36638207485878,-62.54408221705776,100.0,0.08,0.6,0.27,1.0,false
0.02,0.02,0.0,0.003,0.75,0.225,0.15,1.0,5.0,3.0,18.621033155947174,80.92306741059045,-0.10293851740267712,-1.040904655578396,-1.040904655578396,-2.0846831169178826,true,0.0,0.10293851740267712,-0.0011056155320769694,0.0011056155320769694,93.0022272623332,6.061786015083578,99.06401327741678,93.88094039950886,-13.375494713412284,100.0,0.08,0.6,0.27,1.0,false
