gross_delta,delta,iota,kappa,lambda,sigmah,sigmal,mu_b,m,c,p,vb,debt_diff,eq_deriv,eq_deriv_min_val,eq_min_val,eq_negative,eq_vb,abs_debt_diff,debt_per_diff,abs_debt_per_diff,debt,equity,firm_value,leverage,ROE,V0,r,alpha,pi,xi,opt
0.02,0.02,0.0,0.001,0.1,0.2,0.15,1.0,5.0,10.0,20.201610950568742,98.03959174672885,-20.94434116411702,-6.191112472226853e-7,-6.191112472226853e-7,0.002881284933875545,false,0.0,20.94434116411702,-0.20735317807441853,0.20735317807441853,80.0637135887267,0.6125440739248047,80.67625766265151,99.24073811593223,-96.92749160355947,100.0,0.08,0.6,0.27,1.0,false
0.02,0.02,0.0,0.001,0.1,0.2,0.15,1.0,5.0,10.0,21.655461598791458,93.16209062644235,28.430553134610108,-0.03678534746524015,-0.03678534746524015,-0.0011139150503592693,false,0.0,28.430553134610108,0.262571665858157,0.262571665858157,136.7078611285674,6.951895418393143,143.65975654696055,95.16086092202121,-118.93843772058656,100.0,0.08,0.6,0.27,1.0,false
0.02,0.02,0.0,0.001,0.1,0.2,0.15,1.0,5.0,10.0,22.799687424382785,94.73431269185289,-5.102982115268162e-5,-0.0018112562297784626,-0.0018112562297784626,0.0033175708601081207,false,0.0,5.102982115268162e-5,0.001335631053908326,0.001335631053908326,113.99838609209274,4.407298867108226,118.40568495920097,96.27779792108221,-131.48433568065232,100.0,0.08,0.6,0.27,1.0,false
0.02,0.02,0.0,0.001,0.1,0.2,0.15,1.0,5.0,10.0,23.109312247014174,95.48602201866166,-9.50364223893159,3.208130640568879e-7,3.208130640568879e-7,0.003507338953020817,false,0.0,9.50364223893159,-0.08224945976191483,0.08224945976191483,106.04291899613928,3.3663188321715483,109.40923782831082,96.92318592196565,-155.7068336398723,100.0,0.08,0.6,0.27,1.0,false
0.02,0.02,0.0,0.001,0.1,0.2,0.15,1.0,5.0,10.0,23.593929129755082,96.52208970451835,-20.846809632276887,5.773525894115297e-7,5.773525894115297e-7,0.0034948616686222766,false,0.0,20.846809632276887,-0.17671333602495473,0.17671333602495473,97.12283601649852,2.048600368195462,99.17143638469399,97.93428385946858,-28.797928100631264,100.0,0.08,0.6,0.27,1.0,false
0.02,0.02,0.0,0.001,0.1,0.2,0.15,1.0,5.0,10.0,24.078546012495988,96.49894113895711,-22.585589326437074,0.05353273852313279,0.05353273852313279,0.010636645983867736,false,0.0,22.585589326437074,-0.1875992787497707,0.1875992787497707,97.80714073604287,2.2545459087316053,100.06168664477447,97.74684398761397,2.8130690276564563,100.0,0.08,0.6,0.27,1.0,false
