gross_delta,delta,iota,kappa,lambda,sigmah,sigmal,mu_b,m,c,p,vb,debt_diff,eq_deriv,eq_deriv_min_val,eq_min_val,eq_negative,eq_vb,abs_debt_diff,debt_per_diff,abs_debt_per_diff,debt,equity,firm_value,leverage,ROE,V0,r,alpha,pi,xi,opt
0.02,0.02,0.0,0.003,0.2,0.35,0.15,1.0,7.0,4.0,10.598861201909665,100.0,-14.192026029181832,-1.1441961897293538,-1.1441961897293538,-3.4750081709416234,true,0.0,14.192026029181832,-0.19128774792501513,0.19128774792501513,60.00000238418582,0.2498300322374452,60.24983241642327,99.58534319147857,-99.3754248821788,100.0,0.08,0.6,0.27,1.0,false
0.02,0.02,0.0,0.003,0.2,0.35,0.15,1.0,7.0,4.0,13.502338391733911,95.63665507024882,-8.602226329881987,-1.8546839774798298,-1.8546839774798298,-6.996790645651593,true,0.0,8.602226329881987,-0.09101308529267411,0.09101308529267411,85.91414241225539,-5.244954159736228,80.66918825251916,106.50180604683652,-137.2356040593481,100.0,0.08,0.6,0.27,1.0,false
0.02,0.02,0.0,0.003,0.2,0.35,0.15,1.0,7.0,4.0,13.776613268090772,95.08058332513507,-7.241900221805981,-1.942801860638319,-1.942801860638319,-7.449496635695118,true,0.0,7.241900221805981,-0.07515848539704524,0.07515848539704524,89.19439265482941,-5.944283406598245,83.25010924823117,107.14027099817234,-155.01109948488883,100.0,0.08,0.6,0.27,1.0,false
0.02,0.02,0.0,0.003,0.2,0.35,0.15,1.0,7.0,4.0,13.824946968381049,95.03858713957185,-7.288642680655116,-1.955266767245583,-1.955266767245583,-7.517459729771979,true,0.0,7.288642680655116,-0.07531563564376904,0.07531563564376904,89.48598609801222,-6.0180184793620475,83.46796761865018,107.20997365942497,-157.23806850040665,100.0,0.08,0.6,0.27,1.0,false
0.02,0.02,0.0,0.003,0.2,0.35,0.15,1.0,7.0,4.0,14.147555545028187,95.16763148961006,-9.715077425529444,-2.0156518698482047,-2.0156518698482047,-7.88272893126772,true,0.0,9.715077425529444,-0.09809950554566267,0.09809950554566267,89.31781138966787,-6.147339590407546,83.17047179926033,107.39125251717306,-157.54756646462556,100.0,0.08,0.6,0.27,1.0,false
0.02,0.02,0.0,0.003,0.2,0.35,0.15,1.0,7.0,4.0,15.76059842826388,93.4202047991497,-13.598976425934339,-2.39809968729649,-2.39809968729649,-10.05097083933959,true,0.0,13.598976425934339,-0.12326377877293715,0.12326377877293715,96.72521257191282,-8.860954905655584,87.86425766625723,110.08482304523982,-370.5810712981548,100.0,0.08,0.6,0.27,1.0,false
