gross_delta,delta,iota,kappa,lambda,sigmah,sigmal,mu_b,m,c,p,vb,debt_diff,eq_deriv,eq_deriv_min_val,eq_min_val,eq_negative,eq_vb,abs_debt_diff,debt_per_diff,abs_debt_per_diff,debt,equity,firm_value,leverage,ROE,V0,r,alpha,pi,xi,opt
0.02,0.02,0.0,0.003,0.2,0.35,0.15,1.0,7.0,8.0,8.540834346592554,100.0,0.21416195803794125,-2.85542309455393,-2.85542309455393,-11.761634776807155,true,0.0,0.21416195803794125,0.00358215183580953,0.00358215183580953,60.00000238418582,0.7177851874337557,60.717787571619574,98.81783375820949,-98.20553692445728,100.0,0.08,0.6,0.27,1.0,false
0.02,0.02,0.0,0.003,0.2,0.35,0.15,1.0,7.0,8.0,8.540834346592554,99.99999999999999,0.21416195803794094,-2.855423094553929,-2.855423094553929,-11.761634776807151,true,0.0,0.21416195803794094,0.003582151835809518,0.003582151835809518,60.000002384185805,0.7177851874337555,60.71778757161956,98.81783375820949,-98.20553692445728,100.0,0.08,0.6,0.27,1.0,false
0.02,0.02,0.0,0.003,0.2,0.35,0.15,1.0,7.0,8.0,9.859903095572715,96.45900314116395,29.51688325301963,-2.748387551272484,-2.748387551272484,-10.590611895213033,true,0.0,29.51688325301963,0.42766116124078446,0.42766116124078446,98.53620492202863,-6.620960189821587,91.91524473220704,107.20333194902719,-552.3146914114086,100.0,0.08,0.6,0.27,1.0,false
0.02,0.02,0.0,0.003,0.2,0.35,0.15,1.0,7.0,8.0,10.849204657307835,96.9678529533511,18.592046432031438,-2.6107951702495753,-2.6107951702495753,-9.58932853075987,true,0.0,18.592046432031438,0.2448111835883111,0.2448111835883111,94.53647903318628,-5.5089510296037405,89.02752800358255,106.18791867317942,-200.8315162157512,100.0,0.08,0.6,0.27,1.0,false
0.02,0.02,0.0,0.003,0.2,0.35,0.15,1.0,7.0,8.0,12.168273406287996,96.60042874309428,14.558543895192088,-2.3542309224987044,-2.3542309224987044,-7.535866714475734,true,0.0,14.558543895192088,0.17091923525918654,0.17091923525918654,99.73645773920806,-5.211595715484168,94.5248620237239,105.51346556229424,-2077.5180268331455,100.0,0.08,0.6,0.27,1.0,false
0.02,0.02,0.0,0.003,0.2,0.35,0.15,1.0,7.0,8.0,12.827807780778077,96.41893261168825,12.594406257159036,-2.215947625130809,-2.215947625130809,-6.53339880375671,true,0.0,12.594406257159036,0.14025786203125745,0.14025786203125745,102.38906072260558,-4.945413480035776,97.4436472425698,105.07515227516578,107.002418701278,100.0,0.08,0.6,0.27,1.0,false
