gross_delta,delta,iota,kappa,lambda,sigmah,sigmal,mu_b,m,c,p,vb,debt_diff,eq_deriv,eq_deriv_min_val,eq_min_val,eq_negative,eq_vb,abs_debt_diff,debt_per_diff,abs_debt_per_diff,debt,equity,firm_value,leverage,ROE,V0,r,alpha,pi,xi,opt
0.02,0.02,0.0,0.003,0.2,0.35,0.15,1.0,7.0,7.0,9.378412841284128,100.0,-5.648887504803071,-2.5495760305874526,-2.5495760305874526,-10.09937398698087,true,0.0,5.648887504803071,-0.08604696156104451,0.08604696156104451,60.00000238418582,0.6235875349357427,60.623589919121564,98.97137807944453,-98.44103106973886,100.0,0.08,0.6,0.27,1.0,false
0.02,0.02,0.0,0.003,0.2,0.35,0.15,1.0,7.0,7.0,10.654440444044404,100.0,-14.581080724125002,-2.7251149983342837,-2.7251149983342837,-11.392973238672562,true,0.0,14.581080724125002,-0.19550642222438014,0.19550642222438014,60.00000238418582,0.6662125596552948,60.66621494384111,98.90183925225597,-98.33446850158835,100.0,0.08,0.6,0.27,1.0,false
0.02,0.02,0.0,0.003,0.2,0.35,0.15,1.0,7.0,7.0,11.423624814555975,97.97672292312546,0.00029183481093841834,-2.734551595335879,-2.734551595335879,-11.221789061760171,true,0.0,0.00029183481093841834,-0.012614608439394444,0.012614608439394444,79.96566553670272,-3.2413329314511,76.72433260525162,104.22464793291566,-116.17888998204154,100.0,0.08,0.6,0.27,1.0,false
0.02,0.02,0.0,0.003,0.2,0.35,0.15,1.0,7.0,7.0,12.568481848184817,95.51041348434799,16.784992067480644,-2.6409966771651834,-2.6409966771651834,-10.147147432903617,true,0.0,16.784992067480644,0.19078326552115749,0.19078326552115749,104.76436500477436,-7.479440789491101,97.28492421528325,107.688180722575,56.987149011378555,100.0,0.08,0.6,0.27,1.0,false
0.02,0.02,0.0,0.003,0.2,0.35,0.15,1.0,7.0,7.0,12.887488748874887,95.37324667259918,16.19500660877307,-2.596317027902052,-2.596317027902052,-9.74605401429119,true,0.0,16.19500660877307,0.17952080640100257,0.17952080640100257,106.40742785089728,-7.421705375539759,98.98572247535752,107.49775340316114,15.829714329135115,100.0,0.08,0.6,0.27,1.0,false
0.02,0.02,0.0,0.003,0.2,0.35,0.15,1.0,7.0,7.0,13.206495649564955,95.27280678206336,15.3028104352302,-2.54682310139856,-2.54682310139856,-9.314413507272137,true,0.0,15.3028104352302,0.16553337346031471,0.16553337346031471,107.74827998218488,-7.2940184133507975,100.45426156883408,107.26103432491287,-5.862740761543717,100.0,0.08,0.6,0.27,1.0,false
