gross_delta,delta,iota,kappa,lambda,sigmah,sigmal,mu_b,m,c,p,vb,debt_diff,eq_deriv,eq_deriv_min_val,eq_min_val,eq_negative,eq_vb,abs_debt_diff,debt_per_diff,abs_debt_per_diff,debt,equity,firm_value,leverage,ROE,V0,r,alpha,pi,xi,opt
0.02,0.02,0.0,0.003,0.2,0.35,0.15,1.0,7.0,5.0,12.53661813549776,98.05923812957569,-12.987211271866713,-2.1155627755115822,-2.1155627755115822,-8.247062633126733,true,0.0,12.987211271866713,-0.14799173715976752,0.14799173715976752,74.7691156766176,-3.117747956067982,71.65136772054962,104.35127486781222,-112.35687150758584,100.0,0.08,0.6,0.27,1.0,false
0.02,0.02,0.0,0.003,0.2,0.35,0.15,1.0,7.0,5.0,12.550094770808904,98.04731944106105,-12.986321894922733,-2.119147111160752,-2.119147111160752,-8.266751764297155,true,0.0,12.986321894922733,-0.14791259350822208,0.14791259350822208,74.86434150073961,-3.1410973277450234,71.72324417299458,104.37946911627252,-112.4965786268836,100.0,0.08,0.6,0.27,1.0,false
0.02,0.02,0.0,0.003,0.2,0.35,0.15,1.0,7.0,5.0,13.480350666645611,97.62806868322345,-15.791612899941882,-2.3327604574783587,-2.3327604574783587,-9.535824308103921,true,0.0,15.791612899941882,-0.16735059463798477,0.16735059463798477,78.5708417665774,-4.170134287689724,74.40070747888768,105.60496590556355,-119.46009377627188,100.0,0.08,0.6,0.27,1.0,false
0.02,0.02,0.0,0.003,0.2,0.35,0.15,1.0,7.0,5.0,14.738660708176079,96.87363345401262,-17.927994101894228,-2.5430729907080174,-2.5430729907080174,-10.903333345823832,true,0.0,17.927994101894228,-0.17377033539659126,0.17377033539659126,85.24263085533832,-5.793878281282861,79.44875257405546,107.2925981762675,-139.2609158481255,100.0,0.08,0.6,0.27,1.0,false
0.02,0.02,0.0,0.003,0.2,0.35,0.15,1.0,7.0,5.0,15.053238218558697,96.47838564715539,-16.896674710524323,-2.583596560785305,-2.583596560785305,-11.158179127356895,true,0.0,16.896674710524323,-0.16035158933153199,0.16035158933153199,88.47599281938655,-6.474498406364684,82.00149441302186,107.89558587036743,-156.18270020914747,100.0,0.08,0.6,0.27,1.0,false
0.02,0.02,0.0,0.003,0.2,0.35,0.15,1.0,7.0,5.0,15.367815728941313,96.60408103178122,-19.666653193671678,-2.60125108057183,-2.60125108057183,-11.314303589653992,true,0.0,19.666653193671678,-0.1828185562844322,0.1828185562844322,87.90805690891752,-6.341111814278584,81.56694509463892,107.77411953692915,-152.44080100703584,100.0,0.08,0.6,0.27,1.0,false
