gross_delta,delta,iota,kappa,lambda,sigmah,sigmal,mu_b,m,c,p,vb,debt_diff,eq_deriv,eq_deriv_min_val,eq_min_val,eq_negative,eq_vb,abs_debt_diff,debt_per_diff,abs_debt_per_diff,debt,equity,firm_value,leverage,ROE,V0,r,alpha,pi,xi,opt
0.02,0.02,0.0,0.003,0.2,0.35,0.15,1.0,7.0,1.0,9.620644959232765,74.53115102763415,0.24471471856995208,-0.4046205150385971,-0.4046205150385971,-0.7023639342951031,true,0.0,0.24471471856995208,0.0036337735835936216,0.0036337735835936216,67.5892294331993,7.908504733299888,75.4977341664992,89.52484492334717,-75.59914622517243,100.0,0.08,0.6,0.27,1.0,false
0.02,0.02,0.0,0.003,0.2,0.35,0.15,1.0,7.0,1.0,9.69151238510506,75.79531459367992,-1.9904695195021183e-5,-0.35746933043749585,-0.35746933043749585,-0.5827041822636191,true,0.0,1.9904695195021183e-5,9.783321366250351e-5,9.783321366250351e-5,67.8405667910402,6.616105318114425,74.45667210915462,91.11415386868875,-79.42717063722647,100.0,0.08,0.6,0.27,1.0,false
0.02,0.02,0.0,0.003,0.2,0.35,0.15,1.0,7.0,1.0,9.936788415683672,72.20737117724697,-0.24610462450834802,-0.5396289462715121,-0.5396289462715121,-1.072705670272696,true,0.0,0.24610462450834802,-0.0035381455285594552,0.0035381455285594552,69.31141428527735,9.167816489236174,78.47923077451352,88.31816214460979,-70.12629850570802,100.0,0.08,0.6,0.27,1.0,false
0.02,0.02,0.0,0.003,0.2,0.35,0.15,1.0,7.0,1.0,10.252931872134582,61.74497957524251,-0.18122034645004703,-1.0492807774808752,-1.0492807774808752,-2.4333080342432973,true,0.0,0.18122034645004703,-0.0025249968735084824,0.0025249968735084824,71.58930275849202,18.035077809726523,89.62438056821856,79.8770404934638,-36.52011544659556,100.0,0.08,0.6,0.27,1.0,false
0.02,0.02,0.0,0.003,0.2,0.35,0.15,1.0,7.0,1.0,10.56907532858549,59.68370866512089,-0.880005667208323,-1.243447426683821,-1.243447426683821,-2.98877602463996,true,0.0,0.880005667208323,-0.01189461626557446,0.01189461626557446,73.10352163289011,20.4563006630152,93.5598222959053,78.13559264967684,-23.944315743469247,100.0,0.08,0.6,0.27,1.0,false
0.02,0.02,0.0,0.003,0.2,0.35,0.15,1.0,7.0,1.0,12.14979261084003,51.794374444009854,-4.575786696403526,-2.278132066281378,-2.278132066281378,-5.920519238687711,true,0.0,4.575786696403526,-0.05380205528682986,0.05380205528682986,80.4727615794767,33.692548068279535,114.16530964775623,70.48792827503033,72.54128485914508,100.0,0.08,0.6,0.27,1.0,false
