gross_delta,delta,iota,kappa,lambda,sigmah,sigmal,mu_b,m,c,p,vb,debt_diff,eq_deriv,eq_deriv_min_val,eq_min_val,eq_negative,eq_vb,abs_debt_diff,debt_per_diff,abs_debt_per_diff,debt,equity,firm_value,leverage,ROE,V0,r,alpha,pi,xi,opt
0.02,0.02,0.0,0.0025,0.3,0.3,0.15,1.0,1.0,5.0,54.55683199898937,61.65418985179024,0.24176725067751903,1.7694179454963432e-16,0.014259396303683414,0.03348841006722451,false,-4.0925611128275545e-7,0.24176725067751903,0.00443147524918598,0.00443147524918598,54.798599249666886,48.50520469333305,103.30380394299993,53.046061382118296,7.309074250261127,100.0,0.08,0.6,0.27,1.0,false
0.02,0.02,0.0,0.0025,0.3,0.3,0.15,1.0,1.0,5.0,55.810171806654346,63.12732865855949,0.19209842787950038,6.158268339717665e-16,0.013905777436680911,0.0331901363522317,false,-9.718737813699482e-7,0.19209842787950038,0.0034419967124450983,0.0034419967124450983,56.002270234533846,46.632696125104964,102.63496635963881,54.56451365541318,5.988868911384149,100.0,0.08,0.6,0.27,1.0,false
0.02,0.02,0.0,0.0025,0.3,0.3,0.15,1.0,1.0,5.0,57.063511614319324,64.60091550386744,0.14570024787213498,5.689893001203927e-16,0.013451271340969899,0.03330129289679399,false,-1.2047666185600858e-6,0.14570024787213498,0.0025532997137802057,0.0025532997137802057,57.20921186219146,44.72438462873465,101.9335964909261,56.124000164444396,4.518721376897572,100.0,0.08,0.6,0.27,1.0,false
0.02,0.02,0.0,0.0025,0.3,0.3,0.15,1.0,1.0,5.0,58.316851421984296,66.07420623969003,0.09179634421155924,1.231653667943533e-16,0.008424079769126649,0.032503818736481116,false,-5.060017834359965e-7,0.09179634421155924,0.0015740963713441129,0.0015740963713441129,58.408647766195855,42.775998162844715,101.18464592904057,57.7248131175525,2.8482986616571893,100.0,0.08,0.6,0.27,1.0,false
0.02,0.02,0.0,0.0025,0.3,0.3,0.15,1.0,1.0,5.0,59.570191229649275,67.5474461431992,0.024824733307937663,1.429412144204889e-15,-0.003812722791139707,-0.002291289341244166,false,-5.517997346927221e-6,0.024824733307937663,0.0004167307976607921,0.0004167307976607921,59.59501596295721,40.784516292083595,100.3795322550408,59.369688844076585,0.9393203934763505,100.0,0.08,0.6,0.27,1.0,true
