gross_delta,delta,iota,kappa,lambda,sigmah,sigmal,mu_b,m,c,p,vb,debt_diff,eq_deriv,eq_deriv_min_val,eq_min_val,eq_negative,eq_vb,abs_debt_diff,debt_per_diff,abs_debt_per_diff,debt,equity,firm_value,leverage,ROE,V0,r,alpha,pi,xi,opt
0.02,0.02,0.0,0.0025,0.1,0.2,0.15,1.0,3.0,11.0,34.91510466836157,89.18443327111014,6.72786939229421,0.08870009674644122,0.08870009674644122,0.011981228471574602,false,0.0,6.72786939229421,0.06423074345805689,0.06423074345805689,111.47318339737892,15.42677730414676,126.89996070152569,87.8433553337095,-234.45943265991068,100.0,0.08,0.6,0.27,1.0,false
0.02,0.02,0.0,0.0025,0.1,0.2,0.15,1.0,3.0,11.0,35.67821387401898,89.30678918329903,5.6686549264703245,0.013457141084448959,0.013457141084448959,0.003975295756044969,false,0.0,5.6686549264703245,0.05296093713740401,0.05296093713740401,112.70329654852726,14.677443175713714,127.38073972424098,88.47750200894731,-215.54042779088957,100.0,0.08,0.6,0.27,1.0,false
0.02,0.02,0.0,0.0025,0.1,0.2,0.15,1.0,3.0,11.0,36.2955830261794,90.89839405567457,-2.758879151210092e-5,0.0042841544046154124,0.0042841544046154124,0.0030943297212862315,false,0.0,2.758879151210092e-5,0.0001025708817590544,0.0001025708817590544,108.88672148974669,11.15028327341861,120.0370047631653,90.71096176098507,-225.47128078992426,100.0,0.08,0.6,0.27,1.0,false
0.02,0.02,0.0,0.0025,0.1,0.2,0.15,1.0,3.0,11.0,36.44132307967639,91.1731018177609,-0.9854272197055565,1.7477082154919703e-7,1.7477082154919703e-7,0.0026373939956137026,false,0.0,0.9854272197055565,-0.00901382584775155,0.00901382584775155,108.33854201932361,10.528188545789558,118.86673056511317,91.14286352814054,-226.25934511562926,100.0,0.08,0.6,0.27,1.0,false
0.02,0.02,0.0,0.0025,0.1,0.2,0.15,1.0,3.0,11.0,37.204432285333795,91.21193104058273,-1.297489849431372,-0.05406385096601088,-0.05406385096601088,-0.0033175712220620745,false,0.0,1.297489849431372,-0.011624868057659268,0.011624868057659268,110.31580700657001,10.147611639591588,120.4634186461616,91.57618822906042,-198.3695374790232,100.0,0.08,0.6,0.27,1.0,false
0.02,0.02,0.0,0.0025,0.1,0.2,0.15,1.0,3.0,11.0,38.73065069664861,89.79609866169099,5.894171691336325,-0.06692591041407144,-0.06692591041407144,-0.004575964437792748,false,0.0,5.894171691336325,0.0507278824851274,0.0507278824851274,122.08612378128215,13.221196839912626,135.30732062119478,90.22876457887554,-159.86200643825742,100.0,0.08,0.6,0.27,1.0,false
