gross_delta,delta,iota,kappa,lambda,sigmah,sigmal,mu_b,m,c,p,vb,debt_diff,eq_deriv,eq_deriv_min_val,eq_min_val,eq_negative,eq_vb,abs_debt_diff,debt_per_diff,abs_debt_per_diff,debt,equity,firm_value,leverage,ROE,V0,r,alpha,pi,xi,opt
0.02,0.02,0.0,0.0025,0.1,0.2,0.15,1.0,3.0,6.0,27.62792200272659,88.09760864826077,3.3084019072096,0.834047061660624,0.834047061660624,0.07537750630239419,false,0.0,3.3084019072096,0.0399161629176345,0.0399161629176345,86.19216791538936,16.874426818650207,103.06659473403957,83.62764689937201,22.20909636826629,100.0,0.08,0.6,0.27,1.0,false
0.02,0.02,0.0,0.0025,0.1,0.2,0.15,1.0,3.0,6.0,31.602972139319196,85.63848843490702,1.6218452990093226,0.08637308291675885,0.08637308291675885,0.009806447908769892,false,0.0,1.6218452990093226,0.017106463825190727,0.017106463825190727,96.43076171696691,17.153090086385284,113.58385180335219,84.89830216703477,380.5812536508164,100.0,0.08,0.6,0.27,1.0,false
0.02,0.02,0.0,0.0025,0.1,0.2,0.15,1.0,3.0,6.0,32.97173471572857,85.5030805501492,4.893375978587411e-5,-0.1286012217638857,-0.1286012217638857,-0.05486893562251437,true,0.0,4.893375978587411e-5,0.00044943032331331515,0.00044943032331331515,98.91525308094552,16.129034964510765,115.04428804545628,85.98015143686416,1386.893825757037,100.0,0.08,0.6,0.27,1.0,false
0.02,0.02,0.0,0.0025,0.1,0.2,0.15,1.0,3.0,6.0,34.91551391981303,85.37409410521713,-1.5259029500328296,-0.3735498652383296,-0.3735498652383296,-0.19596715064853784,true,0.0,1.5259029500328296,-0.014567573538964354,0.014567573538964354,103.22063880940625,14.926959602890228,118.14759841229647,87.36583747491844,-563.4782254779484,100.0,0.08,0.6,0.27,1.0,false
0.02,0.02,0.0,0.0025,0.1,0.2,0.15,1.0,3.0,6.0,36.90303898810934,85.10924633374148,-1.3681801657244108,-0.5364092252968972,-0.5364092252968972,-0.37662211695068504,true,0.0,1.3681801657244108,-0.0123583332903401,0.0123583332903401,109.34093679860361,14.580733891778374,123.92167069038199,88.23391113874803,-256.094984969367,100.0,0.08,0.6,0.27,1.0,false
0.02,0.02,0.0,0.0025,0.1,0.2,0.15,1.0,3.0,6.0,37.5655473442081,85.12748598896992,-1.223162997808899,-0.5718323137706606,-0.5718323137706606,-0.4193698432915759,true,0.0,1.223162997808899,-0.010853588676180859,0.010853588676180859,111.4734790348154,14.457487710914567,125.93096674572996,88.51951344095849,-226.00788014728943,100.0,0.08,0.6,0.27,1.0,false
