gross_delta,delta,iota,kappa,lambda,sigmah,sigmal,mu_b,m,c,p,vb,debt_diff,eq_deriv,eq_deriv_min_val,eq_min_val,eq_negative,eq_vb,abs_debt_diff,debt_per_diff,abs_debt_per_diff,debt,equity,firm_value,leverage,ROE,V0,r,alpha,pi,xi,opt
0.02,0.02,0.0,0.0025,0.1,0.3,0.15,1.0,5.0,1.0,11.363299487843522,62.46124257099649,0.2396414422823625,0.19479496993899734,0.19479496993899734,0.01930451587276954,false,0.0,0.2396414422823625,0.004217814421572385,0.004217814421572385,57.05613888149997,28.391793568358217,85.44793244985819,66.77298940495858,-33.88625794496352,100.0,0.08,0.6,0.27,1.0,false
0.02,0.02,0.0,0.0025,0.1,0.3,0.15,1.0,5.0,1.0,11.622174059511213,59.825525518036,0.04601397470874247,1.0544377826747126e-6,1.0544377826747126e-6,0.0007516532841238781,false,0.0,0.04601397470874247,0.0007918307620093869,0.0007918307620093869,58.156884272264804,30.822197023313315,88.97908129557811,65.36017615092521,-26.338666499246376,100.0,0.08,0.6,0.27,1.0,false
0.02,0.02,0.0,0.0025,0.1,0.3,0.15,1.0,5.0,1.0,11.677534940271158,58.44770918885909,3.5219171045965114e-6,-0.08584216107178833,-0.08584216107178833,-0.04136008928953128,true,0.0,3.5219171045965114e-6,7.625758392979366e-6,7.625758392979366e-6,58.3876782232729,32.16023623075926,90.54791445403217,64.48263173738161,-22.714631489882862,100.0,0.08,0.6,0.27,1.0,false
0.02,0.02,0.0,0.0025,0.1,0.3,0.15,1.0,5.0,1.0,11.881048631178906,52.05965201277835,-0.09442605470879073,-0.5582734094713582,-0.5582734094713582,-0.5501390632449253,true,0.0,0.09442605470879073,-0.0015895239156077964,0.0015895239156077964,59.31081710118574,39.74565139363608,99.05646849482181,59.87576379657248,-2.318875528969333,100.0,0.08,0.6,0.27,1.0,false
0.02,0.02,0.0,0.0025,0.1,0.3,0.15,1.0,5.0,1.0,12.1399232028466,43.991142774972204,-0.016896157881959084,-1.386018111437458,-1.386018111437458,-1.997882125583948,true,0.0,0.016896157881959084,-0.0002783569154374425,0.0002783569154374425,60.68271985635104,52.986404613186146,113.6691244695372,53.38540271119422,34.76620056015041,100.0,0.08,0.6,0.27,1.0,false
0.02,0.02,0.0,0.0025,0.1,0.3,0.15,1.0,5.0,1.0,12.398797774514293,42.31587266204167,-0.2506682628733188,-1.6614344710714517,-1.6614344710714517,-2.5252475477967393,true,0.0,0.2506682628733188,-0.00404342852318419,0.00404342852318419,61.743320609698145,56.789456813156804,118.53277742285495,52.089659883219,48.44324629897974,100.0,0.08,0.6,0.27,1.0,false
