gross_delta,delta,iota,kappa,lambda,sigmah,sigmal,mu_b,m,c,p,vb,debt_diff,eq_deriv,eq_deriv_min_val,eq_min_val,eq_negative,eq_vb,abs_debt_diff,debt_per_diff,abs_debt_per_diff,debt,equity,firm_value,leverage,ROE,V0,r,alpha,pi,xi,opt
0.02,0.02,0.0,0.0025,0.1,0.3,0.15,1.0,5.0,6.0,15.516871423984504,92.00695209928291,16.468641912380377,0.10585686045779201,0.10585686045779201,0.0218290029947784,false,0.0,16.468641912380377,0.21226755655041027,0.21226755655041027,94.05299903230289,6.0636619570380015,100.1166609893409,93.94340372809317,1.9616776586143692,100.0,0.08,0.6,0.27,1.0,false
0.02,0.02,0.0,0.0025,0.1,0.3,0.15,1.0,5.0,6.0,16.382517097116587,95.1747611573676,0.0004927889669258008,0.08900089869324147,0.08900089869324147,0.11805112542992416,false,0.0,0.0004927889669258008,0.011803490135040272,0.011803490135040272,81.91307827454963,3.207140590779739,85.12021886532938,96.23222233973125,-82.26817896675627,100.0,0.08,0.6,0.27,1.0,false
0.02,0.02,0.0,0.0025,0.1,0.3,0.15,1.0,5.0,6.0,19.071265021238965,95.75668946687391,-10.957008526047275,-0.4143992626042687,-0.4143992626042687,-0.319816821126506,true,0.0,10.957008526047275,-0.11490594372051209,0.11490594372051209,84.39931658014754,0.30784053775838865,84.70715711790594,99.63658261210455,-98.02674966555215,100.0,0.08,0.6,0.27,1.0,false
0.02,0.02,0.0,0.0025,0.1,0.3,0.15,1.0,5.0,6.0,19.579035535132462,95.23029769139154,-10.253376151685643,-0.5413779853611763,-0.5413779853611763,-0.5263416347129504,true,0.0,10.253376151685643,-0.10473831699510498,0.10473831699510498,87.64180152397667,0.14440158822763796,87.7862031122043,99.83550765028181,-98.83153205131154,100.0,0.08,0.6,0.27,1.0,false
0.02,0.02,0.0,0.0025,0.1,0.3,0.15,1.0,5.0,6.0,20.086806049025956,94.75559986496576,-9.769809943648056,-0.6656934993086243,-0.6656934993086243,-0.7684804660345613,true,0.0,9.769809943648056,-0.09727589264119779,0.09727589264119779,90.66422030148172,-0.06363219602312431,90.6005881054586,100.07023375604255,-100.6815948756077,100.0,0.08,0.6,0.27,1.0,false
0.02,0.02,0.0,0.0025,0.1,0.3,0.15,1.0,5.0,6.0,22.62565861849343,93.68377709262523,-13.268131199936605,-1.0894862596140642,-1.0894862596140642,-1.8539702088912806,true,0.0,13.268131199936605,-0.11728393346385678,0.11728393346385678,99.86016189253054,-1.2803587271467416,98.5798031653838,101.29880430477097,-1015.6007259511726,100.0,0.08,0.6,0.27,1.0,false
