gross_delta,delta,iota,kappa,lambda,sigmah,sigmal,mu_b,m,c,p,vb,debt_diff,eq_deriv,eq_deriv_min_val,eq_min_val,eq_negative,eq_vb,abs_debt_diff,debt_per_diff,abs_debt_per_diff,debt,equity,firm_value,leverage,ROE,V0,r,alpha,pi,xi,opt
0.02,0.02,0.0,0.0025,0.1,0.3,0.15,1.0,5.0,7.0,19.489754238581753,91.21193104058273,12.571328771736788,-0.796361198869303,-0.796361198869303,-0.9150702118509202,true,0.0,12.571328771736788,0.12900448736137157,0.12900448736137157,110.02009996464555,2.9386679478839954,112.95876791252955,97.39845963072156,-129.32773084353104,100.0,0.08,0.6,0.27,1.0,false
0.02,0.02,0.0,0.0025,0.1,0.3,0.15,1.0,5.0,7.0,20.01329606644875,91.21193104058273,12.054345671931898,-0.8631957480780867,-0.8631957480780867,-1.0616866233419375,true,0.0,12.054345671931898,0.1204633722692024,0.1204633722692024,112.12082600417564,2.5472026579668166,114.66802866214246,97.77862871832227,-121.01509135672191,100.0,0.08,0.6,0.27,1.0,false
0.02,0.02,0.0,0.0025,0.1,0.3,0.15,1.0,5.0,7.0,20.536837894315745,91.21193104058273,11.949076360513772,-0.915286969071901,-0.915286969071901,-1.179900267505851,true,0.0,11.949076360513772,0.11636724623337537,0.11636724623337537,114.63326583209249,2.2446478653288064,116.87791369742129,98.07949355501002,-115.33935001991166,100.0,0.08,0.6,0.27,1.0,false
0.02,0.02,0.0,0.0025,0.1,0.3,0.15,1.0,5.0,7.0,20.805302357454018,91.27431471466159,11.738622072914731,-0.9373789498225514,-0.9373789498225514,-1.2322751983753688,true,0.0,11.738622072914731,0.11295245089253106,0.11295245089253106,115.76513386018479,2.045662775715632,117.81079663590042,98.26360330790578,-112.9758668328342,100.0,0.08,0.6,0.27,1.0,false
0.02,0.02,0.0,0.0025,0.1,0.3,0.15,1.0,5.0,7.0,21.060379722182745,91.21193104058273,12.259061802371605,-0.9554207939485068,-0.9554207939485068,-1.2710396092404204,true,0.0,12.259061802371605,0.11641824092525002,0.11641824092525002,117.56096041328533,2.030375439312945,119.59133585259828,98.30223868239462,-111.5618701456494,100.0,0.08,0.6,0.27,1.0,false
0.02,0.02,0.0,0.0025,0.1,0.3,0.15,1.0,5.0,7.0,21.58392155004974,89.89886166271747,19.66676398889048,-0.9823051540405262,-0.9823051540405262,-1.2871456308751676,true,0.0,19.66676398889048,0.18223531755604586,0.18223531755604586,127.58637173913918,3.548067462987871,131.13443920212706,97.29432825993256,-112.86166769787242,100.0,0.08,0.6,0.27,1.0,false
