gross_delta,delta,iota,kappa,lambda,sigmah,sigmal,mu_b,m,c,p,vb,debt_diff,eq_deriv,eq_deriv_min_val,eq_min_val,eq_negative,eq_vb,abs_debt_diff,debt_per_diff,abs_debt_per_diff,debt,equity,firm_value,leverage,ROE,V0,r,alpha,pi,xi,opt
0.02,0.02,0.0,0.0025,0.2,0.25,0.15,1.0,3.0,5.0,31.758474531663687,83.27846362090689,-0.9506485877151221,-0.7380527837903552,-0.7380527837903552,-0.8520306253171546,true,0.0,0.9506485877151221,-0.00997789935583242,0.00997789935583242,94.32477500727593,12.24403615854517,106.5688111658211,88.51067584915305,115.74538761445856,100.0,0.08,0.6,0.27,1.0,false
0.02,0.02,0.0,0.0025,0.2,0.25,0.15,1.0,3.0,5.0,32.4764621198962,82.47211596050018,-1.0695624591515696,-0.8558654851303744,-0.8558654851303744,-1.0908407009709096,true,0.0,1.0695624591515696,-0.010977821980762274,0.010977821980762274,96.35982390053702,12.884144669910537,109.24396857044756,88.20608145373077,253.94289501025216,100.0,0.08,0.6,0.27,1.0,false
0.02,0.02,0.0,0.0025,0.2,0.25,0.15,1.0,3.0,5.0,33.912437296361205,80.66417260918453,-0.816261840615681,-0.9965351377076733,-0.9965351377076733,-1.3513885307944233,true,0.0,0.816261840615681,-0.008023229879570522,0.008023229879570522,100.92105004846793,15.108061634271733,116.02911168273967,86.97907670311055,-1740.308434856755,100.0,0.08,0.6,0.27,1.0,false
0.02,0.02,0.0,0.0025,0.2,0.25,0.15,1.0,3.0,5.0,34.313774831930886,79.3842636365835,-1.812154332546433e-5,-1.0105021829211542,-1.0105021829211542,-1.3229248961168043,true,0.0,1.812154332546433e-5,-5.842229735992212e-5,5.842229735992212e-5,102.94130637424935,17.36156967062558,120.30287604487494,85.5684500309457,-690.2672983210197,100.0,0.08,0.6,0.27,1.0,false
0.02,0.02,0.0,0.0025,0.2,0.25,0.15,1.0,3.0,5.0,34.630424884593715,78.21793782844746,0.8190506707176155,-1.0154326488106418,-1.0154326488106418,-1.2759319439579913,true,0.0,0.8190506707176155,0.007883729152877479,0.007883729152877479,104.71032532449877,19.488260707004823,124.1985860315036,84.308790196644,-513.7349198715609,100.0,0.08,0.6,0.27,1.0,false
0.02,0.02,0.0,0.0025,0.2,0.25,0.15,1.0,3.0,5.0,36.78438764929123,79.12184631626802,0.8032655687967605,-1.0492003300153283,-1.0492003300153283,-1.3063793188732076,true,0.0,0.8032655687967605,0.007279044363922673,0.007279044363922673,111.15642851667046,18.27442627375875,129.4308547904292,85.88093518863938,-263.8017600924188,100.0,0.08,0.6,0.27,1.0,false
