gross_delta,delta,iota,kappa,lambda,sigmah,sigmal,mu_b,m,c,p,vb,debt_diff,eq_deriv,eq_deriv_min_val,eq_min_val,eq_negative,eq_vb,abs_debt_diff,debt_per_diff,abs_debt_per_diff,debt,equity,firm_value,leverage,ROE,V0,r,alpha,pi,xi,opt
0.02,0.02,0.0,0.0025,0.2,0.25,0.15,1.0,3.0,11.0,32.883310699491005,91.21193104058273,2.3555614452439215,-0.44329586842304475,-0.44329586842304475,-0.24749052032455243,true,0.0,2.3555614452439215,0.023877983442427354,0.023877983442427354,101.00549354371694,6.693186536316011,107.69868008003294,93.78526595558816,-765.6618113701433,100.0,0.08,0.6,0.27,1.0,false
0.02,0.02,0.0,0.0025,0.2,0.25,0.15,1.0,3.0,11.0,33.752143635416175,91.21193104058273,0.9563458171905523,-0.561754941141109,-0.561754941141109,-0.38734981926101775,true,0.0,0.9563458171905523,0.009444790900007284,0.009444790900007284,102.21277672343908,6.067251433228095,108.28002815666717,94.39670312566822,-374.1917595643553,100.0,0.08,0.6,0.27,1.0,false
0.02,0.02,0.0,0.0025,0.2,0.25,0.15,1.0,3.0,11.0,34.491432285152044,91.33144432944947,7.268285764361337e-7,-0.6290877268808932,-0.6290877268808932,-0.4803072974944559,true,0.0,7.268285764361337e-7,9.564980405321263e-5,9.564980405321263e-5,103.47429758228469,5.474080349442705,108.94837793172739,94.97552836181458,-257.55934026362127,100.0,0.08,0.6,0.27,1.0,false
0.02,0.02,0.0,0.0025,0.2,0.25,0.15,1.0,3.0,11.0,34.620976571341345,91.21193104058273,0.3712610137273771,-0.6356794384231792,-0.6356794384231792,-0.48796552999600595,true,0.0,0.3712610137273771,0.003574528609481808,0.003574528609481808,104.23419072775141,5.624958536099487,109.8591492638509,94.87984517102903,-232.84613041242594,100.0,0.08,0.6,0.27,1.0,false
0.02,0.02,0.0,0.0025,0.2,0.25,0.15,1.0,3.0,11.0,35.48980950726652,89.48606819292678,6.642968133941281,-0.6353258165439013,-0.6353258165439013,-0.4631027153724916,true,0.0,6.642968133941281,0.06239319799280351,0.06239319799280351,113.11239665574084,8.386084939347638,121.49848159508848,93.09778621983483,-163.95539396435254,100.0,0.08,0.6,0.27,1.0,false
0.02,0.02,0.0,0.0025,0.2,0.25,0.15,1.0,3.0,11.0,36.35864244319169,89.61979238510165,8.402692073328296,-0.5760637385012037,-0.5760637385012037,-0.37771653165577,true,0.0,8.402692073328296,0.0770352568073008,0.0770352568073008,117.47861940290338,8.479726450725277,125.95834585362866,93.26783279562973,-148.51485266231444,100.0,0.08,0.6,0.27,1.0,false
