gross_delta,delta,iota,kappa,lambda,sigmah,sigmal,V0,r,alpha,pi,xi,mu_b,m,c,p,vb,sg_debt,debt,debt_diff,abs_debt_diff,debt_per_diff,abs_debt_per_diff,eq_vb,eq_min_val,sg_equity,equity,eq_negative,firm_value,leverage,ROE,cvml_vb,cvmh_vb,eq_deriv
0.02,0.018000000000000002,0.002,0.015000000000000001,NaN,NaN,0.2,100.0,0.08,0.6,0.27,1.0,1.0,7.0,0.8993149314931493,8.696906886797679,55.753790031041476,60.87912896604472,60.98582331156737,0.10747510398361726,0.10747510398361726,0.0017654076884140698,0.0017654076884140698,-5.329070518200751e-15,NaN,34.75936243003018,34.782009918654914,false,95.7678332302223,63.680905429863635,-10.847766450579787,NaN,NaN,NaN
