gross_delta,delta,iota,kappa,lambda,sigmah,sigmal,V0,r,alpha,pi,xi,mu_b,m,c,p,vb,sg_debt,debt,debt_diff,abs_debt_diff,debt_per_diff,abs_debt_per_diff,eq_vb,eq_min_val,sg_equity,equity,eq_negative,firm_value,leverage,ROE,cvml_vb,cvmh_vb,eq_deriv
0.02,0.01925,0.00075,0.0025,NaN,NaN,0.25,100.0,0.08,0.6,0.27,1.0,1.0,1.0,2.817856785678568,34.1527530033392,37.317070004912736,34.15281101206705,34.15282109104613,6.80877069285657e-5,6.80877069285657e-5,1.9936227958521703e-6,1.9936227958521703e-6,2.8066438062523957e-13,NaN,67.83663731390632,67.8366339069147,false,101.98945499796082,33.48661985862066,3.0213215371179603,NaN,NaN,NaN
