gross_delta,delta,iota,kappa,lambda,sigmah,sigmal,mu_b,m,c,p,vb,debt_diff,eq_deriv,eq_deriv_min_val,eq_min_val,eq_negative,eq_vb,abs_debt_diff,debt_per_diff,abs_debt_per_diff,debt,equity,firm_value,leverage,ROE,V0,r,alpha,pi,xi,opt
0.02,0.02,0.0,0.0025,0.75,0.35,0.15,1.0,1.0,7.0,58.90264289586853,83.79067889382993,0.4204612305541531,3.6156246031636766e-6,3.6156246031636766e-6,0.0060654919199345965,false,0.0,0.4204612305541531,0.007138240491134982,0.007138240491134982,59.323104126422685,8.906286278179284,68.22939040460197,86.94655451944567,-78.10480350845901,100.0,0.08,0.6,0.27,1.0,false
0.02,0.02,0.0,0.0025,0.75,0.35,0.15,1.0,1.0,7.0,60.489826990742316,86.07232767083798,-9.217729219045123e-6,-2.76000510439679e-7,-2.76000510439679e-7,0.0035274209563878893,false,0.0,9.217729219045123e-6,3.008304678770368e-7,3.008304678770368e-7,60.48981777301308,7.005238802496045,67.49505657550912,89.62110833308358,-82.2697886781418,100.0,0.08,0.6,0.27,1.0,true
0.02,0.02,0.0,0.0025,0.75,0.35,0.15,1.0,1.0,7.0,60.7865668145762,86.49720243357635,-0.0951063423801699,-8.591384988071221e-7,-8.591384988071221e-7,0.0036314871334556863,false,0.0,0.0951063423801699,-0.0015645947347262268,0.0015645947347262268,60.69146047219603,6.663536738438585,67.35499721063461,90.10684134155605,-83.04811926750601,100.0,0.08,0.6,0.27,1.0,false
0.02,0.02,0.0,0.0025,0.75,0.35,0.15,1.0,1.0,7.0,62.670490733283856,89.19358999894231,-0.8615943178280716,-2.3777402305557465e-7,-2.3777402305557465e-7,0.004235824154615888,false,0.0,0.8615943178280716,-0.013748006561730733,0.013748006561730733,61.808896415455784,4.608896031659845,66.41779244711563,93.06075094963504,-87.93201662408873,100.0,0.08,0.6,0.27,1.0,false
0.02,0.02,0.0,0.0025,0.75,0.35,0.15,1.0,1.0,7.0,64.55441465199152,91.89963018436475,-2.0269899701791374,8.647059199317839e-6,8.647059199317839e-6,0.0012259034974489904,false,0.0,2.0269899701791374,-0.03139971109809458,0.03139971109809458,62.527424681812384,2.7937139633000965,65.32113864511248,95.72310890280366,-92.54464381063197,100.0,0.08,0.6,0.27,1.0,false
0.02,0.02,0.0,0.0025,0.75,0.35,0.15,1.0,1.0,7.0,66.43833857069917,94.5952856184851,-3.9000658939603383,7.813615215256087e-6,7.813615215256087e-6,0.006002264508797753,false,0.0,3.9000658939603383,-0.058702038278849386,0.058702038278849386,62.538272676738835,1.330332062000842,63.86860473873968,97.91707981183762,-96.44882348717861,100.0,0.08,0.6,0.27,1.0,false
