gross_delta,delta,iota,kappa,lambda,sigmah,sigmal,mu_b,m,c,p,vb,debt_diff,eq_deriv,eq_deriv_min_val,eq_min_val,eq_negative,eq_vb,abs_debt_diff,debt_per_diff,abs_debt_per_diff,debt,equity,firm_value,leverage,ROE,V0,r,alpha,pi,xi,opt
0.02,0.02,0.0,0.0025,0.75,0.35,0.15,1.0,1.0,9.0,63.04329511898558,89.53739679664888,-0.09305466120186878,-8.701033345205554e-6,-8.701781031214472e-6,0.0020331261127289097,false,0.0,0.09305466120186878,-0.0014760437414675241,0.0014760437414675241,62.950240457783714,4.85593898447368,67.80617944225739,92.83850082040249,-86.89346693616031,100.0,0.08,0.6,0.27,1.0,true
0.02,0.02,0.0,0.0025,0.75,0.35,0.15,1.0,1.0,9.0,63.04329511898558,89.53739679664888,-0.09305466120186881,-8.701033345205564e-6,-8.701781031214526e-6,0.002033126112728909,false,0.0,0.09305466120186881,-0.001476043741467524,0.001476043741467524,62.950240457783714,4.85593898447368,67.80617944225739,92.83850082040249,-86.89346693616031,100.0,0.08,0.6,0.27,1.0,true
0.02,0.02,0.0,0.0025,0.75,0.35,0.15,1.0,1.0,9.0,67.03382048731189,95.25986599627467,-3.994593337135875,-2.609301892220195e-6,-2.6091223077132075e-6,0.004257528340517284,false,0.0,3.994593337135875,-0.05959071567302312,0.05959071567302312,63.03922715017601,1.1750430788595958,64.2142702290356,98.17012157162493,-96.82083736821755,100.0,0.08,0.6,0.27,1.0,false
0.02,0.02,0.0,0.0025,0.75,0.35,0.15,1.0,1.0,9.0,69.02908317147504,98.12811711572476,-7.536170395080042,-4.425822143931668e-6,-4.425822143931668e-6,0.008132076664756382,false,0.0,7.536170395080042,-0.1091738445425887,0.1091738445425887,61.492912776394995,0.1705536570562393,61.663466433451234,99.72341214835805,-99.55708502160691,100.0,0.08,0.6,0.27,1.0,false
0.02,0.02,0.0,0.0025,0.75,0.35,0.15,1.0,1.0,9.0,71.0243458556382,100.0,-11.024343471452909,-0.03631726516917865,-0.03631726516917865,-0.004435599059086841,false,0.0,11.024343471452909,-0.15521921868679556,0.15521921868679556,60.000002384185294,0.009462988608545393,60.00946537279384,99.98423084000206,-99.97634252706854,100.0,0.08,0.6,0.27,1.0,false
0.02,0.02,0.0,0.0025,0.75,0.35,0.15,1.0,1.0,9.0,73.01960853980135,100.0,-13.01960615561606,-0.1450242826419538,-0.1450242826419538,-0.06806549744218933,true,0.0,13.01960615561606,-0.1783028752957415,0.1783028752957415,60.000002384185294,0.030619390912959375,60.030621775098254,99.94899371352895,-99.92345151815496,100.0,0.08,0.6,0.27,1.0,false
