gross_delta,delta,iota,kappa,lambda,sigmah,sigmal,mu_b,m,c,p,vb,debt_diff,eq_deriv,eq_deriv_min_val,eq_min_val,eq_negative,eq_vb,abs_debt_diff,debt_per_diff,abs_debt_per_diff,debt,equity,firm_value,leverage,ROE,V0,r,alpha,pi,xi,opt
0.02,0.02,0.0,0.003,0.3,0.275,0.15,1.0,5.0,8.0,15.135742521620584,100.0,-15.678710223917406,-0.7136429728533719,-0.7136429728533719,-0.9315394568281136,true,0.0,15.678710223917406,-0.20717464242697342,0.20717464242697342,60.00000238418551,0.12663506498130753,60.126637449166815,99.78938608518003,-99.68341231867663,100.0,0.08,0.6,0.27,1.0,false
0.02,0.02,0.0,0.003,0.3,0.275,0.15,1.0,5.0,8.0,16.183855227628026,100.0,-20.919273753954627,-0.8694124062393441,-0.8694124062393441,-1.3310318242728378,true,0.0,20.919273753954627,-0.2585202778908032,0.2585202778908032,60.00000238418551,0.15656945660920304,60.15657184079471,99.73973008797182,-99.60857633514632,100.0,0.08,0.6,0.27,1.0,false
0.02,0.02,0.0,0.003,0.3,0.275,0.15,1.0,5.0,8.0,18.28008063964291,98.12645956996052,-16.78575436611206,-1.3653317247074286,-1.3653317247074286,-2.8698888998768735,true,0.0,16.78575436611206,-0.1836507693484656,0.1836507693484656,74.61464883210249,-1.7987316600857481,72.81591717201674,102.47024514686332,-107.08570721826544,100.0,0.08,0.6,0.27,1.0,false
0.02,0.02,0.0,0.003,0.3,0.275,0.15,1.0,5.0,8.0,19.238809400242587,95.67313739250679,-8.559506295058306e-5,-1.524520869193299,-1.524520869193299,-3.3712905427703537,true,0.0,8.559506295058306e-5,-0.0038025194556626837,0.0038025194556626837,96.19396140614998,-2.829030156663052,93.36493124948693,103.0300779091278,-174.33004387381504,100.0,0.08,0.6,0.27,1.0,false
0.02,0.02,0.0,0.003,0.3,0.275,0.15,1.0,5.0,8.0,20.376306051657796,93.31504304836545,21.26977345425034,-1.53404291758827,-1.53404291758827,-3.3147756946519134,true,0.0,21.26977345425034,0.2087696700307449,0.2087696700307449,123.15130371253932,-3.1137656607175095,120.03753805182181,102.59399327181573,-86.55036580496753,100.0,0.08,0.6,0.27,1.0,false
0.02,0.02,0.0,0.003,0.3,0.275,0.15,1.0,5.0,8.0,20.900362404661518,93.18706630078671,26.721881416241757,-1.4445814862482662,-1.4445814862482662,-2.9337872576292905,true,0.0,26.721881416241757,0.25570734993840905,0.25570734993840905,131.22369343954935,-2.607332936052019,128.61636050349733,102.0272171641656,-91.64950507504838,100.0,0.08,0.6,0.27,1.0,false
