gross_delta,delta,iota,kappa,lambda,sigmah,sigmal,mu_b,m,c,p,vb,debt_diff,eq_deriv,eq_deriv_min_val,eq_min_val,eq_negative,eq_vb,abs_debt_diff,debt_per_diff,abs_debt_per_diff,debt,equity,firm_value,leverage,ROE,V0,r,alpha,pi,xi,opt
0.02,0.02,0.0,0.003,0.3,0.275,0.15,1.0,5.0,3.0,19.06518283407288,85.25716583189599,-2.9420727017416652,-0.9166591980630542,-0.9166591980630542,-1.8161154104271031,true,0.0,2.9420727017416652,-0.030863304352724663,0.030863304352724663,92.38384146862273,3.179104225029578,95.56294569365231,96.67328774562802,-58.258428945088085,100.0,0.08,0.6,0.27,1.0,false
0.02,0.02,0.0,0.003,0.3,0.275,0.15,1.0,5.0,3.0,19.525706518020222,83.14054852798606,-2.4981335554401056,-1.1057473980528678,-1.1057473980528678,-2.3833464170438408,true,0.0,2.4981335554401056,-0.025588150197121778,0.025588150197121778,95.13039903466101,4.340277360953602,99.47067639561462,95.6366262719563,-10.869958506929523,100.0,0.08,0.6,0.27,1.0,false
0.02,0.02,0.0,0.003,0.3,0.275,0.15,1.0,5.0,3.0,20.90727756986225,69.95871026579142,1.6199197322108887,-1.4808428444187889,-1.4808428444187889,-2.824261928898755,true,0.0,1.6199197322108887,0.015496228304214951,0.015496228304214951,106.15630758152213,20.780316880086556,126.93662446160869,83.62937649537746,-437.5451373231856,100.0,0.08,0.6,0.27,1.0,false
0.02,0.02,0.0,0.003,0.3,0.275,0.15,1.0,5.0,3.0,21.828324937756932,66.07431405489868,1.1603350233688445,-1.4007950380136838,-1.4007950380136838,-2.1279527844436905,true,0.0,1.1603350233688445,0.010631461888876205,0.010631461888876205,110.3019597121535,28.855090249730623,139.15704996188413,79.26437053844259,-380.0932158149433,100.0,0.08,0.6,0.27,1.0,false
0.02,0.02,0.0,0.003,0.3,0.275,0.15,1.0,5.0,3.0,23.206787423646656,68.18289692402665,-6.704761476698275e-6,-1.451656201819118,-1.451656201819118,-2.3173997503505945,true,0.0,6.704761476698275e-6,-1.1677762309069408e-5,1.1677762309069408e-5,116.03393041347181,25.705989843261637,141.73992025673346,81.86397325700452,-260.32244858480425,100.0,0.08,0.6,0.27,1.0,false
0.02,0.02,0.0,0.003,0.3,0.275,0.15,1.0,5.0,3.0,23.20989598959896,68.19278724372518,0.004954356684152117,-1.4528631810164456,-1.4528631810164456,-2.3225647077717166,true,0.0,0.004954356684152117,4.269176118990202e-5,4.269176118990202e-5,116.05443430467895,25.673847622760267,141.7282819274392,81.88516273985137,-259.9174853222814,100.0,0.08,0.6,0.27,1.0,false
