gross_delta,delta,iota,kappa,lambda,sigmah,sigmal,mu_b,m,c,p,vb,debt_diff,eq_deriv,eq_deriv_min_val,eq_min_val,eq_negative,eq_vb,abs_debt_diff,debt_per_diff,abs_debt_per_diff,debt,equity,firm_value,leverage,ROE,V0,r,alpha,pi,xi,opt
0.02,0.02,0.0,0.004,0.1,0.35,0.15,1.0,1.0,5.0,53.88580305398961,60.505064380947424,0.23012142783380085,-5.100087019371813e-16,-0.013567757291191494,0.008368127826553075,false,-4.049815839326471e-8,0.23012142783380085,0.004270539080641261,0.004270539080641261,54.11592448182341,50.739810374705186,104.8557348565286,51.609885292272125,10.582614560045013,100.0,0.08,0.6,0.27,1.0,false
0.02,0.02,0.0,0.004,0.1,0.35,0.15,1.0,1.0,5.0,55.203883546249365,62.05391822970035,0.17615398243260216,-1.7876360114410517e-12,-0.013535471022993864,0.006916389924054421,false,-2.4745786140840137e-7,0.17615398243260216,0.0031909708360467392,0.0031909708360467392,55.38003752868197,48.90063006528635,104.28066759396832,53.106715565259,9.593615406377708,100.0,0.08,0.6,0.27,1.0,false
0.02,0.02,0.0,0.004,0.1,0.35,0.15,1.0,1.0,5.0,56.52196403850911,63.602895491858625,0.1236802657537126,-8.083811398051921e-16,-0.01344632766094992,0.005575406846592625,false,-1.4000534925133155e-7,0.1236802657537126,0.002188180610097832,0.002188180610097832,56.645644304262824,47.0225717645281,103.66821606879093,54.64128394634916,8.461009303274224,100.0,0.08,0.6,0.27,1.0,false
0.02,0.02,0.0,0.004,0.1,0.35,0.15,1.0,1.0,5.0,57.840044530768864,65.15217651084855,0.06682383768237088,4.371503159461554e-16,-0.017386399413793933,0.004507750556773801,false,-5.279524406425862e-7,0.06682383768237088,0.0011553213387797956,0.0011553213387797956,57.906868368451235,45.1005098433104,103.00737821176163,56.216233607467245,7.144581776632664,100.0,0.08,0.6,0.27,1.0,false
0.02,0.02,0.0,0.004,0.1,0.35,0.15,1.0,1.0,5.0,59.15812502302862,66.70142528795517,0.0013919718412864768,-1.186550857568136e-15,-0.012976491198584308,0.003421903523020282,false,2.6896985901580343e-6,0.0013919718412864768,2.3529681522945847e-5,2.3529681522945847e-5,59.159516994869904,43.131171891757475,102.29068888662738,57.8347038609141,5.608868255401478,100.0,0.08,0.6,0.27,1.0,true
