gross_delta,delta,iota,kappa,lambda,sigmah,sigmal,mu_b,m,c,p,vb,debt_diff,eq_deriv,eq_deriv_min_val,eq_min_val,eq_negative,eq_vb,abs_debt_diff,debt_per_diff,abs_debt_per_diff,debt,equity,firm_value,leverage,ROE,V0,r,alpha,pi,xi,opt
0.02,0.02,0.0,0.005,0.5,0.275,0.15,1.0,3.0,7.0,29.143830172490933,93.08997712765772,-5.4135974222127174,-0.5255715266892279,-0.5255715266892279,-0.5517783289859024,true,0.0,5.4135974222127174,-0.06191816461290722,0.06191816461290722,82.01789309526008,1.0871987842243072,83.10509187948439,98.69177837406049,-93.95399665910266,100.0,0.08,0.6,0.27,1.0,false
0.02,0.02,0.0,0.005,0.5,0.275,0.15,1.0,3.0,7.0,29.924410862138846,91.65865136785546,-3.5646784834506207,-0.6716910397252821,-0.6716910397252821,-0.8332282818144705,true,0.0,3.5646784834506207,-0.03970758744839926,0.03970758744839926,86.20855410296592,1.5360006089260836,87.74455471189201,98.24946332684743,-88.86265718334573,100.0,0.08,0.6,0.27,1.0,false
0.02,0.02,0.0,0.005,0.5,0.275,0.15,1.0,3.0,7.0,31.233036251359877,86.5011969365049,-1.3427242874675116e-5,-1.0122434232658135,-1.0122434232658135,-1.5436324357719111,true,0.0,1.3427242874675116e-5,-0.0003239185568083779,0.0003239185568083779,93.69909532683677,5.677883471555035,99.3769787983918,94.28652033880616,-9.88780554420644,100.0,0.08,0.6,0.27,1.0,false
0.02,0.02,0.0,0.005,0.5,0.275,0.15,1.0,3.0,7.0,33.04673362073049,79.96121100937157,3.8526725475341834,-1.1401417238247742,-1.1401417238247742,-1.6630046925401047,true,0.0,3.8526725475341834,0.03886085073490561,0.03886085073490561,102.99287340972566,12.883362049505925,115.87623545923158,88.8817909915285,-530.4679913169754,100.0,0.08,0.6,0.27,1.0,false
0.02,0.02,0.0,0.005,0.5,0.275,0.15,1.0,3.0,7.0,33.827314310378405,79.41823125323403,4.480909821112249,-0.9488323460369854,-0.9488323460369854,-1.1105791465671162,true,0.0,4.480909821112249,0.044154750014521855,0.044154750014521855,105.96285275224747,14.413247210529132,120.3760999627766,88.02648763750771,-341.71730896921116,100.0,0.08,0.6,0.27,1.0,false
0.02,0.02,0.0,0.005,0.5,0.275,0.15,1.0,3.0,7.0,34.60789500002632,80.30700846310127,4.6071280723754455,-0.8891820624316634,-0.8891820624316634,-0.9766640533690772,true,0.0,4.6071280723754455,0.04437453816411874,0.04437453816411874,108.4308130724544,13.37857942847168,121.80939250092608,89.01679160055743,-258.6867045146913,100.0,0.08,0.6,0.27,1.0,false
