gross_delta,delta,iota,kappa,lambda,sigmah,sigmal,mu_b,m,c,p,vb,debt_diff,eq_deriv,eq_deriv_min_val,eq_min_val,eq_negative,eq_vb,abs_debt_diff,debt_per_diff,abs_debt_per_diff,debt,equity,firm_value,leverage,ROE,V0,r,alpha,pi,xi,opt
0.02,0.02,0.0,0.005,0.5,0.275,0.15,1.0,3.0,1.0,11.270257288886782,42.40285499027037,0.1957697304489372,5.057718956073647e-7,5.057718956073647e-7,0.0015778631390670466,false,0.0,0.1957697304489372,0.005790158569020398,0.005790158569020398,34.00654159710928,41.2037978698051,75.21033946691438,45.215248113683934,-37.563814858352316,100.0,0.08,0.6,0.27,1.0,false
0.02,0.02,0.0,0.005,0.5,0.275,0.15,1.0,3.0,1.0,11.458709028797616,43.10656605565226,0.09896690659478935,1.0202265506465292e-6,1.0202265506465292e-6,0.0015423286378057593,false,0.0,0.09896690659478935,0.0028789428880708194,0.0028789428880708194,34.47509399298764,40.58631666870983,75.06141066169747,45.929184768945035,-38.05971020490079,100.0,0.08,0.6,0.27,1.0,false
0.02,0.02,0.0,0.005,0.5,0.275,0.15,1.0,3.0,1.0,11.64716076870845,44.207799326302656,0.041374962741770105,0.01788663902076586,0.01788663902076586,0.0013866675671377732,false,0.0,0.041374962741770105,0.0011841215658591835,0.0011841215658591835,34.98285726886712,39.300761489351224,74.28361875821835,47.093636327453154,-39.553231903972296,100.0,0.08,0.6,0.27,1.0,false
0.02,0.02,0.0,0.005,0.5,0.275,0.15,1.0,3.0,1.0,11.768091459516139,44.00659743171384,9.877107828163215e-7,-0.011551848490828388,-0.011551848490828388,-0.001086743186146776,false,0.0,9.877107828163215e-7,1.0762147456487412e-6,1.0762147456487412e-6,35.304275366259205,39.943371071064476,75.24764643732368,46.91744797050275,-38.25964343518182,100.0,0.08,0.6,0.27,1.0,false
0.02,0.02,0.0,0.005,0.5,0.275,0.15,1.0,3.0,1.0,11.835612508619281,43.78674929693104,-0.02495864896084754,-0.032775629590467883,-0.032775629590467883,-0.0026321561660266643,false,0.0,0.02495864896084754,-0.0007029251462530677,0.0007029251462530677,35.481878876897,40.47471453863112,75.95659341552812,46.713362568526264,-37.266129524441915,100.0,0.08,0.6,0.27,1.0,false
0.02,0.02,0.0,0.005,0.5,0.275,0.15,1.0,3.0,1.0,12.024064248530115,44.46867012243123,-0.09129226066394125,-0.03307968239151797,-0.03307968239151797,-0.0027518525458445887,false,0.0,0.09129226066394125,-0.0025308209375517186,0.0025308209375517186,35.9809004849264,39.84508439148213,75.82598487640854,47.451939521224745,-37.760629728788345,100.0,0.08,0.6,0.27,1.0,false
