gross_delta,delta,iota,kappa,lambda,sigmah,sigmal,mu_b,m,c,p,vb,debt_diff,eq_deriv,eq_deriv_min_val,eq_min_val,eq_negative,eq_vb,abs_debt_diff,debt_per_diff,abs_debt_per_diff,debt,equity,firm_value,leverage,ROE,V0,r,alpha,pi,xi,opt
0.02,0.02,0.0,0.005,0.5,0.275,0.15,1.0,3.0,11.0,26.674035824635094,99.0832470460458,-15.525741998346874,-0.1745376588374151,-0.1745376588374151,-0.05796262402778403,true,0.0,15.525741998346874,-0.19401815933690228,0.19401815933690228,64.4963654755584,-0.05725450577637949,64.43911096978202,100.08885055196251,-100.16126378761861,100.0,0.08,0.6,0.27,1.0,false
0.02,0.02,0.0,0.005,0.5,0.275,0.15,1.0,3.0,11.0,30.35946337929647,92.29713944087743,-0.00017276609732785886,-0.6611140806969712,-0.6611140806969712,-0.5122666527418995,true,0.0,0.00017276609732785886,-0.007672860060593596,0.007672860060593596,91.07821737179208,2.9418062520620345,94.02002362385412,96.87108539364836,-67.02669887113197,100.0,0.08,0.6,0.27,1.0,false
0.02,0.02,0.0,0.005,0.5,0.275,0.15,1.0,3.0,11.0,31.058691395455334,94.74730892761849,-6.520984285588042,-0.8644294084025547,-0.8644294084025547,-1.0740243650876693,true,0.0,6.520984285588042,-0.06998560888651634,0.06998560888651634,86.65508990077797,-0.3722558583856872,86.28283404239228,100.43143675392348,-102.78949693641914,100.0,0.08,0.6,0.27,1.0,false
0.02,0.02,0.0,0.005,0.5,0.275,0.15,1.0,3.0,11.0,32.81255362378343,93.84540884929872,-6.133798385353188,-1.2466622337965554,-1.2466622337965554,-2.0220257875921313,true,0.0,6.133798385353188,-0.06231150081237246,0.06231150081237246,92.3038624859971,-1.2956049458808072,91.00825754011629,101.42361251703969,-116.8344827976825,100.0,0.08,0.6,0.27,1.0,false
0.02,0.02,0.0,0.005,0.5,0.275,0.15,1.0,3.0,11.0,33.68948473794748,87.63904684874298,8.310724507689798,-1.2958231845351507,-1.2958231845351507,-1.986050856980086,true,0.0,8.310724507689798,0.08222866939377364,0.08222866939377364,109.37917872153224,4.356581465296059,113.7357601868283,96.1695587578263,-146.44949834780778,100.0,0.08,0.6,0.27,1.0,false
0.02,0.02,0.0,0.005,0.5,0.275,0.15,1.0,3.0,11.0,35.44334696627558,89.48764189229775,12.543574148636111,-1.0912709371181137,-1.0912709371181137,-1.4705044760728256,true,0.0,12.543574148636111,0.11796829985771708,0.11796829985771708,118.87361504746283,2.898173224781936,121.77178827224478,97.61999616996467,-115.35568685433972,100.0,0.08,0.6,0.27,1.0,false
