gross_delta,delta,iota,kappa,lambda,sigmah,sigmal,mu_b,m,c,p,vb,debt_diff,eq_deriv,eq_deriv_min_val,eq_min_val,eq_negative,eq_vb,abs_debt_diff,debt_per_diff,abs_debt_per_diff,debt,equity,firm_value,leverage,ROE,V0,r,alpha,pi,xi,opt
0.02,0.02,0.0,0.005,0.5,0.275,0.15,1.0,3.0,4.0,22.498865676041284,86.36351481122254,3.706188966380566,0.011190469393355525,0.011190469393355525,0.002531781978599741,false,0.0,3.706188966380566,0.054909271423510514,0.054909271423510514,71.20278599450442,7.152986497167219,78.35577249167164,90.87114290408215,-75.16083849013255,100.0,0.08,0.6,0.27,1.0,false
0.02,0.02,0.0,0.005,0.5,0.275,0.15,1.0,3.0,4.0,23.60352742707134,90.5971277879282,9.008522210594665e-6,-0.0005781351451333789,-0.0005781351451333789,-0.03726534982936113,true,0.0,9.008522210594665e-6,0.00036252485742862666,0.00036252485742862666,70.81059128973625,3.8261919816316987,74.63678327136795,94.87358402395203,-86.8918482741094,100.0,0.08,0.6,0.27,1.0,false
0.02,0.02,0.0,0.005,0.5,0.275,0.15,1.0,3.0,4.0,23.908488217242773,91.11886271647819,-0.6531978701348322,3.8205097898204657e-7,3.8205097898204657e-7,0.001194908034714959,false,0.0,0.6531978701348322,-0.009106917233739978,0.009106917233739978,71.07226678159348,3.436123977259905,74.5083907588534,95.38827245862693,-88.12169639661388,100.0,0.08,0.6,0.27,1.0,false
0.02,0.02,0.0,0.005,0.5,0.275,0.15,1.0,3.0,4.0,28.137355840847242,82.28284898986294,-1.026118937833715,-0.7381506402754756,-0.7381506402754756,-1.0769425599105698,true,0.0,1.026118937833715,-0.012156069244005856,0.012156069244005856,83.385948584708,8.587341829131274,91.97329041383928,90.66322212623685,-48.31277685088138,100.0,0.08,0.6,0.27,1.0,false
0.02,0.02,0.0,0.005,0.5,0.275,0.15,1.0,3.0,4.0,28.842167111447985,78.26241976105804,-0.6566412279513116,-1.078692546552679,-1.078692546552679,-1.8801070093030172,true,0.0,0.6566412279513116,-0.0075889030276863716,0.0075889030276863716,85.86986010639264,12.582362598353578,98.45222270474622,87.21982881373077,-10.953729452841564,100.0,0.08,0.6,0.27,1.0,false
0.02,0.02,0.0,0.005,0.5,0.275,0.15,1.0,3.0,4.0,29.54697838204873,63.961117062686,0.4215166319789603,-1.1156862266433927,-1.1156862266433927,-1.2766722136024162,true,0.0,0.4215166319789603,0.004755326997441841,0.004755326997441841,89.06245177812515,36.29988212122622,125.36233389935137,71.04402814455416,231.88317331143077,100.0,0.08,0.6,0.27,1.0,false
