gross_delta,delta,iota,kappa,lambda,sigmah,sigmal,mu_b,m,c,p,vb,debt_diff,eq_deriv,eq_deriv_min_val,eq_min_val,eq_negative,eq_vb,abs_debt_diff,debt_per_diff,abs_debt_per_diff,debt,equity,firm_value,leverage,ROE,V0,r,alpha,pi,xi,opt
0.02,0.02,0.0,0.005,0.2,0.25,0.15,1.0,3.0,8.0,27.861450618746087,87.31768353068847,9.752969871346536,0.02328312737155111,0.02328312737155111,0.0054930792548417,false,0.0,9.752969871346536,0.1166841598307929,0.1166841598307929,93.3373217275848,13.044743326485529,106.38206505407032,87.73783595960903,95.78828202606333,100.0,0.08,0.6,0.27,1.0,false
0.02,0.02,0.0,0.005,0.2,0.25,0.15,1.0,3.0,8.0,33.26835841478884,90.95520798534065,-5.804421431014262,-0.6056769632842858,-0.6056769632842858,-0.5464140271045109,true,0.0,5.804421431014262,-0.05815757782660348,0.05815757782660348,94.00065381335226,4.385182982614486,98.38583679596674,95.54287169228584,-26.90565194630321,100.0,0.08,0.6,0.27,1.0,false
0.02,0.02,0.0,0.005,0.2,0.25,0.15,1.0,3.0,8.0,34.236026931423794,89.09957797656617,0.0002842081642644434,-0.6521641119052959,-0.6521641119052959,-0.5775852825587126,true,0.0,0.0002842081642644434,-0.0038552991814347626,0.0038552991814347626,102.7083650024356,6.985111638899789,109.6934766413354,93.6321540233983,-357.9087985784104,100.0,0.08,0.6,0.27,1.0,false
0.02,0.02,0.0,0.005,0.2,0.25,0.15,1.0,3.0,8.0,37.130435411962246,86.35836786161482,10.334664996863552,-0.6736175884440477,-0.6736175884440477,-0.5509774800907363,true,0.0,10.334664996863552,0.09277802142815748,0.09277802142815748,121.72597123275028,11.188834276617522,132.9148055093678,91.58195038262392,-151.4998117080777,100.0,0.08,0.6,0.27,1.0,false
0.02,0.02,0.0,0.005,0.2,0.25,0.15,1.0,3.0,8.0,37.902850811396924,87.10927018849245,8.97338191732345,-0.650771805401268,-0.650771805401268,-0.5144826969161701,true,0.0,8.97338191732345,0.07891562881795393,0.07891562881795393,122.68193435151423,10.247003637009897,132.92893798852413,92.2913672582756,-145.17693896034848,100.0,0.08,0.6,0.27,1.0,false
0.02,0.02,0.0,0.005,0.2,0.25,0.15,1.0,3.0,8.0,39.44768161026629,88.15482035950774,8.88598963812953,-0.5910046683719811,-0.5910046683719811,-0.41923020717620707,true,0.0,8.88598963812953,0.07508670789089707,0.07508670789089707,127.22903446892839,9.372908837072295,136.6019433060007,93.13852452590946,-134.42247960634782,100.0,0.08,0.6,0.27,1.0,false
