gross_delta,delta,iota,kappa,lambda,sigmah,sigmal,mu_b,m,c,p,vb,debt_diff,eq_deriv,eq_deriv_min_val,eq_min_val,eq_negative,eq_vb,abs_debt_diff,debt_per_diff,abs_debt_per_diff,debt,equity,firm_value,leverage,ROE,V0,r,alpha,pi,xi,opt
0.02,0.02,0.0,0.005,0.2,0.25,0.15,1.0,3.0,9.0,27.51709776240782,89.04713895581773,11.006789545871655,0.15767255903927874,0.15767255903927874,0.023085929806664095,false,0.0,11.006789545871655,0.1333327329903284,0.1333327329903284,93.55808283309511,11.766194690822179,105.32427752391729,88.8286015651517,82.65051204431148,100.0,0.08,0.6,0.27,1.0,false
0.02,0.02,0.0,0.005,0.2,0.25,0.15,1.0,3.0,9.0,31.006146691893118,91.44664202797603,-8.956851392155629e-5,-0.08996840901105897,-0.08996840901105897,0.29852567977574773,false,0.0,8.956851392155629e-5,-0.007200245557143639,0.007200245557143639,93.01835050716537,7.461581234789124,100.47993174195449,92.57405821696672,6.8741884342238935,100.0,0.08,0.6,0.27,1.0,false
0.02,0.02,0.0,0.005,0.2,0.25,0.15,1.0,3.0,9.0,33.876817944952386,92.01302007220629,-7.234563431590942,-0.6275445566562021,-0.6275445566562021,-0.5551830610354682,true,0.0,7.234563431590942,-0.07118499582169174,0.07118499582169174,94.39589040326621,3.43764015712213,97.83353056038834,96.48623520235711,-38.65858442301578,100.0,0.08,0.6,0.27,1.0,false
0.02,0.02,0.0,0.005,0.2,0.25,0.15,1.0,3.0,9.0,34.671782967770454,91.74895813211499,-7.005774405240274,-0.7124650803368586,-0.7124650803368586,-0.6980190411007714,true,0.0,7.005774405240274,-0.06735327506090058,0.06735327506090058,97.00957449807109,3.314909403950628,100.32448390202171,96.69581215370316,10.85076026178935,100.0,0.08,0.6,0.27,1.0,false
0.02,0.02,0.0,0.005,0.2,0.25,0.15,1.0,3.0,9.0,38.64660808186081,88.95523129735689,6.718022262435781,-0.5113350038686506,-0.5113350038686506,-0.3091437446667808,true,0.0,6.718022262435781,0.057944043870600856,0.057944043870600856,122.65784650801821,8.989556026711723,131.64740253472993,93.1714900152776,-139.67524461572495,100.0,0.08,0.6,0.27,1.0,false
0.02,0.02,0.0,0.005,0.2,0.25,0.15,1.0,3.0,9.0,41.031503150315025,89.53644579923922,8.94861853989525,-0.3056876922275906,-0.3056876922275906,-0.10519782174146643,true,0.0,8.94861853989525,0.07269713799429374,0.07269713799429374,132.04312799084033,10.11843931648448,142.16156730732482,92.88243685819076,-131.57756421088754,100.0,0.08,0.6,0.27,1.0,false
