gross_delta,delta,iota,kappa,lambda,sigmah,sigmal,mu_b,m,c,p,vb,debt_diff,eq_deriv,eq_deriv_min_val,eq_min_val,eq_negative,eq_vb,abs_debt_diff,debt_per_diff,abs_debt_per_diff,debt,equity,firm_value,leverage,ROE,V0,r,alpha,pi,xi,opt
0.02,0.02,0.0,0.003,0.3,0.225,0.15,1.0,3.0,10.0,32.86060448150078,91.21193104058273,0.14908754056644113,-0.4387394152061143,-0.4387394152061143,-0.25590985771335445,true,0.0,0.14908754056644113,0.0015123229666531904,0.0015123229666531904,98.73090098506877,6.273479110113268,105.00438009518204,94.0255072174831,394.32542585758944,100.0,0.08,0.6,0.27,1.0,false
0.02,0.02,0.0,0.003,0.3,0.225,0.15,1.0,3.0,10.0,33.12942770599717,91.03727301925262,3.0942225774099885e-5,-0.4824174510783053,-0.4824174510783053,-0.30398897184786994,true,0.0,3.0942225774099885e-5,-0.00030797145492079985,0.00030797145492079985,99.38831406021728,6.32796873787106,105.71628279808834,94.01419670614308,934.512701096069,100.0,0.08,0.6,0.27,1.0,false
0.02,0.02,0.0,0.003,0.3,0.225,0.15,1.0,3.0,10.0,33.653936446276205,91.21193104058273,-1.6422351336552765,-0.5614902063426934,-0.5614902063426934,-0.40819515864990746,true,0.0,1.6422351336552765,-0.01626590434947459,0.01626590434947459,99.31957420517334,5.66682858210547,104.9864027872788,94.60232141338581,732.8356486762967,100.0,0.08,0.6,0.27,1.0,false
0.02,0.02,0.0,0.003,0.3,0.225,0.15,1.0,3.0,10.0,34.44726841105163,91.21193104058273,-2.755638512935107,-0.649392107619434,-0.649392107619434,-0.5345804085224999,true,0.0,2.755638512935107,-0.026665283296706165,0.026665283296706165,100.5861667202198,5.186300520153643,105.77246724037343,95.09673863580443,-984.7824929755392,100.0,0.08,0.6,0.27,1.0,false
0.02,0.02,0.0,0.003,0.3,0.225,0.15,1.0,3.0,10.0,35.24060037582706,89.38036253898967,2.53555103968219,-0.6778167268794737,-0.6778167268794737,-0.5545305957218026,true,0.0,2.53555103968219,0.023983237257041986,0.023983237257041986,108.25735216716336,7.744489082550004,116.00184124971337,93.32382227806308,-193.78901281874792,100.0,0.08,0.6,0.27,1.0,false
0.02,0.02,0.0,0.003,0.3,0.225,0.15,1.0,3.0,10.0,36.8272643053779,89.63043090823865,6.2651078648358265,-0.5379010038510206,-0.5379010038510206,-0.34473694250826986,true,0.0,6.2651078648358265,0.056707152368459884,0.056707152368459884,116.74690078096954,7.99252591666443,124.73942669763397,93.59262253462319,-147.72540317278762,100.0,0.08,0.6,0.27,1.0,false
