gross_delta,delta,iota,kappa,lambda,sigmah,sigmal,mu_b,m,c,p,vb,debt_diff,eq_deriv,eq_deriv_min_val,eq_min_val,eq_negative,eq_vb,abs_debt_diff,debt_per_diff,abs_debt_per_diff,debt,equity,firm_value,leverage,ROE,V0,r,alpha,pi,xi,opt
0.02,0.02,0.0,0.005,0.5,0.275,0.15,1.0,5.0,4.0,18.572600681120743,89.27861721273091,-1.3380980625717172,-1.1479454306773864,-1.1479454306773864,-2.7639187374636367,true,0.0,1.3380980625717172,-0.014409377400031098,0.014409377400031098,91.524905343032,-1.488318984768981,90.03658635826302,101.65301578499081,-117.56108981680016,100.0,0.08,0.6,0.27,1.0,false
0.02,0.02,0.0,0.005,0.5,0.275,0.15,1.0,5.0,4.0,19.479733499665755,85.24864638125614,-1.2295366746872531,-1.5099634733847784,-1.5099634733847784,-3.9963312067937022,true,0.0,1.2295366746872531,-0.01262375252421549,0.01262375252421549,96.16913082364152,-0.5608288225499082,95.60830200109162,100.58659008769291,-114.63972787196606,100.0,0.08,0.6,0.27,1.0,false
0.02,0.02,0.0,0.005,0.5,0.275,0.15,1.0,5.0,4.0,20.448057574398284,81.57454888535935,1.9430776280610074e-5,-1.5765319333693708,-1.5765319333693708,-4.030531331928382,true,0.0,1.9430776280610074e-5,-0.00040157033439364035,0.00040157033439364035,102.24030730276768,2.023527657104904,104.26383495987258,98.05922383549033,-190.32366473139814,100.0,0.08,0.6,0.27,1.0,false
0.02,0.02,0.0,0.005,0.5,0.275,0.15,1.0,5.0,4.0,21.747565546028287,80.26258904914256,1.3381977025891985,-1.4789162037465544,-1.4789162037465544,-3.4960749806149995,true,0.0,1.3381977025891985,0.012306643700021777,0.012306643700021777,110.07602543273063,3.5568833541241833,113.63290878685481,96.86984748335894,-135.30046026452175,100.0,0.08,0.6,0.27,1.0,false
0.02,0.02,0.0,0.005,0.5,0.275,0.15,1.0,5.0,4.0,22.20113195530079,81.26756784684855,1.3235301105729746,-1.4659115975147066,-1.4659115975147066,-3.4757738294039005,true,0.0,1.3235301105729746,0.011923086743844749,0.011923086743844749,112.32918988707694,2.6681853030984395,114.99737519017538,97.67978590929927,-121.64120536333978,100.0,0.08,0.6,0.27,1.0,false
0.02,0.02,0.0,0.005,0.5,0.275,0.15,1.0,5.0,4.0,22.6546983645733,82.65258559599907,1.3611283190587216,-1.4669657992734328,-1.4669657992734328,-3.5562442678190593,true,0.0,1.3611283190587216,0.012016300523225778,0.012016300523225778,114.63462014192523,1.3931485111111395,116.02776865303636,98.79929733435007,-109.51953995116041,100.0,0.08,0.6,0.27,1.0,false
