gross_delta,delta,iota,kappa,lambda,sigmah,sigmal,mu_b,m,c,p,vb,debt_diff,eq_deriv,eq_deriv_min_val,eq_min_val,eq_negative,eq_vb,abs_debt_diff,debt_per_diff,abs_debt_per_diff,debt,equity,firm_value,leverage,ROE,V0,r,alpha,pi,xi,opt
0.02,0.02,0.0,0.005,0.5,0.275,0.15,1.0,5.0,3.0,16.1113308699291,91.21193104058273,-0.9184872227748571,-0.5161581176310122,-0.5161581176310122,-0.8548182306638028,true,0.0,0.9184872227748571,-0.0114017548294432,0.0114017548294432,79.63816712687064,0.20021302962303447,79.83838015649367,99.74922708948931,-99.01672393212083,100.0,0.08,0.6,0.27,1.0,false
0.02,0.02,0.0,0.005,0.5,0.275,0.15,1.0,5.0,3.0,17.00566767203036,88.06970850016062,-0.359559453635768,-0.7135018823272044,-0.7135018823272044,-1.3824799822319638,true,0.0,0.359559453635768,-0.004228701402028976,0.004228701402028976,84.66877890651602,0.8844204993256053,85.55319940584162,98.96623328470729,-94.23124554833079,100.0,0.08,0.6,0.27,1.0,false
0.02,0.02,0.0,0.005,0.5,0.275,0.15,1.0,5.0,3.0,18.263350320179764,57.491930462428314,-0.011293137369665161,-1.014422061555197,-1.014422061555197,-0.9717531240718081,true,0.0,0.011293137369665161,-0.00012544214440580488,0.00012544214440580488,91.30545846352915,36.90256544210604,128.20802390563517,71.21664906927559,324.4337126611156,100.0,0.08,0.6,0.27,1.0,false
0.02,0.02,0.0,0.005,0.5,0.275,0.15,1.0,5.0,3.0,18.347172875182256,56.919811563534644,-0.013095602882103208,-1.0279184597137814,-1.0279184597137814,-0.9763497433422579,true,0.0,0.013095602882103208,-0.00014275336010832808,0.00014275336010832808,91.72276877302917,37.476865244589995,129.19963401761916,70.99305618816288,352.770548712884,100.0,0.08,0.6,0.27,1.0,false
0.02,0.02,0.0,0.005,0.5,0.275,0.15,1.0,5.0,3.0,18.794341276232885,58.74831832455638,-0.05879616808515209,-1.0916125897035587,-1.0916125897035587,-1.1648490546504606,true,0.0,0.05879616808515209,-0.0006256794768274754,0.0006256794768274754,93.91291021307927,34.25356294839869,128.16647316147797,73.27416281070451,462.724785528858,100.0,0.08,0.6,0.27,1.0,false
0.02,0.02,0.0,0.005,0.5,0.275,0.15,1.0,5.0,3.0,19.241509677283517,61.864212161213025,-0.053906214070096325,-1.2084416464858483,-1.2084416464858483,-1.5878890911885597,true,0.0,0.053906214070096325,-0.0005603116904463882,0.0005603116904463882,96.15364217234749,28.775125912335724,124.92876808468321,76.96677366350843,648.1135973742101,100.0,0.08,0.6,0.27,1.0,false
