gross_delta,delta,iota,kappa,lambda,sigmah,sigmal,mu_b,m,c,p,vb,debt_diff,eq_deriv,eq_deriv_min_val,eq_min_val,eq_negative,eq_vb,abs_debt_diff,debt_per_diff,abs_debt_per_diff,debt,equity,firm_value,leverage,ROE,V0,r,alpha,pi,xi,opt
0.02,0.02,0.0,0.005,0.5,0.275,0.15,1.0,5.0,11.0,12.798029802980297,91.21193104058273,50.83476305899776,-2.350047188340612,-2.350047188340612,-6.174012898244041,true,0.0,50.83476305899776,0.7944154505275459,0.7944154505275459,114.82491207389924,-5.69863823805827,109.12627383584098,105.22205884774436,-61.56039098477151,100.0,0.08,0.6,0.27,1.0,false
0.02,0.02,0.0,0.005,0.5,0.275,0.15,1.0,5.0,11.0,13.365574715366273,91.21193104058273,48.16938235743268,-2.474405110109455,-2.474405110109455,-6.753562825176796,true,0.0,48.16938235743268,0.7207977716372017,0.7207977716372017,114.99725593426405,-6.393526315299875,108.60372961896417,105.8870227916956,-57.36869235729542,100.0,0.08,0.6,0.27,1.0,false
0.02,0.02,0.0,0.005,0.5,0.275,0.15,1.0,5.0,11.0,13.695645110766538,91.41777040817871,46.57580464271703,-2.5235693125334495,-2.5235693125334495,-7.027989930088376,true,0.0,46.57580464271703,0.6809908792824028,0.6809908792824028,115.05403019654972,-6.79834985239194,108.25568034415778,106.27990127703153,-54.84033336169289,100.0,0.08,0.6,0.27,1.0,false
0.02,0.02,0.0,0.005,0.5,0.275,0.15,1.0,5.0,11.0,13.933119627752248,91.21193104058273,47.927333691201284,-2.5329648981307735,-2.5329648981307735,-7.120328633045287,true,0.0,47.927333691201284,0.687962710027103,0.687962710027103,117.59293182996252,-6.858156299569438,110.73477553039308,106.19331756146208,-61.017547468186564,100.0,0.08,0.6,0.27,1.0,false
0.02,0.02,0.0,0.005,0.5,0.275,0.15,1.0,5.0,11.0,14.500664540138224,89.39541799209455,60.580559137278385,-2.4509347475506895,-2.4509347475506895,-6.8871826084951975,true,0.0,60.580559137278385,0.835555625324478,0.835555625324478,133.0838818379695,-6.074906369742797,127.00897546822671,104.78305280973039,-81.63786704506124,100.0,0.08,0.6,0.27,1.0,false
0.02,0.02,0.0,0.005,0.5,0.275,0.15,1.0,5.0,11.0,15.068209452524199,89.51573325933064,66.28004180530955,-2.2971913948618363,-2.2971913948618363,-6.3156980924468105,true,0.0,66.28004180530955,0.8797334814616138,0.8797334814616138,141.62108906793054,-5.602488240409078,136.01860082752145,104.11891330033112,-86.53930407427553,100.0,0.08,0.6,0.27,1.0,false
