gross_delta,delta,iota,kappa,lambda,sigmah,sigmal,mu_b,m,c,p,vb,debt_diff,eq_deriv,eq_deriv_min_val,eq_min_val,eq_negative,eq_vb,abs_debt_diff,debt_per_diff,abs_debt_per_diff,debt,equity,firm_value,leverage,ROE,V0,r,alpha,pi,xi,opt
0.02,0.02,0.0,0.005,0.1,0.225,0.15,1.0,5.0,1.0,11.037512961822499,65.38880231197984,0.3106114568721665,0.8190483830831627,0.8190483830831627,0.0546798287147631,false,0.0,0.3106114568721665,0.005628287059712386,0.005628287059712386,55.49817626598466,33.37928301640238,88.87745928238704,62.44347747346419,-24.993449221523367,100.0,0.08,0.6,0.27,1.0,false
0.02,0.02,0.0,0.005,0.1,0.225,0.15,1.0,5.0,1.0,11.245360062322021,63.21496300423891,0.17156838469944802,0.665515112719126,0.6655151127191259,0.043988785746186865,false,0.0,0.17156838469944802,0.003051363117741227,0.003051363117741227,56.398368696309554,35.02349144628344,91.42186014259299,61.69024411485786,-19.67389659726093,100.0,0.08,0.6,0.27,1.0,false
0.02,0.02,0.0,0.005,0.1,0.225,0.15,1.0,5.0,1.0,11.453207162821545,57.54995615370343,0.10158555406346892,0.3076065196051883,0.3076065196051883,0.019871623172107424,false,0.0,0.10158555406346892,0.0017739232796421872,0.0017739232796421872,57.36762136817119,40.159302825003564,97.52692419317475,58.822342489281496,-5.800933201927593,100.0,0.08,0.6,0.27,1.0,false
0.02,0.02,0.0,0.005,0.1,0.225,0.15,1.0,5.0,1.0,11.601399470458771,54.6924716118687,8.150349272506921e-7,0.09393505519550863,0.0939350551955086,0.04561429973276719,false,0.0,8.150349272506921e-7,4.476282697483128e-6,4.476282697483128e-6,58.00699816732878,42.912034821366085,100.91903298869487,57.47874949795331,2.1885384435171407,100.0,0.08,0.6,0.27,1.0,false
0.02,0.02,0.0,0.005,0.1,0.225,0.15,1.0,5.0,1.0,11.661054263321068,53.373540891412844,-0.04279544004608482,-0.022865275921550774,-0.022865275921550774,-0.0009590645543634606,false,0.0,0.04279544004608482,-0.0007339892102328092,0.0007339892102328092,58.26247587655926,44.53056993050687,102.79304580706614,56.679394427044215,6.691929781952477,100.0,0.08,0.6,0.27,1.0,false
0.02,0.02,0.0,0.005,0.1,0.225,0.15,1.0,5.0,1.0,11.868901363820592,43.78991844620647,-0.0965674389316149,-0.9012863815766673,-0.9012863815766673,-0.8849892024306588,true,0.0,0.0965674389316149,-0.0016272346693515683,0.0016272346693515683,59.247939380171346,58.43998312802577,117.68792250819712,50.34326217802396,43.40374999243777,100.0,0.08,0.6,0.27,1.0,false
