gross_delta,delta,iota,kappa,lambda,sigmah,sigmal,mu_b,m,c,p,vb,debt_diff,eq_deriv,eq_deriv_min_val,eq_min_val,eq_negative,eq_vb,abs_debt_diff,debt_per_diff,abs_debt_per_diff,debt,equity,firm_value,leverage,ROE,V0,r,alpha,pi,xi,opt
0.02,0.02,0.0,0.005,0.1,0.225,0.15,1.0,5.0,4.0,17.73899889988999,88.51300206107354,5.428076281528476,0.12168720080378878,0.12168720080378878,0.015086040319388854,false,0.0,5.428076281528476,0.06119935304310931,0.06119935304310931,94.12307078097842,9.78739584528525,103.91046662626367,90.58093360268728,66.5392840466217,100.0,0.08,0.6,0.27,1.0,false
0.02,0.02,0.0,0.005,0.1,0.225,0.15,1.0,5.0,4.0,18.303295219420843,90.35991616622384,-0.00016247950554275532,0.09836566316445017,0.09836566316445017,0.04696611954518062,false,0.0,0.00016247950554275532,0.0011419266215188957,0.0011419266215188957,91.51631361759867,7.30100098509736,98.81731460269603,92.61161769629979,-13.940701529907429,100.0,0.08,0.6,0.27,1.0,false
0.02,0.02,0.0,0.005,0.1,0.225,0.15,1.0,5.0,4.0,18.98674867486749,90.6075227314483,-2.662491028433564,-0.029837708652414783,-0.029837708652414783,-0.001951749884236817,false,0.0,2.662491028433564,-0.028045781550349046,0.028045781550349046,92.27125234590387,6.226320685963501,98.49757303186738,93.67870649569298,-19.439462062606726,100.0,0.08,0.6,0.27,1.0,false
0.02,0.02,0.0,0.005,0.1,0.225,0.15,1.0,5.0,4.0,20.234498449844985,88.5413514065101,-2.0994444318824463,-0.3707299531939713,-0.3707299531939713,-0.2666477196325691,true,0.0,2.0994444318824463,-0.020751138824481517,0.020751138824481517,99.07304781734247,6.813724801753495,105.88677261909596,93.56508406742705,635.0675611139783,100.0,0.08,0.6,0.27,1.0,false
0.02,0.02,0.0,0.005,0.1,0.225,0.15,1.0,5.0,4.0,23.145914591459146,86.77117124289033,-1.9491118279035788,-0.8357710691611666,-0.8357710691611666,-1.1439946609039808,true,0.0,1.9491118279035788,-0.01684195126705256,0.01684195126705256,113.78046112939215,6.255975884842177,120.03643701423432,94.78826926185728,-145.39743500672046,100.0,0.08,0.6,0.27,1.0,false
0.02,0.02,0.0,0.005,0.1,0.225,0.15,1.0,5.0,4.0,23.56183118311831,86.70584801794234,-1.748667187502889,-0.8786549578153322,-0.8786549578153322,-1.242086031505694,true,0.0,1.748667187502889,-0.014843219730355949,0.014843219730355949,116.06048872808867,6.120948247716322,122.181436975805,94.99027970269458,-138.11184299149758,100.0,0.08,0.6,0.27,1.0,false
