gross_delta,delta,iota,kappa,lambda,sigmah,sigmal,mu_b,m,c,p,vb,debt_diff,eq_deriv,eq_deriv_min_val,eq_min_val,eq_negative,eq_vb,abs_debt_diff,debt_per_diff,abs_debt_per_diff,debt,equity,firm_value,leverage,ROE,V0,r,alpha,pi,xi,opt
0.02,0.02,0.0,0.004,0.2,0.275,0.15,1.0,7.0,3.0,13.891118059174337,90.63051431247673,-2.6325454070751277,-1.1583253007669716,-1.1583253007669716,-2.9706427428761883,true,0.0,2.6325454070751277,-0.027073264635316202,0.027073264635316202,94.60528100714524,-2.325223844376418,92.28005716276881,102.51974686174617,-143.10185289458352,100.0,0.08,0.6,0.27,1.0,false
0.02,0.02,0.0,0.004,0.2,0.275,0.15,1.0,7.0,3.0,14.19985682778804,89.52715843267025,-1.9531398404841696,-1.2718379807233164,-1.2718379807233164,-3.398810009089066,true,0.0,1.9531398404841696,-0.01964949228685203,0.01964949228685203,97.4458579540321,-2.4103584759122167,95.03549947811989,102.5362716975746,-194.37057268280512,100.0,0.08,0.6,0.27,1.0,false
0.02,0.02,0.0,0.004,0.2,0.275,0.15,1.0,7.0,3.0,14.817334365015446,88.08034357034168,-2.1584695516108923,-1.446529125065883,-1.446529125065883,-4.09852289128342,true,0.0,2.1584695516108923,-0.020810274337556185,0.020810274337556185,101.56287100349724,-2.5930393778862855,98.96983162561095,102.62003009936946,65.91512492610346,100.0,0.08,0.6,0.27,1.0,false
0.02,0.02,0.0,0.004,0.2,0.275,0.15,1.0,7.0,3.0,15.434811902242853,86.87127380621206,-1.8900339841551954,-1.5762244679473623,-1.5762244679473623,-4.6374504162402985,true,0.0,1.8900339841551954,-0.01749323908768068,0.01749323908768068,106.15364933154477,-2.6073193031877975,103.54633002835698,102.51802193517989,-57.62970616765265,100.0,0.08,0.6,0.27,1.0,false
0.02,0.02,0.0,0.004,0.2,0.275,0.15,1.0,7.0,3.0,15.582165127871372,86.69761784452345,-1.8556035679840988,-1.5983283006160396,-1.5983283006160396,-4.731931302650812,true,0.0,1.8556035679840988,-0.01694250280115616,0.01694250280115616,107.2195523271155,-2.633050115464471,104.58650221165102,102.51758119813204,-63.52890046138799,100.0,0.08,0.6,0.27,1.0,false
0.02,0.02,0.0,0.004,0.2,0.275,0.15,1.0,7.0,3.0,16.05228943947026,86.78549377949827,-2.4420835757293418,-1.6361284510457064,-1.6361284510457064,-4.906708141873753,true,0.0,2.4420835757293418,-0.02173329128923069,0.02173329128923069,109.92394250056249,-2.945182230765153,106.97876026979733,102.75305324471651,-70.32245772687398,100.0,0.08,0.6,0.27,1.0,false
