gross_delta,delta,iota,kappa,lambda,sigmah,sigmal,V0,r,alpha,pi,xi,mu_b,m,c,p,vb,sg_debt,debt,debt_diff,abs_debt_diff,debt_per_diff,abs_debt_per_diff,eq_vb,eq_min_val,sg_equity,equity,eq_negative,firm_value,leverage,ROE,cvml_vb,cvmh_vb,eq_deriv
0.02,0.01925,0.00075,0.01,NaN,NaN,0.15,100.0,0.08,0.6,0.27,1.0,1.0,5.0,1.5804830483048304,15.753973494195364,70.47204346213076,78.76986812860325,78.72247557370639,-0.047391897270429695,0.047391897270429695,-0.0006016500826015925,0.0006016500826015925,-1.0658141036401503e-13,NaN,28.339770564005192,28.30212159570924,false,107.02459716941563,73.55549813384663,33.014165692767406,NaN,NaN,NaN
