gross_delta,delta,iota,kappa,lambda,sigmah,sigmal,mu_b,m,c,p,vb,debt_diff,eq_deriv,eq_deriv_min_val,eq_min_val,eq_negative,eq_vb,abs_debt_diff,debt_per_diff,abs_debt_per_diff,debt,equity,firm_value,leverage,ROE,V0,r,alpha,pi,xi,opt
0.02,0.02,0.0,0.001,0.3,0.2,0.15,1.0,5.0,10.0,16.809292771382403,91.21193104058273,40.001123082624346,-0.7716609716371836,-0.7716609716371836,-0.672619708463951,true,0.0,40.001123082624346,0.4759405838980415,0.4759405838980415,124.04758693953636,5.474556588705225,129.52214352824157,95.77326591455652,-122.76551324035165,100.0,0.08,0.6,0.27,1.0,false
0.02,0.02,0.0,0.001,0.3,0.2,0.15,1.0,5.0,10.0,17.293909654123308,91.21193104058273,37.539962189769966,-0.8823833054889016,-0.8823833054889016,-0.8651918290077603,true,0.0,37.539962189769966,0.43414083848668056,0.43414083848668056,124.00951046038651,4.896649756399598,128.9061602167861,96.2013842099053,-120.39462555672938,100.0,0.08,0.6,0.27,1.0,false
0.02,0.02,0.0,0.001,0.3,0.2,0.15,1.0,5.0,10.0,17.778526536864213,91.21193104058273,36.07110685093619,-0.9648933618718348,-0.9648933618718348,-1.0232398752365912,true,0.0,36.07110685093619,0.4057828614327724,0.4057828614327724,124.96373953525725,4.417286615517847,129.38102615077509,96.58583120961637,-117.69481134538815,100.0,0.08,0.6,0.27,1.0,false
0.02,0.02,0.0,0.001,0.3,0.2,0.15,1.0,5.0,10.0,18.066808618552283,91.30016750395657,35.39095464630243,-0.994620575424066,-0.994620575424066,-1.0853323923568166,true,0.0,35.39095464630243,0.3919646685330528,0.3919646685330528,125.72499773906385,4.067521772694534,129.7925195117584,96.86613543831696,-115.8115534701017,100.0,0.08,0.6,0.27,1.0,false
0.02,0.02,0.0,0.001,0.3,0.2,0.15,1.0,5.0,10.0,18.263143419605118,91.21193104058273,36.03056054488286,-1.002944399766551,-1.002944399766551,-1.101458254799376,true,0.0,36.03056054488286,0.3945712927622829,0.3945712927622829,127.34627764290845,4.111706277673447,131.45798392058188,96.87222779853565,-115.03570735061162,100.0,0.08,0.6,0.27,1.0,false
0.02,0.02,0.0,0.001,0.3,0.2,0.15,1.0,5.0,10.0,18.747760302346023,89.44545843461086,46.98314393011111,-0.9663989783257774,-0.9663989783257774,-0.9936558538596828,true,0.0,46.98314393011111,0.5012134054672314,0.5012134054672314,140.72194544184123,6.90245342981049,147.62439887165172,95.32431394636082,-116.95020548482518,100.0,0.08,0.6,0.27,1.0,false
