gross_delta,delta,iota,kappa,lambda,sigmah,sigmal,mu_b,m,c,p,vb,debt_diff,eq_deriv,eq_deriv_min_val,eq_min_val,eq_negative,eq_vb,abs_debt_diff,debt_per_diff,abs_debt_per_diff,debt,equity,firm_value,leverage,ROE,V0,r,alpha,pi,xi,opt
0.02,0.02,0.0,0.004,0.3,0.35,0.15,1.0,5.0,1.0,10.654372016148983,47.96431141971299,0.12001138389945964,-1.039241062941348,-1.039241062941348,-1.7185915065595432,true,0.0,0.12001138389945964,0.002252810089934098,0.002252810089934098,53.391871464644375,34.422090667358155,87.81396213200253,60.801118829355815,-26.145735198858034,100.0,0.08,0.6,0.27,1.0,false
0.02,0.02,0.0,0.004,0.3,0.35,0.15,1.0,5.0,1.0,10.930309350690372,58.42143042171444,-4.73021719397948e-7,-0.5331976050268689,-0.5331976050268689,-0.8056289596453343,true,0.0,4.73021719397948e-7,-4.601550507407799e-8,4.601550507407799e-8,54.65154628043016,20.980624587894948,75.6321708683251,72.25965571658386,-53.73464171978837,100.0,0.08,0.6,0.27,1.0,false
0.02,0.02,0.0,0.004,0.3,0.35,0.15,1.0,5.0,1.0,10.931053631678957,58.421314462358396,-0.0006007291626559663,-0.5335028827447422,-0.5335028827447422,-0.8063004701043871,true,0.0,0.0006007291626559663,-1.0991239873071545e-5,1.0991239873071545e-5,54.65466742923213,20.98405600180261,75.63872343103473,72.25752227172993,-53.72388995261201,100.0,0.08,0.6,0.27,1.0,false
0.02,0.02,0.0,0.004,0.3,0.35,0.15,1.0,5.0,1.0,11.484416862738906,45.25365720170403,-0.6899121219571924,-1.4982500098795966,-1.4982500098795966,-2.709573378981182,true,0.0,0.6899121219571924,-0.012014752341420252,0.012014752341420252,56.732172191737334,41.12884810406839,97.86102029580573,57.97218547308447,-4.943580051378971,100.0,0.08,0.6,0.27,1.0,false
0.02,0.02,0.0,0.004,0.3,0.35,0.15,1.0,5.0,1.0,11.76109847826888,45.45782334470437,-0.9284758768833896,-1.5678991316721531,-1.5678991316721531,-2.9025864852917134,true,0.0,0.9284758768833896,-0.015788931256700986,0.015788931256700986,57.877016514461005,41.34108611069981,99.21810262516081,58.333121661393186,-1.8562250584828854,100.0,0.08,0.6,0.27,1.0,false
0.02,0.02,0.0,0.004,0.3,0.35,0.15,1.0,5.0,1.0,12.037780093798853,41.708399651130385,-0.12201874030691329,-2.0429472767563266,-2.0429472767563266,-3.8073380142984163,true,0.0,0.12201874030691329,-0.002027263155766902,0.002027263155766902,60.06688172868735,50.405761250573775,110.47264297926112,54.372630280931745,26.22545754656107,100.0,0.08,0.6,0.27,1.0,false
