gross_delta,delta,iota,kappa,lambda,sigmah,sigmal,mu_b,m,c,p,vb,debt_diff,eq_deriv,eq_deriv_min_val,eq_min_val,eq_negative,eq_vb,abs_debt_diff,debt_per_diff,abs_debt_per_diff,debt,equity,firm_value,leverage,ROE,V0,r,alpha,pi,xi,opt
0.02,0.02,0.0,0.004,0.3,0.35,0.15,1.0,5.0,5.0,19.074174522715428,91.21193104058273,-1.5449923341924574,-1.6438815450025626,-1.6438815450025626,-4.948731743914833,true,0.0,1.5449923341924574,-0.016199834308452263,0.016199834308452263,93.82588027938468,-4.835271868953446,88.99060841043124,105.43346309832249,-178.31516212438385,100.0,0.08,0.6,0.27,1.0,false
0.02,0.02,0.0,0.004,0.3,0.35,0.15,1.0,5.0,5.0,19.074174522715428,91.21193104058274,-1.5449923341924572,-1.6438815450025626,-1.6438815450025626,-4.948731743914833,true,0.0,1.5449923341924572,-0.016199834308452263,0.016199834308452263,93.82588027938468,-4.835271868953446,88.99060841043124,105.43346309832249,-178.31516212438385,100.0,0.08,0.6,0.27,1.0,false
0.02,0.02,0.0,0.004,0.3,0.35,0.15,1.0,5.0,5.0,19.57964085882272,90.62135559416794,-2.4349252562241475,-1.7787095520786604,-1.7787095520786604,-5.543606094557825,true,0.0,2.4349252562241475,-0.024872011430454335,0.024872011430454335,95.46327903788946,-5.377111159635425,90.08616787825405,105.96885325048153,-218.5241764821685,100.0,0.08,0.6,0.27,1.0,false
0.02,0.02,0.0,0.004,0.3,0.35,0.15,1.0,5.0,5.0,20.085107194930018,89.51277048242986,-2.3577599111717262,-1.9483443910767781,-1.9483443910767781,-6.271907083201495,true,0.0,2.3577599111717262,-0.023477693081636962,0.023477693081636962,98.06777606347836,-5.905606327448699,92.16216973602967,106.40784211609112,-405.6377791323654,100.0,0.08,0.6,0.27,1.0,false
0.02,0.02,0.0,0.004,0.3,0.35,0.15,1.0,5.0,5.0,21.096039867144604,87.58618337771361,-2.2414258609487234,-2.2029529825503498,-2.2029529825503498,-7.446923111940585,true,0.0,2.2414258609487234,-0.02124973099277808,0.02124973099277808,103.2387734747743,-6.562821940649851,96.67595153412445,106.78847411016517,102.63294088843872,100.0,0.08,0.6,0.27,1.0,false
0.02,0.02,0.0,0.004,0.3,0.35,0.15,1.0,5.0,5.0,21.6015062032519,87.26188358447061,-2.546123586259256,-2.2561611202985694,-2.2561611202985694,-7.755334604214511,true,0.0,2.546123586259256,-0.02357357456746198,0.02357357456746198,105.46140743000025,-6.821960492461913,98.63944693753834,106.91605711940153,24.912132630646845,100.0,0.08,0.6,0.27,1.0,false
