gross_delta,delta,iota,kappa,lambda,sigmah,sigmal,mu_b,m,c,p,vb,debt_diff,eq_deriv,eq_deriv_min_val,eq_min_val,eq_negative,eq_vb,abs_debt_diff,debt_per_diff,abs_debt_per_diff,debt,equity,firm_value,leverage,ROE,V0,r,alpha,pi,xi,opt
0.02,0.02,0.0,0.004,0.3,0.35,0.15,1.0,5.0,2.0,14.791285707518119,86.11267973694638,-0.9035049963872126,-0.45637882345311365,-0.45637882345311365,-0.8337575144858773,true,0.0,0.9035049963872126,-0.01221672022639626,0.01221672022639626,73.05292354120338,1.8123875805056597,74.86531112170904,97.57913571272114,-93.2742700927988,100.0,0.08,0.6,0.27,1.0,false
0.02,0.02,0.0,0.004,0.3,0.35,0.15,1.0,5.0,2.0,15.276439486053867,83.23904162357617,-0.5397953596099683,-0.6105430799573505,-0.6105430799573505,-1.2731009527724864,true,0.0,0.5397953596099683,-0.007067031033019926,0.007067031033019926,75.84240207065938,2.7175322894484446,78.55993436010782,96.54081649687785,-88.75081745545627,100.0,0.08,0.6,0.27,1.0,false
0.02,0.02,0.0,0.004,0.3,0.35,0.15,1.0,5.0,2.0,15.761593264589616,80.5047356543851,-0.4278045166715856,-0.7777327006721558,-0.7777327006721558,-1.7801041545073217,true,0.0,0.4278045166715856,-0.005428442537375987,0.005428442537375987,78.38016180627649,3.8253031823510963,82.20546498862758,95.3466558666382,-82.3065133602081,100.0,0.08,0.6,0.27,1.0,false
0.02,0.02,0.0,0.004,0.3,0.35,0.15,1.0,5.0,2.0,16.246747043125364,76.95974288053614,-0.3054876129710351,-0.9994308716539535,-0.9994308716539535,-2.462889260634053,true,0.0,0.3054876129710351,-0.003760600348613157,0.003760600348613157,80.92824760265579,5.807348493498217,86.735596096154,93.30453844225588,-69.55000058459807,100.0,0.08,0.6,0.27,1.0,false
0.02,0.02,0.0,0.004,0.3,0.35,0.15,1.0,5.0,2.0,16.731900821661114,70.81998339011164,-0.034620745819538,-1.3927050318869687,-1.3927050318869687,-3.633698508554094,true,0.0,0.034620745819538,-0.000413829201936435,0.000413829201936435,83.62488336248603,10.782202866505562,94.40708622899159,88.5790322557435,-34.15495531919161,100.0,0.08,0.6,0.27,1.0,false
0.02,0.02,0.0,0.004,0.3,0.35,0.15,1.0,5.0,2.0,16.731900821661114,70.81998339011164,-0.034620745819538,-1.3927050318869687,-1.3927050318869687,-3.633698508554094,true,0.0,0.034620745819538,-0.000413829201936435,0.000413829201936435,83.62488336248603,10.782202866505562,94.40708622899159,88.5790322557435,-34.15495531919161,100.0,0.08,0.6,0.27,1.0,false
