eq_type,sf_defaults_first,kappa,mu_s,m,c,p,vb,sf_vb,s_eq_deriv,s_eq_min_val,s_mu_b,s_eq_deriv_min_val,s_eq_negative,s_eq_vb,s_MBR,s_debt,s_equity,s_firm_value,s_leverage,s_iota,s_lambda,s_sigmah,s_delta,s_sigmal,s_obj_fun,rf_vb,r_eq_deriv,r_eq_min_val,r_mu_b,r_eq_deriv_min_val,r_eq_negative,r_eq_vb,r_MBR,r_debt,r_equity,r_firm_value,r_leverage,r_iota,r_lambda,r_sigmah,r_delta,r_sigmal,r_obj_fun,V0,alpha,pi,r,gross_delta,xi
misrep,false,0.0025,1.0,1.0,4.646464646464646,56.32059669005158,60.76989363951378,59.7398651502041,0.5115454131293642,0.3150668830977519,1.0,0.5115454131293642,false,0.2756040326909051,27.045996676988104,56.320161932674196,55.49348561952853,111.81364755220272,50.369667000068,0.0,NaN,NaN,0.02,0.15,firm_value,60.76989363951378,-0.0027065457013575748,0.0011325320996283584,1.0,-0.0027065457013575748,false,0.0,17.150305944185206,56.320161932674196,51.17106393179686,107.49122586447106,52.39512479249678,0.0,0.2,0.225,0.02,0.15,misrep,100.0,0.6,0.27,0.08,0.02,1.0
