gross_delta,delta,iota,kappa,lambda,sigmah,sigmal,mu_b,m,c,p,vb,debt_diff,eq_deriv,eq_deriv_min_val,eq_min_val,eq_negative,eq_vb,abs_debt_diff,debt_per_diff,abs_debt_per_diff,debt,equity,firm_value,leverage,ROE,V0,r,alpha,pi,xi,opt
0.02,0.02,0.0,0.0025,0.3,0.3,0.15,1.0,7.0,1.0,8.19869092172375,52.87604640301415,2.1006952221057915,-0.8946339054182064,-0.8946339054182064,-1.5262170726859774,true,0.0,2.1006952221057915,0.03660332122638299,0.03660332122638299,59.491531674172045,28.40250990129853,87.89404157547057,67.68551156347658,-29.885006579749497,100.0,0.08,0.6,0.27,1.0,false
0.02,0.02,0.0,0.0025,0.3,0.3,0.15,1.0,7.0,1.0,9.076116822208535,54.84192329341312,1.2229794998719967,-0.9789843720579345,-0.9789843720579345,-1.7973843197409545,true,0.0,1.2229794998719967,0.019249571214978875,0.019249571214978875,64.75579725533174,27.544938904562382,92.30073615989413,70.1574006334621,-21.84547596631511,100.0,0.08,0.6,0.27,1.0,false
0.02,0.02,0.0,0.0025,0.3,0.3,0.15,1.0,7.0,1.0,9.462252424343898,75.1692640225579,7.494175223388133e-6,-0.35341042212201224,-0.35341042212201224,-0.5279612791787156,true,0.0,7.494175223388133e-6,0.00020496953225109687,0.00020496953225109687,66.2357744645825,9.97412386671677,76.20989833129927,86.91229868414558,-70.45949164077743,100.0,0.08,0.6,0.27,1.0,false
0.02,0.02,0.0,0.0025,0.3,0.3,0.15,1.0,7.0,1.0,9.661067422531726,78.95115550891768,-0.2705188385531727,-0.23239691979053034,-0.23239691979053034,-0.2838576887265973,true,0.0,0.2705188385531727,-0.00400013235334732,0.00400013235334732,67.3569531191689,6.104255212254078,73.46120833142298,91.69050530081877,-81.29998331792163,100.0,0.08,0.6,0.27,1.0,false
0.02,0.02,0.0,0.0025,0.3,0.3,0.15,1.0,7.0,1.0,9.95354272269332,72.74324746670906,-0.12920467599545304,-0.42524907130732553,-0.42524907130732553,-0.692448190312055,true,0.0,0.12920467599545304,-0.001854396105058241,0.001854396105058241,69.54559438285779,9.992642399464993,79.53823678232278,87.43668101819696,-67.1881877286079,100.0,0.08,0.6,0.27,1.0,false
0.02,0.02,0.0,0.0025,0.3,0.3,0.15,1.0,7.0,1.0,10.246018022854916,67.06978350960344,-0.43755901649666384,-0.6514458749164703,-0.6514458749164703,-1.2174944414354731,true,0.0,0.43755901649666384,-0.006100753559935443,0.006100753559935443,71.28456714348775,14.849648533435735,86.13421567692349,82.75987258172229,-48.28687205365234,100.0,0.08,0.6,0.27,1.0,false
