gross_delta,delta,iota,kappa,lambda,sigmah,sigmal,V0,r,alpha,pi,xi,mu_b,m,c,p,vb,sg_debt,debt,debt_diff,abs_debt_diff,debt_per_diff,abs_debt_per_diff,eq_vb,eq_min_val,sg_equity,equity,eq_negative,firm_value,leverage,ROE,cvml_vb,cvmh_vb,eq_deriv
0.02,0.0195,0.0005,0.015000000000000001,NaN,NaN,0.2,100.0,0.08,0.6,0.27,1.0,1.0,3.0,1.468996899689969,15.395338303683552,44.51523901424331,46.18596861225231,46.18425969024371,-0.0017552208069488984,0.0017552208069488984,-3.8003296243013534e-5,3.8003296243013534e-5,3.019806626980426e-14,NaN,55.88343297576619,55.88691013631218,false,102.07116982655589,45.247115095008866,3.848632044518041,NaN,NaN,NaN
