gross_delta,delta,iota,kappa,lambda,sigmah,sigmal,mu_b,m,c,p,vb,debt_diff,eq_deriv,eq_deriv_min_val,eq_min_val,eq_negative,eq_vb,abs_debt_diff,debt_per_diff,abs_debt_per_diff,debt,equity,firm_value,leverage,ROE,V0,r,alpha,pi,xi,opt
0.02,0.02,0.0,0.003,0.3,0.225,0.15,1.0,5.0,6.0,19.561585105879008,91.21193104058273,4.377181803690988,-0.9343647596824429,-0.9343647596824429,-1.3744312739399,true,0.0,4.377181803690988,0.04475283347437398,0.04475283347437398,102.18510733308602,1.3299236250957365,103.51503095818175,98.7152362195274,-160.8630800399854,100.0,0.08,0.6,0.27,1.0,false
0.02,0.02,0.0,0.003,0.3,0.225,0.15,1.0,5.0,6.0,20.013227638553328,91.21193104058273,3.4923815237577855,-0.984652901596205,-0.984652901596205,-1.5120205133975224,true,0.0,3.4923815237577855,0.03490073252382428,0.03490073252382428,103.55851971652443,1.0260827350723338,104.58460245159677,99.01889693987485,-128.83453842640216,100.0,0.08,0.6,0.27,1.0,false
0.02,0.02,0.0,0.003,0.3,0.225,0.15,1.0,5.0,6.0,20.28107692104866,91.4027911347855,2.593879380688468,-1.0045299332903266,-1.0045299332903266,-1.5741491747397334,true,0.0,2.593879380688468,0.025769168295428753,0.025769168295428753,103.99926398593178,0.7026637650229737,104.70192775095475,99.3288912820265,-117.56982703554296,100.0,0.08,0.6,0.27,1.0,false
0.02,0.02,0.0,0.003,0.3,0.225,0.15,1.0,5.0,6.0,20.46487017122765,91.21193104058273,3.3236090809743786,-1.0141032856242562,-1.0141032856242562,-1.5963945544503415,true,0.0,3.3236090809743786,0.03248111571845854,0.03248111571845854,105.64795993711262,0.8148894625724792,106.4628493996851,99.23457857161684,-114.42803192030205,100.0,0.08,0.6,0.27,1.0,false
0.02,0.02,0.0,0.003,0.3,0.225,0.15,1.0,5.0,6.0,20.91651270390197,89.52432520683298,10.319694784045623,-1.0215965941713743,-1.0215965941713743,-1.5683961810954052,true,0.0,10.319694784045623,0.09867509876175953,0.09867509876175953,114.90225830355547,2.371333913995562,117.27359221755103,97.97794723504627,-115.91258093701002,100.0,0.08,0.6,0.27,1.0,false
0.02,0.02,0.0,0.003,0.3,0.225,0.15,1.0,5.0,6.0,21.36815523657629,89.62528680500004,12.278622542205298,-0.9950946302225984,-0.9950946302225984,-1.4860972008232112,true,0.0,12.278622542205298,0.11492449775156763,0.11492449775156763,119.11939872508674,2.3977667153115405,121.51716544039829,98.02680822365988,-112.54101527871485,100.0,0.08,0.6,0.27,1.0,false
