gross_delta,delta,iota,kappa,lambda,sigmah,sigmal,mu_b,m,c,p,vb,debt_diff,eq_deriv,eq_deriv_min_val,eq_min_val,eq_negative,eq_vb,abs_debt_diff,debt_per_diff,abs_debt_per_diff,debt,equity,firm_value,leverage,ROE,V0,r,alpha,pi,xi,opt
0.02,0.02,0.0,0.003,0.3,0.225,0.15,1.0,5.0,1.0,11.28222559098015,66.02263543847525,0.26766956863762914,0.23683497620989544,0.23683497620989544,0.016046786541488008,false,0.0,0.26766956863762914,0.004744978133598465,0.004744978133598465,56.67879752353838,23.93013703377749,80.60893455731588,70.31329446891237,-44.76114312205479,100.0,0.08,0.6,0.27,1.0,false
0.02,0.02,0.0,0.003,0.3,0.225,0.15,1.0,5.0,1.0,11.498193240376668,58.961877284492154,0.14909993607027872,-3.437353522865727e-6,-3.437353522865727e-6,-0.011130666120201999,true,0.0,0.14909993607027872,0.0025934498221286523,0.0025934498221286523,57.64006613795362,32.2373393653058,89.87740550325941,64.13187587603794,-23.89662488545624,100.0,0.08,0.6,0.27,1.0,false
0.02,0.02,0.0,0.003,0.3,0.225,0.15,1.0,5.0,1.0,11.698010667449092,59.362023355632886,3.2192577394257738e-6,-0.015135800022942764,-0.015135800022942764,0.016297140577024805,false,0.0,3.2192577394257738e-6,-5.177731894005343e-7,5.177731894005343e-7,58.49005655650319,31.827724199175215,90.3177807556784,64.76028979800397,-23.325060072657045,100.0,0.08,0.6,0.27,1.0,false
0.02,0.02,0.0,0.003,0.3,0.225,0.15,1.0,5.0,1.0,11.714160889773186,58.99979233951595,-0.013507499071614859,-0.03774571662978016,-0.03774571662978016,-0.003923296534420277,false,0.0,0.013507499071614859,-0.0002306182952192045,0.0002306182952192045,58.55729694979431,32.4593091597521,91.01660610954642,64.33693745877044,-21.676660133801285,100.0,0.08,0.6,0.27,1.0,false
0.02,0.02,0.0,0.003,0.3,0.225,0.15,1.0,5.0,1.0,11.930128539169706,47.871064906807966,-0.16851950846530173,-0.6551681328358283,-0.6551681328358283,-0.5926767694954141,true,0.0,0.16851950846530173,-0.0028251080097252677,0.0028251080097252677,59.48212318738323,51.128265671946984,110.61038885933021,53.77625356966258,26.1869320260786,100.0,0.08,0.6,0.27,1.0,false
0.02,0.02,0.0,0.003,0.3,0.225,0.15,1.0,5.0,1.0,12.146096188566224,44.27168323156969,-0.08887622092104408,-0.9399412477513289,-0.9399412477513289,-0.9744525948120469,true,0.0,0.08887622092104408,-0.001463453269943771,0.001463453269943771,60.64160472191008,59.7039891250697,120.34559384697977,50.38955127764485,51.693148826892795,100.0,0.08,0.6,0.27,1.0,false
