gross_delta,delta,iota,kappa,lambda,sigmah,sigmal,mu_b,m,c,p,vb,debt_diff,eq_deriv,eq_deriv_min_val,eq_min_val,eq_negative,eq_vb,abs_debt_diff,debt_per_diff,abs_debt_per_diff,debt,equity,firm_value,leverage,ROE,V0,r,alpha,pi,xi,opt
0.02,0.02,0.0,0.003,0.3,0.225,0.15,1.0,5.0,2.0,15.03693395655355,80.51031403215974,3.199960513724861,-5.513632331047291e-6,-5.513632331047291e-6,0.0006091784343694286,false,0.0,3.199960513724861,0.04256134293028827,0.04256134293028827,78.38463029649262,12.646340101015014,91.03097039750763,86.10765100515586,-41.49375988252019,100.0,0.08,0.6,0.27,1.0,false
0.02,0.02,0.0,0.003,0.3,0.225,0.15,1.0,5.0,2.0,15.549833783232112,83.70906823209711,-2.689921841719442e-5,-0.028101803479353947,-0.028101803479353947,-0.09102407678700851,true,0.0,2.689921841719442e-5,0.0015312998322339123,0.0015312998322339123,77.74914201694202,9.766704841269393,87.5158468582114,88.84007275037527,-56.10638992570149,100.0,0.08,0.6,0.27,1.0,false
0.02,0.02,0.0,0.003,0.3,0.225,0.15,1.0,5.0,2.0,16.986095978018856,81.96679880136622,-1.4410923013816301,-0.20411805073846967,-0.20411805073846967,-0.12129185328381897,true,0.0,1.4410923013816301,-0.01696790484695836,0.01696790484695836,83.48938758871265,10.595081529014305,94.08446911772695,88.73875611100405,-35.82865816793653,100.0,0.08,0.6,0.27,1.0,false
0.02,0.02,0.0,0.003,0.3,0.225,0.15,1.0,5.0,2.0,17.375928382311915,79.41815906421321,-1.0611401449617262,-0.34039908569638894,-0.34039908569638894,-0.2965136353757786,true,0.0,1.0611401449617262,-0.01221391020513102,0.01221391020513102,85.81850176659785,13.000439826942449,98.8189415935403,86.84418228196013,-8.328163830235635,100.0,0.08,0.6,0.27,1.0,false
0.02,0.02,0.0,0.003,0.3,0.225,0.15,1.0,5.0,2.0,17.765760786604975,76.04220034485508,-0.7479854629112452,-0.5422722241781837,-0.5422722241781837,-0.6382824357029052,true,0.0,0.7479854629112452,-0.008420528362345294,0.008420528362345294,88.08081847011363,16.658942100545076,104.7397605706587,84.09492058242127,39.76582250026264,100.0,0.08,0.6,0.27,1.0,false
0.02,0.02,0.0,0.003,0.3,0.225,0.15,1.0,5.0,2.0,18.15559319089804,70.96680369698663,-0.41753468980428465,-0.8334241532528082,-0.8334241532528082,-1.2165862882752647,true,0.0,0.41753468980428465,-0.004599515812169748,0.004599515812169748,90.3604312646859,23.327197631953325,113.68762889663923,79.48132276277695,141.99420401968035,100.0,0.08,0.6,0.27,1.0,false
