gross_delta,delta,iota,kappa,lambda,sigmah,sigmal,mu_b,m,c,p,vb,debt_diff,eq_deriv,eq_deriv_min_val,eq_min_val,eq_negative,eq_vb,abs_debt_diff,debt_per_diff,abs_debt_per_diff,debt,equity,firm_value,leverage,ROE,V0,r,alpha,pi,xi,opt
0.02,0.02,0.0,0.0025,0.5,0.2,0.15,1.0,7.0,11.0,8.47167611497992,97.53577959670571,38.87987325924903,-3.6634448010586333,-3.6634448010586333,-17.71788036535633,true,0.0,38.87987325924903,0.6556279457665873,0.6556279457665873,98.18160606410846,-6.896040512639598,91.28556555146886,107.55436028793781,-479.23798449418814,100.0,0.08,0.6,0.27,1.0,false
0.02,0.02,0.0,0.0025,0.5,0.2,0.15,1.0,7.0,11.0,8.746858896415956,97.7108400836345,34.6612966251906,-3.5525078840576394,-3.5525078840576394,-16.773606279211226,true,0.0,34.6612966251906,0.5661019415355599,0.5661019415355599,95.8893089001023,-6.2442554574976405,89.64505344260465,106.96553263978534,-251.90281404635408,100.0,0.08,0.6,0.27,1.0,false
0.02,0.02,0.0,0.0025,0.5,0.2,0.15,1.0,7.0,11.0,9.022041677851995,97.88600375562129,30.37947223085674,-3.4437804554245273,-3.4437804554245273,-15.808174948647311,true,0.0,30.37947223085674,0.4810357521471097,0.4810357521471097,93.5337639758207,-5.623875216390097,87.9098887594306,106.39731808986825,-186.97293441440513,100.0,0.08,0.6,0.27,1.0,false
0.02,0.02,0.0,0.0025,0.5,0.2,0.15,1.0,7.0,11.0,9.297224459288033,98.06120484202596,26.034669071249112,-3.33808975570034,-3.33808975570034,-14.853922560810108,true,0.0,26.034669071249112,0.4000375009806622,0.4000375009806622,91.11524028626535,-5.028658441775506,86.08658184448984,105.84139634079033,-156.59869938859313,100.0,0.08,0.6,0.27,1.0,false
0.02,0.02,0.0,0.0025,0.5,0.2,0.15,1.0,7.0,11.0,9.572407240724072,98.23622246227333,21.62959800244792,-3.236818740020911,-3.236818740020911,-13.93456187109635,true,0.0,21.62959800244792,0.32279681527052817,0.32279681527052817,88.63644868751642,-4.45978471001148,84.17666397750494,105.29812480000787,-139.24639918783245,100.0,0.08,0.6,0.27,1.0,false
0.02,0.02,0.0,0.0025,0.5,0.2,0.15,1.0,7.0,11.0,9.572407240724072,98.23622246227333,21.62959800244792,-3.236818740020911,-3.236818740020911,-13.93456187109635,true,0.0,21.62959800244792,0.32279681527052817,0.32279681527052817,88.63644868751642,-4.45978471001148,84.17666397750494,105.29812480000787,-139.24639918783245,100.0,0.08,0.6,0.27,1.0,false
