gross_delta,delta,iota,kappa,lambda,sigmah,sigmal,mu_b,m,c,p,vb,debt_diff,eq_deriv,eq_deriv_min_val,eq_min_val,eq_negative,eq_vb,abs_debt_diff,debt_per_diff,abs_debt_per_diff,debt,equity,firm_value,leverage,ROE,V0,r,alpha,pi,xi,opt
0.02,0.02,0.0,0.0025,0.5,0.2,0.15,1.0,7.0,1.0,9.0984598459846,69.63472906804377,1.019933151616847,-0.15253455468034433,-0.15253455468034433,-0.09119408511053868,true,0.0,1.019933151616847,0.016014219814309272,0.016014219814309272,64.70915207350905,15.712928871380912,80.42208094488996,80.461922040853,-55.47591005999588,100.0,0.08,0.6,0.27,1.0,false
0.02,0.02,0.0,0.0025,0.5,0.2,0.15,1.0,7.0,1.0,9.32818545012396,78.12645278146405,1.185992851819904,1.5296845894685607e-6,1.5296845894685607e-6,-0.004752229601111038,false,0.0,1.185992851819904,0.018162969761470037,0.018162969761470037,66.48329100268764,9.480026294166523,75.96331729685416,87.52025763024555,-71.71552166733701,100.0,0.08,0.6,0.27,1.0,false
0.02,0.02,0.0,0.0025,0.5,0.2,0.15,1.0,7.0,1.0,9.557911054263322,78.71893444083986,0.8461901107318823,-8.782197022730309e-7,-8.782197022730309e-7,-0.0033866969070225576,false,0.0,0.8461901107318823,0.01264756502198306,0.01264756502198306,67.75156749057514,9.255605610010896,77.00717310058604,87.9808526435306,-71.29905272975401,100.0,0.08,0.6,0.27,1.0,false
0.02,0.02,0.0,0.0025,0.5,0.2,0.15,1.0,7.0,1.0,9.787636658402683,79.24482314367351,0.26213656993570567,-1.4173162046595124e-6,-1.4173162046595124e-6,0.00023483322852332135,false,0.0,0.26213656993570567,0.0038260596225992262,0.0038260596225992262,68.77559317875449,9.083961486850539,77.85955466560503,88.33288794693885,-70.90749701393946,100.0,0.08,0.6,0.27,1.0,false
0.02,0.02,0.0,0.0025,0.5,0.2,0.15,1.0,7.0,1.0,9.906146390907379,79.28498928527438,7.348724969463705e-6,-0.00449136198331408,-0.00449136198331408,0.0016837128577974314,false,0.0,7.348724969463705e-6,-1.5987152832084737e-5,1.5987152832084737e-5,69.34303208507664,9.12189452905399,78.46492661413063,88.37455800613566,-70.24528141736552,100.0,0.08,0.6,0.27,1.0,false
0.02,0.02,0.0,0.0025,0.5,0.2,0.15,1.0,7.0,1.0,10.017362262542044,78.65120600351662,-0.14792694395562478,-0.022095563805700807,-0.022095563805700807,-0.002470934006172313,false,0.0,0.14792694395562478,-0.0021095793494570704,0.0021095793494570704,69.97360889383869,9.605189193359594,79.57879808719828,87.92996448270716,-68.01084366283152,100.0,0.08,0.6,0.27,1.0,false
