gross_delta,delta,iota,kappa,lambda,sigmah,sigmal,mu_b,m,c,p,vb,debt_diff,eq_deriv,eq_deriv_min_val,eq_min_val,eq_negative,eq_vb,abs_debt_diff,debt_per_diff,abs_debt_per_diff,debt,equity,firm_value,leverage,ROE,V0,r,alpha,pi,xi,opt
0.02,0.02,0.0,0.0025,0.5,0.2,0.15,1.0,7.0,10.0,8.542563466873002,96.62543241396045,45.90437664382763,-3.9502661074418435,-3.9502661074418435,-20.10846198938406,true,0.0,45.90437664382763,0.7676581060715071,0.7676581060715071,105.70232091193864,-9.838321166344377,95.86399974559427,110.26279019491518,72.531874622251,100.0,0.08,0.6,0.27,1.0,false
0.02,0.02,0.0,0.0025,0.5,0.2,0.15,1.0,7.0,10.0,9.372339865565504,97.15348328993826,34.41193247406244,-3.6237997834371964,-3.6237997834371964,-17.829099661708376,true,0.0,34.41193247406244,0.5245211360184571,0.5245211360184571,100.01831153302096,-7.757554528943986,92.26075700407698,108.4082927355573,42264.309531392646,100.0,0.08,0.6,0.27,1.0,false
0.02,0.02,0.0,0.0025,0.5,0.2,0.15,1.0,7.0,10.0,9.925524131360504,97.5054357412128,26.46323273219673,-3.4170041438236107,-3.4170041438236107,-16.141345087898795,true,0.0,26.46323273219673,0.38088283992384536,0.38088283992384536,95.94190165172026,-6.494177587148164,89.4477240645721,107.26030500503292,-260.0300690075955,100.0,0.08,0.6,0.27,1.0,false
0.02,0.02,0.0,0.0025,0.5,0.2,0.15,1.0,7.0,10.0,10.202116264258004,97.68152905663574,22.399052526853083,-3.3184165388586604,-3.3184165388586604,-15.291852077121678,true,0.0,22.399052526853083,0.31364714573031016,0.31364714573031016,93.8138663766591,-5.900415024976026,87.91345135168308,106.71161799958506,-195.38130574343202,100.0,0.08,0.6,0.27,1.0,false
0.02,0.02,0.0,0.0025,0.5,0.2,0.15,1.0,7.0,10.0,10.478708397155504,97.85740711368418,18.27811971129003,-3.2203567347782327,-3.2203567347782327,-14.418029390846106,true,0.0,18.27811971129003,0.24918719557694063,0.24918719557694063,91.62907849137856,-5.325836002033562,86.303242489345,106.1710728918338,-163.62305507880274,100.0,0.08,0.6,0.27,1.0,false
0.02,0.02,0.0,0.0025,0.5,0.2,0.15,1.0,7.0,10.0,10.478708397155504,97.85740711368418,18.27811971129003,-3.2203567347782327,-3.2203567347782327,-14.418029390846106,true,0.0,18.27811971129003,0.24918719557694063,0.24918719557694063,91.62907849137856,-5.325836002033562,86.303242489345,106.1710728918338,-163.62305507880274,100.0,0.08,0.6,0.27,1.0,false
