gross_delta,delta,iota,kappa,lambda,sigmah,sigmal,mu_b,m,c,p,vb,debt_diff,eq_deriv,eq_deriv_min_val,eq_min_val,eq_negative,eq_vb,abs_debt_diff,debt_per_diff,abs_debt_per_diff,debt,equity,firm_value,leverage,ROE,V0,r,alpha,pi,xi,opt
0.02,0.02,0.0,0.004,0.2,0.2,0.15,1.0,5.0,4.0,20.1936035708834,88.48673670193696,-2.0062923846939498,-0.40223968523747355,-0.40223968523747355,-0.3121986498893315,true,0.0,2.0062923846939498,-0.019870573151062224,0.019870573151062224,98.96172546972305,6.666385736841202,105.62811120656426,93.688814785484,542.0638802593955,100.0,0.08,0.6,0.27,1.0,false
0.02,0.02,0.0,0.004,0.2,0.2,0.15,1.0,5.0,4.0,20.651571023503116,87.64472576037471,-1.9135043524312971,-0.4990741633441086,-0.4990741633441086,-0.46005400630400833,true,0.0,1.9135043524312971,-0.018538624836374657,0.018538624836374657,101.34435076508429,7.1796017946234985,108.52395255970778,93.38431597331159,-634.0571806922252,100.0,0.08,0.6,0.27,1.0,false
0.02,0.02,0.0,0.004,0.2,0.2,0.15,1.0,5.0,4.0,20.987719824614036,87.21790975118574,-1.9472886896212458,-0.5495602910787939,-0.5495602910787939,-0.543751983477281,true,0.0,1.9472886896212458,-0.018556457832427316,0.018556457832427316,102.99131043344893,7.42578203109904,110.41709246454798,93.2747893778463,-348.24511518643146,100.0,0.08,0.6,0.27,1.0,false
0.02,0.02,0.0,0.004,0.2,0.2,0.15,1.0,5.0,4.0,21.384777951479354,86.92452339590933,-2.035695874411843,-0.5915782997628727,-0.5915782997628727,-0.6175188048215466,true,0.0,2.035695874411843,-0.019038737545282933,0.019038737545282933,104.88819388298492,7.5475333761528995,112.43572725913782,93.287246358306,-254.40331453350785,100.0,0.08,0.6,0.27,1.0,false
0.02,0.02,0.0,0.004,0.2,0.2,0.15,1.0,5.0,4.0,22.57595233207531,87.13492102916796,-2.17209919992834,-0.6481426320851986,-0.6481426320851986,-0.7175836684751529,true,0.0,2.17209919992834,-0.019242592010989316,0.019242592010989316,110.7076624604482,6.95301527097897,117.66067773142717,94.09062109360788,-164.9349500571381,100.0,0.08,0.6,0.27,1.0,false
0.02,0.02,0.0,0.004,0.2,0.2,0.15,1.0,5.0,4.0,22.973010458940628,87.3637730209113,-2.098736206260355,-0.6572088497165606,-0.6572088497165606,-0.7324995685876203,true,0.0,2.098736206260355,-0.01827132068747716,0.01827132068747716,112.76631608844278,6.633343516376988,119.39965960481976,94.44442007763544,-151.9597311426598,100.0,0.08,0.6,0.27,1.0,false
