gross_delta,delta,iota,kappa,lambda,sigmah,sigmal,mu_b,m,c,p,vb,debt_diff,eq_deriv,eq_deriv_min_val,eq_min_val,eq_negative,eq_vb,abs_debt_diff,debt_per_diff,abs_debt_per_diff,debt,equity,firm_value,leverage,ROE,V0,r,alpha,pi,xi,opt
0.02,0.02,0.0,0.004,0.2,0.2,0.15,1.0,5.0,10.0,16.699901569104277,91.21193104058273,39.36079202305744,-0.4174089745421354,-0.4174089745421354,-0.2001331168127526,true,0.0,39.36079202305744,0.4713895092157554,0.4713895092157554,122.86029986857882,7.899567039356223,130.75986690793505,93.95872202522344,-134.55583297143917,100.0,0.08,0.6,0.27,1.0,false
0.02,0.02,0.0,0.004,0.2,0.2,0.15,1.0,5.0,10.0,17.159933098573013,91.21193104058273,38.13169289160662,-0.4958429905249287,-0.4958429905249287,-0.2789422435138537,true,0.0,38.13169289160662,0.4444270577579067,0.4444270577579067,123.9313583844717,7.4458099829672175,131.3771683674389,94.3324931755702,-131.11319409180956,100.0,0.08,0.6,0.27,1.0,false
0.02,0.02,0.0,0.004,0.2,0.2,0.15,1.0,5.0,10.0,17.436456215852548,91.41001371491416,36.81634675436217,-0.5283590813602024,-0.5283590813602024,-0.31673381817109275,true,0.0,36.81634675436217,0.42266240280478884,0.42266240280478884,123.99862783362491,6.864211273487719,130.86283910711262,94.7546520308418,-128.6025156149559,100.0,0.08,0.6,0.27,1.0,false
0.02,0.02,0.0,0.004,0.2,0.2,0.15,1.0,5.0,10.0,17.61996462804175,91.21193104058273,37.816899538541634,-0.5434426223566148,-0.5434426223566148,-0.3326370327020085,true,0.0,37.816899538541634,0.42925057270951555,0.42925057270951555,125.91672267875038,7.119330484034521,133.0360531627849,94.6485705831011,-127.47002609968041,100.0,0.08,0.6,0.27,1.0,false
0.02,0.02,0.0,0.004,0.2,0.2,0.15,1.0,5.0,10.0,18.079996157510486,89.45807803627227,47.59912109905011,-0.5547935384593398,-0.5547935384593398,-0.3318159714059775,true,0.0,47.59912109905011,0.5265390621145379,0.5265390621145379,137.99910188660255,10.228784425491387,148.22788631209394,93.09928470277538,-126.91848995804236,100.0,0.08,0.6,0.27,1.0,false
0.02,0.02,0.0,0.004,0.2,0.2,0.15,1.0,5.0,10.0,18.540027686979222,89.56417141563347,49.84521191999494,-0.5157904848158996,-0.5157904848158996,-0.2860642707861356,true,0.0,49.84521191999494,0.5377037484685263,0.5377037484685263,142.54535035489104,10.181169009262497,152.72651936415355,93.33372550382883,-123.93015670181704,100.0,0.08,0.6,0.27,1.0,false
