gross_delta,delta,iota,kappa,lambda,sigmah,sigmal,mu_b,m,c,p,vb,debt_diff,eq_deriv,eq_deriv_min_val,eq_min_val,eq_negative,eq_vb,abs_debt_diff,debt_per_diff,abs_debt_per_diff,debt,equity,firm_value,leverage,ROE,V0,r,alpha,pi,xi,opt
0.02,0.02,0.0,0.004,0.2,0.2,0.15,1.0,5.0,1.0,11.09473578936841,70.39511113870763,0.23010048849317855,0.7720779869479124,0.7720779869479124,0.04211052226543572,false,0.0,0.23010048849317855,0.004147921912907084,0.004147921912907084,55.703779435335235,26.5093717760089,82.21315121134414,67.75531483051701,-40.154325949073154,100.0,0.08,0.6,0.27,1.0,false
0.02,0.02,0.0,0.004,0.2,0.2,0.15,1.0,5.0,1.0,11.294976866107664,69.07284903719567,0.07662080886417044,0.6723701258182081,0.6723701258182081,0.038122957199419084,false,0.0,0.07662080886417044,0.0013567236085995555,0.0013567236085995555,56.55150513940249,27.068210533851637,83.61971567325412,67.62939180561047,-37.70046437581155,100.0,0.08,0.6,0.27,1.0,false
0.02,0.02,0.0,0.004,0.2,0.2,0.15,1.0,5.0,1.0,11.495217942846917,64.24766781491027,0.057750506606133456,0.4757042829145072,0.4757042829145072,0.026661834965828565,false,0.0,0.057750506606133456,0.0010047744530510554,0.0010047744530510554,57.53384022084072,31.552689105464875,89.0865293263056,64.58197513802129,-25.699217283711874,100.0,0.08,0.6,0.27,1.0,false
0.02,0.02,0.0,0.004,0.2,0.2,0.15,1.0,5.0,1.0,11.69545901958617,55.75058901760805,0.032636722144552266,0.09006608585393379,0.09006608585393379,0.005128138423477714,false,0.0,0.032636722144552266,0.0005581092984874924,0.0005581092984874924,58.5099318200754,41.32823967100344,99.83817149107884,58.604771047217774,-0.3900415593905082,100.0,0.08,0.6,0.27,1.0,false
0.02,0.02,0.0,0.004,0.2,0.2,0.15,1.0,5.0,1.0,11.895700096325422,41.64757179043228,0.008312632855250968,-0.8547564293389505,-0.8547564293389505,-0.7093987954718419,true,0.0,0.008312632855250968,0.00013975861509519288,0.00013975861509519288,59.48681311448236,66.050452744257,125.53726585873936,47.385780395615605,63.034453277898606,100.0,0.08,0.6,0.27,1.0,false
0.02,0.02,0.0,0.004,0.2,0.2,0.15,1.0,5.0,1.0,11.895700096325422,41.64757179043228,0.008312632855250968,-0.8547564293389505,-0.8547564293389505,-0.7093987954718419,true,0.0,0.008312632855250968,0.00013975861509519288,0.00013975861509519288,59.48681311448236,66.050452744257,125.53726585873936,47.385780395615605,63.034453277898606,100.0,0.08,0.6,0.27,1.0,false
