gross_delta,delta,iota,kappa,lambda,sigmah,sigmal,mu_b,m,c,p,vb,debt_diff,eq_deriv,eq_deriv_min_val,eq_min_val,eq_negative,eq_vb,abs_debt_diff,debt_per_diff,abs_debt_per_diff,debt,equity,firm_value,leverage,ROE,V0,r,alpha,pi,xi,opt
0.02,0.02,0.0,0.0025,0.3,0.25,0.15,1.0,5.0,2.0,13.858020012527568,80.61158917323827,5.074979883073794,2.965376976457601e-6,2.965376976457601e-6,-0.0009974610065785223,false,0.0,5.074979883073794,0.07324249609231395,0.07324249609231395,74.36507994571163,11.082383789917518,85.44746373562914,87.03017818737612,-56.76840900440574,100.0,0.08,0.6,0.27,1.0,false
0.02,0.02,0.0,0.0025,0.3,0.25,0.15,1.0,5.0,2.0,14.63354682312226,87.48766855977223,2.6303686647591307e-5,0.08872823772489678,0.08872823772489678,0.11693325331472952,false,0.0,2.6303686647591307e-5,0.0016881785571960764,0.0016881785571960764,73.16776041929788,4.921434126494834,78.08919454579271,93.697675901102,-81.6585040853826,100.0,0.08,0.6,0.27,1.0,false
0.02,0.02,0.0,0.0025,0.3,0.25,0.15,1.0,5.0,2.0,15.942524515609456,86.02321644579123,-1.9800362447860067,-0.11592757524274133,-0.11592757524274133,-0.04969006401658443,true,0.0,1.9800362447860067,-0.02483968260920455,0.02483968260920455,77.73258633326127,6.065062540203531,83.7976488734648,92.76225213745337,-72.76260893620065,100.0,0.08,0.6,0.27,1.0,false
0.02,0.02,0.0,0.0025,0.3,0.25,0.15,1.0,5.0,2.0,16.359425416225832,84.21166894762764,-1.7517755364460044,-0.21400556642485125,-0.21400556642485125,-0.151761242897154,true,0.0,1.7517755364460044,-0.021416101016708496,0.021416101016708496,80.04535154468316,7.1896575813699455,87.2350091260531,91.75828872674157,-63.97001131105225,100.0,0.08,0.6,0.27,1.0,false
0.02,0.02,0.0,0.0025,0.3,0.25,0.15,1.0,5.0,2.0,17.610128118074964,75.37838467971143,-0.6753710968928033,-0.7172935153178127,-0.7172935153178127,-1.0930959567089698,true,0.0,0.6753710968928033,-0.00767025761952981,0.00767025761952981,87.37526949348202,14.998477924333073,102.3737474178151,85.34929285813851,18.802361100615684,100.0,0.08,0.6,0.27,1.0,false
0.02,0.02,0.0,0.0025,0.3,0.25,0.15,1.0,5.0,2.0,18.027029018691344,68.24439274879934,-0.23862506418429064,-1.1329879437021422,-1.1329879437021422,-2.0424903209128815,true,0.0,0.23862506418429064,-0.0026474142127010723,0.0026474142127010723,89.89652002927242,24.353623632029628,114.25014366130205,78.68394484979672,141.0419350816594,100.0,0.08,0.6,0.27,1.0,false
