gross_delta,delta,iota,kappa,lambda,sigmah,sigmal,mu_b,m,c,p,vb,debt_diff,eq_deriv,eq_deriv_min_val,eq_min_val,eq_negative,eq_vb,abs_debt_diff,debt_per_diff,abs_debt_per_diff,debt,equity,firm_value,leverage,ROE,V0,r,alpha,pi,xi,opt
0.02,0.02,0.0,0.003,0.2,0.25,0.15,1.0,7.0,9.0,9.750939567640973,97.42547991930154,24.551065619243673,-1.405994717147572,-1.405994717147572,-2.4542121481303365,true,0.0,24.551065619243673,0.35968791152214014,0.35968791152214014,92.80764259273049,-2.1314225042395147,90.67622008849098,102.35058596637514,-129.63454655472526,100.0,0.08,0.6,0.27,1.0,false
0.02,0.02,0.0,0.003,0.2,0.25,0.15,1.0,7.0,9.0,10.081266021338974,97.62253364122509,20.186422453630442,-1.3275460525216483,-1.3275460525216483,-2.178811752047988,true,0.0,20.186422453630442,0.286052826116169,0.286052826116169,90.75528460300326,-1.8739961963483516,88.8812884066549,102.10842600275363,-120.27099933176031,100.0,0.08,0.6,0.27,1.0,false
0.02,0.02,0.0,0.003,0.2,0.25,0.15,1.0,7.0,9.0,10.411592475036976,97.81982713079269,15.745864342935604,-1.2486007860410502,-1.2486007860410502,-1.9196744822575988,true,0.0,15.745864342935604,0.21604852449240286,0.21604852449240286,88.62701166819444,-1.6305747531315344,86.9964369150629,101.87430061615457,-114.33725864794471,100.0,0.08,0.6,0.27,1.0,false
0.02,0.02,0.0,0.003,0.2,0.25,0.15,1.0,7.0,9.0,10.741918928734977,97.79636429990212,13.963514600893134,-1.1521864933343058,-1.1521864933343058,-1.6186603633824457,true,0.0,13.963514600893134,0.1857012525752237,0.1857012525752237,89.15694710203798,-1.44995130230791,87.70699579973007,101.65317633911293,-113.3721684838449,100.0,0.08,0.6,0.27,1.0,false
0.02,0.02,0.0,0.003,0.2,0.25,0.15,1.0,7.0,9.0,11.40257183613098,97.70461123530949,10.969995842894264,-0.9518831232475483,-0.9518831232475483,-1.0831761585858968,true,0.0,10.969995842894264,0.13743761370613367,0.13743761370613367,90.78799869581113,-1.0651742838422407,89.72282441196889,101.18718318423797,-111.56289766652428,100.0,0.08,0.6,0.27,1.0,false
0.02,0.02,0.0,0.003,0.2,0.25,0.15,1.0,7.0,9.0,11.40257183613098,97.70461123530949,10.969995842894264,-0.9518831232475483,-0.9518831232475483,-1.0831761585858968,true,0.0,10.969995842894264,0.13743761370613367,0.13743761370613367,90.78799869581113,-1.0651742838422407,89.72282441196889,101.18718318423797,-111.56289766652428,100.0,0.08,0.6,0.27,1.0,false
