gross_delta,delta,iota,kappa,lambda,sigmah,sigmal,mu_b,m,c,p,vb,debt_diff,eq_deriv,eq_deriv_min_val,eq_min_val,eq_negative,eq_vb,abs_debt_diff,debt_per_diff,abs_debt_per_diff,debt,equity,firm_value,leverage,ROE,V0,r,alpha,pi,xi,opt
0.02,0.02,0.0,0.003,0.2,0.25,0.15,1.0,7.0,10.0,8.580596217516488,97.83569619092691,30.443401065441407,-1.202395490315893,-1.202395490315893,-1.6654657325319298,true,0.0,30.443401065441407,0.5068479141559956,0.5068479141559956,90.50757458805683,-1.4865925550298393,89.02098203302698,101.66993502102495,-115.6608294562888,100.0,0.08,0.6,0.27,1.0,false
0.02,0.02,0.0,0.003,0.2,0.25,0.15,1.0,7.0,10.0,9.579964575404908,98.43186505025001,16.021193381099295,-0.9261998942973861,-0.9261998942973861,-0.9744846820759687,true,0.0,16.021193381099295,0.23890922493195937,0.23890922493195937,83.08094540893364,-0.8423011750852802,82.23864423384836,101.02421578435823,-104.9784175028907,100.0,0.08,0.6,0.27,1.0,false
0.02,0.02,0.0,0.003,0.2,0.25,0.15,1.0,7.0,10.0,9.913087361367715,98.63052216646878,11.053794505138328,-0.8328660730717169,-0.8328660730717169,-0.7856482756644233,true,0.0,11.053794505138328,0.15929583218322163,0.15929583218322163,80.44540603471233,-0.6642457573591758,79.78116027735315,100.83258472933959,-103.39687829130236,100.0,0.08,0.6,0.27,1.0,false
0.02,0.02,0.0,0.003,0.2,0.25,0.15,1.0,7.0,10.0,10.24621014733052,98.69933852021481,7.88640532348056,-0.7275052273539933,-0.7275052273539933,-0.5938692497228161,true,0.0,7.88640532348056,0.1099557119877459,0.1099557119877459,79.60987635479421,-0.526591144605137,79.08328521018908,100.66586908119149,-102.58257945742744,100.0,0.08,0.6,0.27,1.0,false
0.02,0.02,0.0,0.003,0.2,0.25,0.15,1.0,7.0,10.0,10.496784281445226,98.63970039295907,7.1045074670906345,-0.6360663983648597,-0.6360663983648597,-0.45003271784587845,true,0.0,7.1045074670906345,0.09669482091974232,0.09669482091974232,80.58199743720724,-0.43127910994707364,80.15071832726017,100.53808514626922,-102.22102715535458,100.0,0.08,0.6,0.27,1.0,false
0.02,0.02,0.0,0.003,0.2,0.25,0.15,1.0,7.0,10.0,10.579332933293328,98.59631249991529,7.1952304055574245,-0.6030651166705752,-0.6030651166705752,-0.40342692972722366,true,0.0,7.1952304055574245,0.09716019567755436,0.09716019567755436,81.25056093861072,-0.39800246381825305,80.85255847479246,100.49225710518776,-102.12274331256053,100.0,0.08,0.6,0.27,1.0,false
