gross_delta,delta,iota,kappa,lambda,sigmah,sigmal,mu_b,m,c,p,vb,debt_diff,eq_deriv,eq_deriv_min_val,eq_min_val,eq_negative,eq_vb,abs_debt_diff,debt_per_diff,abs_debt_per_diff,debt,equity,firm_value,leverage,ROE,V0,r,alpha,pi,xi,opt
0.02,0.02,0.0,0.003,0.2,0.25,0.15,1.0,7.0,1.0,9.723099941573105,75.06947128522542,1.0096790247277028,0.05609569829361848,0.05609569829361848,0.005573716225659523,false,0.0,1.0096790247277028,0.014834760677369885,0.014834760677369885,69.07137861573943,14.269598300999904,83.34097691673934,82.87805251520419,-53.86280518710207,100.0,0.08,0.6,0.27,1.0,false
0.02,0.02,0.0,0.003,0.2,0.25,0.15,1.0,7.0,1.0,9.986761834078145,74.49065262133774,0.4636869054552193,-3.7494812474446124e-6,-3.7494812474446124e-6,0.0006713245871727428,false,0.0,0.4636869054552193,0.0066328793651177845,0.0066328793651177845,70.37101974400223,14.67697696934081,85.04799671334304,82.74271289562525,-50.4641170822281,100.0,0.08,0.6,0.27,1.0,false
0.02,0.02,0.0,0.003,0.2,0.25,0.15,1.0,7.0,1.0,10.087674159319851,75.51319435027185,1.936939578362981e-5,0.009830301703332281,0.009830301703332281,0.003724812353664125,false,0.0,1.936939578362981e-5,6.03001029598975e-5,6.03001029598975e-5,70.61373848463472,13.810649812626362,84.42438829726109,83.64139783400194,-53.00303917391756,100.0,0.08,0.6,0.27,1.0,false
0.02,0.02,0.0,0.003,0.2,0.25,0.15,1.0,7.0,1.0,10.250423726583184,76.17019663099411,-0.5383608712810144,2.5043888164065498e-6,2.5043888164065498e-6,0.0008751476179431247,false,0.0,0.5383608712810144,-0.007502977237695525,0.007502977237695525,71.21460521480128,13.19072742155738,84.40533263635866,84.37216345276826,-54.17562440957045,100.0,0.08,0.6,0.27,1.0,false
0.02,0.02,0.0,0.003,0.2,0.25,0.15,1.0,7.0,1.0,10.514085619088224,71.19503200173635,-0.28545891552944624,-0.18826180829560066,-0.18826180829560066,-0.12200122691315599,true,0.0,0.28545891552944624,-0.0038785916867178395,0.0038785916867178395,73.31314041808812,17.432928378190542,90.74606879627866,80.78932937874502,-34.67598416860397,100.0,0.08,0.6,0.27,1.0,false
0.02,0.02,0.0,0.003,0.2,0.25,0.15,1.0,7.0,1.0,10.777747511593263,62.49676062818699,-0.06896720259864253,-0.5774462272879077,-0.5774462272879077,-0.7459708057155643,true,0.0,0.06896720259864253,-0.0009141481096577768,0.0009141481096577768,75.3752653785542,27.224004795375055,102.59927017392926,73.4656935188485,10.55552562855051,100.0,0.08,0.6,0.27,1.0,false
