gross_delta,delta,iota,kappa,lambda,sigmah,sigmal,V0,r,alpha,pi,xi,mu_b,m,c,p,vb,sg_debt,debt,debt_diff,abs_debt_diff,debt_per_diff,abs_debt_per_diff,eq_vb,eq_min_val,sg_equity,equity,eq_negative,firm_value,leverage,ROE,cvml_vb,cvmh_vb,eq_deriv
0.02,0.0198,0.0002,0.0025,NaN,NaN,0.25,100.0,0.08,0.6,0.27,1.0,1.0,7.0,0.9948744874487448,9.869133611576943,52.247354928087994,69.08412952261128,69.09437869790595,0.0104434168673464,0.0104434168673464,0.00015116997641871153,0.00015116997641871153,-1.509903313490213e-13,NaN,40.73763750930626,40.73041280200308,false,109.82479149990903,62.913280102119,31.78965859923788,NaN,NaN,NaN
