gross_delta,delta,iota,kappa,lambda,sigmah,sigmal,mu_b,m,c,p,vb,debt_diff,eq_deriv,eq_deriv_min_val,eq_min_val,eq_negative,eq_vb,abs_debt_diff,debt_per_diff,abs_debt_per_diff,debt,equity,firm_value,leverage,ROE,V0,r,alpha,pi,xi,opt
0.02,0.02,0.0,0.005,0.75,0.25,0.15,1.0,7.0,3.0,10.933793379337933,97.20054952774886,-5.978484465305286,-1.2135564866872188,-1.2135564866872188,-4.505207259003359,true,0.0,5.978484465305286,-0.07811279943732048,0.07811279943732048,70.55806919006025,-2.539458477995953,68.0186107120643,103.73347595814029,-108.62531229486694,100.0,0.08,0.6,0.27,1.0,false
0.02,0.02,0.0,0.005,0.75,0.25,0.15,1.0,7.0,3.0,10.933793379337933,97.20054952774889,-5.9784844653052875,-1.213556486687219,-1.213556486687219,-4.50520725900336,true,0.0,5.9784844653052875,-0.07811279943732048,0.07811279943732048,70.55806919006025,-2.539458477995953,68.0186107120643,103.73347595814029,-108.62531229486694,100.0,0.08,0.6,0.27,1.0,false
0.02,0.02,0.0,0.005,0.75,0.25,0.15,1.0,7.0,3.0,11.22796884951653,97.25951813633202,-7.9779735034017705,-1.2420482991979473,-1.2420482991979473,-4.642334738107373,true,0.0,7.9779735034017705,-0.1015063824776324,0.1015063824776324,70.61780844321395,-2.5587756907055135,68.05903275250843,103.75964157470517,-108.70859372678258,100.0,0.08,0.6,0.27,1.0,false
0.02,0.02,0.0,0.005,0.75,0.25,0.15,1.0,7.0,3.0,11.522144319695128,97.31851933347474,-9.989108404028684,-1.2702225501320523,-1.2702225501320523,-4.778092247801859,true,0.0,9.989108404028684,-0.12384981880938377,0.12384981880938377,70.66590183383721,-2.572048381210736,68.09385345262648,103.77721079186703,-108.76811813556151,100.0,0.08,0.6,0.27,1.0,false
0.02,0.02,0.0,0.005,0.75,0.25,0.15,1.0,7.0,3.0,11.816319789873724,97.37753744196453,-12.01188206813994,-1.2986398837080608,-1.2986398837080608,-4.915968038556048,true,0.0,12.01188206813994,-0.145221454996671,0.145221454996671,70.70235646097613,-2.585347445311629,68.11700901566451,103.79545062631432,-108.82442112406754,100.0,0.08,0.6,0.27,1.0,false
0.02,0.02,0.0,0.005,0.75,0.25,0.15,1.0,7.0,3.0,12.110495260052321,96.5820328677575,-10.782683577894247,-1.3516701095591013,-1.3516701095591013,-5.126165282845617,true,0.0,10.782683577894247,-0.12719408539399005,0.12719408539399005,73.990783242472,-3.302444639524513,70.6883386029475,104.67183796477968,-112.69720910980014,100.0,0.08,0.6,0.27,1.0,false
