gross_delta,delta,iota,kappa,lambda,sigmah,sigmal,mu_b,m,c,p,vb,debt_diff,eq_deriv,eq_deriv_min_val,eq_min_val,eq_negative,eq_vb,abs_debt_diff,debt_per_diff,abs_debt_per_diff,debt,equity,firm_value,leverage,ROE,V0,r,alpha,pi,xi,opt
0.02,0.02,0.0,0.003,0.2,0.275,0.15,1.0,10.0,2.0,8.13981398139814,97.36648308952508,-9.825778294652324,-1.280746239848869,-1.280746239848869,-5.339837842440367,true,0.0,9.825778294652324,-0.12071256563242239,0.12071256563242239,71.57236151932908,-2.585276918247194,68.98708460108189,103.74747959447275,-109.0942373563848,100.0,0.08,0.6,0.27,1.0,false
0.02,0.02,0.0,0.003,0.2,0.275,0.15,1.0,10.0,2.0,8.99465171019347,96.85764953333438,-4.950327608942611,-1.4096893347041137,-1.4096893347041137,-6.051783907194815,true,0.0,4.950327608942611,-0.055383788892886684,0.055383788892886684,84.99618949299207,-3.90377112717186,81.09241836582021,104.81397793510283,-126.01853126143187,100.0,0.08,0.6,0.27,1.0,false
0.02,0.02,0.0,0.003,0.2,0.275,0.15,1.0,10.0,2.0,9.329582958295829,93.70657489303903,-5.29882396638088,-1.595133287968702,-1.595133287968702,-6.880849649681136,true,0.0,5.29882396638088,-0.056795936003432884,0.056795936003432884,87.99700561657741,-5.908528745234453,82.08847687134296,107.19775657976317,-149.22545621944772,100.0,0.08,0.6,0.27,1.0,false
0.02,0.02,0.0,0.003,0.2,0.275,0.15,1.0,10.0,2.0,9.527877787778777,92.28513095729258,-5.664683030210142,-1.6887066588417465,-1.6887066588417465,-7.305379191162719,true,0.0,5.664683030210142,-0.05945377508385047,0.05945377508385047,89.61409484757763,-6.826622795246486,82.78747205233114,108.24596116539382,-165.72968552148072,100.0,0.08,0.6,0.27,1.0,false
0.02,0.02,0.0,0.003,0.2,0.275,0.15,1.0,10.0,2.0,9.924467446744673,91.10690887298567,-6.121223429760505,-1.8106383077262838,-1.8106383077262838,-7.888295816515343,true,0.0,6.121223429760505,-0.061678104770934876,0.061678104770934876,93.12345103768622,-7.671037862362925,85.4524131753233,108.97697042987447,-211.55359911495233,100.0,0.08,0.6,0.27,1.0,false
0.02,0.02,0.0,0.003,0.2,0.275,0.15,1.0,10.0,2.0,10.32105710571057,89.3394121318637,-5.398585657347695,-1.9624420353852965,-1.9624420353852965,-8.594461244491438,true,0.0,5.398585657347695,-0.05230651862550682,0.05230651862550682,97.81198539975802,-8.582756135888856,89.22922926386916,109.6187720175279,-492.2622881465069,100.0,0.08,0.6,0.27,1.0,false
