gross_delta,delta,iota,kappa,lambda,sigmah,sigmal,mu_b,m,c,p,vb,debt_diff,eq_deriv,eq_deriv_min_val,eq_min_val,eq_negative,eq_vb,abs_debt_diff,debt_per_diff,abs_debt_per_diff,debt,equity,firm_value,leverage,ROE,V0,r,alpha,pi,xi,opt
0.02,0.02,0.0,0.003,0.2,0.275,0.15,1.0,10.0,1.0,7.482206115348376,89.62118489485732,-1.5782253896573906,-0.30545527793539246,-0.30545527793539246,-0.5246209306468399,true,0.0,1.5782253896573906,-0.02109304883248204,0.02109304883248204,73.24383576382637,0.5816312438589953,73.82546700768536,99.21215365451268,-97.82617852572214,100.0,0.08,0.6,0.27,1.0,false
0.02,0.02,0.0,0.003,0.2,0.275,0.15,1.0,10.0,1.0,7.7093814644622345,87.27513781301921,-1.0618296341686033,-0.3844162891960205,-0.3844162891960205,-0.7411898335555773,true,0.0,1.0618296341686033,-0.0137732143501174,0.0137732143501174,76.03198501045374,1.0718974806659831,77.10388249111972,98.60980089972846,-95.52780035754527,100.0,0.08,0.6,0.27,1.0,false
0.02,0.02,0.0,0.003,0.2,0.275,0.15,1.0,10.0,1.0,8.163732162689952,83.1646746039996,-0.7217806385721133,-0.5463093592079555,-0.5463093592079555,-1.2219999519401414,true,0.0,0.7217806385721133,-0.008841307188773405,0.008841307188773405,80.91554098832741,2.3382369676222368,83.25377795594964,97.1914344008996,-87.74795258177292,100.0,0.08,0.6,0.27,1.0,false
0.02,0.02,0.0,0.003,0.2,0.275,0.15,1.0,10.0,1.0,8.618082860917669,78.8945344067909,-0.8804180651344069,-0.7365471573325316,-0.7365471573325316,-1.810482688114012,true,0.0,0.8804180651344069,-0.010215938734205423,0.010215938734205423,85.30041054404228,4.390604688200083,89.69101523224236,95.10474412979804,-70.1311067131839,100.0,0.08,0.6,0.27,1.0,false
0.02,0.02,0.0,0.003,0.2,0.275,0.15,1.0,10.0,1.0,8.845258210031528,73.75812402674094,-0.3041372713484378,-0.9556562606382826,-0.9556562606382826,-2.469657634266604,true,0.0,0.3041372713484378,-0.003438421628025642,0.003438421628025642,88.14844482896684,8.025544156779207,96.17398898574605,91.65518219487738,-32.28277604955382,100.0,0.08,0.6,0.27,1.0,false
0.02,0.02,0.0,0.003,0.2,0.275,0.15,1.0,10.0,1.0,8.845258210031528,73.75812402674094,-0.3041372713484378,-0.9556562606382826,-0.9556562606382826,-2.469657634266604,true,0.0,0.3041372713484378,-0.003438421628025642,0.003438421628025642,88.14844482896684,8.025544156779207,96.17398898574605,91.65518219487738,-32.28277604955382,100.0,0.08,0.6,0.27,1.0,false
