gross_delta,delta,iota,kappa,lambda,sigmah,sigmal,mu_b,m,c,p,vb,debt_diff,eq_deriv,eq_deriv_min_val,eq_min_val,eq_negative,eq_vb,abs_debt_diff,debt_per_diff,abs_debt_per_diff,debt,equity,firm_value,leverage,ROE,V0,r,alpha,pi,xi,opt
0.02,0.02,0.0,0.003,0.2,0.275,0.15,1.0,10.0,3.0,6.518876887688769,100.0,-5.188766492702186,-2.054838129853905,-2.054838129853905,-10.610752809694477,true,0.0,5.188766492702186,-0.07959601910110368,0.07959601910110368,60.00000238418551,0.34909580259675843,60.349098186782264,99.42153932190288,-99.12726044148877,100.0,0.08,0.6,0.27,1.0,false
0.02,0.02,0.0,0.003,0.2,0.275,0.15,1.0,10.0,3.0,6.518876887688769,99.99999999999996,-5.188766492702185,-2.0548381298539047,-2.0548381298539047,-10.610752809694475,true,0.0,5.188766492702185,-0.07959601910110367,0.07959601910110367,60.000002384185485,0.34909580259675815,60.34909818678224,99.42153932190288,-99.12726044148879,100.0,0.08,0.6,0.27,1.0,false
0.02,0.02,0.0,0.003,0.2,0.275,0.15,1.0,10.0,3.0,6.973228901837552,100.0,-9.732286634190018,-2.1320550504247415,-2.1320550504247415,-11.12311308402373,true,0.0,9.732286634190018,-0.1395664300023969,0.1395664300023969,60.00000238418551,0.3692873894986574,60.369289773684166,99.38828601283358,-99.07678147122525,100.0,0.08,0.6,0.27,1.0,false
0.02,0.02,0.0,0.003,0.2,0.275,0.15,1.0,10.0,3.0,8.48773561566683,98.25530824641837,-11.9572303209399,-2.499048800957249,-2.499048800957249,-13.373827543740452,true,0.0,11.9572303209399,-0.1408765642849314,0.1408765642849314,72.9201258357284,-3.5285243882898416,69.39160144743856,105.08494445248185,-113.03006198213903,100.0,0.08,0.6,0.27,1.0,false
0.02,0.02,0.0,0.003,0.2,0.275,0.15,1.0,10.0,3.0,8.790636958432685,98.32496932208089,-15.274361388996326,-2.543576166219811,-2.543576166219811,-13.70033705753022,true,0.0,15.274361388996326,-0.17375716300448435,0.17375716300448435,72.63200819533053,-3.450146203254601,69.18186199207592,104.9870675693143,-112.60650115609118,100.0,0.08,0.6,0.27,1.0,false
0.02,0.02,0.0,0.003,0.2,0.275,0.15,1.0,10.0,3.0,9.09353830119854,97.85943985177823,-14.736076903514785,-2.6070319758939564,-2.6070319758939564,-14.10768767443195,true,0.0,14.736076903514785,-0.16204997895673404,0.16204997895673404,76.19930610847062,-4.482572004782866,71.71673410368776,106.25038501934844,-118.83378705348673,100.0,0.08,0.6,0.27,1.0,false
