gross_delta,delta,iota,kappa,lambda,sigmah,sigmal,mu_b,m,c,p,vb,debt_diff,eq_deriv,eq_deriv_min_val,eq_min_val,eq_negative,eq_vb,abs_debt_diff,debt_per_diff,abs_debt_per_diff,debt,equity,firm_value,leverage,ROE,V0,r,alpha,pi,xi,opt
0.02,0.02,0.0,0.003,0.3,0.35,0.15,1.0,10.0,2.0,7.715239945047136,69.38781837544244,2.760283772384483,-3.6754221850253685,-3.6754221850253685,-17.837400930016795,true,0.0,2.760283772384483,0.0357770308123271,0.0357770308123271,79.91268322285585,-7.985238090862657,71.9274451319932,111.10179581133326,-139.7526368476872,100.0,0.08,0.6,0.27,1.0,false
0.02,0.02,0.0,0.003,0.3,0.35,0.15,1.0,10.0,2.0,8.350056058237403,89.68378330664454,2.5290494360644686,-2.439240567607799,-2.439240567607799,-14.913851535364039,true,0.0,2.5290494360644686,0.030287813859279897,0.030287813859279897,86.02961001843849,-13.123745463054883,72.9058645553836,118.00094621069243,-193.93972165684673,100.0,0.08,0.6,0.27,1.0,false
0.02,0.02,0.0,0.003,0.3,0.35,0.15,1.0,10.0,2.0,8.984872171427668,88.32049530342665,-0.615506147358218,-2.716176123088507,-2.716176123088507,-16.209917949189148,true,0.0,0.615506147358218,-0.006850471944559852,0.006850471944559852,89.23321556691846,-15.33828132191785,73.89493424500061,120.75687796278885,-242.45925900392447,100.0,0.08,0.6,0.27,1.0,false
0.02,0.02,0.0,0.003,0.3,0.35,0.15,1.0,10.0,2.0,9.19647754249109,85.54281389009176,-0.04175039950575865,-2.908580326534866,-2.908580326534866,-16.971943739837677,true,0.0,0.04175039950575865,-0.00045398250920373085,0.00045398250920373085,91.92302502540514,-16.878891804414597,75.04413322099055,122.49195384096116,-308.9754129176467,100.0,0.08,0.6,0.27,1.0,false
0.02,0.02,0.0,0.003,0.3,0.35,0.15,1.0,10.0,2.0,9.211169450323101,85.3262625629446,-1.2511954622937763e-6,-2.9233889718344646,-2.9233889718344646,-17.028514015935325,true,0.0,1.2511954622937763e-6,1.7102474679311137e-5,1.7102474679311137e-5,92.11169325203554,-16.975604172336077,75.13608907969946,122.59314316230841,-315.1995949791955,100.0,0.08,0.6,0.27,1.0,false
0.02,0.02,0.0,0.003,0.3,0.35,0.15,1.0,10.0,2.0,9.408082913554512,82.18500049570589,-0.026274938054115182,-3.1552429363147527,-3.1552429363147527,-17.851336041610143,true,0.0,0.026274938054115182,-0.00027928046867295436,0.00027928046867295436,94.054554197491,-17.650499890911597,76.40405430657941,123.10152262350775,-396.8742879375509,100.0,0.08,0.6,0.27,1.0,false
