gross_delta,delta,iota,kappa,lambda,sigmah,sigmal,mu_b,m,c,p,vb,debt_diff,eq_deriv,eq_deriv_min_val,eq_min_val,eq_negative,eq_vb,abs_debt_diff,debt_per_diff,abs_debt_per_diff,debt,equity,firm_value,leverage,ROE,V0,r,alpha,pi,xi,opt
0.02,0.02,0.0,0.0025,0.1,0.225,0.15,1.0,5.0,5.0,18.273657628920787,88.0247311788451,12.467007807281462,0.0037322675867243445,0.0037322675867243445,0.0023486061726132896,false,0.0,12.467007807281462,0.13644786457584238,0.13644786457584238,103.8352959518854,11.333592697008632,115.16888864889403,90.15915423864128,-395.507643717485,100.0,0.08,0.6,0.27,1.0,false
0.02,0.02,0.0,0.0025,0.1,0.225,0.15,1.0,5.0,5.0,18.717023018091282,89.86149684973512,6.903792107613157,-1.5265075155052737e-6,-1.5265075155052737e-6,0.0019078009682691453,false,0.0,6.903792107613157,0.07377019412692039,0.07377019412692039,100.48890719806957,8.51227590812504,109.00118310619462,92.19065732540541,-1841.0821402784477,100.0,0.08,0.6,0.27,1.0,false
0.02,0.02,0.0,0.0025,0.1,0.225,0.15,1.0,5.0,5.0,19.157604044774164,91.76562119177034,-0.000128564035577039,-5.76311434782558e-6,-5.76311434782558e-6,0.0018506018536977383,false,0.0,0.000128564035577039,-2.3639718622729677e-6,2.3639718622729677e-6,95.78789165983525,5.896762229131882,101.68465388896713,94.20093199552927,39.99550232132074,100.0,0.08,0.6,0.27,1.0,true
0.02,0.02,0.0,0.0025,0.1,0.225,0.15,1.0,5.0,5.0,19.160388407261777,91.77786552544197,-0.04929643313566601,-4.3544979468893223e-7,-4.3544979468893223e-7,0.0018532487674347625,false,0.0,0.04929643313566601,-0.0005145661151313894,0.0005145661151313894,95.75264560317322,5.881159453844621,101.63380505701784,94.21338259396545,38.46641707690948,100.0,0.08,0.6,0.27,1.0,false
0.02,0.02,0.0,0.0025,0.1,0.225,0.15,1.0,5.0,5.0,19.603753796432276,93.72381472964952,-8.633232396052875,-1.3198608149423904e-6,-1.3198608149423904e-6,0.0017066984381975455,false,0.0,8.633232396052875,-0.08807733953100405,0.08807733953100405,89.3855365861085,3.582921978106663,92.96845856421517,96.14608864830015,-66.24490717620662,100.0,0.08,0.6,0.27,1.0,false
0.02,0.02,0.0,0.0025,0.1,0.225,0.15,1.0,5.0,5.0,22.707311520625748,91.72941082831844,-8.823375619897135,-0.5816050856541619,-0.5816050856541619,-0.566835392580366,true,0.0,8.823375619897135,-0.07771396109030866,0.07771396109030866,104.7131819832316,2.8561284956942283,107.56931047892583,97.34484818859764,-160.59873151207955,100.0,0.08,0.6,0.27,1.0,false
