gross_delta,delta,iota,kappa,lambda,sigmah,sigmal,mu_b,m,c,p,vb,debt_diff,eq_deriv,eq_deriv_min_val,eq_min_val,eq_negative,eq_vb,abs_debt_diff,debt_per_diff,abs_debt_per_diff,debt,equity,firm_value,leverage,ROE,V0,r,alpha,pi,xi,opt
0.02,0.02,0.0,0.0025,0.1,0.225,0.15,1.0,5.0,4.0,20.63748348519062,90.03780904083051,-6.225127733686065,-0.29303732374752606,-0.29303732374752606,-0.17163834595679986,true,0.0,6.225127733686065,-0.060328360656503426,0.060328360656503426,96.96228969226703,5.579499045978755,102.54178873824578,94.55880464478604,83.67449429839544,100.0,0.08,0.6,0.27,1.0,false
0.02,0.02,0.0,0.0025,0.1,0.225,0.15,1.0,5.0,4.0,22.79514004031982,88.17212494360935,-6.0383205282661265,-0.6991845184694319,-0.6991845184694319,-0.8433573695228161,true,0.0,6.0383205282661265,-0.052979016734142494,0.052979016734142494,107.93737967333297,5.4269146254431435,113.36429429877612,95.21285369523821,-168.37161442176972,100.0,0.08,0.6,0.27,1.0,false
0.02,0.02,0.0,0.0025,0.1,0.225,0.15,1.0,5.0,4.0,23.226671351345658,88.08574890088485,-5.95695017124136,-0.7506705749139435,-0.7506705749139435,-0.9544049490526377,true,0.0,5.95695017124136,-0.05129404968220932,0.05129404968220932,110.17640658548693,5.2361532311632635,115.41255981665019,95.46309930263945,-151.4538524692085,100.0,0.08,0.6,0.27,1.0,false
0.02,0.02,0.0,0.0025,0.1,0.225,0.15,1.0,5.0,4.0,23.658202662371497,88.04705914848955,-5.88634979849283,-0.796920234901388,-0.796920234901388,-1.057341146757097,true,0.0,5.88634979849283,-0.04976159755242187,0.04976159755242187,112.40466351336465,5.028253071044564,117.43291658440921,95.71819110238114,-140.53518312388866,100.0,0.08,0.6,0.27,1.0,false
0.02,0.02,0.0,0.0025,0.1,0.225,0.15,1.0,5.0,4.0,23.78192824181151,88.0446278021143,-5.880980672161102,-0.8094096118380565,-0.8094096118380565,-1.0856237372282838,true,0.0,5.880980672161102,-0.04945632197139475,0.04945632197139475,113.02866053689647,4.964495563051817,117.99315609994828,95.7925563421267,-138.10442024329848,100.0,0.08,0.6,0.27,1.0,false
0.02,0.02,0.0,0.0025,0.1,0.225,0.15,1.0,5.0,4.0,24.089733973397337,88.05653129276634,-5.924084034146546,-0.8392743995846382,-0.8392743995846382,-1.1542047354881713,true,0.0,5.924084034146546,-0.04918347409472104,0.04918347409472104,114.52458583284013,4.794530531179662,119.31911636401979,95.98175826532903,-133.00975729262598,100.0,0.08,0.6,0.27,1.0,false
