gross_delta,delta,iota,kappa,lambda,sigmah,sigmal,V0,r,alpha,pi,xi,mu_b,m,c,p,vb,sg_debt,debt,debt_diff,abs_debt_diff,debt_per_diff,abs_debt_per_diff,eq_vb,eq_min_val,sg_equity,equity,eq_negative,firm_value,leverage,ROE,cvml_vb,cvmh_vb,eq_deriv
0.02,0.018000000000000002,0.002,0.015000000000000001,NaN,NaN,0.2,100.0,0.08,0.6,0.27,1.0,1.0,5.0,1.1320882088208821,11.29594739299948,53.710586004897394,56.47917927910008,56.51393873830482,0.03420177330742291,0.03420177330742291,0.0006055582965731413,0.0006055582965731413,5.329070518200751e-15,NaN,38.74618516813354,38.71171169880628,false,95.22565043711111,59.347390623105,-10.979034256878982,NaN,NaN,NaN
