gross_delta,delta,iota,kappa,lambda,sigmah,sigmal,mu_b,m,c,p,vb,debt_diff,eq_deriv,eq_deriv_min_val,eq_min_val,eq_negative,eq_vb,abs_debt_diff,debt_per_diff,abs_debt_per_diff,debt,equity,firm_value,leverage,ROE,V0,r,alpha,pi,xi,opt
0.02,0.02,0.0,0.001,0.5,0.35,0.15,1.0,3.0,11.0,31.802628947105234,91.21193104058273,0.8353361732839346,-1.8118799753645258,-1.8118799753645258,-4.092410257265872,true,0.0,0.8353361732839346,0.008755420552110984,0.008755420552110984,96.24322301459964,-3.0630351920069647,93.18018782259267,103.28721723317271,-181.53359126481482,100.0,0.08,0.6,0.27,1.0,false
0.02,0.02,0.0,0.001,0.5,0.35,0.15,1.0,3.0,11.0,32.096230351597704,91.14735362484437,-3.359788855488398e-6,-1.8561221638306948,-1.8561221638306948,-4.254340538753141,true,0.0,3.359788855488398e-6,-0.00024924185012417866,0.00024924185012417866,96.28868769500427,-3.2410271713656034,93.04766052363867,103.48319039202734,-187.32833308053637,100.0,0.08,0.6,0.27,1.0,false
0.02,0.02,0.0,0.001,0.5,0.35,0.15,1.0,3.0,11.0,32.807139924518765,91.21193104058273,-2.1186099698292793,-1.9987410734635707,-1.9987410734635707,-4.804908648605231,true,0.0,2.1186099698292793,-0.021525903352173588,0.021525903352173588,96.30280980372702,-3.98565951586419,92.31715028786283,104.31735544634569,-207.8023932845544,100.0,0.08,0.6,0.27,1.0,false
0.02,0.02,0.0,0.001,0.5,0.35,0.15,1.0,3.0,11.0,33.811650901932296,90.71058954671429,-2.297909059764109,-2.1432585065628653,-2.1432585065628653,-5.393087827032853,true,0.0,2.297909059764109,-0.022654016179501666,0.022654016179501666,99.13704364603278,-4.510182591683684,94.62686105434909,104.76628152031087,-622.6431871031804,100.0,0.08,0.6,0.27,1.0,false
0.02,0.02,0.0,0.001,0.5,0.35,0.15,1.0,3.0,11.0,34.81616187934583,88.87927642069018,2.908216470314315,-2.0768447295654386,-2.0768447295654386,-5.179769137160969,true,0.0,2.908216470314315,0.027843548449257904,0.027843548449257904,107.3567021083518,-3.3994425790730562,103.95725952927874,103.27003866249053,-53.79121610464841,100.0,0.08,0.6,0.27,1.0,false
0.02,0.02,0.0,0.001,0.5,0.35,0.15,1.0,3.0,11.0,35.82067285675936,89.48518701662063,5.1507744964216755,-1.958936265057442,-1.958936265057442,-4.799726615266453,true,0.0,5.1507744964216755,0.047931116174345534,0.047931116174345534,112.61279306669975,-3.4935770557073065,109.11921601099245,103.20161487904693,-72.30132106954935,100.0,0.08,0.6,0.27,1.0,false
