gross_delta,delta,iota,kappa,lambda,sigmah,sigmal,mu_b,m,c,p,vb,debt_diff,eq_deriv,eq_deriv_min_val,eq_min_val,eq_negative,eq_vb,abs_debt_diff,debt_per_diff,abs_debt_per_diff,debt,equity,firm_value,leverage,ROE,V0,r,alpha,pi,xi,opt
0.02,0.02,0.0,0.005,0.3,0.2,0.15,1.0,5.0,11.0,15.213838489112069,91.21193104058273,50.31412713327332,-0.786534170455313,-0.786534170455313,-0.6661363857743401,true,0.0,50.31412713327332,0.6614258087369747,0.6614258087369747,126.38331957883366,5.867654446492573,132.25097402532623,95.56324292525143,-122.24001581362782,100.0,0.08,0.6,0.27,1.0,false
0.02,0.02,0.0,0.005,0.3,0.2,0.15,1.0,5.0,11.0,15.67870208073439,91.21193104058273,47.89712220789201,-0.8985013313157093,-0.8985013313157093,-0.8563205386110296,true,0.0,47.89712220789201,0.6109832556452086,0.6109832556452086,126.29063261156395,5.27969645678446,131.5703290683484,95.98716785602798,-120.08204418201099,100.0,0.08,0.6,0.27,1.0,false
0.02,0.02,0.0,0.005,0.3,0.2,0.15,1.0,5.0,11.0,16.143565672356708,91.21193104058273,46.46784747273462,-0.9790575463994478,-0.9790575463994478,-1.0065783206094099,true,0.0,46.46784747273462,0.5756825773912317,0.5756825773912317,127.18567583451816,4.805376563312883,131.99105239783106,96.3593164263672,-117.6761342721942,100.0,0.08,0.6,0.27,1.0,false
0.02,0.02,0.0,0.005,0.3,0.2,0.15,1.0,5.0,11.0,16.417345173801774,91.30056691503222,45.79847781622648,-1.011072700527608,-1.011072700527608,-1.071600133885258,true,0.0,45.79847781622648,0.5581498395417522,0.5581498395417522,127.88520368523535,4.435520720858124,132.3207244060935,96.64790172456622,-115.90635941169991,100.0,0.08,0.6,0.27,1.0,false
0.02,0.02,0.0,0.005,0.3,0.2,0.15,1.0,5.0,11.0,16.60842926397903,91.21193104058273,46.467190741401055,-1.0220868162429027,-1.0220868162429027,-1.0926045375404354,true,0.0,46.467190741401055,0.5595615335181732,0.5595615335181732,129.5093370612962,4.471042959892357,133.98038002118855,96.66291216729998,-115.15128228941637,100.0,0.08,0.6,0.27,1.0,false
0.02,0.02,0.0,0.005,0.3,0.2,0.15,1.0,5.0,11.0,17.07329285560135,89.43486384113103,57.714817204020406,-0.9866134836839556,-0.9866134836839556,-0.9893688220447225,true,0.0,57.714817204020406,0.676083022673456,0.676083022673456,143.08128148202715,7.396970588106137,150.4782520701333,95.08435904434972,-117.16980167173541,100.0,0.08,0.6,0.27,1.0,false
