gross_delta,delta,iota,kappa,lambda,sigmah,sigmal,mu_b,m,c,p,vb,debt_diff,eq_deriv,eq_deriv_min_val,eq_min_val,eq_negative,eq_vb,abs_debt_diff,debt_per_diff,abs_debt_per_diff,debt,equity,firm_value,leverage,ROE,V0,r,alpha,pi,xi,opt
0.02,0.02,0.0,0.003,0.5,0.225,0.15,1.0,10.0,1.0,7.292029202920292,91.21193104058273,-13.065738383246362,-0.4207486941952825,-0.4207486941952825,-1.0222041234004762,true,0.0,13.065738383246362,-0.17917836064087386,0.17917836064087386,59.854553645956564,-0.7171283280949202,59.13742531786164,101.21264719294149,-101.7863254571155,100.0,0.08,0.6,0.27,1.0,false
0.02,0.02,0.0,0.003,0.5,0.225,0.15,1.0,10.0,1.0,7.292029202920292,91.21193104058271,-13.065738383246362,-0.42074869419528244,-0.42074869419528244,-1.0222041234004762,true,0.0,13.065738383246362,-0.17917836064087383,0.17917836064087383,59.85455364595656,-0.7171283280949202,59.137425317861634,101.21264719294149,-101.7863254571155,100.0,0.08,0.6,0.27,1.0,false
0.02,0.02,0.0,0.003,0.5,0.225,0.15,1.0,10.0,1.0,7.49334407124923,91.21193104058273,-13.857105917826146,-0.4472016273371375,-0.4472016273371375,-1.1214750382807124,true,0.0,13.857105917826146,-0.18492552572080145,0.18492552572080145,61.07633479466615,-0.8456525776526695,60.23068221701348,101.40402291079114,-102.17259236300487,100.0,0.08,0.6,0.27,1.0,false
0.02,0.02,0.0,0.003,0.5,0.225,0.15,1.0,10.0,1.0,7.694658939578169,91.21193104058273,-14.66017455453354,-0.47228304692788825,-0.47228304692788825,-1.2160129231579977,true,0.0,14.66017455453354,-0.1905240332242358,0.1905240332242358,62.286414841248146,-0.963335828058352,61.32307901318979,101.57091888333127,-102.55434699194808,100.0,0.08,0.6,0.27,1.0,false
0.02,0.02,0.0,0.003,0.5,0.225,0.15,1.0,10.0,1.0,7.895973807907106,91.21193104058273,-15.477001177896923,-0.4973644673855539,-0.4973644673855539,-1.312105053821198,true,0.0,15.477001177896923,-0.1960113034113424,0.1960113034113424,63.482736901174135,-1.0810190848454455,62.40171781632869,101.73235468938095,-102.96029601648927,100.0,0.08,0.6,0.27,1.0,false
0.02,0.02,0.0,0.003,0.5,0.225,0.15,1.0,10.0,1.0,8.097288676236044,91.21193104058273,-16.30972146125231,-0.5234010491871044,-0.5234010491871044,-1.4148341769587056,true,0.0,16.30972146125231,-0.20142200819785697,0.20142200819785697,64.66316530110814,-1.2064325692837572,63.45673273182438,101.90118923138114,-103.41409347940717,100.0,0.08,0.6,0.27,1.0,false
