gross_delta,delta,iota,kappa,lambda,sigmah,sigmal,mu_b,m,c,p,vb,debt_diff,eq_deriv,eq_deriv_min_val,eq_min_val,eq_negative,eq_vb,abs_debt_diff,debt_per_diff,abs_debt_per_diff,debt,equity,firm_value,leverage,ROE,V0,r,alpha,pi,xi,opt
0.02,0.02,0.0,0.001,0.3,0.275,0.15,1.0,7.0,1.0,10.052255225522552,76.576264628891,-0.24061685228612362,-0.2190554106968815,-0.2190554106968815,-0.21740777065915348,true,0.0,0.24061685228612362,-0.003419514852110008,0.003419514852110008,70.12516972637174,9.051334614763684,79.17650434113543,88.56815580571022,-69.7024735141218,100.0,0.08,0.6,0.27,1.0,false
0.02,0.02,0.0,0.001,0.3,0.275,0.15,1.0,7.0,1.0,10.052255225522552,76.57626462889101,-0.24061685228612334,-0.2190554106968816,-0.2190554106968816,-0.21740777065915348,true,0.0,0.24061685228612334,-0.003419514852110008,0.003419514852110008,70.12516972637175,9.051334614763686,79.17650434113544,88.56815580571022,-69.70247351412178,100.0,0.08,0.6,0.27,1.0,false
0.02,0.02,0.0,0.001,0.3,0.275,0.15,1.0,7.0,1.0,14.49050562951032,60.19916395235841,-10.936349373098935,-1.5376374507310557,-1.5376374507310557,-3.414127845847986,true,0.0,10.936349373098935,-0.10781788190652776,0.10781788190652776,90.4971900334733,31.135498797132442,121.63268883060574,74.40203032879266,227.64517976057718,100.0,0.08,0.6,0.27,1.0,false
0.02,0.02,0.0,0.001,0.3,0.275,0.15,1.0,7.0,1.0,18.928756033498086,71.46769663779266,-31.63044258799816,-1.6900009037248624,-1.6900009037248624,-4.6020583166909805,true,0.0,31.63044258799816,-0.2387179932707523,0.2387179932707523,100.87084964648845,13.8902917943687,114.76114144085716,87.89634573168902,-1695.0275515846918,100.0,0.08,0.6,0.27,1.0,false
0.02,0.02,0.0,0.001,0.3,0.275,0.15,1.0,7.0,1.0,23.367006437485855,82.73612436722806,-58.60581505995869,-1.8528203035320296,-1.8528203035320296,-6.0976793166383185,true,0.0,58.60581505995869,-0.35829404663700753,0.35829404663700753,104.9632300024423,-1.6102227548180785,103.35300724762422,101.55798345660145,-67.55695879446002,100.0,0.08,0.6,0.27,1.0,false
0.02,0.02,0.0,0.001,0.3,0.275,0.15,1.0,7.0,1.0,27.80525684147362,94.90413784928413,-103.36984498556905,-1.9669169399288884,-1.9669169399288884,-7.687072981603895,true,0.0,103.36984498556905,-0.5310909658708092,0.5310909658708092,91.26695290474629,-6.280742569646915,84.98621033509937,107.39030784509869,-171.91925683144902,100.0,0.08,0.6,0.27,1.0,false
