gross_delta,delta,iota,kappa,lambda,sigmah,sigmal,mu_b,m,c,p,vb,debt_diff,eq_deriv,eq_deriv_min_val,eq_min_val,eq_negative,eq_vb,abs_debt_diff,debt_per_diff,abs_debt_per_diff,debt,equity,firm_value,leverage,ROE,V0,r,alpha,pi,xi,opt
0.02,0.02,0.0,0.0025,0.5,0.3,0.15,1.0,10.0,5.0,4.802631578947368,91.21193104058273,1.6607214936159664,-4.379786170644607,-4.379786170644607,-23.501078716162848,true,0.0,1.6607214936159664,0.03457940644241464,0.03457940644241464,49.68703728308965,-20.874604161877645,28.812433121212006,172.44998738586068,-141.48951489764212,100.0,0.08,0.6,0.27,1.0,false
0.02,0.02,0.0,0.0025,0.5,0.3,0.15,1.0,10.0,5.0,4.802631578947368,91.2119310405827,1.6607214936159662,-4.379786170644606,-4.379786170644606,-23.501078716162844,true,0.0,1.6607214936159662,0.034579406442414626,0.034579406442414626,49.68703728308965,-20.874604161877645,28.812433121212006,172.44998738586068,-141.48951489764212,100.0,0.08,0.6,0.27,1.0,false
0.02,0.02,0.0,0.0025,0.5,0.3,0.15,1.0,10.0,5.0,4.9605263157894735,91.21193104058273,2.8242509542727987,-4.401813841616295,-4.401813841616295,-23.628806903927938,true,0.0,2.8242509542727987,0.05693450199595032,0.05693450199595032,52.42951411216753,-20.98362015415578,31.44589395801175,166.72928485408696,-144.11058613871117,100.0,0.08,0.6,0.27,1.0,false
0.02,0.02,0.0,0.0025,0.5,0.3,0.15,1.0,10.0,5.0,5.434210526315789,90.86361248872312,2.3431261936883416,-4.490737226928133,-4.490737226928133,-24.055429432466934,true,0.0,2.3431261936883416,0.04311806070709782,0.04311806070709782,56.68523145684623,-21.72488293160155,34.96034852524468,162.1414941441849,-150.1558329001745,100.0,0.08,0.6,0.27,1.0,false
0.02,0.02,0.0,0.0025,0.5,0.3,0.15,1.0,10.0,5.0,5.671052631578948,90.71815980580358,2.133883665712389,-4.533069658376695,-4.533069658376695,-24.261853790234724,true,0.0,2.133883665712389,0.03762764700560129,0.03762764700560129,58.84440998150187,-22.051850990515877,36.792558990985995,159.93562719004805,-153.58166650169338,100.0,0.08,0.6,0.27,1.0,false
0.02,0.02,0.0,0.0025,0.5,0.3,0.15,1.0,10.0,5.0,5.75,90.65413114831027,1.8777848624145008,-4.548391637989918,-4.548391637989918,-24.333569047511354,true,0.0,1.8777848624145008,0.03265712804199132,0.03265712804199132,59.3777848624145,-22.179248704665856,37.19853615774865,159.6239825422426,-154.59881650851833,100.0,0.08,0.6,0.27,1.0,false
