gross_delta,delta,iota,kappa,lambda,sigmah,sigmal,V0,r,alpha,pi,xi,mu_b,m,c,p,vb,sg_debt,debt,debt_diff,abs_debt_diff,debt_per_diff,abs_debt_per_diff,eq_vb,eq_min_val,sg_equity,equity,eq_negative,firm_value,leverage,ROE,cvml_vb,cvmh_vb,eq_deriv
0.02,0.01925,0.00075,0.015000000000000001,NaN,NaN,0.15,100.0,0.08,0.6,0.27,1.0,1.0,7.0,1.0622562256225623,10.504652023129724,65.82169972947197,73.53052678694937,73.56662737401165,0.034063212103575324,0.034063212103575324,0.0004632398243120294,0.0004632398243120294,-5.329070518200751e-15,NaN,30.57242539258213,30.529187645348845,false,104.09581501936049,70.67203168573991,15.494863547353876,NaN,NaN,NaN
