gross_delta,delta,iota,kappa,lambda,sigmah,sigmal,mu_b,m,c,p,vb,debt_diff,eq_deriv,eq_deriv_min_val,eq_min_val,eq_negative,eq_vb,abs_debt_diff,debt_per_diff,abs_debt_per_diff,debt,equity,firm_value,leverage,ROE,V0,r,alpha,pi,xi,opt
0.02,0.02,0.0,0.004,0.75,0.35,0.15,1.0,1.0,10.0,64.2683794695259,91.53543995786126,-0.5572253832278236,5.701968198781123e-6,5.701968198438948e-6,0.002381216543106841,false,0.0,0.5572253832278236,-0.008670288372403148,0.008670288372403148,63.71115408629807,3.52251107680483,67.2336651631029,94.76079272450858,-90.29313005659736,100.0,0.08,0.6,0.27,1.0,true
0.02,0.02,0.0,0.004,0.75,0.35,0.15,1.0,1.0,10.0,64.2683794695259,91.53543995786126,-0.5572253832278237,5.701968198780628e-6,5.701968198439159e-6,0.002381216543106841,false,0.0,0.5572253832278237,-0.00867028837240315,0.00867028837240315,63.71115408629807,3.5225110768048307,67.2336651631029,94.76079272450858,-90.29313005659736,100.0,0.08,0.6,0.27,1.0,true
0.02,0.02,0.0,0.004,0.75,0.35,0.15,1.0,1.0,10.0,66.27599075697043,94.41886680764364,-2.9228063409592124,-1.332281558588666e-6,-1.332281558607748e-6,0.002482176419752285,false,0.0,2.9228063409592124,-0.044100530336497655,0.044100530336497655,63.35318441601122,1.6652714889721398,65.01845590498336,97.43877109077194,-95.45589033471245,100.0,0.08,0.6,0.27,1.0,false
0.02,0.02,0.0,0.004,0.75,0.35,0.15,1.0,1.0,10.0,68.28360204441496,97.31559175585282,-6.149010382048424,2.2058256799670217e-6,2.2057473856376686e-6,0.005310039707011072,false,0.0,6.149010382048424,-0.09005105468877886,0.09005105468877886,62.13459166236654,0.3904387831036704,62.52503044547021,99.37554803200906,-98.96887739959845,100.0,0.08,0.6,0.27,1.0,false
0.02,0.02,0.0,0.004,0.75,0.35,0.15,1.0,1.0,10.0,72.29882461930404,100.0,-12.298822235118749,-0.11586651211627487,-0.11586651211627487,-0.04333092554259037,true,0.0,12.298822235118749,-0.17011095684998065,0.17011095684998065,60.000002384185294,0.025034873989571795,60.02503725817486,99.9582926139939,-99.93741281129559,100.0,0.08,0.6,0.27,1.0,false
0.02,0.02,0.0,0.004,0.75,0.35,0.15,1.0,1.0,10.0,74.30643590674858,100.0,-14.306433522563282,-0.228343443953128,-0.228343443953128,-0.15094903983433275,true,0.0,14.306433522563282,-0.19253289904144036,0.19253289904144036,60.000002384185294,0.047776184034533695,60.047778568219826,99.92043638387013,-99.88055953279445,100.0,0.08,0.6,0.27,1.0,false
