gross_delta,delta,iota,kappa,lambda,sigmah,sigmal,mu_b,m,c,p,vb,debt_diff,eq_deriv,eq_deriv_min_val,eq_min_val,eq_negative,eq_vb,abs_debt_diff,debt_per_diff,abs_debt_per_diff,debt,equity,firm_value,leverage,ROE,V0,r,alpha,pi,xi,opt
0.02,0.02,0.0,0.004,0.75,0.35,0.15,1.0,1.0,6.0,56.95431648428,81.39158715130048,0.2180501833964783,-1.1776235025522065e-5,-1.53146547172883e-5,0.005812184539532062,false,0.0,0.2180501833964783,0.0038285102316461383,0.0038285102316461383,57.17236666767648,10.394175856120654,67.56654252379712,84.61638635355688,-75.7302119043879,100.0,0.08,0.6,0.27,1.0,false
0.02,0.02,0.0,0.004,0.75,0.35,0.15,1.0,1.0,6.0,58.321475636840674,83.35432626258329,2.29007250942756e-6,-5.3299798105128187e-8,1.2881928305862169e-5,0.003865147108593753,false,0.0,2.29007250942756e-6,1.276944786736834e-6,1.276944786736834e-6,58.3214779269132,8.736156786643104,67.0576347135563,86.97216681745411,-79.03918768682941,100.0,0.08,0.6,0.27,1.0,true
0.02,0.02,0.0,0.004,0.75,0.35,0.15,1.0,1.0,6.0,58.66077397213405,83.84317495707947,-0.06651846809429429,2.018462400628861e-6,1.4348188651089507e-5,0.004035210270110698,false,0.0,0.06651846809429429,-0.0011339514225620843,0.0011339514225620843,58.59425550403976,8.333845265597695,66.92810076963745,87.54806251819053,-79.87273175003341,100.0,0.08,0.6,0.27,1.0,false
0.02,0.02,0.0,0.004,0.75,0.35,0.15,1.0,1.0,6.0,60.3672314599881,86.30261095142146,-0.5037629795694087,8.277395640725587e-6,9.156179315799803e-6,0.004971766012703719,false,0.0,0.5037629795694087,-0.008344974042801798,0.008344974042801798,59.86346848041869,6.383654309339296,66.24712278975798,90.36387688926737,-84.09515205312418,100.0,0.08,0.6,0.27,1.0,false
0.02,0.02,0.0,0.004,0.75,0.35,0.15,1.0,1.0,6.0,62.07368894784214,88.75378533906336,-1.1592813496917174,9.145485029679245e-6,9.145485029679245e-6,0.0022287732312514606,false,0.0,1.1592813496917174,-0.018675889404056713,0.018675889404056713,60.914407598150426,4.586891911260456,65.50129950941088,92.99725051927949,-88.2644943331001,100.0,0.08,0.6,0.27,1.0,false
0.02,0.02,0.0,0.004,0.75,0.35,0.15,1.0,1.0,6.0,63.780146435696196,91.21285687326103,-2.0819357145698802,6.443443091774283e-6,6.443443091774283e-6,0.002454312547494372,false,0.0,2.0819357145698802,-0.03264237903042304,0.03264237903042304,61.698210721126316,2.980994198324088,64.6792049194504,95.39110877748648,-92.2170889286148,100.0,0.08,0.6,0.27,1.0,false
