gross_delta,delta,iota,kappa,lambda,sigmah,sigmal,mu_b,m,c,p,vb,debt_diff,eq_deriv,eq_deriv_min_val,eq_min_val,eq_negative,eq_vb,abs_debt_diff,debt_per_diff,abs_debt_per_diff,debt,equity,firm_value,leverage,ROE,V0,r,alpha,pi,xi,opt
0.02,0.02,0.0,0.004,0.3,0.25,0.15,1.0,7.0,2.0,12.181769492738747,91.16982445358745,-3.975396903867747,-0.5356998116630294,-0.5356998116630294,-1.0110131630093702,true,0.0,3.975396903867747,-0.04661997944947141,0.04661997944947141,81.29698954530348,-0.1873867100921938,81.10960283521128,100.23102900709908,-101.0019066745757,100.0,0.08,0.6,0.27,1.0,false
0.02,0.02,0.0,0.004,0.3,0.25,0.15,1.0,7.0,2.0,13.095301635426699,87.11564367860655,-2.907307287942558,-0.7683654761547297,-0.7683654761547297,-1.6972743454112678,true,0.0,2.907307287942558,-0.031715925614086815,0.031715925614086815,88.75980416004434,0.6864593322370004,89.44626349228135,99.23254554697387,-93.89281697568974,100.0,0.08,0.6,0.27,1.0,false
0.02,0.02,0.0,0.004,0.3,0.25,0.15,1.0,7.0,2.0,14.008833778114653,80.23156505521574,-1.3206884494571085,-1.1860130008924061,-1.1860130008924061,-2.997052924433807,true,0.0,1.3206884494571085,-0.01346791470883341,0.01346791470883341,96.74114799734546,4.3201440256894275,101.0612920230349,95.72522383277592,32.56643818652718,100.0,0.08,0.6,0.27,1.0,false
0.02,0.02,0.0,0.004,0.3,0.25,0.15,1.0,7.0,2.0,14.313344492343969,76.50189465490976,-0.7931356260296241,-1.378975129319735,-1.378975129319735,-3.583084640055786,true,0.0,0.7931356260296241,-0.007916045721767469,0.007916045721767469,99.40027582037816,7.557687976916683,106.95796379729484,92.93396423361247,1160.1939747839037,100.0,0.08,0.6,0.27,1.0,false
0.02,0.02,0.0,0.004,0.3,0.25,0.15,1.0,7.0,2.0,14.617855206573287,72.97418069601689,-0.540765733522889,-1.4932671663775217,-1.4932671663775217,-3.795018577271334,true,0.0,0.540765733522889,-0.005284786759372783,0.005284786759372783,101.78422071249013,11.607909746344982,113.39213045883511,89.7630376117159,-750.587097497851,100.0,0.08,0.6,0.27,1.0,false
0.02,0.02,0.0,0.004,0.3,0.25,0.15,1.0,7.0,2.0,14.617855206573287,72.97418069601689,-0.540765733522889,-1.4932671663775217,-1.4932671663775217,-3.795018577271334,true,0.0,0.540765733522889,-0.005284786759372783,0.005284786759372783,101.78422071249013,11.607909746344982,113.39213045883511,89.7630376117159,-750.587097497851,100.0,0.08,0.6,0.27,1.0,false
