gross_delta,delta,iota,kappa,lambda,sigmah,sigmal,mu_b,m,c,p,vb,debt_diff,eq_deriv,eq_deriv_min_val,eq_min_val,eq_negative,eq_vb,abs_debt_diff,debt_per_diff,abs_debt_per_diff,debt,equity,firm_value,leverage,ROE,V0,r,alpha,pi,xi,opt
0.02,0.02,0.0,0.004,0.3,0.25,0.15,1.0,7.0,4.0,11.490110853190583,99.22159554650969,-15.886104344084117,-1.1761468693874395,-1.1761468693874395,-3.451064630500695,true,0.0,15.886104344084117,-0.19751275742445268,0.19751275742445268,64.54467162824996,-0.6955443315075979,63.84912729674236,101.08935605067084,-101.96174838437484,100.0,0.08,0.6,0.27,1.0,false
0.02,0.02,0.0,0.004,0.3,0.25,0.15,1.0,7.0,4.0,12.971278706818051,96.60100347352943,-10.739061114821297,-1.5261029524900351,-1.5261029524900351,-4.991317466718434,true,0.0,10.739061114821297,-0.11827296464034982,0.11827296464034982,80.05988983290506,-3.539020945031552,76.5208688878735,104.62490951353062,-117.7482517166411,100.0,0.08,0.6,0.27,1.0,false
0.02,0.02,0.0,0.004,0.3,0.25,0.15,1.0,7.0,4.0,13.85997941899453,95.65554904992666,-10.812777683896087,-1.7283127813619372,-1.7283127813619372,-5.9608717448738835,true,0.0,10.812777683896087,-0.11144912121254276,0.11144912121254276,86.20707824906563,-4.763871081470255,81.44320716759538,105.84931665530691,-134.53852031856513,100.0,0.08,0.6,0.27,1.0,false
0.02,0.02,0.0,0.004,0.3,0.25,0.15,1.0,7.0,4.0,14.2158542909272,95.25430223108346,-10.653862470491257,-1.791356502068144,-1.791356502068144,-6.287080267788302,true,0.0,10.653862470491257,-0.10736957138670403,0.10736957138670403,88.85711756599916,-5.2164879756918285,83.64062959030733,106.23678707494611,-146.8145294235044,100.0,0.08,0.6,0.27,1.0,false
0.02,0.02,0.0,0.004,0.3,0.25,0.15,1.0,7.0,4.0,14.748680131171012,94.94667534764888,-11.935068538248899,-1.853387988826028,-1.853387988826028,-6.642602355427567,true,0.0,11.935068538248899,-0.11560422871839991,0.11560422871839991,91.30569237994818,-5.622970488255757,85.68272189169242,106.5625488594579,-164.67416077258886,100.0,0.08,0.6,0.27,1.0,false
0.02,0.02,0.0,0.004,0.3,0.25,0.15,1.0,7.0,4.0,15.044913701896505,95.12404401659681,-14.502204507386935,-1.866158559173749,-1.866158559173749,-6.744932970845652,true,0.0,14.502204507386935,-0.1377039139010894,0.1377039139010894,90.8121914058886,-5.572511385307264,85.23968002058133,106.53746164223254,-160.65114796665188,100.0,0.08,0.6,0.27,1.0,false
