gross_delta,delta,iota,kappa,lambda,sigmah,sigmal,mu_b,m,c,p,vb,debt_diff,eq_deriv,eq_deriv_min_val,eq_min_val,eq_negative,eq_vb,abs_debt_diff,debt_per_diff,abs_debt_per_diff,debt,equity,firm_value,leverage,ROE,V0,r,alpha,pi,xi,opt
0.02,0.02,0.0,0.005,0.5,0.3,0.15,1.0,3.0,2.0,19.58039619751449,77.66000132844944,0.3065844689031394,-3.2867455361143116e-6,-3.2867455361143116e-6,0.0007953022097713021,false,0.0,0.3065844689031394,0.005219241834375426,0.005219241834375426,59.047773061446605,10.50448856245969,69.55226162390629,84.89698491867716,-74.34940820624698,100.0,0.08,0.6,0.27,1.0,false
0.02,0.02,0.0,0.005,0.5,0.3,0.15,1.0,3.0,2.0,19.788995231620692,79.15391503436224,1.3277938782134429e-5,-0.003097994039878878,-0.003097994039878878,-0.05836412456958267,true,0.0,1.3277938782134429e-5,3.288963508197943e-5,3.288963508197943e-5,59.366998972800864,9.869702932597292,69.23670190539815,85.74498400272908,-75.71013047746422,100.0,0.08,0.6,0.27,1.0,false
0.02,0.02,0.0,0.005,0.5,0.3,0.15,1.0,3.0,2.0,20.112259910201548,79.7118745290061,-0.2038983353566053,-4.793983686285103e-7,-4.793983686285103e-7,0.0008705494190521066,false,0.0,0.2038983353566053,-0.003379337383714926,0.003379337383714926,60.13288139524804,8.990253721711092,69.12313511695913,86.9938571123847,-77.44945198863833,100.0,0.08,0.6,0.27,1.0,false
0.02,0.02,0.0,0.005,0.5,0.3,0.15,1.0,3.0,2.0,20.644123622888603,74.38005413372815,-0.14430963185616008,-0.20081873882225124,-0.20081873882225124,-0.1435708785677262,true,0.0,0.14430963185616008,-0.002330116380691836,0.002330116380691836,61.788061236809654,13.177383111390688,74.96544434820034,82.4220569544226,-65.51501039229004,100.0,0.08,0.6,0.27,1.0,false
0.02,0.02,0.0,0.005,0.5,0.3,0.15,1.0,3.0,2.0,21.175987335575662,61.41635942614497,-0.04591239399562852,-0.8418928058000856,-0.8418928058000856,-1.2118748593548723,true,0.0,0.04591239399562852,-0.0007227115831414024,0.0007227115831414024,63.48204961273136,28.413667155887588,91.89571676861894,69.08053154704764,-22.192601571106994,100.0,0.08,0.6,0.27,1.0,false
0.02,0.02,0.0,0.005,0.5,0.3,0.15,1.0,3.0,2.0,22.23971476094978,58.18680948062969,-0.6667625194137656,-1.2789071985813207,-1.2789071985813207,-2.1500477501902107,true,0.0,0.6667625194137656,-0.00999357120929325,0.00999357120929325,66.05238176343558,34.37151346292734,100.42389522636292,65.77357073687354,1.2486744236635205,100.0,0.08,0.6,0.27,1.0,false
