gross_delta,delta,iota,kappa,lambda,sigmah,sigmal,mu_b,m,c,p,vb,debt_diff,eq_deriv,eq_deriv_min_val,eq_min_val,eq_negative,eq_vb,abs_debt_diff,debt_per_diff,abs_debt_per_diff,debt,equity,firm_value,leverage,ROE,V0,r,alpha,pi,xi,opt
0.02,0.02,0.0,0.005,0.5,0.3,0.15,1.0,3.0,10.0,31.213452924239792,91.21193104058273,0.41108581567097247,-1.3015553406629554,-1.3015553406629554,-2.299487857746802,true,0.0,0.41108581567097247,0.004390049558318606,0.004390049558318606,94.05144458839035,-0.2373166172410262,93.81412797114933,100.25296468919267,-103.9894831739797,100.0,0.08,0.6,0.27,1.0,false
0.02,0.02,0.0,0.005,0.5,0.3,0.15,1.0,3.0,10.0,31.29992217721852,91.25166419044149,1.5140626136762305e-5,-1.3099326823279616,-1.3099326823279616,-2.3239709718758754,true,0.0,1.5140626136762305e-5,-6.993621645585716e-6,6.993621645585716e-6,93.89978167228169,-0.30814648973230657,93.59163518254938,100.3292457591229,-105.05140100202878,100.0,0.08,0.6,0.27,1.0,false
0.02,0.02,0.0,0.005,0.5,0.3,0.15,1.0,3.0,10.0,32.09353830119854,91.21193104058273,-2.2323102184176946,-1.4634078302167064,-1.4634078302167064,-2.804879755250718,true,0.0,2.2323102184176946,-0.023185458678809587,0.023185458678809587,94.04830468517792,-1.0143601565201656,93.03394452865776,101.09031188740762,-117.04321378807829,100.0,0.08,0.6,0.27,1.0,false
0.02,0.02,0.0,0.005,0.5,0.3,0.15,1.0,3.0,10.0,32.97362367815729,90.19320314269716,-1.494245560685556,-1.6282101946273835,-1.6282101946273835,-3.323407292337401,true,0.0,1.494245560685556,-0.015105463033830773,0.015105463033830773,97.42662547378632,-1.0287154543062722,96.39791001948005,101.06715535025437,-139.97534924773913,100.0,0.08,0.6,0.27,1.0,false
0.02,0.02,0.0,0.005,0.5,0.3,0.15,1.0,3.0,10.0,33.853709055116035,88.35109575990175,2.013984287294207,-1.6036874259876601,-1.6036874259876601,-3.219060531530166,true,0.0,2.013984287294207,0.0198302671849566,0.0198302671849566,103.5751114526423,0.46670264657311894,104.04181409921543,99.55142780754662,-113.05421251212147,100.0,0.08,0.6,0.27,1.0,false
0.02,0.02,0.0,0.005,0.5,0.3,0.15,1.0,3.0,10.0,35.613879809033534,89.56526139645133,5.447847620290247,-1.4251229474979732,-1.4251229474979732,-2.6718503439461494,true,0.0,5.447847620290247,0.050989929109122124,0.050989929109122124,112.28948704739085,-0.11657859529699448,112.17290845209385,100.1039275854622,-99.05139575925796,100.0,0.08,0.6,0.27,1.0,false
