gross_delta,delta,iota,kappa,lambda,sigmah,sigmal,mu_b,m,c,p,vb,debt_diff,eq_deriv,eq_deriv_min_val,eq_min_val,eq_negative,eq_vb,abs_debt_diff,debt_per_diff,abs_debt_per_diff,debt,equity,firm_value,leverage,ROE,V0,r,alpha,pi,xi,opt
0.02,0.02,0.0,0.001,0.5,0.3,0.15,1.0,5.0,8.0,16.215621562156215,99.25722365341149,-15.483602743122319,-1.6269557588893775,-1.6269557588893775,-4.604845593899219,true,0.0,15.483602743122319,-0.19097143681815723,0.19097143681815723,65.59450506765876,-0.8397869549780165,64.75471811268075,101.29687377144734,-102.44085125538658,100.0,0.08,0.6,0.27,1.0,false
0.02,0.02,0.0,0.001,0.5,0.3,0.15,1.0,5.0,8.0,18.45054505450545,97.4813103886583,-12.772546967946312,-2.17041022349525,-2.17041022349525,-7.100161233907918,true,0.0,12.772546967946312,-0.13845170351568964,0.13845170351568964,79.48017830458095,-3.961911699000546,75.5182666055804,105.2462958659962,-119.30772965675926,100.0,0.08,0.6,0.27,1.0,false
0.02,0.02,0.0,0.001,0.5,0.3,0.15,1.0,5.0,8.0,19.00927592759276,97.59438136166382,-15.99775320475544,-2.2586133155409374,-2.2586133155409374,-7.591489409702349,true,0.0,15.99775320475544,-0.16831522952995837,0.16831522952995837,79.04862643320837,-3.990031137464887,75.05859529574349,105.31588836927135,-119.044246071719,100.0,0.08,0.6,0.27,1.0,false
0.02,0.02,0.0,0.001,0.5,0.3,0.15,1.0,5.0,8.0,19.5184692260964,95.59255124905452,-1.784492474277144e-5,-2.282520492581975,-2.282520492581975,-7.750683320589789,true,0.0,1.784492474277144e-5,-0.0039401783144381655,0.0039401783144381655,97.59232828555724,-5.475204650587795,92.11712363496945,105.94374252531405,-327.40661103189495,100.0,0.08,0.6,0.27,1.0,false
0.02,0.02,0.0,0.001,0.5,0.3,0.15,1.0,5.0,8.0,20.126737673767376,92.91710892137104,24.55785277882633,-2.2408195631393015,-2.2408195631393015,-7.582293129338852,true,0.0,24.55785277882633,0.24403212459845733,0.24403212459845733,125.19154114766322,-7.325972287183737,117.86556886047948,106.21553211680985,-70.91891979041029,100.0,0.08,0.6,0.27,1.0,false
0.02,0.02,0.0,0.001,0.5,0.3,0.15,1.0,5.0,8.0,20.685468546854686,93.28485759554364,27.942130196790487,-2.141137025131687,-2.141137025131687,-7.120408790893611,true,0.0,27.942130196790487,0.2701619267989867,0.2701619267989867,131.3694729310639,-6.79116747553132,124.57830545553259,105.45132433026663,-78.35103098335355,100.0,0.08,0.6,0.27,1.0,false
