gross_delta,delta,iota,kappa,lambda,sigmah,sigmal,V0,r,alpha,pi,xi,mu_b,m,c,p,vb,sg_debt,debt,debt_diff,abs_debt_diff,debt_per_diff,abs_debt_per_diff,eq_vb,eq_min_val,sg_equity,equity,eq_negative,firm_value,leverage,ROE,cvml_vb,cvmh_vb,eq_deriv
0.02,0.0195,0.0005,0.015000000000000001,NaN,NaN,0.25,100.0,0.08,0.6,0.27,1.0,1.0,10.0,0.5734323432343235,5.513827796338685,42.88041854149914,55.1373577467966,55.22401181332507,0.0857338499382223,0.0857338499382223,0.0015548880578960347,0.0015548880578960347,1.9539925233402755e-14,NaN,47.18077200627085,47.13531102847093,false,102.359322841796,53.95113046876826,5.269169787967121,NaN,NaN,NaN
