gross_delta,delta,iota,kappa,lambda,sigmah,sigmal,mu_b,m,c,p,vb,debt_diff,eq_deriv,eq_deriv_min_val,eq_min_val,eq_negative,eq_vb,abs_debt_diff,debt_per_diff,abs_debt_per_diff,debt,equity,firm_value,leverage,ROE,V0,r,alpha,pi,xi,opt
0.02,0.02,0.0,0.001,0.3,0.25,0.15,1.0,3.0,9.0,33.06948063227375,92.00325367945467,-5.544620852355337,-0.641466401671724,-0.641466401671724,-0.5889783738420602,true,0.0,5.544620852355337,-0.05588859925974699,0.05588859925974699,93.66382104446592,3.248519173120237,96.91234021758616,96.64798191249255,-48.73062778185978,100.0,0.08,0.6,0.27,1.0,false
0.02,0.02,0.0,0.001,0.3,0.25,0.15,1.0,3.0,9.0,33.89994788952579,91.65751282099855,-6.437733828745024,-0.7910219446557827,-0.7910219446557827,-0.8601808167015528,true,0.0,6.437733828745024,-0.06330131489409671,0.06330131489409671,95.26210983983235,2.9525584414926382,98.21466828132499,96.99377038770281,-37.681998913453896,100.0,0.08,0.6,0.27,1.0,false
0.02,0.02,0.0,0.001,0.3,0.25,0.15,1.0,3.0,9.0,34.303559012661516,88.65296826027806,6.122364790228652e-5,-0.8386089963820457,-0.8386089963820457,-0.8965280240478308,true,0.0,6.122364790228652e-5,-0.0006653749456306465,0.0006653749456306465,102.91073826163243,7.09949343009919,110.01023169173162,93.54651533687046,-343.90696764736157,100.0,0.08,0.6,0.27,1.0,false
0.02,0.02,0.0,0.001,0.3,0.25,0.15,1.0,3.0,9.0,34.73041514677783,85.40379342868475,7.316133394907837,-0.8680872912926677,-0.8680872912926677,-0.8936248439037235,true,0.0,7.316133394907837,0.0702183121431015,0.0702183121431015,111.50737883524133,11.68900080612868,123.19637964137,90.51189585265747,-201.57830878332726,100.0,0.08,0.6,0.27,1.0,false
0.02,0.02,0.0,0.001,0.3,0.25,0.15,1.0,3.0,9.0,37.22181691853395,87.49957189059256,8.35934983804259,-0.6614307627340236,-0.6614307627340236,-0.52316342042812,true,0.0,8.35934983804259,0.07486066443539817,0.07486066443539817,120.02480059364444,9.389333012637913,129.41413360628235,92.74473911697841,-146.88852190427272,100.0,0.08,0.6,0.27,1.0,false
0.02,0.02,0.0,0.001,0.3,0.25,0.15,1.0,3.0,9.0,42.2046204620462,90.18074715871359,17.73744882368672,-0.051800165169832234,-0.051800165169832234,-0.0027235264493114383,false,0.0,17.73744882368672,0.140090892335968,0.140090892335968,144.35131020982533,10.402285483815454,154.7535956936408,93.27816233465202,-123.45429128159329,100.0,0.08,0.6,0.27,1.0,false
