gross_delta,delta,iota,kappa,lambda,sigmah,sigmal,mu_b,m,c,p,vb,debt_diff,eq_deriv,eq_deriv_min_val,eq_min_val,eq_negative,eq_vb,abs_debt_diff,debt_per_diff,abs_debt_per_diff,debt,equity,firm_value,leverage,ROE,V0,r,alpha,pi,xi,opt
0.02,0.02,0.0,0.001,0.3,0.25,0.15,1.0,3.0,3.0,23.04213974028982,81.1923226746799,1.9235470543605544,0.16682574815777748,0.16682574815777748,0.01839528629992126,false,0.0,1.9235470543605544,0.027826510848399773,0.027826510848399773,71.04996627523,14.113708134812116,85.16367441004212,83.42754908993464,-51.24804251009816,100.0,0.08,0.6,0.27,1.0,false
0.02,0.02,0.0,0.001,0.3,0.25,0.15,1.0,3.0,3.0,24.35109431995831,80.3564329602137,1.159377986709572,5.963982729868083e-7,5.963982729868083e-7,0.0010326473003370075,false,0.0,1.159377986709572,0.015870306435733613,0.015870306435733613,74.2126609465845,14.69488357824104,88.90754452482554,83.4717248611699,-43.015122468424195,100.0,0.08,0.6,0.27,1.0,false
0.02,0.02,0.0,0.001,0.3,0.25,0.15,1.0,3.0,3.0,25.862323673570717,80.38218916583784,1.3832438050628837e-5,-0.11007376615808949,-0.11007376615808949,0.12325088051565705,false,0.0,1.3832438050628837e-5,0.00030930141491210153,0.00030930141491210153,77.5869848531502,14.245439536140317,91.83242438929051,84.4875711047855,-36.44121755683306,100.0,0.08,0.6,0.27,1.0,false
0.02,0.02,0.0,0.001,0.3,0.25,0.15,1.0,3.0,3.0,27.623480769129543,76.7648242446059,-0.6069124377547865,-0.5729032891897384,-0.5729032891897384,-0.6132579456136971,true,0.0,0.6069124377547865,-0.007323629762993011,0.007323629762993011,82.26352986963384,18.064466499008123,100.32799636864196,81.99459059001575,1.849276469506811,100.0,0.08,0.6,0.27,1.0,false
0.02,0.02,0.0,0.001,0.3,0.25,0.15,1.0,3.0,3.0,28.27795805896379,72.65000529649649,-0.4108301269092465,-0.9174015281709815,-0.9174015281709815,-1.2785016346212967,true,0.0,0.4108301269092465,-0.0048427604055026885,0.0048427604055026885,84.42304404998212,23.60098599110324,108.02403004108537,78.15209636029414,51.51218291193893,100.0,0.08,0.6,0.27,1.0,false
0.02,0.02,0.0,0.001,0.3,0.25,0.15,1.0,3.0,3.0,28.932435348798037,63.27690099877172,-0.12375514412215693,-1.2678468320796372,-1.2678468320796372,-1.7087746540848452,true,0.0,0.12375514412215693,-0.0014257947597591156,0.0014257947597591156,86.67355090227196,40.40439626811585,127.0779471703878,68.20502914330125,203.18951411448518,100.0,0.08,0.6,0.27,1.0,false
