gross_delta,delta,iota,kappa,lambda,sigmah,sigmal,mu_b,m,c,p,vb,debt_diff,eq_deriv,eq_deriv_min_val,eq_min_val,eq_negative,eq_vb,abs_debt_diff,debt_per_diff,abs_debt_per_diff,debt,equity,firm_value,leverage,ROE,V0,r,alpha,pi,xi,opt
0.02,0.02,0.0,0.001,0.3,0.275,0.15,1.0,3.0,6.0,28.99179917991799,90.48954018116369,-2.0891585780131976,-0.32737165039389593,-0.32737165039389593,-0.2201704735427201,true,0.0,2.0891585780131976,-0.024020109560962948,0.024020109560962948,84.88623896174077,4.344549577883602,89.23078853962437,95.13110928527284,-71.25434518326882,100.0,0.08,0.6,0.27,1.0,false
0.02,0.02,0.0,0.001,0.3,0.275,0.15,1.0,3.0,6.0,30.579357935793578,87.89676427124466,-1.3366299682612635,-0.6457710684544999,-0.6457710684544999,-0.7297509282941388,true,0.0,1.3366299682612635,-0.014570067942212732,0.014570067942212732,90.40144383911947,5.685176333210649,96.08662017233011,94.08327993739985,-40.77050508511988,100.0,0.08,0.6,0.27,1.0,false
0.02,0.02,0.0,0.001,0.3,0.275,0.15,1.0,3.0,6.0,32.166916691669165,85.17482558558103,-1.1770122547755335,-1.058874767535211,-1.058874767535211,-1.6593832242727127,true,0.0,1.1770122547755335,-0.012196923379980703,0.012196923379980703,95.32373782023195,7.1675961411744575,102.49133396140641,93.0066320105918,53.27618225054245,100.0,0.08,0.6,0.27,1.0,false
0.02,0.02,0.0,0.001,0.3,0.275,0.15,1.0,3.0,6.0,33.67345357621993,82.27183737134901,5.449453298101564e-6,-1.218499826245601,-1.218499826245601,-1.9651368541046328,true,0.0,5.449453298101564e-6,-0.00024359812259808068,0.00024359812259808068,101.02036617811306,10.385788950285184,111.40615512839825,90.67754475655737,-1117.8491969903725,100.0,0.08,0.6,0.27,1.0,false
0.02,0.02,0.0,0.001,0.3,0.275,0.15,1.0,3.0,6.0,34.54825482548255,80.91801666471383,0.9098295825949947,-1.2195050719358946,-1.2195050719358946,-1.9131802948420802,true,0.0,0.9098295825949947,0.008778345796730962,0.008778345796730962,104.55459405904264,12.288536228860606,116.84313028790325,89.48287657256232,-369.80530140689655,100.0,0.08,0.6,0.27,1.0,false
0.02,0.02,0.0,0.001,0.3,0.275,0.15,1.0,3.0,6.0,37.72337233723373,83.68741075329525,1.302627381683081,-1.1332350386837649,-1.1332350386837649,-1.645194988550024,true,0.0,1.302627381683081,0.011510347573011667,0.011510347573011667,114.47274439338426,8.7778526749849,123.25059706836916,92.87804450138633,-160.65092035341553,100.0,0.08,0.6,0.27,1.0,false
