gross_delta,delta,iota,kappa,lambda,sigmah,sigmal,mu_b,m,c,p,vb,debt_diff,eq_deriv,eq_deriv_min_val,eq_min_val,eq_negative,eq_vb,abs_debt_diff,debt_per_diff,abs_debt_per_diff,debt,equity,firm_value,leverage,ROE,V0,r,alpha,pi,xi,opt
0.02,0.02,0.0,0.001,0.3,0.275,0.15,1.0,3.0,3.0,23.866590606429064,83.16662796261652,0.43587313030015196,8.339204768956568e-7,8.339204768956568e-7,0.001114098557039518,false,0.0,0.43587313030015196,0.006087632952242714,0.006087632952242714,72.03564494958734,10.392504371409238,82.42814932099657,87.39204451753717,-62.83660269412907,100.0,0.08,0.6,0.27,1.0,false
0.02,0.02,0.0,0.001,0.3,0.275,0.15,1.0,3.0,3.0,24.055415483608307,83.67231748158086,4.267855214901726e-5,-0.007479700365403156,-0.007479700365403156,0.003428538180778492,false,0.0,4.267855214901726e-5,0.0002231651425615419,0.0002231651425615419,72.16628912937709,9.893881903156966,82.06017103253406,87.94313760419244,-64.4536010697752,100.0,0.08,0.6,0.27,1.0,false
0.02,0.02,0.0,0.001,0.3,0.275,0.15,1.0,3.0,3.0,25.9338447002595,82.25627700669457,-1.1179965424518485,-0.2661272445165681,-0.2661272445165681,-0.18512944635302922,true,0.0,1.1179965424518485,-0.01436985215489037,0.01436985215489037,76.68353755832665,10.45488083637378,87.13841839470042,88.00198462517697,-55.16094749567222,100.0,0.08,0.6,0.27,1.0,false
0.02,0.02,0.0,0.001,0.3,0.275,0.15,1.0,3.0,3.0,26.622929398202977,79.64022909396998,-0.7944943767256518,-0.4580566620645245,-0.4580566620645245,-0.46890973846201117,true,0.0,0.7944943767256518,-0.009947495068909528,0.009947495068909528,79.07429381788327,12.820502340179528,91.8947961580628,86.04871779885366,-38.733239257960946,100.0,0.08,0.6,0.27,1.0,false
0.02,0.02,0.0,0.001,0.3,0.275,0.15,1.0,3.0,3.0,27.312014096146456,76.18636139495774,-0.492454181500392,-0.7276424525945159,-0.7276424525945159,-0.9803511168641936,true,0.0,0.492454181500392,-0.006010226607807173,0.006010226607807173,81.44358810693898,16.502987288520206,97.94657539545918,83.15103185395772,-11.065849456104582,100.0,0.08,0.6,0.27,1.0,false
0.02,0.02,0.0,0.001,0.3,0.275,0.15,1.0,3.0,3.0,28.001098794089934,71.00544114568915,-0.26079093511486917,-1.16641635019609,-1.16641635019609,-1.9545267174194574,true,0.0,0.26079093511486917,-0.0031045321594059864,0.0031045321594059864,83.74250544715494,23.274848243574517,107.01735369072946,78.25133266625454,43.16380773137902,100.0,0.08,0.6,0.27,1.0,false
