gross_delta,delta,iota,kappa,lambda,sigmah,sigmal,mu_b,m,c,p,vb,debt_diff,eq_deriv,eq_deriv_min_val,eq_min_val,eq_negative,eq_vb,abs_debt_diff,debt_per_diff,abs_debt_per_diff,debt,equity,firm_value,leverage,ROE,V0,r,alpha,pi,xi,opt
0.02,0.02,0.0,0.001,0.3,0.275,0.15,1.0,3.0,8.0,32.937204246740464,88.98617266933385,-1.668324885765898,-1.0246244871434786,-1.0246244871434786,-1.4628853230706313,true,0.0,1.668324885765898,-0.016883894913768616,0.016883894913768616,97.1432878544555,3.9337771614984227,101.07706501595392,96.10814069356137,37.70295924403057,100.0,0.08,0.6,0.27,1.0,false
0.02,0.02,0.0,0.001,0.3,0.275,0.15,1.0,3.0,8.0,33.77791726541075,88.06182067204867,-1.5856745525919962,-1.1617939814950051,-1.1617939814950051,-1.799916546414633,true,0.0,1.5856745525919962,-0.015648039517776487,0.015648039517776487,99.74807724364025,4.312418263283037,104.06049550692329,95.85585457547997,1611.8017941677667,100.0,0.08,0.6,0.27,1.0,false
0.02,0.02,0.0,0.001,0.3,0.275,0.15,1.0,3.0,8.0,34.135333165197046,86.93778412439642,-3.073912587910066e-5,-1.1865673422972836,-1.1865673422972836,-1.8316516687776825,true,0.0,3.073912587910066e-5,-0.00014097854558027198,0.00014097854558027198,102.40596875646524,5.649772301297378,108.05574105776262,94.77142792600236,-334.823178236022,100.0,0.08,0.6,0.27,1.0,false
0.02,0.02,0.0,0.001,0.3,0.275,0.15,1.0,3.0,8.0,34.61863028408104,85.78256963181353,1.8841160677317674,-1.193576779318807,-1.193576779318807,-1.8116831235324407,true,0.0,1.8841160677317674,0.01814163888317437,0.01814163888317437,105.7400069199749,7.100177754237977,112.84018467421288,93.70775776844279,-223.6963274300203,100.0,0.08,0.6,0.27,1.0,false
0.02,0.02,0.0,0.001,0.3,0.275,0.15,1.0,3.0,8.0,35.45934330275133,86.12812279997165,2.1417612678089313,-1.1558971087660694,-1.1558971087660694,-1.7031526624708975,true,0.0,2.1417612678089313,0.020133492504571658,0.020133492504571658,108.51979117606291,6.682871701016671,115.20266287707958,94.1990301837491,-178.43938381720878,100.0,0.08,0.6,0.27,1.0,false
0.02,0.02,0.0,0.001,0.3,0.275,0.15,1.0,3.0,8.0,36.300056321421614,86.90445313319788,2.326818268535135,-1.116981688832477,-1.116981688832477,-1.6024222214134456,true,0.0,2.326818268535135,0.0213665257883913,0.0213665257883913,111.22698723279998,5.761376874290885,116.98836410709087,95.07525648532281,-151.3172123101632,100.0,0.08,0.6,0.27,1.0,false
