gross_delta,delta,iota,kappa,lambda,sigmah,sigmal,mu_b,m,c,p,vb,debt_diff,eq_deriv,eq_deriv_min_val,eq_min_val,eq_negative,eq_vb,abs_debt_diff,debt_per_diff,abs_debt_per_diff,debt,equity,firm_value,leverage,ROE,V0,r,alpha,pi,xi,opt
0.02,0.02,0.0,0.003,0.5,0.25,0.15,1.0,3.0,11.0,31.914413809802035,91.21193104058273,3.3150619719762346,-0.9066170140134748,-0.9066170140134748,-1.0304960096176943,true,0.0,3.3150619719762346,0.03462450113954532,0.03462450113954532,99.05830340138235,3.373126325945121,102.43142972732747,96.70694206365724,258.19671971807486,100.0,0.08,0.6,0.27,1.0,false
0.02,0.02,0.0,0.003,0.5,0.25,0.15,1.0,3.0,11.0,32.77740800395829,91.21193104058273,0.7050780724781021,-1.0641720873743334,-1.0641720873743334,-1.3753968705121944,true,0.0,0.7050780724781021,0.007170366373417476,0.007170366373417476,99.03730208435297,2.616324915610557,101.65362699996354,97.42623554827857,171.77008208770567,100.0,0.08,0.6,0.27,1.0,false
0.02,0.02,0.0,0.003,0.5,0.25,0.15,1.0,3.0,11.0,32.94787695181946,91.3160293645457,2.9318456475802e-5,-1.092682782926966,-1.092682782926966,-1.4451051011897686,true,0.0,2.9318456475802e-5,0.0001313348162900541,0.0001313348162900541,98.84366017391481,2.347539892011696,101.19120006592651,97.68009482002164,103.01470545724798,100.0,0.08,0.6,0.27,1.0,false
0.02,0.02,0.0,0.003,0.5,0.25,0.15,1.0,3.0,11.0,33.64040219811455,91.21193104058273,-0.7806342745628427,-1.166908002272714,-1.166908002272714,-1.6237517477671077,true,0.0,0.7806342745628427,-0.007735086617628639,0.007735086617628639,100.14057231978082,2.0386507831593517,102.17922310294017,98.00482845606928,-1550.2505090177585,100.0,0.08,0.6,0.27,1.0,false
0.02,0.02,0.0,0.003,0.5,0.25,0.15,1.0,3.0,11.0,34.50339639227081,89.35074188647941,4.984037268408883,-1.1269470690117187,-1.1269470690117187,-1.4884079344853482,true,0.0,4.984037268408883,0.04815020925036982,0.04815020925036982,108.4942264452213,4.244412074827882,112.73863852004918,96.235175330707,-149.96820019103342,100.0,0.08,0.6,0.27,1.0,false
0.02,0.02,0.0,0.003,0.5,0.25,0.15,1.0,3.0,11.0,35.366390586427066,89.48383687211904,7.859298968604691,-0.9944844488986537,-0.9944844488986537,-1.1770104123533511,true,0.0,7.859298968604691,0.07407502658395809,0.07407502658395809,113.9584707278859,4.494040377121431,118.45251110500733,96.2060404332522,-132.19579325508306,100.0,0.08,0.6,0.27,1.0,false
