gross_delta,delta,iota,kappa,lambda,sigmah,sigmal,mu_b,m,c,p,vb,debt_diff,eq_deriv,eq_deriv_min_val,eq_min_val,eq_negative,eq_vb,abs_debt_diff,debt_per_diff,abs_debt_per_diff,debt,equity,firm_value,leverage,ROE,V0,r,alpha,pi,xi,opt
0.02,0.02,0.0,0.003,0.5,0.2,0.15,1.0,5.0,2.0,14.394914491449143,81.67534002011868,5.239041665765981,-1.6471235410736584e-6,-1.6471235410736584e-6,-0.11828864782692523,true,0.0,5.239041665765981,0.07279017418100084,0.07279017418100084,77.2136141230117,10.401799578455647,87.61541370146735,88.12788853123746,-54.35081440905336,100.0,0.08,0.6,0.27,1.0,false
0.02,0.02,0.0,0.003,0.5,0.2,0.15,1.0,5.0,2.0,15.48112574415336,82.94428503525361,2.0789786744075656,-4.252918475618206e-6,-4.252918475618206e-6,-0.021237730253352904,true,0.0,2.0789786744075656,0.026858236393987274,0.026858236393987274,79.48460739517436,9.990942290604647,89.47554968577901,88.83388554114401,-51.300262768285634,100.0,0.08,0.6,0.27,1.0,false
0.02,0.02,0.0,0.003,0.5,0.2,0.15,1.0,5.0,2.0,16.358130617522953,83.5070026736192,9.491983672910848e-6,-0.04887191698564648,-0.04887191698564648,0.004410590565978013,false,0.0,9.491983672910848e-6,0.000188672400787034,0.000188672400787034,81.79066257959845,9.429323744553141,91.21998632415159,89.66309454263028,-48.217095840134064,100.0,0.08,0.6,0.27,1.0,false
0.02,0.02,0.0,0.003,0.5,0.2,0.15,1.0,5.0,2.0,16.92940741442565,81.4207227801325,-0.39007473775880896,-0.15828775214811772,-0.15828775214811772,-0.07220710230500595,true,0.0,0.39007473775880896,-0.004608250344621323,0.004608250344621323,84.25696233436945,11.503666642928902,95.76062897729835,87.98706027123522,-26.928545257544823,100.0,0.08,0.6,0.27,1.0,false
0.02,0.02,0.0,0.003,0.5,0.2,0.15,1.0,5.0,2.0,17.291477831993724,78.48926428176274,-0.1560659500760977,-0.2836051504967342,-0.2836051504967342,-0.20143315542104945,true,0.0,0.1560659500760977,-0.0018051198583771153,0.0018051198583771153,86.30132320989252,14.623123285671005,100.92444649556352,85.51082141796655,6.7484364346132475,100.0,0.08,0.6,0.27,1.0,false
0.02,0.02,0.0,0.003,0.5,0.2,0.15,1.0,5.0,2.0,17.653548249561798,74.17535067018241,-0.09596686599536497,-0.5055028617955002,-0.5055028617955002,-0.5229006760050307,true,0.0,0.09596686599536497,-0.0010872246716491921,0.0010872246716491921,88.17177438181362,19.8898689719843,108.06164335379792,81.59396030387572,68.15598225825869,100.0,0.08,0.6,0.27,1.0,false
