gross_delta,delta,iota,kappa,lambda,sigmah,sigmal,V0,r,alpha,pi,xi,mu_b,m,c,p,vb,sg_debt,debt,debt_diff,abs_debt_diff,debt_per_diff,abs_debt_per_diff,eq_vb,eq_min_val,sg_equity,equity,eq_negative,firm_value,leverage,ROE,cvml_vb,cvmh_vb,eq_deriv
0.02,0.0175,0.0025,0.01,NaN,NaN,0.15,100.0,0.08,0.6,0.27,1.0,1.0,3.0,12.5,33.67979033306414,92.70293818023397,100.9868515396861,101.05411476857843,0.014743769386015515,0.014743769386015515,0.0001459210329618279,0.0001459210329618279,0.00023952510241542768,NaN,7.728953889121944,7.804978823158599,false,108.85909359173704,92.83020043099914,-840.4297004285718,NaN,NaN,NaN
