gross_delta,delta,iota,kappa,lambda,sigmah,sigmal,mu_b,m,c,p,vb,debt_diff,eq_deriv,eq_deriv_min_val,eq_min_val,eq_negative,eq_vb,abs_debt_diff,debt_per_diff,abs_debt_per_diff,debt,equity,firm_value,leverage,ROE,V0,r,alpha,pi,xi,opt
0.02,0.02,0.0,0.001,0.75,0.3,0.15,1.0,3.0,1.0,11.563647154189102,46.510950339178386,0.05493056184367617,-7.533480040294947e-7,-7.533480040294947e-7,0.00041595308792988564,false,0.0,0.05493056184367617,0.0015834266678218605,0.0015834266678218605,34.745872024410986,32.8745260845363,67.62039810894728,51.383714080520235,-49.62077173595153,100.0,0.08,0.6,0.27,1.0,false
0.02,0.02,0.0,0.001,0.75,0.3,0.15,1.0,3.0,1.0,11.766170038056435,47.296620519744806,0.059259130066557475,-8.440193930016977e-7,-8.440193930016977e-7,0.0004161210495294172,false,0.0,0.059259130066557475,0.0016787997531592714,0.0016787997531592714,35.35776924423586,32.22518926189211,67.58295850612797,52.317581274619485,-50.14839542953335,100.0,0.08,0.6,0.27,1.0,false
0.02,0.02,0.0,0.001,0.75,0.3,0.15,1.0,3.0,1.0,11.96869292192377,48.075909716351546,0.03579934234804938,-7.977613094224852e-7,-7.977613094224852e-7,0.0004287566816040227,false,0.0,0.03579934234804938,0.0009970273440768006,0.0009970273440768006,35.94187810811936,31.589694720589314,67.53157282870868,53.222332314522866,-50.68588683585288,100.0,0.08,0.6,0.27,1.0,false
0.02,0.02,0.0,0.001,0.75,0.3,0.15,1.0,3.0,1.0,12.171215805791103,48.86140863444236,0.001846431887571498,-2.407752950166469e-7,-2.407752950166469e-7,0.00042883148694016957,false,0.0,0.001846431887571498,5.056826743342436e-5,5.056826743342436e-5,36.51549384926088,30.951381280363723,67.4668751296246,54.12358847079162,-51.24577135896431,100.0,0.08,0.6,0.27,1.0,false
0.02,0.02,0.0,0.001,0.75,0.3,0.15,1.0,3.0,1.0,12.184556121554603,48.79698381573308,-3.561780592157768e-7,-0.004584671590178838,-0.004584671590178838,-0.0018010640200659487,false,0.0,3.561780592157768e-7,-2.400130394360854e-7,2.400130394360854e-7,36.55366800848575,31.083870230851318,67.63753823933706,54.04346308279246,-51.007616586867954,100.0,0.08,0.6,0.27,1.0,false
0.02,0.02,0.0,0.001,0.75,0.3,0.15,1.0,3.0,1.0,12.373738689658438,44.22347461215909,-0.009448202712576403,-0.2138149589566976,-0.2138149589566976,-0.10356018789657331,true,0.0,0.009448202712576403,-0.0002545229847810104,0.0002545229847810104,37.11176786626274,38.457126168896046,75.56889403515879,49.10984650509283,-38.848454052399426,100.0,0.08,0.6,0.27,1.0,false
