gross_delta,delta,iota,kappa,lambda,sigmah,sigmal,mu_b,m,c,p,vb,debt_diff,eq_deriv,eq_deriv_min_val,eq_min_val,eq_negative,eq_vb,abs_debt_diff,debt_per_diff,abs_debt_per_diff,debt,equity,firm_value,leverage,ROE,V0,r,alpha,pi,xi,opt
0.02,0.02,0.0,0.001,0.75,0.3,0.15,1.0,3.0,11.0,31.42105131565788,91.21193104058273,2.170741611231648,-1.4736676747462438,-1.4736676747462438,-2.726438568507724,true,0.0,2.170741611231648,0.023028527270080174,0.023028527270080174,96.4338955582053,-0.8229789629127147,95.61091659529258,100.86075836548693,-123.0778143586433,100.0,0.08,0.6,0.27,1.0,false
0.02,0.02,0.0,0.001,0.75,0.3,0.15,1.0,3.0,11.0,32.377644343381704,91.21193104058273,-1.471397581916193,-1.6590779814031777,-1.6590779814031777,-3.3288400453863174,true,0.0,1.471397581916193,-0.015148287362634733,0.015148287362634733,95.66153544822892,-1.6898473438180133,93.9716881044109,101.79825155629901,-138.95035498511035,100.0,0.08,0.6,0.27,1.0,false
0.02,0.02,0.0,0.001,0.75,0.3,0.15,1.0,3.0,11.0,32.84126179044252,89.8536933415272,1.2780680375690245e-5,-1.75575778973197,-1.75575778973197,-3.6116003699162627,true,0.0,1.2780680375690245e-5,-0.0002496028539051712,0.0002496028539051712,98.52379815200794,-1.0440844258612727,97.47971372614667,101.07107867468143,-170.72775496666966,100.0,0.08,0.6,0.27,1.0,false
0.02,0.02,0.0,0.001,0.75,0.3,0.15,1.0,3.0,11.0,33.33423737110553,88.66560791664749,1.7066027190994504,-1.8031334153089689,-1.8031334153089689,-3.7513508042526142,true,0.0,1.7066027190994504,0.01706556435355112,0.01706556435355112,101.70931483241604,-0.40380503756167446,101.30550979485437,100.39860125908193,-76.37620466962696,100.0,0.08,0.6,0.27,1.0,false
0.02,0.02,0.0,0.001,0.75,0.3,0.15,1.0,3.0,11.0,34.29083039882936,88.84001612471933,2.5383917646657466,-1.6728867610927804,-1.6728867610927804,-3.4012231396921684,true,0.0,2.5383917646657466,0.024675126801560376,0.024675126801560376,105.41088296115382,-0.4703264060796088,104.94055655507421,100.44818363988071,-91.3077697400552,100.0,0.08,0.6,0.27,1.0,false
0.02,0.02,0.0,0.001,0.75,0.3,0.15,1.0,3.0,11.0,35.247423426553176,89.45401233200997,5.862880521117262,-1.507959748386815,-1.507959748386815,-2.9083213818709814,true,0.0,5.862880521117262,0.05544500326701459,0.05544500326701459,111.60515080077678,-0.5607605367748856,111.0443902640019,100.50498772197469,-95.16800301520122,100.0,0.08,0.6,0.27,1.0,false
