gross_delta,delta,iota,kappa,lambda,sigmah,sigmal,mu_b,m,c,p,vb,debt_diff,eq_deriv,eq_deriv_min_val,eq_min_val,eq_negative,eq_vb,abs_debt_diff,debt_per_diff,abs_debt_per_diff,debt,equity,firm_value,leverage,ROE,V0,r,alpha,pi,xi,opt
0.02,0.02,0.0,0.003,0.3,0.275,0.15,1.0,3.0,10.0,32.78799064116938,91.21193104058273,-1.3622829322898298,-0.9979694898870447,-0.9979694898870447,-1.3048609923166508,true,0.0,1.3622829322898298,-0.013849409551590667,0.013849409551590667,97.0016889912183,2.351665681687463,99.35335467290577,97.63302840711349,-21.56698638667862,100.0,0.08,0.6,0.27,1.0,false
0.02,0.02,0.0,0.003,0.3,0.275,0.15,1.0,3.0,10.0,33.660044951863604,91.21193104058273,-2.7660051516049577,-1.11162135369953,-1.11162135369953,-1.5830421217361834,true,0.0,2.7660051516049577,-0.027391577121188768,0.027391577121188768,98.21412970398586,1.739254476128833,99.9533841801147,98.25993437801493,-2.61025786639415,100.0,0.08,0.6,0.27,1.0,false
0.02,0.02,0.0,0.003,0.3,0.275,0.15,1.0,3.0,10.0,34.532099262557836,91.21193104058273,-3.135979426347305,-1.1711022675532017,-1.1711022675532017,-1.7408907783663954,true,0.0,3.135979426347305,-0.030271153441937402,0.030271153441937402,100.4603183613262,1.3374453129732067,101.7977636742994,98.68617417053252,-390.54789583451657,100.0,0.08,0.6,0.27,1.0,false
0.02,0.02,0.0,0.003,0.3,0.275,0.15,1.0,3.0,10.0,35.02040223631769,90.30808781565855,3.5655196856665405e-5,-1.1591037037463499,-1.1591037037463499,-1.6805836882332474,true,0.0,3.5655196856665405e-5,-0.00022502720878330535,0.00022502720878330535,105.0612423641499,2.3771699240544493,107.43841228820435,97.78741152868336,-146.96811085144947,100.0,0.08,0.6,0.27,1.0,false
0.02,0.02,0.0,0.003,0.3,0.275,0.15,1.0,3.0,10.0,35.40415357325206,89.48792146775203,3.1726170964557383,-1.1313492746770388,-1.1313492746770388,-1.5796594328653801,true,0.0,3.1726170964557383,0.02987047917877315,0.02987047917877315,109.38507781621192,3.423041138424547,112.80811895463647,96.96560746678078,-136.47323128756094,100.0,0.08,0.6,0.27,1.0,false
0.02,0.02,0.0,0.003,0.3,0.275,0.15,1.0,3.0,10.0,36.276207883946284,89.61924435361843,5.814010357290158,-1.0457577574079846,-1.0457577574079846,-1.3484724337499383,true,0.0,5.814010357290158,0.05342354026170688,0.05342354026170688,114.64263400912901,3.693492549252345,118.33612655838135,96.87881236552884,-125.22423593289037,100.0,0.08,0.6,0.27,1.0,false
