gross_delta,delta,iota,kappa,lambda,sigmah,sigmal,V0,r,alpha,pi,xi,mu_b,m,c,p,vb,sg_debt,debt,debt_diff,abs_debt_diff,debt_per_diff,abs_debt_per_diff,eq_vb,eq_min_val,sg_equity,equity,eq_negative,firm_value,leverage,ROE,cvml_vb,cvmh_vb,eq_deriv
0.02,0.01995,5.0e-5,0.015000000000000001,NaN,NaN,0.3,100.0,0.08,0.6,0.27,1.0,1.0,10.0,0.544029402940294,5.0754272930033375,36.48840762811527,50.7548798574833,50.78245890967339,0.028185979640014125,0.028185979640014125,0.0005553420039898815,0.0005553420039898815,6.837272419346618e-7,NaN,52.77662503096968,52.75584515155617,false,103.53830406122955,49.047025996912325,7.189111814293758,NaN,NaN,NaN
