gross_delta,delta,iota,kappa,lambda,sigmah,sigmal,mu_b,m,c,p,vb,debt_diff,eq_deriv,eq_deriv_min_val,eq_min_val,eq_negative,eq_vb,abs_debt_diff,debt_per_diff,abs_debt_per_diff,debt,equity,firm_value,leverage,ROE,V0,r,alpha,pi,xi,opt
0.02,0.02,0.0,0.0025,0.1,0.2,0.15,1.0,5.0,1.0,11.283767850469257,66.72696713218876,0.3314106922218798,1.0824100658525948,1.0277518761338666,0.060880324521432466,false,0.0,0.3314106922218798,0.005874113977063033,0.005874113977063033,56.75024994456817,36.17253046957418,92.92278041414235,61.072483724272075,-16.363608059669723,100.0,0.08,0.6,0.27,1.0,false
0.02,0.02,0.0,0.0025,0.1,0.2,0.15,1.0,5.0,1.0,11.489019954627041,64.48883590212584,0.21986110418085758,0.9185593474497091,0.9185593474497091,0.05133434902541552,false,0.0,0.21986110418085758,0.0038273256561333,0.0038273256561333,57.66496087731606,37.67620762173691,95.34116849905297,60.482750300977116,-11.004670356973257,100.0,0.08,0.6,0.27,1.0,false
0.02,0.02,0.0,0.0025,0.1,0.2,0.15,1.0,5.0,1.0,11.694272058784826,60.4150214879379,0.15346358676993788,0.6429836405409838,0.6429836405409839,0.03546837738974231,false,0.0,0.15346358676993788,0.0026245940918512302,0.0026245940918512302,58.624823880694066,40.85956809241221,99.48439197310628,58.92866480657808,-1.2461772377885705,100.0,0.08,0.6,0.27,1.0,false
0.02,0.02,0.0,0.0025,0.1,0.2,0.15,1.0,5.0,1.0,11.89952416294261,53.54326889617995,0.08663906714045311,0.13918636342793703,0.13918636342793703,0.007967066600232706,false,0.0,0.08663906714045311,0.0014561770026109734,0.0014561770026109734,59.584259881853505,47.176758982082525,106.76101886393603,55.81087602563254,16.728677599795727,100.0,0.08,0.6,0.27,1.0,false
0.02,0.02,0.0,0.0025,0.1,0.2,0.15,1.0,5.0,1.0,12.104776267100393,43.74545746848471,0.014842661037128835,-0.7631768426990927,-0.7631768426990927,-0.6244262021157165,true,0.0,0.014842661037128835,0.00024523643741305236,0.00024523643741305236,60.53872399653909,60.141338885726654,120.68006288226574,50.16464406022067,52.40596599170291,100.0,0.08,0.6,0.27,1.0,false
0.02,0.02,0.0,0.0025,0.1,0.2,0.15,1.0,5.0,1.0,12.104776267100393,43.74545746848471,0.014842661037128835,-0.7631768426990927,-0.7631768426990927,-0.6244262021157165,true,0.0,0.014842661037128835,0.00024523643741305236,0.00024523643741305236,60.53872399653909,60.141338885726654,120.68006288226574,50.16464406022067,52.40596599170291,100.0,0.08,0.6,0.27,1.0,false
