gross_delta,delta,iota,kappa,lambda,sigmah,sigmal,mu_b,m,c,p,vb,debt_diff,eq_deriv,eq_deriv_min_val,eq_min_val,eq_negative,eq_vb,abs_debt_diff,debt_per_diff,abs_debt_per_diff,debt,equity,firm_value,leverage,ROE,V0,r,alpha,pi,xi,opt
0.02,0.02,0.0,0.0025,0.5,0.3,0.15,1.0,5.0,8.0,16.030549107542335,99.25904334511708,-14.635311279566878,-1.614881795694668,-1.614881795694668,-4.565461567044714,true,0.0,14.635311279566878,-0.18259276312226885,0.18259276312226885,65.51743425814479,-0.8309159657844065,64.68651829236038,101.28452726738044,-102.40966977922943,100.0,0.08,0.6,0.27,1.0,false
0.02,0.02,0.0,0.0025,0.5,0.3,0.15,1.0,5.0,8.0,17.658958001063265,98.0257092723342,-13.266783459103507,-1.993786711384794,-1.993786711384794,-6.282745493682478,true,0.0,13.266783459103507,-0.15025556387080935,0.15025556387080935,75.02800654621282,-2.9348028666502,72.09320367956262,104.0708454013151,-111.7523772064145,100.0,0.08,0.6,0.27,1.0,false
0.02,0.02,0.0,0.0025,0.5,0.3,0.15,1.0,5.0,8.0,20.372972823598147,93.24042756229274,27.512498923025973,-2.141801800774077,-2.141801800774077,-7.130255182288425,true,0.0,27.512498923025973,0.2700882110946328,0.2700882110946328,129.3773630410167,-6.817492993228049,122.55987004778866,105.56258177376475,-76.79338004670652,100.0,0.08,0.6,0.27,1.0,false
0.02,0.02,0.0,0.0025,0.5,0.3,0.15,1.0,5.0,8.0,20.915775788105126,93.59967019355285,2.9939114931946307,-2.03462070202858,-2.03462070202858,-6.572863061963241,true,0.0,2.9939114931946307,0.028628261495299435,0.028628261495299435,107.57279043372026,-6.221931559508937,101.35085887421133,106.13900230212268,-17.838323746504226,100.0,0.08,0.6,0.27,1.0,false
0.02,0.02,0.0,0.0025,0.5,0.3,0.15,1.0,5.0,8.0,20.974187399231834,93.66088450706881,-0.00012464373418315244,-2.0205650314659462,-2.0205650314659462,-6.497944692349732,true,0.0,0.00012464373418315244,-0.0008939415286865032,0.0008939415286865032,104.870812352425,-6.131114375147888,98.73969797727712,106.20937120605618,25.874575564288005,100.0,0.08,0.6,0.27,1.0,false
0.02,0.02,0.0,0.0025,0.5,0.3,0.15,1.0,5.0,8.0,22.544184681626056,93.8579463762642,-4.128075055079421,-1.5839009252724838,-1.5839009252724838,-3.941439096119652,true,0.0,4.128075055079421,-0.03662208337428926,0.03662208337428926,108.59284835305087,-3.9200603044016997,104.67278804864917,103.745061517402,-54.37996641695775,100.0,0.08,0.6,0.27,1.0,false
