gross_delta,delta,iota,kappa,lambda,sigmah,sigmal,mu_b,m,c,p,vb,debt_diff,eq_deriv,eq_deriv_min_val,eq_min_val,eq_negative,eq_vb,abs_debt_diff,debt_per_diff,abs_debt_per_diff,debt,equity,firm_value,leverage,ROE,V0,r,alpha,pi,xi,opt
0.02,0.02,0.0,0.0025,0.5,0.3,0.15,1.0,5.0,11.0,12.761901190119012,91.21193104058273,50.006237040779645,-2.6355399596755134,-2.6355399596755134,-7.817463000098673,true,0.0,50.006237040779645,0.7836800535565549,0.7836800535565549,113.8157429913747,-7.701954902982812,106.1137880883919,107.25820370917975,-44.25232933334665,100.0,0.08,0.6,0.27,1.0,false
0.02,0.02,0.0,0.0025,0.5,0.3,0.15,1.0,5.0,11.0,13.375082245066611,91.21193104058273,47.138200357518755,-2.769251293739669,-2.769251293739669,-8.508326871011002,true,0.0,47.138200357518755,0.7048659513836731,0.7048659513836731,114.01361158285181,-8.447990902854107,105.5656206799977,108.00259672461226,-39.71581948802011,100.0,0.08,0.6,0.27,1.0,false
0.02,0.02,0.0,0.0025,0.5,0.3,0.15,1.0,5.0,11.0,13.72789175674693,91.41727050430535,45.56625468477081,-2.8205980406506796,-2.8205980406506796,-8.832215666214939,true,0.0,45.56625468477081,0.6647270840046362,0.6647270840046362,114.20571346850545,-8.826305464898844,105.37940800360661,108.37574022488032,-37.867918535263556,100.0,0.08,0.6,0.27,1.0,false
0.02,0.02,0.0,0.0025,0.5,0.3,0.15,1.0,5.0,11.0,13.988263300014212,91.21193104058273,46.95591318622398,-2.828789815342141,-2.828789815342141,-8.953294814451867,true,0.0,46.95591318622398,0.6713615861974269,0.6713615861974269,116.89722968629505,-8.931214766635058,107.96601491965998,108.2722463853843,-47.14391096974341,100.0,0.08,0.6,0.27,1.0,false
0.02,0.02,0.0,0.0025,0.5,0.3,0.15,1.0,5.0,11.0,14.601444354961812,89.40063090385182,59.83894151560996,-2.730471162294284,-2.730471162294284,-8.727604895100587,true,0.0,59.83894151560996,0.8196304428647253,0.8196304428647253,132.846163290419,-8.465640910131036,124.38052238028797,106.80624325105157,-74.22639339858485,100.0,0.08,0.6,0.27,1.0,false
0.02,0.02,0.0,0.0025,0.5,0.3,0.15,1.0,5.0,11.0,15.214625409909411,89.52545614809678,66.66454832487798,-2.556510601828308,-2.556510601828308,-8.066120112820625,true,0.0,66.66454832487798,0.8763219143267085,0.8763219143267085,142.73767537442504,-7.872346696626911,134.86532867779812,105.83719090281124,-81.57984348082287,100.0,0.08,0.6,0.27,1.0,false
