gross_delta,delta,iota,kappa,lambda,sigmah,sigmal,mu_b,m,c,p,vb,debt_diff,eq_deriv,eq_deriv_min_val,eq_min_val,eq_negative,eq_vb,abs_debt_diff,debt_per_diff,abs_debt_per_diff,debt,equity,firm_value,leverage,ROE,V0,r,alpha,pi,xi,opt
0.02,0.02,0.0,0.0025,0.5,0.3,0.15,1.0,5.0,2.0,14.028576541864712,90.80436916165691,-0.7782819098730585,-0.2052874349233847,-0.2052874349233847,-0.22304966213992847,true,0.0,0.7782819098730585,-0.011095664731920226,0.011095664731920226,69.3646007994505,1.053107539949165,70.41770833939967,98.50448478829588,-96.56244877680498,100.0,0.08,0.6,0.27,1.0,false
0.02,0.02,0.0,0.0025,0.5,0.3,0.15,1.0,5.0,2.0,14.945284002084419,87.27735702585521,-1.1095062055500051,-0.36923699287871037,-0.36923699287871037,-0.5690371624703218,true,0.0,1.1095062055500051,-0.014847576070086889,0.014847576070086889,73.61691380487208,1.8419270053147458,75.45884081018683,97.5590308762521,-93.01853091904431,100.0,0.08,0.6,0.27,1.0,false
0.02,0.02,0.0,0.0025,0.5,0.3,0.15,1.0,5.0,2.0,15.403637732194271,84.06859056821142,-0.5726271922469124,-0.4981910362468888,-0.4981910362468888,-0.8779252798995,true,0.0,0.5726271922469124,-0.0074349605229951194,0.0074349605229951194,76.44556146872445,3.0792723868388894,79.52483385556334,96.12791094611828,-86.92699729288714,100.0,0.08,0.6,0.27,1.0,false
0.02,0.02,0.0,0.0025,0.5,0.3,0.15,1.0,5.0,2.0,15.861991462304125,81.0862615570738,-0.4373717842825471,-0.6395767745387078,-0.6395767745387078,-1.2404962067727445,true,0.0,0.4373717842825471,-0.00551471466016051,0.00551471466016051,78.87258552723809,4.559987253766192,83.43257278100428,94.53452398533202,-78.41672837135343,100.0,0.08,0.6,0.27,1.0,false
0.02,0.02,0.0,0.0025,0.5,0.3,0.15,1.0,5.0,2.0,16.320345192413978,76.03633621554721,-0.22601453727217802,-0.8784150160505532,-0.8784150160505532,-1.8602588294642708,true,0.0,0.22601453727217802,-0.0027697274121044214,0.0027697274121044214,81.37571142479771,8.011579756760801,89.38729118155851,91.03722727150539,-56.98316354790597,100.0,0.08,0.6,0.27,1.0,false
0.02,0.02,0.0,0.0025,0.5,0.3,0.15,1.0,5.0,2.0,16.320345192413978,76.03633621554721,-0.22601453727217802,-0.8784150160505532,-0.8784150160505532,-1.8602588294642708,true,0.0,0.22601453727217802,-0.0027697274121044214,0.0027697274121044214,81.37571142479771,8.011579756760801,89.38729118155851,91.03722727150539,-56.98316354790597,100.0,0.08,0.6,0.27,1.0,false
