gross_delta,delta,iota,kappa,lambda,sigmah,sigmal,mu_b,m,c,p,vb,debt_diff,eq_deriv,eq_deriv_min_val,eq_min_val,eq_negative,eq_vb,abs_debt_diff,debt_per_diff,abs_debt_per_diff,debt,equity,firm_value,leverage,ROE,V0,r,alpha,pi,xi,opt
0.02,0.02,0.0,0.001,0.75,0.2,0.15,1.0,3.0,11.0,29.869125070401775,90.44875531344388,15.601110184986496,-1.9263466288776954e-7,-1.9263466288776954e-7,0.0018000298852326227,false,0.0,15.601110184986496,0.17410520225834705,0.17410520225834705,105.20848539619182,10.145281671605009,115.35376706779682,91.20507120877784,-294.78372117588594,100.0,0.08,0.6,0.27,1.0,false
0.02,0.02,0.0,0.001,0.75,0.2,0.15,1.0,3.0,11.0,32.97748853832751,94.54892653322455,-9.176459081390817,-0.17780694439053607,-0.17780694439053607,-0.04344515326682312,true,0.0,9.176459081390817,-0.0927547799839845,0.0927547799839845,89.75600653359172,3.187176014549151,92.94318254814087,96.57083400076351,-68.88736775359709,100.0,0.08,0.6,0.27,1.0,false
0.02,0.02,0.0,0.001,0.75,0.2,0.15,1.0,3.0,11.0,34.680453577515706,89.2698838590839,-0.00013395625227996533,-0.48620681757077616,-0.48620681757077616,-0.25826743496226895,true,0.0,0.00013395625227996533,-0.0025734552717325415,0.0025734552717325415,104.04122677629485,10.075178078347998,114.11640485464285,91.17113959979602,-349.30989118074945,100.0,0.08,0.6,0.27,1.0,false
0.02,0.02,0.0,0.001,0.75,0.2,0.15,1.0,3.0,11.0,36.085852006253255,86.89889473564357,9.186145025755081,-0.4534597681532396,-0.4534597681532396,-0.22021703732749845,true,0.0,9.186145025755081,0.08485453915256715,0.08485453915256715,117.44370104451485,13.597345507494701,131.04104655200956,89.62359820432448,-177.94988845999725,100.0,0.08,0.6,0.27,1.0,false
0.02,0.02,0.0,0.001,0.75,0.2,0.15,1.0,3.0,11.0,36.86294287323469,87.51722903913716,12.817281823132546,-0.2741564044208093,-0.2741564044208093,-0.0803163162413772,true,0.0,12.817281823132546,0.11590033083006035,0.11590033083006035,123.4061104428366,13.097907501146294,136.5040179439829,90.40474581010409,-155.95935101278172,100.0,0.08,0.6,0.27,1.0,false
0.02,0.02,0.0,0.001,0.75,0.2,0.15,1.0,3.0,11.0,37.640033740216126,88.72884155427752,16.556332432786064,-0.17769471849431284,-0.17769471849431284,-0.033934784938992074,true,0.0,16.556332432786064,0.14661988657302585,0.14661988657302585,129.47643365343444,11.414476326154107,140.89090997958854,91.89835857557613,-138.7240751725884,100.0,0.08,0.6,0.27,1.0,false
