gross_delta,delta,iota,kappa,lambda,sigmah,sigmal,mu_b,m,c,p,vb,debt_diff,eq_deriv,eq_deriv_min_val,eq_min_val,eq_negative,eq_vb,abs_debt_diff,debt_per_diff,abs_debt_per_diff,debt,equity,firm_value,leverage,ROE,V0,r,alpha,pi,xi,opt
0.02,0.02,0.0,0.001,0.75,0.2,0.15,1.0,3.0,1.0,11.467608602965559,44.16974974693138,0.29566185112546606,0.34952446299217677,0.34952446299217677,0.017428037291316926,false,0.0,0.29566185112546606,0.008594115284826603,0.008594115284826603,34.698487660022145,43.04540635025897,77.74389401028111,44.631785044666664,-34.082068228140564,100.0,0.08,0.6,0.27,1.0,false
0.02,0.02,0.0,0.001,0.75,0.2,0.15,1.0,3.0,1.0,11.662525463072623,44.927760769811115,0.23002989104104898,0.34918350763833433,0.34918350763833433,0.017526009163022667,false,0.0,0.23002989104104898,0.006574616329010356,0.006574616329010356,35.21760628025891,42.44399224209733,77.66159852235624,45.347516598078926,-34.48221066711926,100.0,0.08,0.6,0.27,1.0,false
0.02,0.02,0.0,0.001,0.75,0.2,0.15,1.0,3.0,1.0,12.052359183286748,44.70669831241721,0.09876597087158956,0.3026414741924543,0.3026414741924543,0.014761138829786486,false,0.0,0.09876597087158956,0.0027315805801891007,0.0027315805801891007,36.25584352073184,44.087521607114134,80.34336512784597,45.12612020051676,-30.83676364679334,100.0,0.08,0.6,0.27,1.0,false
0.02,0.02,0.0,0.001,0.75,0.2,0.15,1.0,3.0,1.0,12.238580715311155,46.06477719920921,-4.299310179200176e-7,0.3214574785563794,0.3214574785563794,0.015812743723133547,false,0.0,4.299310179200176e-7,6.856672023568239e-7,6.856672023568239e-7,36.71574171600246,42.45221044240241,79.16795215840487,46.37702594926163,-32.91821442878924,100.0,0.08,0.6,0.27,1.0,false
0.02,0.02,0.0,0.001,0.75,0.2,0.15,1.0,3.0,1.0,12.247276043393812,46.02530393330667,-0.00394542870750314,0.31831848672494917,0.31831848672494917,0.01566931899700107,false,0.0,0.00394542870750314,-0.00010738248226310172,0.00010738248226310172,36.737882701473936,42.566834988092616,79.30471768956656,46.324964985415015,-32.713546738840535,100.0,0.08,0.6,0.27,1.0,false
0.02,0.02,0.0,0.001,0.75,0.2,0.15,1.0,3.0,1.0,12.442192903500874,38.46992408782754,-0.03249794929730143,-7.253047050771733e-7,-7.253047050771733e-7,0.00023916570374170093,false,0.0,0.03249794929730143,-0.0008706383070719912,0.0008706383070719912,37.29408076120532,57.290154282885304,94.58423504409063,39.429489220714856,-8.636768301386722,100.0,0.08,0.6,0.27,1.0,false
