gross_delta,delta,iota,kappa,lambda,sigmah,sigmal,mu_b,m,c,p,vb,debt_diff,eq_deriv,eq_deriv_min_val,eq_min_val,eq_negative,eq_vb,abs_debt_diff,debt_per_diff,abs_debt_per_diff,debt,equity,firm_value,leverage,ROE,V0,r,alpha,pi,xi,opt
0.02,0.02,0.0,0.003,0.75,0.25,0.15,1.0,5.0,4.0,17.689895305320007,63.275566903964666,-3.0764797751949686,-0.9030101080732346,-0.9030101080732346,-0.8985163149937839,true,0.0,3.0764797751949686,-0.0347823401110775,0.0347823401110775,85.37299675140507,25.98628468591374,111.35928143731881,76.66446446986035,77.65966305100795,100.0,0.08,0.6,0.27,1.0,false
0.02,0.02,0.0,0.003,0.75,0.25,0.15,1.0,5.0,4.0,19.038245929856142,66.34767829437355,-1.0911699015940997,-0.8613912411272,-0.8613912411272,-0.8542544470903625,true,0.0,1.0911699015940997,-0.01146292474227267,0.01146292474227267,94.10005974768661,20.623968686096738,114.72402843378336,82.02297376787067,249.56233121191377,100.0,0.08,0.6,0.27,1.0,false
0.02,0.02,0.0,0.003,0.75,0.25,0.15,1.0,5.0,4.0,19.487696138034856,67.37112341724753,-0.7478624245453176,-0.852141811757968,-0.852141811757968,-0.8483347516213459,true,0.0,0.7478624245453176,-0.007675226658380482,0.007675226658380482,96.69061826562897,19.04368098564139,115.73429925127036,83.54534385325502,475.4452799402052,100.0,0.08,0.6,0.27,1.0,false
0.02,0.02,0.0,0.003,0.75,0.25,0.15,1.0,5.0,4.0,20.38659655439228,68.69160569739687,-0.8130874564981667,-0.783271519449548,-0.783271519449548,-0.7151096512577364,true,0.0,0.8130874564981667,-0.007976686587472468,0.007976686587472468,101.11989531546324,17.570141129444355,118.69003644490759,85.19661661945828,-1668.9092441802522,100.0,0.08,0.6,0.27,1.0,false
0.02,0.02,0.0,0.003,0.75,0.25,0.15,1.0,5.0,4.0,21.285496970749705,67.39074096753157,-0.34634042742106885,-0.6262788789137805,-0.9437070899677508,-0.413036255266991,true,0.0,0.34634042742106885,-0.0032542385822328327,0.0032542385822328327,106.08114442632746,21.136278650811622,127.21742307713907,83.38570445811065,-447.5707394697796,100.0,0.08,0.6,0.27,1.0,false
0.02,0.02,0.0,0.003,0.75,0.25,0.15,1.0,5.0,4.0,21.285496970749705,67.39074096753157,-0.34634042742106885,-0.6262788789137805,-0.9437070899677508,-0.413036255266991,true,0.0,0.34634042742106885,-0.0032542385822328327,0.0032542385822328327,106.08114442632746,21.136278650811622,127.21742307713907,83.38570445811065,-447.5707394697796,100.0,0.08,0.6,0.27,1.0,false
