gross_delta,delta,iota,kappa,lambda,sigmah,sigmal,mu_b,m,c,p,vb,debt_diff,eq_deriv,eq_deriv_min_val,eq_min_val,eq_negative,eq_vb,abs_debt_diff,debt_per_diff,abs_debt_per_diff,debt,equity,firm_value,leverage,ROE,V0,r,alpha,pi,xi,opt
0.02,0.02,0.0,0.003,0.75,0.25,0.15,1.0,5.0,10.0,14.040854085408542,64.99089345642197,34.23441245777251,0.6302287305212185,-0.7486187095404047,0.08201953003034418,false,0.0,34.23441245777251,0.48764002886903296,0.48764002886903296,104.43868288481522,29.235082207632054,133.67376509244727,78.12952886648073,-758.6431823648758,100.0,0.08,0.6,0.27,1.0,false
0.02,0.02,0.0,0.003,0.75,0.25,0.15,1.0,5.0,10.0,14.585178254667573,70.44742414347633,58.86105227844291,-2.208190152989606e-5,-0.8023706939738674,-1.1884029316990028,true,0.0,58.86105227844291,0.8071351786133446,0.8071351786133446,131.78694355178078,15.420053483222166,147.20699703500296,89.52491811272016,-148.5106517337943,100.0,0.08,0.6,0.27,1.0,false
0.02,0.02,0.0,0.003,0.75,0.25,0.15,1.0,5.0,10.0,15.129502423926604,91.21193104058273,34.785815193226654,-2.7803345725043433,-2.7803345725043433,-9.060956779412841,true,0.0,34.785815193226654,0.45984083571994416,0.45984083571994416,110.43332731285967,-9.058778512929463,101.37454879993021,108.93594952595804,-13.174596739009626,100.0,0.08,0.6,0.27,1.0,false
0.02,0.02,0.0,0.003,0.75,0.25,0.15,1.0,5.0,10.0,15.394732470940228,93.50073770321626,30.84230367224135,-3.1074321399261544,-3.0280659891822297,-10.089618885070028,true,0.0,30.84230367224135,0.39886754974223826,0.39886754974223826,107.81596602694249,-11.725521913255728,96.09044411368676,112.20258894774491,50.02012384440477,100.0,0.08,0.6,0.27,1.0,false
0.02,0.02,0.0,0.003,0.75,0.25,0.15,1.0,5.0,10.0,15.673826593185636,91.21193104058273,33.74763493597642,-2.839438907635739,-2.839438907635739,-9.46029275693123,true,0.0,33.74763493597642,0.43062406918102014,0.43062406918102014,112.1167679019046,-9.459954635067891,102.6568132668367,109.21512594636904,-21.92674885205227,100.0,0.08,0.6,0.27,1.0,false
0.02,0.02,0.0,0.003,0.75,0.25,0.15,1.0,5.0,10.0,16.218150762444665,89.35364306332208,43.40774895238249,-2.7398689821602074,-2.7398689821602074,-9.339747896304733,true,0.0,43.40774895238249,0.5352983775795085,0.5352983775795085,124.49850276460582,-9.246842709529275,115.25166005507654,108.02317528885084,-62.25547822910777,100.0,0.08,0.6,0.27,1.0,false
