gross_delta,delta,iota,kappa,lambda,sigmah,sigmal,mu_b,m,c,p,vb,debt_diff,eq_deriv,eq_deriv_min_val,eq_min_val,eq_negative,eq_vb,abs_debt_diff,debt_per_diff,abs_debt_per_diff,debt,equity,firm_value,leverage,ROE,V0,r,alpha,pi,xi,opt
0.02,0.02,0.0,0.003,0.75,0.25,0.15,1.0,5.0,5.0,15.616061606160617,97.19447589415375,-6.491255490957116,-0.8572144695108216,-0.8572144695108216,-1.9290958426373146,true,0.0,6.491255490957116,-0.08313562861965507,0.08313562861965507,71.58905253984597,-1.5401366218178278,70.04891591802814,102.19865875386296,-105.42092664800373,100.0,0.08,0.6,0.27,1.0,false
0.02,0.02,0.0,0.003,0.75,0.25,0.15,1.0,5.0,5.0,18.378398366152403,63.08918990822866,-2.486270229144381,-0.40546198109620185,-0.8316334898764424,-0.1433554318809172,true,0.0,2.486270229144381,-0.027056440714914077,0.027056440714914077,89.40572160161763,28.965454464192693,118.37117606581032,75.52997661517793,173.40658207184165,100.0,0.08,0.6,0.27,1.0,false
0.02,0.02,0.0,0.003,0.75,0.25,0.15,1.0,5.0,5.0,19.259703099107515,63.82096542189659,-2.956593085567949e-5,-0.3629385029858024,-1.01170211235549,-0.09778159316813939,true,0.0,2.956593085567949e-5,-4.5913963613940234e-5,4.5913963613940234e-5,96.29848592960671,28.0531093983355,124.35159532794222,77.44049095280737,657.8820143551378,100.0,0.08,0.6,0.27,1.0,false
0.02,0.02,0.0,0.003,0.75,0.25,0.15,1.0,5.0,5.0,19.299177286149668,63.965863598468765,0.09799193210359647,-0.36687425432735443,-1.0204103018981445,-0.11675858042849618,true,0.0,0.09799193210359647,0.0010155037248548598,0.0010155037248548598,96.59387836285194,27.872453189412386,124.46633155226432,77.60643152103464,718.304692510921,100.0,0.08,0.6,0.27,1.0,false
0.02,0.02,0.0,0.003,0.75,0.25,0.15,1.0,5.0,5.0,22.982292966138715,88.75225339136975,16.183097542626058,-1.410326528742676,-1.410326528742676,-3.6933576436832163,true,0.0,16.183097542626058,0.14083100904221918,0.14083100904221918,131.09456237331963,-3.008090045609565,128.08647232771006,102.34848379453636,-90.32599330553491,100.0,0.08,0.6,0.27,1.0,false
0.02,0.02,0.0,0.003,0.75,0.25,0.15,1.0,5.0,5.0,23.44268242613735,88.76647286842885,21.494881881959287,-1.31740726769238,-1.31740726769238,-3.1772445944361283,true,0.0,21.494881881959287,0.18338244311148993,0.18338244311148993,138.70829401264604,-2.335197237513348,136.3730967751327,101.71235917694518,-93.96719153587487,100.0,0.08,0.6,0.27,1.0,false
