gross_delta,delta,iota,kappa,lambda,sigmah,sigmal,mu_b,m,c,p,vb,debt_diff,eq_deriv,eq_deriv_min_val,eq_min_val,eq_negative,eq_vb,abs_debt_diff,debt_per_diff,abs_debt_per_diff,debt,equity,firm_value,leverage,ROE,V0,r,alpha,pi,xi,opt
0.02,0.02,0.0,0.003,0.75,0.25,0.15,1.0,5.0,7.0,15.312581258125814,62.54263435584549,1.7518297597740684,-0.06530966742021754,-0.51716835409024,0.005978784784723153,false,0.0,1.7518297597740684,0.022880920339207186,0.022880920339207186,78.31473605040314,31.388207797421472,109.70294384782461,71.38799862931491,44.74441201350927,100.0,0.08,0.6,0.27,1.0,false
0.02,0.02,0.0,0.003,0.75,0.25,0.15,1.0,5.0,7.0,15.80077744616567,61.42221176226891,-0.9997903074495582,6.545284000331443e-7,-0.7083199044437885,0.1311737035719828,false,0.0,0.9997903074495582,-0.012654950819425336,0.012654950819425336,78.0040969233788,35.140132874210245,113.14422979758905,68.94217854761601,59.757627371797504,100.0,0.08,0.6,0.27,1.0,false
0.02,0.02,0.0,0.003,0.75,0.25,0.15,1.0,5.0,7.0,15.884850552439078,61.53895414214081,3.735855381706288e-5,0.0023825785243040782,-0.7339804707068135,0.09589064341264904,false,0.0,3.735855381706288e-5,-0.0003047507917003486,0.0003047507917003486,79.42429012074919,34.893614917898645,114.31790503864784,69.4766844213056,69.58644500079416,100.0,0.08,0.6,0.27,1.0,false
0.02,0.02,0.0,0.003,0.75,0.25,0.15,1.0,5.0,7.0,16.288973634205526,62.50718943021747,5.135629399415691,8.332571318041271e-7,-0.8300707506975815,-0.0634838977545552,true,0.0,5.135629399415691,0.06305651313267874,0.06305651313267874,86.58049757044331,32.56352001453754,119.14401758498084,72.66877458508463,142.65817742106307,100.0,0.08,0.6,0.27,1.0,false
0.02,0.02,0.0,0.003,0.75,0.25,0.15,1.0,5.0,7.0,16.777169822245384,63.36253616786077,5.091479969107581,-6.864964508163096e-6,-0.8949923636620849,0.03638313431998788,false,0.0,5.091479969107581,0.06069533804630893,0.06069533804630893,88.9773290803345,30.76082364932215,119.73815272965665,74.30992298772676,179.06869281964947,100.0,0.08,0.6,0.27,1.0,false
0.02,0.02,0.0,0.003,0.75,0.25,0.15,1.0,5.0,7.0,17.26536601028524,64.32145202704552,6.359329884200534,-8.431733127395313e-7,-0.9295969356023362,-0.024570613653577947,true,0.0,6.359329884200534,0.07366574077157917,0.07366574077157917,92.68615993562675,28.781821976093642,121.46798191172039,76.3050134503663,293.52544932304386,100.0,0.08,0.6,0.27,1.0,false
