gross_delta,delta,iota,kappa,lambda,sigmah,sigmal,mu_b,m,c,p,vb,debt_diff,eq_deriv,eq_deriv_min_val,eq_min_val,eq_negative,eq_vb,abs_debt_diff,debt_per_diff,abs_debt_per_diff,debt,equity,firm_value,leverage,ROE,V0,r,alpha,pi,xi,opt
0.02,0.02,0.0,0.004,0.1,0.2,0.15,1.0,5.0,5.0,19.643819645122402,91.21193104058273,0.09703635007663536,-0.008925395766221924,-0.008925395766221924,0.0005339664561186563,false,0.0,0.09703635007663536,0.0009879580634485174,0.0009879580634485174,98.31613457568865,6.777090723837276,105.09322529952593,93.55135337742094,302.4722300244927,100.0,0.08,0.6,0.27,1.0,false
0.02,0.02,0.0,0.004,0.1,0.2,0.15,1.0,5.0,5.0,19.668038985804607,91.21512434611233,3.6578257434138034e-5,-0.013886038496615592,-0.013886038496615592,0.00048467962871031353,false,0.0,3.6578257434138034e-5,2.3008865973434224e-5,2.3008865973434224e-5,98.34023150728049,6.747127420458556,105.08735892773905,93.57950614678778,306.51015187084806,100.0,0.08,0.6,0.27,1.0,false
0.02,0.02,0.0,0.004,0.1,0.2,0.15,1.0,5.0,5.0,21.274735368273667,90.76729638859155,-3.0352429227199877,-0.3170610343963542,-0.3170610343963542,-0.17303720922175536,true,0.0,3.0352429227199877,-0.028533778401270724,0.028533778401270724,103.33843391864835,5.642969478008054,108.9814033966564,94.82208037139189,-269.0304380891492,100.0,0.08,0.6,0.27,1.0,false
0.02,0.02,0.0,0.004,0.1,0.2,0.15,1.0,5.0,5.0,22.090193229849298,90.41666623274975,-2.902957515150689,-0.43652181914240534,-0.43652181914240534,-0.31573717908949833,true,0.0,2.902957515150689,-0.02628277158959459,0.02628277158959459,107.5480086340958,5.411031067554288,112.95903970165008,95.20974055565094,-171.68819393119966,100.0,0.08,0.6,0.27,1.0,false
0.02,0.02,0.0,0.004,0.1,0.2,0.15,1.0,5.0,5.0,23.72110895300056,90.30105104444229,-2.345394168976526,-0.5788507600049807,-0.5788507600049807,-0.5244410494904757,true,0.0,2.345394168976526,-0.01977474302422821,0.01977474302422821,116.26015059602628,4.845899317424132,121.1060499134504,95.99863151272187,-129.8023028065213,100.0,0.08,0.6,0.27,1.0,false
0.02,0.02,0.0,0.004,0.1,0.2,0.15,1.0,5.0,5.0,24.128837883788375,90.37164095654735,-2.6354494808408617,-0.5982452122085871,-0.5982452122085871,-0.5539422833148832,true,0.0,2.6354494808408617,-0.021844810707701435,0.021844810707701435,118.00873993810102,4.698363357479982,122.70710329558099,96.17107467188562,-126.08935091310678,100.0,0.08,0.6,0.27,1.0,false
