gross_delta,delta,iota,kappa,lambda,sigmah,sigmal,mu_b,m,c,p,vb,debt_diff,eq_deriv,eq_deriv_min_val,eq_min_val,eq_negative,eq_vb,abs_debt_diff,debt_per_diff,abs_debt_per_diff,debt,equity,firm_value,leverage,ROE,V0,r,alpha,pi,xi,opt
0.02,0.02,0.0,0.004,0.1,0.2,0.15,1.0,5.0,3.0,19.153925918907678,86.06750344130984,-1.6247557281328397,-0.003781630967246835,-0.003781630967246835,0.0005974639754430548,false,0.0,1.6247557281328397,-0.016965250205222653,0.016965250205222653,94.14487386640555,11.436993738495822,105.58186760490136,89.16765350155174,95.33300355178973,100.0,0.08,0.6,0.27,1.0,false
0.02,0.02,0.0,0.004,0.1,0.2,0.15,1.0,5.0,3.0,20.694195735363007,82.898202480086,-1.3140626069492214,-0.4575915142812568,-0.4575915142812568,-0.3973549507769067,true,0.0,1.3140626069492214,-0.012699818091540544,0.012699818091540544,102.15691606986582,13.043868000638037,115.20078407050386,88.67727498047661,-704.7462014342317,100.0,0.08,0.6,0.27,1.0,false
0.02,0.02,0.0,0.004,0.1,0.2,0.15,1.0,5.0,3.0,21.079263189476837,82.16703377651801,-1.1792665072427724,-0.5547890574832212,-0.5547890574832212,-0.5596482134713704,true,0.0,1.1792665072427724,-0.01118887787151388,0.01118887787151388,104.21704944014141,13.498610274103239,117.71565971424465,88.53286783859413,-420.09608769610713,100.0,0.08,0.6,0.27,1.0,false
0.02,0.02,0.0,0.004,0.1,0.2,0.15,1.0,5.0,3.0,21.46433064359067,81.52448502431933,-1.1135358699479525,-0.6355279275269903,-0.6355279275269903,-0.706595113230672,true,0.0,1.1135358699479525,-0.010375686886657782,0.010375686886657782,106.2081173480054,13.97405863037053,120.18217597837594,88.37260307810965,-325.0933390436029,100.0,0.08,0.6,0.27,1.0,false
0.02,0.02,0.0,0.004,0.1,0.2,0.15,1.0,5.0,3.0,21.8493980977045,80.97134412412613,-1.0709252736546375,-0.7116073022106667,-0.7116073022106667,-0.8548684812767517,true,0.0,1.0709252736546375,-0.009802789704922344,0.009802789704922344,108.17606521486786,14.354114311043666,122.53017952591154,88.28524175302607,-275.5626200845519,100.0,0.08,0.6,0.27,1.0,false
0.02,0.02,0.0,0.004,0.1,0.2,0.15,1.0,5.0,3.0,21.8493980977045,80.97134412412613,-1.0709252736546375,-0.7116073022106667,-0.7116073022106667,-0.8548684812767517,true,0.0,1.0709252736546375,-0.009802789704922344,0.009802789704922344,108.17606521486786,14.354114311043666,122.53017952591154,88.28524175302607,-275.5626200845519,100.0,0.08,0.6,0.27,1.0,false
