gross_delta,delta,iota,kappa,lambda,sigmah,sigmal,mu_b,m,c,p,vb,debt_diff,eq_deriv,eq_deriv_min_val,eq_min_val,eq_negative,eq_vb,abs_debt_diff,debt_per_diff,abs_debt_per_diff,debt,equity,firm_value,leverage,ROE,V0,r,alpha,pi,xi,opt
0.02,0.02,0.0,0.0025,0.2,0.35,0.15,1.0,7.0,7.0,9.433153841699959,100.0,-6.032074507713887,-2.555636636522449,-2.555636636522449,-10.130570885637622,true,0.0,6.032074507713887,-0.09135067063828571,0.09135067063828571,60.00000238418582,0.6250632335760897,60.62506561776191,98.96896897808394,-98.43734182291809,100.0,0.08,0.6,0.27,1.0,false
0.02,0.02,0.0,0.0025,0.2,0.35,0.15,1.0,7.0,7.0,10.081502887130817,100.0,-10.570517825729894,-2.6612679285245835,-2.6612679285245835,-10.869332889369586,true,0.0,10.570517825729894,-0.14978659352782628,0.14978659352782628,60.00000238418582,0.6506892473201566,60.65069163150598,98.92715279938844,-98.37327678473935,100.0,0.08,0.6,0.27,1.0,false
0.02,0.02,0.0,0.0025,0.2,0.35,0.15,1.0,7.0,7.0,10.729851932561676,100.0,-15.108961143745915,-2.73826767784493,-2.73826767784493,-11.487449999279631,true,0.0,15.108961143745915,-0.20116055972636546,0.20116055972636546,60.00000238418582,0.6786955679056269,60.67869795209145,98.88149286189119,-98.3032609791024,100.0,0.08,0.6,0.27,1.0,false
0.02,0.02,0.0,0.0025,0.2,0.35,0.15,1.0,7.0,7.0,11.286718012852589,98.056662992594,0.0008198381779560837,-2.7599924534706224,-2.7599924534706224,-11.423662001190225,true,0.0,0.0008198381779560837,-0.007769379689144391,0.007769379689144391,79.0078459281461,-3.154509076230581,75.85333685191551,104.1586951967439,-115.02708614577158,100.0,0.08,0.6,0.27,1.0,false
0.02,0.02,0.0,0.0025,0.2,0.35,0.15,1.0,7.0,7.0,11.702375500707964,95.77868088884962,19.411028659389302,-2.749940584966071,-2.749940584966071,-11.054537556710935,true,0.0,19.411028659389302,0.23696078578496407,0.23696078578496407,101.32765716434506,-7.622310570818764,93.70534659352629,108.13433901897052,474.1173832763458,100.0,0.08,0.6,0.27,1.0,false
0.02,0.02,0.0,0.0025,0.2,0.35,0.15,1.0,7.0,7.0,13.97159715971597,94.93431513148641,14.140580112674542,-2.432473645365557,-2.432473645365557,-8.302975481071284,true,0.0,14.140580112674542,0.14458496406292656,0.14458496406292656,111.94176023068633,-7.020959508326622,104.9208007223597,106.69167549236059,-41.206661558275925,100.0,0.08,0.6,0.27,1.0,false
