gross_delta,delta,iota,kappa,lambda,sigmah,sigmal,mu_b,m,c,p,vb,debt_diff,eq_deriv,eq_deriv_min_val,eq_min_val,eq_negative,eq_vb,abs_debt_diff,debt_per_diff,abs_debt_per_diff,debt,equity,firm_value,leverage,ROE,V0,r,alpha,pi,xi,opt
0.02,0.02,0.0,0.005,0.5,0.35,0.15,1.0,3.0,2.0,19.5463717424374,78.46577591697117,-0.00979584765591568,-0.14007159971924305,-0.14007159971924305,-0.10057809905390133,true,0.0,0.00979584765591568,-0.0001670531285805126,0.0001670531285805126,58.62931937965629,7.624230016463664,66.25354939611995,88.49234480875954,-81.57093404763927,100.0,0.08,0.6,0.27,1.0,false
0.02,0.02,0.0,0.005,0.5,0.35,0.15,1.0,3.0,2.0,19.5463717424374,78.46577591697117,-0.00979584765591568,-0.14007159971924313,-0.14007159971924313,-0.10057809905390164,true,0.0,0.00979584765591568,-0.0001670531285805131,0.0001670531285805131,58.62931937965629,7.624230016463664,66.25354939611995,88.49234480875954,-81.57093404763927,100.0,0.08,0.6,0.27,1.0,false
0.02,0.02,0.0,0.005,0.5,0.35,0.15,1.0,3.0,2.0,20.12539280243814,73.43802087122322,-0.08225561703522288,-0.357663009160561,-0.357663009160561,-0.4543599731545748,true,0.0,0.08225561703522288,-0.0013623852851418273,0.0013623852851418273,60.29392279027919,11.02849240654521,71.3224151968244,84.53712991054705,-72.22467395030093,100.0,0.08,0.6,0.27,1.0,false
0.02,0.02,0.0,0.005,0.5,0.35,0.15,1.0,3.0,2.0,21.86245598244035,52.06128780257937,-0.8615386754234038,-1.9695685475683418,-1.9695685475683418,-3.884710271743675,true,0.0,0.8615386754234038,-0.013135740957243184,0.013135740957243184,64.72582927189764,39.68829457938786,104.4141238512855,61.98953444658988,12.513756553797117,100.0,0.08,0.6,0.27,1.0,false
0.02,0.02,0.0,0.005,0.5,0.35,0.15,1.0,3.0,2.0,22.441477042441086,53.37941557418777,-1.2406736185336058,-1.9674863418952002,-1.9674863418952002,-3.993623474776983,true,0.0,1.2406736185336058,-0.01842828224106724,0.01842828224106724,66.08375750878966,37.6420053535497,103.72576286233937,63.71007133154889,10.985187593539948,100.0,0.08,0.6,0.27,1.0,false
0.02,0.02,0.0,0.005,0.5,0.35,0.15,1.0,3.0,2.0,23.59951916244256,54.96113540347756,-2.0771666654359393,-2.0372229700279045,-2.0372229700279045,-4.355682333245345,true,0.0,2.0771666654359393,-0.02933910999256918,0.02933910999256918,68.72139082189175,35.57338331463248,104.29477413652423,65.89149973318307,13.73070686125686,100.0,0.08,0.6,0.27,1.0,false
