gross_delta,delta,iota,kappa,lambda,sigmah,sigmal,mu_b,m,c,p,vb,debt_diff,eq_deriv,eq_deriv_min_val,eq_min_val,eq_negative,eq_vb,abs_debt_diff,debt_per_diff,abs_debt_per_diff,debt,equity,firm_value,leverage,ROE,V0,r,alpha,pi,xi,opt
0.02,0.02,0.0,0.005,0.5,0.35,0.15,1.0,3.0,10.0,26.063072096683353,98.10351461610058,-10.216885708559133,-0.6272799413825594,-0.6272799413825594,-0.7952529711143005,true,0.0,10.216885708559133,-0.13066873148668814,0.13066873148668814,67.97233058149092,-0.6919421331774469,67.28038844831347,101.02844550861805,-102.16045109038615,100.0,0.08,0.6,0.27,1.0,false
0.02,0.02,0.0,0.005,0.5,0.35,0.15,1.0,3.0,10.0,29.75987335575663,95.08888069492778,-7.081172562390051,-1.2066376366867182,-1.2066376366867182,-2.354078650704392,true,0.0,7.081172562390051,-0.07931454633268567,0.07931454633268567,82.19844750487984,-2.3447316528317073,79.85371585204813,102.9362837130535,-113.17150093214879,100.0,0.08,0.6,0.27,1.0,false
0.02,0.02,0.0,0.005,0.5,0.35,0.15,1.0,3.0,10.0,31.405262114032546,89.01471582911083,5.040555353774678e-6,-1.7134854590129227,-1.7134854590129227,-3.948261991691998,true,0.0,5.040555353774678e-6,-0.002215920931962021,0.002215920931962021,94.21579138265301,-0.6811071439648847,93.53468423868813,100.72818671438158,-111.77528662991558,100.0,0.08,0.6,0.27,1.0,false
0.02,0.02,0.0,0.005,0.5,0.35,0.15,1.0,3.0,10.0,33.45667461482991,84.84631065326967,6.161683771441375,-1.986312994290945,-1.986312994290945,-4.801079416439683,true,0.0,6.161683771441375,0.06138968125571138,0.06138968125571138,106.5317076159311,0.29255941646207395,106.82426703239317,99.72613019064914,-104.47906479690717,100.0,0.08,0.6,0.27,1.0,false
0.02,0.02,0.0,0.005,0.5,0.35,0.15,1.0,3.0,10.0,34.38087492959822,85.5594993191642,6.640997407644093,-1.8806472419666278,-1.8806472419666278,-4.442684389430641,true,0.0,6.640997407644093,0.06438654650531607,0.06438654650531607,109.78362219643876,-0.2395372808592599,109.54408491557949,100.21866747167942,-97.55165033921229,100.0,0.08,0.6,0.27,1.0,false
0.02,0.02,0.0,0.005,0.5,0.35,0.15,1.0,3.0,10.0,36.22927555913486,87.57840333971143,8.539603744637489,-1.6922521624321472,-1.6922521624321472,-3.7600470317682473,true,0.0,8.539603744637489,0.07857001106465965,0.07857001106465965,117.22743042204208,-1.2592443205950268,115.96818610144705,101.0858532524545,-92.69046927054279,100.0,0.08,0.6,0.27,1.0,false
