gross_delta,delta,iota,kappa,lambda,sigmah,sigmal,mu_b,m,c,p,vb,debt_diff,eq_deriv,eq_deriv_min_val,eq_min_val,eq_negative,eq_vb,abs_debt_diff,debt_per_diff,abs_debt_per_diff,debt,equity,firm_value,leverage,ROE,V0,r,alpha,pi,xi,opt
0.02,0.02,0.0,0.005,0.5,0.35,0.15,1.0,3.0,11.0,25.359714918860305,100.0,-16.079142372394948,-0.5395249861252099,-0.5395249861252099,-0.588151279287449,true,0.0,16.079142372394948,-0.2113475700054329,0.2113475700054329,60.00000238418597,0.12335684389951349,60.123359228085484,99.79482709302462,-99.69160787186962,100.0,0.08,0.6,0.27,1.0,false
0.02,0.02,0.0,0.005,0.5,0.35,0.15,1.0,3.0,11.0,30.109459630173543,95.2692531506661,-6.772097913133791,-1.3232434777675968,-1.3232434777675968,-2.628025612046135,true,0.0,6.772097913133791,-0.07497198550791748,0.07497198550791748,83.55628097738683,-2.6290062432240373,80.9272747341628,103.24860345521338,-115.987905410015,100.0,0.08,0.6,0.27,1.0,false
0.02,0.02,0.0,0.005,0.5,0.35,0.15,1.0,3.0,11.0,31.427555466989602,90.6567838039953,-0.00021941105305001152,-1.6166939405693708,-1.6166939405693708,-3.49222461968158,true,0.0,0.00021941105305001152,-0.0026028586620092248,0.0026028586620092248,94.28244698991577,-1.2598461258075127,93.02260086410826,101.35434412078841,-122.03470826742632,100.0,0.08,0.6,0.27,1.0,false
0.02,0.02,0.0,0.005,0.5,0.35,0.15,1.0,3.0,11.0,33.909255399224136,86.24246975241803,9.074763801442586,-1.9088314206331294,-1.9088314206331294,-4.423058678348763,true,0.0,9.074763801442586,0.08920636066861971,0.08920636066861971,110.802529999115,-0.48648622031398103,110.31604377880102,100.44099317166364,-95.49655293386053,100.0,0.08,0.6,0.27,1.0,false
0.02,0.02,0.0,0.005,0.5,0.35,0.15,1.0,3.0,11.0,35.809153283749424,88.81954682446212,11.96188728332271,-1.7581119884882401,-1.7581119884882401,-3.9785430603807317,true,0.0,11.96188728332271,0.11134850716833473,0.11134850716833473,119.38934713457098,-2.187090420705793,117.2022567138652,101.86608217454831,-88.72014407949695,100.0,0.08,0.6,0.27,1.0,false
0.02,0.02,0.0,0.005,0.5,0.35,0.15,1.0,3.0,11.0,36.759102226012075,89.45257353252417,17.134916525671997,-1.5935472643892872,-1.5935472643892872,-3.3073322185521064,true,0.0,17.134916525671997,0.15538025947349995,0.15538025947349995,127.41222320370822,-1.7010438681035445,125.71117933560468,101.3531365126743,-93.79457895310938,100.0,0.08,0.6,0.27,1.0,false
