gross_delta,delta,iota,kappa,lambda,sigmah,sigmal,mu_b,m,c,p,vb,debt_diff,eq_deriv,eq_deriv_min_val,eq_min_val,eq_negative,eq_vb,abs_debt_diff,debt_per_diff,abs_debt_per_diff,debt,equity,firm_value,leverage,ROE,V0,r,alpha,pi,xi,opt
0.02,0.02,0.0,0.005,0.5,0.35,0.15,1.0,3.0,1.0,11.312293071412403,45.10651652123733,0.07475737183664677,-0.14248804199605664,-0.14248804199605664,-0.06394827705745251,true,0.0,0.07475737183664677,0.0022028357812372014,0.0022028357812372014,34.011636586073855,31.520245016091216,65.53188160216507,51.90090037785542,-52.2336312262001,100.0,0.08,0.6,0.27,1.0,false
0.02,0.02,0.0,0.005,0.5,0.35,0.15,1.0,3.0,1.0,11.51405535290371,45.876521620280336,0.02799048484983757,-0.1428114854306298,-0.1428114854306298,-0.06587093612898669,true,0.0,0.02799048484983757,0.0008103280148170875,0.0008103280148170875,34.57015654356097,30.86065845714498,65.43081500070595,52.83467207796202,-52.83397173693232,100.0,0.08,0.6,0.27,1.0,false
0.02,0.02,0.0,0.005,0.5,0.35,0.15,1.0,3.0,1.0,11.60186519352995,45.7429559390862,3.6421815038543623e-7,-0.1639217892758948,-0.1639217892758948,-0.08238136578564259,true,0.0,3.6421815038543623e-7,2.9818560733239143e-6,2.9818560733239143e-6,34.805595944808,31.199614570260728,66.00521051506873,52.731588420374806,-52.14372303511219,100.0,0.08,0.6,0.27,1.0,false
0.02,0.02,0.0,0.005,0.5,0.35,0.15,1.0,3.0,1.0,11.715817634395018,45.07720505526586,-0.029303032793485784,-0.21797358844184345,-0.21797358844184345,-0.13338552797829206,true,0.0,0.029303032793485784,-0.0008337171081558046,0.0008337171081558046,35.11814987039157,32.3886190186876,67.50676888907917,52.02167197202764,-50.080617377605805,100.0,0.08,0.6,0.27,1.0,false
0.02,0.02,0.0,0.005,0.5,0.35,0.15,1.0,3.0,1.0,11.917579915886325,43.1629310447402,-0.053810567062193115,-0.35924591806002637,-0.35924591806002637,-0.28582329860667527,true,0.0,0.053810567062193115,-0.0015050753436515738,0.0015050753436515738,35.698929180596785,35.72219508131716,71.42112426191395,49.983712171321294,-44.44541183202537,100.0,0.08,0.6,0.27,1.0,false
0.02,0.02,0.0,0.005,0.5,0.35,0.15,1.0,3.0,1.0,12.119342197377632,43.86387075539817,-0.12482939046527974,-0.3594704309153307,-0.3594704309153307,-0.29250543898968334,true,0.0,0.12482939046527974,-0.003433337894424946,0.003433337894424946,36.233197201667615,35.06159846849475,71.29479567016236,50.82165796406315,-45.01590650643116,100.0,0.08,0.6,0.27,1.0,false
