gross_delta,delta,iota,kappa,lambda,sigmah,sigmal,V0,r,alpha,pi,xi,mu_b,m,c,p,vb,sg_debt,debt,debt_diff,abs_debt_diff,debt_per_diff,abs_debt_per_diff,eq_vb,eq_min_val,sg_equity,equity,eq_negative,firm_value,leverage,ROE,cvml_vb,cvmh_vb,eq_deriv
0.02,0.0195,0.0005,0.0025,NaN,NaN,0.15,100.0,0.08,0.6,0.27,1.0,1.0,7.0,1.219071907190719,12.697182884237598,71.60079971174551,88.87866237574735,88.76548144991555,-0.11479873974762711,0.11479873974762711,-0.0012916109119217004,0.0012916109119217004,1.0302869668521453e-13,NaN,26.74564890704436,26.5729496559754,false,115.33843110589095,76.96088857704414,136.5294920072535,NaN,NaN,NaN
