gross_delta,delta,iota,kappa,lambda,sigmah,sigmal,mu_b,m,c,p,vb,debt_diff,eq_deriv,eq_deriv_min_val,eq_min_val,eq_negative,eq_vb,abs_debt_diff,debt_per_diff,abs_debt_per_diff,debt,equity,firm_value,leverage,ROE,V0,r,alpha,pi,xi,opt
0.02,0.02,0.0,0.001,0.1,0.3,0.15,1.0,5.0,3.0,18.684231581052842,89.00586383786911,-5.201355686421067,-0.31698986184215433,-0.31698986184215433,-0.2577510731787989,true,0.0,5.201355686421067,-0.055676420663674675,0.055676420663674675,88.21980221884314,4.4541180758672585,92.6739202947104,95.19377397470312,-62.189785276849165,100.0,0.08,0.6,0.27,1.0,false
0.02,0.02,0.0,0.001,0.1,0.3,0.15,1.0,5.0,3.0,20.16217542806912,85.69655289595634,-4.1717943887855995,-0.7545465874403208,-0.7545465874403208,-1.1877213410868166,true,0.0,4.1717943887855995,-0.0413823835991206,0.0413823835991206,96.63908275156,5.189910653426403,101.8289934049864,94.90330751597878,54.41947152478512,100.0,0.08,0.6,0.27,1.0,false
0.02,0.02,0.0,0.001,0.1,0.3,0.15,1.0,5.0,3.0,20.654823377074546,84.48761034852998,-3.8099501126337145,-0.9213240855947128,-0.9213240855947128,-1.6500920800175551,true,0.0,3.8099501126337145,-0.03689162616478726,0.03689162616478726,99.46416677273902,5.536203867143601,105.00037063988262,94.72744350005107,933.1953274796017,100.0,0.08,0.6,0.27,1.0,false
0.02,0.02,0.0,0.001,0.1,0.3,0.15,1.0,5.0,3.0,21.147471326079973,83.3785438229785,-3.6025320508051237,-1.0830104850844595,-1.0830104850844595,-2.1389541837850037,true,0.0,3.6025320508051237,-0.03407057037937511,0.03407057037937511,102.13482457959473,5.859460969819781,107.99428554941451,94.5742860930001,-374.4703722182229,100.0,0.08,0.6,0.27,1.0,false
0.02,0.02,0.0,0.001,0.1,0.3,0.15,1.0,5.0,3.0,23.610711071107108,78.66133218221682,-2.4916389510258483,-1.7048752026926555,-1.7048752026926555,-4.14269299404137,true,0.0,2.4916389510258483,-0.02110600518147813,0.02110600518147813,115.56191640450969,8.409376698631572,123.97129310314126,93.21667420889514,-154.0381819310803,100.0,0.08,0.6,0.27,1.0,false
0.02,0.02,0.0,0.001,0.1,0.3,0.15,1.0,5.0,3.0,23.610711071107108,78.66133218221682,-2.4916389510258483,-1.7048752026926555,-1.7048752026926555,-4.14269299404137,true,0.0,2.4916389510258483,-0.02110600518147813,0.02110600518147813,115.56191640450969,8.409376698631572,123.97129310314126,93.21667420889514,-154.0381819310803,100.0,0.08,0.6,0.27,1.0,false
