gross_delta,delta,iota,kappa,lambda,sigmah,sigmal,mu_b,m,c,p,vb,debt_diff,eq_deriv,eq_deriv_min_val,eq_min_val,eq_negative,eq_vb,abs_debt_diff,debt_per_diff,abs_debt_per_diff,debt,equity,firm_value,leverage,ROE,V0,r,alpha,pi,xi,opt
0.02,0.02,0.0,0.001,0.1,0.3,0.15,1.0,5.0,6.0,17.738797563966923,97.64490493251935,-15.187932550194205,-0.03838630302132448,-0.03838630302132448,-0.0030150965982599005,false,0.0,15.187932550194205,-0.17123970771328573,0.17123970771328573,73.50605526964041,0.4323677471001592,73.93842301674057,99.41523266326323,-98.36805069422257,100.0,0.08,0.6,0.27,1.0,false
0.02,0.02,0.0,0.001,0.1,0.3,0.15,1.0,5.0,6.0,18.78154131202594,96.33876514109194,-12.67263286720349,-0.27780205622348275,-0.27780205622348275,-0.14849307055651725,true,0.0,12.67263286720349,-0.13494774104710056,0.13494774104710056,81.2350736929262,0.45178629086846184,81.68685998379466,99.44692905204327,-97.59238974097035,100.0,0.08,0.6,0.27,1.0,false
0.02,0.02,0.0,0.001,0.1,0.3,0.15,1.0,5.0,6.0,21.38840068217348,93.99679691150197,-10.444224288350526,-0.8765442910185772,-0.8765442910185772,-1.2483622731861252,true,0.0,10.444224288350526,-0.09766250823097249,0.09766250823097249,96.49777912251687,-0.47261337117859203,96.02516575133828,100.49217657421437,-113.49467631288394,100.0,0.08,0.6,0.27,1.0,false
0.02,0.02,0.0,0.001,0.1,0.3,0.15,1.0,5.0,6.0,23.99526005232102,93.44260745482374,-10.993289278012767,-1.164277380803795,-1.164277380803795,-2.0350408534415494,true,0.0,10.993289278012767,-0.0916288404796797,0.0916288404796797,108.98301098359232,-1.4025063794006918,107.58050460419163,101.30368079659114,-84.38712385009434,100.0,0.08,0.6,0.27,1.0,false
0.02,0.02,0.0,0.001,0.1,0.3,0.15,1.0,5.0,6.0,24.285641021371443,91.47043945318273,-0.00027207146608532184,-1.1802194347340411,-1.1802194347340411,-1.9812514967476775,true,0.0,0.00027207146608532184,-0.0008659484323864652,0.0008659484323864652,121.42793303539112,0.40861014963780584,121.83654318502893,99.66462430814599,-101.90690417485872,100.0,0.08,0.6,0.27,1.0,false
0.02,0.02,0.0,0.001,0.1,0.3,0.15,1.0,5.0,6.0,24.516631926350527,89.39265126791622,11.624234482461333,-1.191548389989563,-1.191548389989563,-1.9066345456405687,true,0.0,11.624234482461333,0.0948273361314984,0.0948273361314984,134.20739411421397,2.3430802612574646,136.55047437547142,98.28409218497865,-106.84963096994242,100.0,0.08,0.6,0.27,1.0,false
