gross_delta,delta,iota,kappa,lambda,sigmah,sigmal,mu_b,m,c,p,vb,debt_diff,eq_deriv,eq_deriv_min_val,eq_min_val,eq_negative,eq_vb,abs_debt_diff,debt_per_diff,abs_debt_per_diff,debt,equity,firm_value,leverage,ROE,V0,r,alpha,pi,xi,opt
0.02,0.02,0.0,0.001,0.1,0.3,0.15,1.0,5.0,5.0,18.220058847990064,95.89832512102376,-11.77043172790637,-0.1122119347416308,-0.1122119347416308,-0.02845442969013909,true,0.0,11.77043172790637,-0.12920300451394887,0.12920300451394887,79.32986251204395,1.0278587655402465,80.35772127758419,98.72089607669479,-95.02732496995169,100.0,0.08,0.6,0.27,1.0,false
0.02,0.02,0.0,0.001,0.1,0.3,0.15,1.0,5.0,5.0,18.728724188208293,95.23242302450642,-10.95376341438508,-0.22798232304361207,-0.22798232304361207,-0.11190162002241799,true,0.0,10.95376341438508,-0.11697287337149884,0.11697287337149884,82.68985752665638,1.0403496163066812,83.73020714296307,98.75749785912943,-93.98994192041606,100.0,0.08,0.6,0.27,1.0,false
0.02,0.02,0.0,0.001,0.1,0.3,0.15,1.0,5.0,5.0,19.237389528426526,94.61813185324462,-10.302939125976067,-0.3450569917404153,-0.3450569917404153,-0.24643715412408798,true,0.0,10.302939125976067,-0.10711369243474243,0.10711369243474243,85.88400851615656,0.9925842432451166,86.87659275940167,98.85747793310217,-92.96837034521319,100.0,0.08,0.6,0.27,1.0,false
0.02,0.02,0.0,0.001,0.1,0.3,0.15,1.0,5.0,5.0,21.272050889299457,92.00966594085939,-8.706117317427228,-0.8648091482626228,-0.8648091482626228,-1.3050405723578733,true,0.0,8.706117317427228,-0.08185498768063489,0.08185498768063489,97.65413712907007,0.49171870235610304,98.14585583142618,99.49899188489356,-79.03889828985704,100.0,0.08,0.6,0.27,1.0,false
0.02,0.02,0.0,0.001,0.1,0.3,0.15,1.0,5.0,5.0,22.425695070742613,91.0666819435508,-8.468977991750364,-1.1035618223607961,-1.1035618223607961,-1.962241975976235,true,0.0,8.468977991750364,-0.07558658366897669,0.07558658366897669,103.65949736196272,-0.026553767945950935,103.63294359401677,100.02562290235622,-99.27438756420611,100.0,0.08,0.6,0.27,1.0,false
0.02,0.02,0.0,0.001,0.1,0.3,0.15,1.0,5.0,5.0,23.306712250172385,90.99393912586727,-8.605553995745097,-1.2047768374440322,-1.2047768374440322,-2.313223263892028,true,0.0,8.605553995745097,-0.0738461427195202,0.0738461427195202,107.92800725511682,-0.5530277082737154,107.37497954684311,100.51504336541686,-93.024379387181,100.0,0.08,0.6,0.27,1.0,false
