gross_delta,delta,iota,kappa,lambda,sigmah,sigmal,mu_b,m,c,p,vb,debt_diff,eq_deriv,eq_deriv_min_val,eq_min_val,eq_negative,eq_vb,abs_debt_diff,debt_per_diff,abs_debt_per_diff,debt,equity,firm_value,leverage,ROE,V0,r,alpha,pi,xi,opt
0.02,0.02,0.0,0.0025,0.3,0.275,0.15,1.0,10.0,1.0,6.822357235723572,69.58361357953889,2.759927654161217,-1.2360984894640965,-1.2360984894640965,-4.2673732457867635,true,0.0,2.759927654161217,0.04045416501659491,0.04045416501659491,70.98350001139694,5.59633085088926,76.5798308622862,92.69216086288678,-80.71328088126633,100.0,0.08,0.6,0.27,1.0,false
0.02,0.02,0.0,0.0025,0.3,0.275,0.15,1.0,10.0,1.0,7.051478832093736,87.8779436190686,1.0358560560931664,-0.6590865199676008,-0.6590865199676008,-2.288034519743661,true,0.0,1.0358560560931664,0.014689912297242173,0.014689912297242173,71.55064437703052,-1.9644604000611854,69.58618397696934,102.82306096956164,-106.90511386653382,100.0,0.08,0.6,0.27,1.0,false
0.02,0.02,0.0,0.0025,0.3,0.275,0.15,1.0,10.0,1.0,7.161002341609732,89.41095200501577,1.581941865522879e-5,-0.625928145948081,-0.625928145948081,-2.177235865239848,true,0.0,1.581941865522879e-5,8.118795345217217e-5,8.118795345217217e-5,71.61003923551598,-2.405635038139101,69.20440419737689,103.47612997473112,-108.47354125669861,100.0,0.08,0.6,0.27,1.0,false
0.02,0.02,0.0,0.0025,0.3,0.275,0.15,1.0,10.0,1.0,7.280600428463899,88.77701665041486,-0.8174588787546213,-0.6621005580783249,-0.6621005580783249,-2.3120220978573505,true,0.0,0.8174588787546213,-0.011227904714544172,0.011227904714544172,71.98854540588437,-2.1246832751009284,69.86386213078343,103.04117638261047,-107.58505156510958,100.0,0.08,0.6,0.27,1.0,false
0.02,0.02,0.0,0.0025,0.3,0.275,0.15,1.0,10.0,1.0,7.509722024834062,86.54922499987009,-0.8977541253812973,-0.7454698273005245,-0.7454698273005245,-2.642970449140351,true,0.0,0.8977541253812973,-0.01195455866958184,0.01195455866958184,74.19946612295932,-2.1009107243219516,72.09855539863737,102.91394288374556,-108.14289632274435,100.0,0.08,0.6,0.27,1.0,false
0.02,0.02,0.0,0.0025,0.3,0.275,0.15,1.0,10.0,1.0,7.738843621204225,83.10078805221464,-0.500046905093086,-0.8684352665888515,-0.8684352665888515,-3.107312314625726,true,0.0,0.500046905093086,-0.00646151969944154,0.00646151969944154,76.88838930694916,-1.6172443179201432,75.27114498902903,102.1485581468913,-106.99754049771362,100.0,0.08,0.6,0.27,1.0,false
