gross_delta,delta,iota,kappa,lambda,sigmah,sigmal,mu_b,m,c,p,vb,debt_diff,eq_deriv,eq_deriv_min_val,eq_min_val,eq_negative,eq_vb,abs_debt_diff,debt_per_diff,abs_debt_per_diff,debt,equity,firm_value,leverage,ROE,V0,r,alpha,pi,xi,opt
0.02,0.02,0.0,0.003,0.3,0.35,0.15,1.0,3.0,4.0,25.996302261805127,88.29257978017378,-2.146924171157906,-0.4799042623923039,-0.4799042623923039,-0.6472192192208849,true,0.0,2.146924171157906,-0.027528583995479212,0.027528583995479212,75.84198261425747,2.639606077147346,78.48158869140482,96.6366556524149,-89.07358151540541,100.0,0.08,0.6,0.27,1.0,false
0.02,0.02,0.0,0.003,0.3,0.35,0.15,1.0,3.0,4.0,26.79791137008438,86.527569395687,-1.9595170354292577,-0.6495585866012565,-0.6495585866012565,-1.0511517475229026,true,0.0,1.9595170354292577,-0.02437400199301537,0.02437400199301537,78.43421707482388,3.1500437418667993,81.58426081669067,96.13890754131543,-85.39332537661127,100.0,0.08,0.6,0.27,1.0,false
0.02,0.02,0.0,0.003,0.3,0.35,0.15,1.0,3.0,4.0,28.401129586642874,82.35243327875267,-1.3003122837713903,-1.0648538401034735,-1.0648538401034735,-2.200164300881469,true,0.0,1.3003122837713903,-0.015261274260290109,0.015261274260290109,83.90307647615724,4.995503598343824,88.89858007450107,94.38067110390585,-68.96609721140511,100.0,0.08,0.6,0.27,1.0,false
0.02,0.02,0.0,0.003,0.3,0.35,0.15,1.0,3.0,4.0,30.004347803201373,75.96260711428093,-0.7166042611849122,-1.7513236322362609,-1.7513236322362609,-4.289608706090829,true,0.0,0.7166042611849122,-0.007961115789897319,0.007961115789897319,89.29643914841921,9.907314018702962,99.20375316712217,90.01316613292569,-7.439083534151447,100.0,0.08,0.6,0.27,1.0,false
0.02,0.02,0.0,0.003,0.3,0.35,0.15,1.0,3.0,4.0,30.59711961821878,66.44253955305877,-1.414433641544477e-6,-1.992061497841764,-1.992061497841764,-4.078025287546524,true,0.0,1.414433641544477e-6,-4.2609664740764046e-5,4.2609664740764046e-5,91.79135744022268,24.877501133074723,116.6688585732974,78.67682821509273,203.06473880316696,100.0,0.08,0.6,0.27,1.0,false
0.02,0.02,0.0,0.003,0.3,0.35,0.15,1.0,3.0,4.0,30.80595691148062,61.448203607274515,0.3775296325287485,-2.0649664347167156,-2.0649664347167156,-3.738382547362114,true,0.0,0.3775296325287485,0.004085028463959758,0.004085028463959758,92.79540036697061,33.19801010770583,125.99341047467644,73.65099493486737,360.7891041649282,100.0,0.08,0.6,0.27,1.0,false
