gross_delta,delta,iota,kappa,lambda,sigmah,sigmal,mu_b,m,c,p,vb,debt_diff,eq_deriv,eq_deriv_min_val,eq_min_val,eq_negative,eq_vb,abs_debt_diff,debt_per_diff,abs_debt_per_diff,debt,equity,firm_value,leverage,ROE,V0,r,alpha,pi,xi,opt
0.02,0.02,0.0,0.003,0.3,0.35,0.15,1.0,3.0,3.0,22.393147209457783,90.19413440288878,-1.4539988787480809,7.630255034500252e-7,7.630255034500252e-7,0.0013110750437280252,false,0.0,1.4539988787480809,-0.021643509435392238,0.021643509435392238,65.72544274962527,3.0294245046290724,68.75486725425435,95.59387629471189,-91.16130229633835,100.0,0.08,0.6,0.27,1.0,false
0.02,0.02,0.0,0.003,0.3,0.35,0.15,1.0,3.0,3.0,23.156055079192125,88.28607324834408,-1.609777178925313,-0.1335621724736746,-0.1335621724736746,-0.07562440880548879,true,0.0,1.609777178925313,-0.023172875998955567,0.023172875998955567,67.85838805865106,3.536243293798784,71.39463135244985,95.04690587119693,-88.997927981174,100.0,0.08,0.6,0.27,1.0,false
0.02,0.02,0.0,0.003,0.3,0.35,0.15,1.0,3.0,3.0,25.44477868839515,80.18229453040728,-0.8327990175073268,-0.7086610411175895,-0.7086610411175895,-1.2264966262090469,true,0.0,0.8327990175073268,-0.010909887482301029,0.010909887482301029,75.50153704767813,7.39206354630398,82.89360059398211,91.08246777394704,-69.82641906681991,100.0,0.08,0.6,0.27,1.0,false
0.02,0.02,0.0,0.003,0.3,0.35,0.15,1.0,3.0,3.0,26.207686558129495,76.36383310577891,-0.5529531626073663,-1.0091746692016743,-1.0091746692016743,-2.015852279098223,true,0.0,0.5529531626073663,-0.007032964182485143,0.007032964182485143,78.07010651178112,10.303180169710448,88.37328668149156,88.34129570529112,-53.01764609460828,100.0,0.08,0.6,0.27,1.0,false
0.02,0.02,0.0,0.003,0.3,0.35,0.15,1.0,3.0,3.0,26.970594427863837,68.56693915516858,-0.17599499313200795,-1.6728576725097286,-1.6728576725097286,-3.7981180070800558,true,0.0,0.17599499313200795,-0.002175146634886971,0.002175146634886971,80.73578829045951,18.78886923221037,99.52465752266988,81.1213927282989,-2.467489895237751,100.0,0.08,0.6,0.27,1.0,false
0.02,0.02,0.0,0.003,0.3,0.35,0.15,1.0,3.0,3.0,26.970594427863837,68.56693915516858,-0.17599499313200795,-1.6728576725097286,-1.6728576725097286,-3.7981180070800558,true,0.0,0.17599499313200795,-0.002175146634886971,0.002175146634886971,80.73578829045951,18.78886923221037,99.52465752266988,81.1213927282989,-2.467489895237751,100.0,0.08,0.6,0.27,1.0,false
