gross_delta,delta,iota,kappa,lambda,sigmah,sigmal,mu_b,m,c,p,vb,debt_diff,eq_deriv,eq_deriv_min_val,eq_min_val,eq_negative,eq_vb,abs_debt_diff,debt_per_diff,abs_debt_per_diff,debt,equity,firm_value,leverage,ROE,V0,r,alpha,pi,xi,opt
0.02,0.02,0.0,0.003,0.3,0.35,0.15,1.0,3.0,1.0,11.569376674509556,45.783630118463655,0.12567395353524802,-0.027404841589360365,-0.027404841589360365,-0.0023920052335059377,false,0.0,0.12567395353524802,0.0036208794149973954,0.0036208794149973954,34.833803977063916,32.90393817023124,67.73774214729517,51.42451294186643,-49.507658604700076,100.0,0.08,0.6,0.27,1.0,false
0.02,0.02,0.0,0.003,0.3,0.35,0.15,1.0,3.0,1.0,11.777984377385106,46.5748251608809,0.06047707286338522,-0.028687582836129186,-0.028687582836129186,-0.0026639173849510637,false,0.0,0.06047707286338522,0.0017115852459867744,0.0017115852459867744,35.3944302050187,32.21364612640136,67.60807633142005,52.352369902543074,-50.137973817694316,100.0,0.08,0.6,0.27,1.0,false
0.02,0.02,0.0,0.003,0.3,0.35,0.15,1.0,3.0,1.0,11.953277096961598,47.53320328511422,1.0460621990837637e-7,-0.013633490219461752,-0.013633490219461752,0.007383271744678871,false,0.0,1.0460621990837637e-7,1.077308208067185e-6,1.077308208067185e-6,35.85983139549101,31.24700632605726,67.10683772154826,53.4369262701471,-51.28324885029906,100.0,0.08,0.6,0.27,1.0,false
0.02,0.02,0.0,0.003,0.3,0.35,0.15,1.0,3.0,1.0,11.986592080260657,47.36607553441776,-0.00913766860475107,-0.029914486670618284,-0.029914486670618284,-0.0029227968129937492,false,0.0,0.00913766860475107,-0.00025410804960426987,0.00025410804960426987,35.95063857217722,31.54609968708348,67.4967382592607,53.26277906065293,-50.747206554693335,100.0,0.08,0.6,0.27,1.0,false
0.02,0.02,0.0,0.003,0.3,0.35,0.15,1.0,3.0,1.0,12.195199783136207,43.837408408060014,-0.05062465875246147,-0.26965987647292,-0.26965987647292,-0.16220807205870855,true,0.0,0.05062465875246147,-0.0013837318412901654,0.0013837318412901654,36.53497469065616,36.86938416071088,73.40435885136705,49.7722141605161,-41.905980528644534,100.0,0.08,0.6,0.27,1.0,false
0.02,0.02,0.0,0.003,0.3,0.35,0.15,1.0,3.0,1.0,12.403807486011758,42.911060485744486,-0.12246291031774348,-0.3772734602164156,-0.3772734602164156,-0.2780983375278431,true,0.0,0.12246291031774348,-0.003291003198167163,0.003291003198167163,37.08895954771753,38.74586245613642,75.83482200385396,48.907557989432156,-38.41166482451541,100.0,0.08,0.6,0.27,1.0,false
