gross_delta,delta,iota,kappa,lambda,sigmah,sigmal,mu_b,m,c,p,vb,debt_diff,eq_deriv,eq_deriv_min_val,eq_min_val,eq_negative,eq_vb,abs_debt_diff,debt_per_diff,abs_debt_per_diff,debt,equity,firm_value,leverage,ROE,V0,r,alpha,pi,xi,opt
0.02,0.02,0.0,0.003,0.3,0.35,0.15,1.0,3.0,10.0,27.22900974307957,97.25010562811693,-9.72072373939551,-0.4812799241866936,-0.4812799241866936,-0.441801144121915,true,0.0,9.72072373939551,-0.11899959921563796,0.11899959921563796,71.9663054898432,-0.40137856382047643,71.56492692602272,100.56085932182309,-101.43177191174375,100.0,0.08,0.6,0.27,1.0,false
0.02,0.02,0.0,0.003,0.3,0.35,0.15,1.0,3.0,10.0,29.122957032545358,95.74714244938029,-8.15917181291995,-0.791035269100796,-0.791035269100796,-1.0612869079869123,true,0.0,8.15917181291995,-0.09338763006107689,0.09338763006107689,79.20969928471612,-0.9219158197476647,78.28778346496846,101.17759857150664,-104.43435538702875,100.0,0.08,0.6,0.27,1.0,false
0.02,0.02,0.0,0.003,0.3,0.35,0.15,1.0,3.0,10.0,30.069930677278254,95.0947621451289,-7.621566403877765,-0.9471420491082465,-0.9471420491082465,-1.4465588556585285,true,0.0,7.621566403877765,-0.08448712974737971,0.08448712974737971,82.588225627957,-1.2526082312671036,81.3356173966899,101.54004883882284,-107.194029766882,100.0,0.08,0.6,0.27,1.0,false
0.02,0.02,0.0,0.003,0.3,0.35,0.15,1.0,3.0,10.0,31.96387796674404,93.23649733824286,-6.5425901146609675,-1.3415215377873202,-1.3415215377873202,-2.571960260247432,true,0.0,6.5425901146609675,-0.0682289981779644,0.0682289981779644,89.34904378557115,-2.058586373700433,87.29045741187072,102.35831777577613,-119.32771417191319,100.0,0.08,0.6,0.27,1.0,false
0.02,0.02,0.0,0.003,0.3,0.35,0.15,1.0,3.0,10.0,35.33068703395357,89.55862711800626,6.687583903630667e-5,-1.8590794076194812,-1.8590794076194812,-4.106070294713975,true,0.0,6.687583903630667e-5,-0.0025817012985377905,0.0025817012985377905,105.99212797769987,-2.2798519516815694,103.7122760260183,102.1982469569076,-61.95254907494964,100.0,0.08,0.6,0.27,1.0,false
0.02,0.02,0.0,0.003,0.3,0.35,0.15,1.0,3.0,10.0,37.645719835141406,88.3803381518118,12.28191881183426,-1.6133225634513404,-1.6133225634513404,-3.1632709925837297,true,0.0,12.28191881183426,0.10875002404540178,0.10875002404540178,125.21907831725848,0.11211941568679534,125.33119773294527,99.91054149508274,-100.44458173402026,100.0,0.08,0.6,0.27,1.0,false
