gross_delta,delta,iota,kappa,lambda,sigmah,sigmal,mu_b,m,c,p,vb,debt_diff,eq_deriv,eq_deriv_min_val,eq_min_val,eq_negative,eq_vb,abs_debt_diff,debt_per_diff,abs_debt_per_diff,debt,equity,firm_value,leverage,ROE,V0,r,alpha,pi,xi,opt
0.02,0.02,0.0,0.003,0.5,0.35,0.15,1.0,1.0,7.0,58.763967186192296,81.22688435049919,0.5947954386409791,-1.3287023907111381e-5,-9.563735000576654e-6,0.00278926162036716,false,0.0,0.5947954386409791,0.010121771335764028,0.010121771335764028,59.358762624833275,12.453403580955424,71.8121662057887,82.65836523400742,-69.35771549966412,100.0,0.08,0.6,0.27,1.0,false
0.02,0.02,0.0,0.003,0.5,0.35,0.15,1.0,1.0,7.0,60.63894284165258,83.87607868029338,0.2044329575519086,-7.538697400076566e-6,-7.538697400076566e-6,0.0012296920645897182,false,0.0,0.2044329575519086,0.0033713146696133472,0.0033713146696133472,60.84337579920449,9.912036177756185,70.75541197696067,85.9911264724404,-74.68618304037862,100.0,0.08,0.6,0.27,1.0,false
0.02,0.02,0.0,0.003,0.5,0.35,0.15,1.0,1.0,7.0,61.41408427879079,84.97476464993333,1.0968667701283241e-5,-7.901655711212657e-6,-8.10243099097607e-6,0.003288324516495892,false,0.0,1.0968667701283241e-5,2.026157290366303e-6,2.026157290366303e-6,61.4140952474585,8.89012744552063,70.30422269297912,87.35477457116039,-76.96016847982534,100.0,0.08,0.6,0.27,1.0,true
0.02,0.02,0.0,0.003,0.5,0.35,0.15,1.0,1.0,7.0,62.51391849711286,86.53445107399264,-0.3591669389622538,-7.99545682129586e-6,-7.99545682129586e-6,0.0057883453806082015,false,0.0,0.3591669389622538,-0.005745391547945304,0.005745391547945304,62.15475155815061,7.479079457539213,69.63383101568982,89.25941694080564,-80.23773190700257,100.0,0.08,0.6,0.27,1.0,false
0.02,0.02,0.0,0.003,0.5,0.35,0.15,1.0,1.0,7.0,66.26386980803343,91.84234766516326,-2.61866972537765,3.1390321777735597e-6,3.1390321777735597e-6,0.0021698277903501994,false,0.0,2.61866972537765,-0.03951881670907452,0.03951881670907452,63.64520008265578,3.2102443642079863,66.85544444686377,95.19823046459669,-91.16968221113373,100.0,0.08,0.6,0.27,1.0,false
0.02,0.02,0.0,0.003,0.5,0.35,0.15,1.0,1.0,7.0,68.13884546349371,94.49025395072069,-4.692910021779589,1.273750235429756e-7,1.273750235429756e-7,0.0073562932809854665,false,0.0,4.692910021779589,-0.06887275517889245,0.06887275517889245,63.44593544171412,1.567715527271344,65.01365096898546,97.58863638035155,-95.71124156447335,100.0,0.08,0.6,0.27,1.0,false
