gross_delta,delta,iota,kappa,lambda,sigmah,sigmal,mu_b,m,c,p,vb,debt_diff,eq_deriv,eq_deriv_min_val,eq_min_val,eq_negative,eq_vb,abs_debt_diff,debt_per_diff,abs_debt_per_diff,debt,equity,firm_value,leverage,ROE,V0,r,alpha,pi,xi,opt
0.02,0.02,0.0,0.003,0.5,0.35,0.15,1.0,1.0,6.0,57.30144198630389,79.43534136355439,0.31153186825483914,1.213594331771553e-5,2.1466624582662866e-5,0.002479319311118512,false,0.0,0.31153186825483914,0.005436719521461624,0.005436719521461624,57.61297385455873,13.586935643661192,71.19990949821992,80.91720096357584,-67.94553220827343,100.0,0.08,0.6,0.27,1.0,false
0.02,0.02,0.0,0.003,0.5,0.35,0.15,1.0,1.0,6.0,59.030829398729345,81.87828737409853,0.056536783165846316,-1.5309988188501322e-6,2.3759621686318677e-6,0.0015990650351563132,false,0.0,0.056536783165846316,0.0009577501068799702,0.0009577501068799702,59.08736618189519,11.270303426677664,70.35766960857285,83.98141455028464,-72.45275511524196,100.0,0.08,0.6,0.27,1.0,false
0.02,0.02,0.0,0.003,0.5,0.35,0.15,1.0,1.0,6.0,59.339234140034584,82.31569358638,-1.8843044944302778e-6,-8.825952347490754e-7,1.646317472253935e-6,0.0012892590660119147,false,0.0,1.8843044944302778e-6,-2.2108132784030583e-7,2.2108132784030583e-7,59.339232255730096,10.862932673284668,70.20216492901477,84.52621413560568,-73.28399517292557,100.0,0.08,0.6,0.27,1.0,true
0.02,0.02,0.0,0.003,0.5,0.35,0.15,1.0,1.0,6.0,60.7602168111548,84.33025488968947,-0.31703677812677,1.1350107382603059e-6,-8.094735292861477e-7,0.001290875128696716,false,0.0,0.31703677812677,-0.005217834872316751,0.005217834872316751,60.44318003302803,9.022541155088643,69.46572118811667,87.01152021346593,-77.19093404722112,100.0,0.08,0.6,0.27,1.0,false
0.02,0.02,0.0,0.003,0.5,0.35,0.15,1.0,1.0,6.0,62.48960422358025,86.77275527173019,-0.8692385838394472,-9.977272038603005e-6,-9.977272038603005e-6,0.005361462738022418,false,0.0,0.8692385838394472,-0.013910131047228538,0.013910131047228538,61.620365639740804,6.890354516878976,68.51072015661978,89.94266225617363,-82.04684689749493,100.0,0.08,0.6,0.27,1.0,false
0.02,0.02,0.0,0.003,0.5,0.35,0.15,1.0,1.0,6.0,64.2189916360057,89.22502318697074,-1.7065851657681463,4.9518373967327295e-6,4.9518373967327295e-6,0.0032463572702404186,false,0.0,1.7065851657681463,-0.026574462200233524,0.026574462200233524,62.51240647023755,4.901889727351997,67.41429619758955,92.72870888841635,-86.92396799634457,100.0,0.08,0.6,0.27,1.0,false
