gross_delta,delta,iota,kappa,lambda,sigmah,sigmal,V0,r,alpha,pi,xi,mu_b,m,c,p,vb,sg_debt,debt,debt_diff,abs_debt_diff,debt_per_diff,abs_debt_per_diff,eq_vb,eq_min_val,sg_equity,equity,eq_negative,firm_value,leverage,ROE,cvml_vb,cvmh_vb,eq_deriv
0.02,0.019,0.001,0.0025,NaN,NaN,0.3,100.0,0.08,0.6,0.27,1.0,1.0,7.0,0.951995199519952,8.918756915401252,46.96369337277258,62.43174521068144,62.44527480454334,0.013976396734577179,0.013976396734577179,0.00022386842963415036,0.00022386842963415036,-9.059419880941277e-14,NaN,41.291858093519224,41.27296154998912,false,103.71823635453245,60.20664928305494,9.900848255926764,NaN,NaN,NaN
