gross_delta,delta,iota,kappa,lambda,sigmah,sigmal,mu_b,m,c,p,vb,debt_diff,eq_deriv,eq_deriv_min_val,eq_min_val,eq_negative,eq_vb,abs_debt_diff,debt_per_diff,abs_debt_per_diff,debt,equity,firm_value,leverage,ROE,V0,r,alpha,pi,xi,opt
0.02,0.02,0.0,0.004,0.3,0.275,0.15,1.0,10.0,3.0,6.461071107110711,100.0,-4.610708686921598,-2.6962162098166726,-2.6962162098166726,-16.449475801490074,true,0.0,4.610708686921598,-0.07136136734120288,0.07136136734120288,60.00000238418551,0.4572639610971632,60.45726634528267,99.24365756386396,-98.85684002911945,100.0,0.08,0.6,0.27,1.0,false
0.02,0.02,0.0,0.004,0.3,0.275,0.15,1.0,10.0,3.0,6.461071107110711,100.0,-4.6107086869215985,-2.696216209816673,-2.696216209816673,-16.449475801490077,true,0.0,4.6107086869215985,-0.0713613673412029,0.0713613673412029,60.00000238418551,0.45726396109716333,60.45726634528267,99.24365756386396,-98.85684002911945,100.0,0.08,0.6,0.27,1.0,false
0.02,0.02,0.0,0.004,0.3,0.275,0.15,1.0,10.0,3.0,6.896765992388713,100.0,-8.96765753970162,-2.764263558369436,-2.764263558369436,-16.925178863956404,true,0.0,8.96765753970162,-0.130026994530456,0.130026994530456,60.00000238418551,0.477985306087192,60.4779876902727,99.20965408350703,-98.80503666355666,100.0,0.08,0.6,0.27,1.0,false
0.02,0.02,0.0,0.004,0.3,0.275,0.15,1.0,10.0,3.0,7.332460877666714,100.0,-13.324606392481627,-2.8333017847683286,-2.8333017847683286,-17.412078428136898,true,0.0,13.324606392481627,-0.18172079762560825,0.18172079762560825,60.00000238418551,0.489912221431733,60.48991460561724,99.19009272103314,-98.77521937341807,100.0,0.08,0.6,0.27,1.0,false
0.02,0.02,0.0,0.004,0.3,0.275,0.15,1.0,10.0,3.0,7.7681557629447155,99.3712120866755,-13.089192919118432,-2.9325526023734603,-2.9325526023734603,-18.002496088603415,true,0.0,13.089192919118432,-0.1684980749427795,0.1684980749427795,64.59236471032872,-1.307563362825409,63.28480134750331,102.0661570155612,-103.69288531167975,100.0,0.08,0.6,0.27,1.0,false
0.02,0.02,0.0,0.004,0.3,0.275,0.15,1.0,10.0,3.0,8.058619019796717,98.78707811377129,-11.726935511140468,-3.007034098072768,-3.007034098072768,-18.41865532669336,true,0.0,11.726935511140468,-0.14552041090827353,0.14552041090827353,68.8592546868267,-2.9374814130164615,65.92177327381025,104.4560109158706,-109.43291942268907,100.0,0.08,0.6,0.27,1.0,false
