gross_delta,delta,iota,kappa,lambda,sigmah,sigmal,mu_b,m,c,p,vb,debt_diff,eq_deriv,eq_deriv_min_val,eq_min_val,eq_negative,eq_vb,abs_debt_diff,debt_per_diff,abs_debt_per_diff,debt,equity,firm_value,leverage,ROE,V0,r,alpha,pi,xi,opt
0.02,0.02,0.0,0.003,0.3,0.2,0.15,1.0,3.0,1.0,11.575258841673639,45.090684246599345,0.14199882171881484,0.5694945283988628,0.5694945283988628,0.028483137713456622,false,0.0,0.14199882171881484,0.00408914748433345,0.00408914748433345,34.867775346739734,45.39829243694792,80.26606778368765,43.440243566816235,-30.298262221762673,100.0,0.08,0.6,0.27,1.0,false
0.02,0.02,0.0,0.003,0.3,0.2,0.15,1.0,3.0,1.0,11.765992388712554,44.124850810170685,0.09718152649029577,0.5043627098525717,0.5043627098525717,0.02506061251500299,false,0.0,0.09718152649029577,0.002753175515777848,0.002753175515777848,35.39515869262796,47.24614645408078,82.64130514670873,42.82986410947021,-26.86903102308289,100.0,0.08,0.6,0.27,1.0,false
0.02,0.02,0.0,0.003,0.3,0.2,0.15,1.0,3.0,1.0,11.956725935751468,45.4272031080918,0.025107638587932968,0.5268540129328941,0.5268540129328941,0.026457231964717994,false,0.0,0.025107638587932968,0.0006999585762537029,0.0006999585762537029,35.89528544584234,45.8309727741451,81.72625821998744,43.92136166227122,-28.50608088204546,100.0,0.08,0.6,0.27,1.0,false
0.02,0.02,0.0,0.003,0.3,0.2,0.15,1.0,3.0,1.0,12.032962896872533,42.43373228668324,8.166924217290579e-7,0.34934123722329335,0.34934123722329335,0.017391606647796244,false,0.0,8.166924217290579e-7,-1.2113231130137e-6,1.2113231130137e-6,36.09888950731002,51.392160299447916,87.49104980675793,41.260094131961935,-19.57548170414509,100.0,0.08,0.6,0.27,1.0,false
0.02,0.02,0.0,0.003,0.3,0.2,0.15,1.0,3.0,1.0,12.147459482790383,36.315249516041916,-0.03418432764900814,-4.40722994149087e-6,-4.40722994149087e-6,-0.00019035426260212754,false,0.0,0.03418432764900814,-0.0009380377764705438,0.0009380377764705438,36.40819412072214,62.49314744363002,98.90134156435217,36.812639287640415,-1.727672961094262,100.0,0.08,0.6,0.27,1.0,false
0.02,0.02,0.0,0.003,0.3,0.2,0.15,1.0,3.0,1.0,12.338193029829297,36.89393878590523,-0.09986725471818403,7.641567251782944e-7,7.641567251782944e-7,0.0027717454494000132,false,0.0,0.09986725471818403,-0.00269805188049663,0.00269805188049663,36.914711834769705,61.9253765987909,98.8400884335606,37.347914616227236,-1.8386403552622443,100.0,0.08,0.6,0.27,1.0,false
