gross_delta,delta,iota,kappa,lambda,sigmah,sigmal,V0,r,alpha,pi,xi,mu_b,m,c,p,vb,sg_debt,debt,debt_diff,abs_debt_diff,debt_per_diff,abs_debt_per_diff,eq_vb,eq_min_val,sg_equity,equity,eq_negative,firm_value,leverage,ROE,cvml_vb,cvmh_vb,eq_deriv
0.02,0.02,0.0,0.01,NaN,NaN,0.15,100.0,0.08,0.6,0.27,1.0,1.0,5.0,1.582933293329333,15.984285928806653,69.2520558318804,79.92195434452964,79.88221805113803,-0.03921159289524212,0.03921159289524212,-0.0004906267701902848,0.0004906267701902848,1.9539925233402755e-14,NaN,31.143037936584776,31.099363061373957,false,110.98158111251198,71.97790592851102,54.58644069423961,NaN,NaN,NaN
