gross_delta,delta,iota,kappa,lambda,sigmah,sigmal,mu_b,m,c,p,vb,debt_diff,eq_deriv,eq_deriv_min_val,eq_min_val,eq_negative,eq_vb,abs_debt_diff,debt_per_diff,abs_debt_per_diff,debt,equity,firm_value,leverage,ROE,V0,r,alpha,pi,xi,opt
0.02,0.02,0.0,0.0025,0.1,0.35,0.15,1.0,3.0,5.0,26.67547412636,87.35377607498089,1.2994969497805187,1.006992514246581e-6,1.006992514246581e-6,0.0034591708186268253,false,0.0,1.2994969497805187,0.01623834867470253,0.01623834867470253,81.32591932886052,9.167627830659047,90.49354715951957,89.86930215643045,-50.907206667327486,100.0,0.08,0.6,0.27,1.0,false
0.02,0.02,0.0,0.0025,0.1,0.35,0.15,1.0,3.0,5.0,27.13630495950134,88.02021439582701,-8.173093667227633e-5,-0.012700573499014175,-0.012700573499014175,0.1204335479083129,false,0.0,8.173093667227633e-5,0.0012976780083725984,0.0012976780083725984,81.40883314756739,8.263631716640097,89.67246486420748,90.7846497482211,-55.55076353069887,100.0,0.08,0.6,0.27,1.0,false
0.02,0.02,0.0,0.0025,0.1,0.35,0.15,1.0,3.0,5.0,31.672505408435576,85.53280968769478,-2.688167792303716,-0.8793951122182745,-0.8793951122182745,-1.3122441988964093,true,0.0,2.688167792303716,-0.028291286692124204,0.028291286692124204,92.32934843300302,6.4965988820764,98.82594731507942,93.42622149488355,-15.305775196098704,100.0,0.08,0.6,0.27,1.0,false
0.02,0.02,0.0,0.0025,0.1,0.35,0.15,1.0,3.0,5.0,32.50534395544817,84.38206590499932,-2.417295721465493,-1.0971254507192245,-1.0971254507192245,-1.887189611304813,true,0.0,2.417295721465493,-0.024788700639281947,0.024788700639281947,95.09873614487901,6.782297399107525,101.88103354398653,93.34292442549742,38.378540710906165,100.0,0.08,0.6,0.27,1.0,false
0.02,0.02,0.0,0.0025,0.1,0.35,0.15,1.0,3.0,5.0,33.33818250246077,83.34702861338491,-2.2676847421937225,-1.3040873579377725,-1.3040873579377725,-2.4878748505674855,true,0.0,2.2676847421937225,-0.022673548985724698,0.022673548985724698,97.74686276518858,7.022830845407072,104.76969361059565,93.29688710219075,211.6912160033103,100.0,0.08,0.6,0.27,1.0,false
0.02,0.02,0.0,0.0025,0.1,0.35,0.15,1.0,3.0,5.0,34.17102104947336,82.4280136309845,-2.166945568467426,-1.4885866570469912,-1.4885866570469912,-3.059353102533595,true,0.0,2.166945568467426,-0.021138238405090742,0.021138238405090742,100.34611757995266,7.25468750428529,107.60080508423795,93.2577758144042,-2196.018210134693,100.0,0.08,0.6,0.27,1.0,false
