gross_delta,delta,iota,kappa,lambda,sigmah,sigmal,mu_b,m,c,p,vb,debt_diff,eq_deriv,eq_deriv_min_val,eq_min_val,eq_negative,eq_vb,abs_debt_diff,debt_per_diff,abs_debt_per_diff,debt,equity,firm_value,leverage,ROE,V0,r,alpha,pi,xi,opt
0.02,0.02,0.0,0.0025,0.1,0.35,0.15,1.0,3.0,1.0,11.631589474736947,39.407668837949196,0.16769357296166731,2.310157739207272e-6,2.310157739207272e-6,0.002811473150530464,false,0.0,0.16769357296166731,0.0048056938198597545,0.0048056938198597545,35.062461997172505,49.196634943026154,84.25909694019866,41.612672424032084,-24.240067523218933,100.0,0.08,0.6,0.27,1.0,false
0.02,0.02,0.0,0.0025,0.1,0.35,0.15,1.0,3.0,1.0,11.841651270390196,40.13129807050988,0.09578045478168207,-1.602554231899811e-6,-1.602554231899811e-6,0.0026462781596494713,false,0.0,0.09578045478168207,0.002696145793483468,0.002696145793483468,35.62073426595227,48.491334277433985,84.11206854338626,42.34913595969711,-24.678646572713582,100.0,0.08,0.6,0.27,1.0,false
0.02,0.02,0.0,0.0025,0.1,0.35,0.15,1.0,3.0,1.0,12.051713066043446,40.854817854065125,0.02374281614264362,1.7344595248434502e-7,1.7344595248434502e-7,0.0007889991675408708,false,0.0,0.02374281614264362,0.0006566927045290262,0.0006566927045290262,36.17888201427298,47.78759571881587,83.96647773308885,43.08729268039296,-25.1225969913233,100.0,0.08,0.6,0.27,1.0,false
0.02,0.02,0.0,0.0025,0.1,0.35,0.15,1.0,3.0,1.0,12.121055158209506,41.0924308986686,5.467556443044305e-7,1.8568293358352043e-6,1.8568293358352043e-6,0.0005466747235266508,false,0.0,5.467556443044305e-7,3.2363763116734532e-9,3.2363763116734532e-9,36.363166021384174,47.561156574411896,83.92432259579607,43.32851895215139,-25.26159206727021,100.0,0.08,0.6,0.27,1.0,true
0.02,0.02,0.0,0.0025,0.1,0.35,0.15,1.0,3.0,1.0,12.261774861696695,41.57773714678959,-0.048136876918690064,4.402926570231812e-6,4.402926570231812e-6,0.0010986758542658706,false,0.0,0.048136876918690064,-0.0013085891578132496,0.0013085891578132496,36.7371877081714,47.08619482290225,83.82338253107365,43.826897219940726,-25.570500081950698,100.0,0.08,0.6,0.27,1.0,false
0.02,0.02,0.0,0.0025,0.1,0.35,0.15,1.0,3.0,1.0,12.471836657349945,42.332728070130486,-0.12007459573708701,-4.038351850973315e-6,-4.038351850973315e-6,0.004930360045361747,false,0.0,0.12007459573708701,-0.0032092198082235212,0.0032092198082235212,37.295435376312746,46.22759854895638,83.52303392526912,44.65287433126798,-26.277139748302382,100.0,0.08,0.6,0.27,1.0,false
