gross_delta,delta,iota,kappa,lambda,sigmah,sigmal,mu_b,m,c,p,vb,debt_diff,eq_deriv,eq_deriv_min_val,eq_min_val,eq_negative,eq_vb,abs_debt_diff,debt_per_diff,abs_debt_per_diff,debt,equity,firm_value,leverage,ROE,V0,r,alpha,pi,xi,opt
0.02,0.02,0.0,0.005,0.2,0.35,0.15,1.0,1.0,5.5,55.580737021070526,63.41910140508109,0.3765057573765489,-4.0245584642661925e-16,-0.009629549641237384,-0.013119673727581008,true,-1.320755279154167e-7,0.3765057573765489,0.006774033191280218,0.006774033191280218,55.957242778447075,45.85201410616657,101.80925688461365,54.96282409944969,4.107955538551655,100.0,0.08,0.6,0.27,1.0,false
0.02,0.02,0.0,0.005,0.2,0.35,0.15,1.0,1.0,5.5,57.099057274148464,65.2202603775536,0.3154809803702321,-5.967448757360216e-16,-0.009138989662168223,-0.013461494870029168,true,-8.084366158906167e-7,0.3154809803702321,0.0055251521729250295,0.0055251521729250295,57.414538254518696,43.55954267743387,100.97408093195256,56.860669316921964,2.2873555716603766,100.0,0.08,0.6,0.27,1.0,false
0.02,0.02,0.0,0.005,0.2,0.35,0.15,1.0,1.0,5.5,58.6173775272264,67.02132473449477,0.23433455795035485,3.0531133177191805e-16,-0.008679281036578043,-0.013902335986456302,true,-2.3426491828548026e-7,0.23433455795035485,0.003997697744862637,0.003997697744862637,58.85171208517676,41.207660186411644,100.0593722715884,58.81679122015394,0.14428855876409408,100.0,0.08,0.6,0.27,1.0,false
0.02,0.02,0.0,0.005,0.2,0.35,0.15,1.0,1.0,5.5,60.13569778030434,68.82122253431488,0.12478621203098328,2.220446049250313e-16,-0.0008318059216263773,-0.001074613510636124,false,0.0,0.12478621203098328,0.0020750771444752953,0.0020750771444752953,60.260483992335324,38.79458614158389,99.05507013391922,60.83533524418803,-2.377809196011682,100.0,0.08,0.6,0.27,1.0,false
0.02,0.02,0.0,0.005,0.2,0.35,0.15,1.0,1.0,5.5,61.54979948902557,70.49872370129701,3.9176207674088137e-7,-1.1128776400758203e-16,0.0006810172736041849,0.005613460451232382,false,-3.4114007788400113e-9,3.9176207674088137e-7,-1.7272121421540824e-7,1.7272121421540824e-7,61.54979988078764,36.491632212793846,98.04143209358148,62.779376602779294,-5.093778186709308,100.0,0.08,0.6,0.27,1.0,true
0.02,0.02,0.0,0.005,0.2,0.35,0.15,1.0,1.0,5.5,61.65401803338228,70.62247680414605,-0.009924635783562508,-1.1271975648881327e-16,0.00012040630399075391,0.005264148062182759,false,0.0,0.009924635783562508,-0.0001609730573956893,0.0001609730573956893,61.644093397598716,36.31978210152625,97.96387549912497,62.92533148930938,-5.308503125689546,100.0,0.08,0.6,0.27,1.0,false
