gross_delta,delta,iota,kappa,lambda,sigmah,sigmal,mu_b,m,c,p,vb,debt_diff,eq_deriv,eq_deriv_min_val,eq_min_val,eq_negative,eq_vb,abs_debt_diff,debt_per_diff,abs_debt_per_diff,debt,equity,firm_value,leverage,ROE,V0,r,alpha,pi,xi,opt
0.02,0.02,0.0,0.0025,0.3,0.35,0.15,1.0,5.0,2.0,14.439483422026413,89.19830075284946,-1.5917224656718076,-0.3143232051147096,-0.3143232051147096,-0.46426554039201495,true,0.0,1.5917224656718076,-0.022046806234684923,0.022046806234684923,70.60569464446026,1.1297985097546408,71.7354931542149,98.42504949770704,-96.1564034390705,100.0,0.08,0.6,0.27,1.0,false
0.02,0.02,0.0,0.0025,0.3,0.35,0.15,1.0,5.0,2.0,15.428448107968691,84.80589617700088,-1.472112990958081,-0.5666733037949134,-0.5666733037949134,-1.148006274774922,true,0.0,1.472112990958081,-0.019083098710332952,0.019083098710332952,75.67012754888538,2.045388014608122,77.7155155634935,97.36810854334867,-91.59310013351748,100.0,0.08,0.6,0.27,1.0,false
0.02,0.02,0.0,0.0025,0.3,0.35,0.15,1.0,5.0,2.0,15.92293045093983,81.67775170882433,-1.0137263488994819,-0.7429046983200197,-0.7429046983200197,-1.6748089280113978,true,0.0,1.0137263488994819,-0.012732911847136128,0.012732911847136128,78.60092590579967,3.2199442167078787,81.82087012250754,96.06464192829193,-84.95288065953956,100.0,0.08,0.6,0.27,1.0,false
0.02,0.02,0.0,0.0025,0.3,0.35,0.15,1.0,5.0,2.0,16.41741279391097,78.26319928631399,-0.7818941798806804,-0.9539874469213216,-0.9539874469213216,-2.3273790702770007,true,0.0,0.7818941798806804,-0.009525181460633993,0.009525181460633993,81.30516978967417,4.962472890536809,86.26764268021097,94.24758491554893,-73.45537330531167,100.0,0.08,0.6,0.27,1.0,false
0.02,0.02,0.0,0.0025,0.3,0.35,0.15,1.0,5.0,2.0,16.91189513688211,71.32727791260756,-0.17913160338017065,-1.3795949858619754,-1.3795949858619754,-3.5914698208820828,true,0.0,0.17913160338017065,-0.0021184095801246258,0.0021184095801246258,84.38034408103037,10.399906460665148,94.78025054169552,89.02734862882637,-33.417826137675945,100.0,0.08,0.6,0.27,1.0,false
0.02,0.02,0.0,0.0025,0.3,0.35,0.15,1.0,5.0,2.0,16.91189513688211,71.32727791260756,-0.17913160338017065,-1.3795949858619754,-1.3795949858619754,-3.5914698208820828,true,0.0,0.17913160338017065,-0.0021184095801246258,0.0021184095801246258,84.38034408103037,10.399906460665148,94.78025054169552,89.02734862882637,-33.417826137675945,100.0,0.08,0.6,0.27,1.0,false
