gross_delta,delta,iota,kappa,lambda,sigmah,sigmal,mu_b,m,c,p,vb,debt_diff,eq_deriv,eq_deriv_min_val,eq_min_val,eq_negative,eq_vb,abs_debt_diff,debt_per_diff,abs_debt_per_diff,debt,equity,firm_value,leverage,ROE,V0,r,alpha,pi,xi,opt
0.02,0.02,0.0,0.0025,0.3,0.35,0.15,1.0,5.0,1.0,10.815776314473553,51.89385435428355,0.22566284547765747,-0.8137068475011303,-0.8137068475011303,-1.3081832038003052,true,0.0,0.22566284547765747,0.004172846015235688,0.004172846015235688,54.30454441784542,28.847576269500326,83.15212068734574,65.30746776986241,-36.86992305474212,100.0,0.08,0.6,0.27,1.0,false
0.02,0.02,0.0,0.0025,0.3,0.35,0.15,1.0,5.0,1.0,11.085369833043632,60.36672111028265,-1.1090527476121867e-5,-0.4667211074760766,-0.4667211074760766,-0.6735658842043832,true,0.0,1.1090527476121867e-5,-2.1342369433355367e-5,2.1342369433355367e-5,55.42683807469068,19.215703445733716,74.6425415204244,74.25636499733099,-56.889521371776986,100.0,0.08,0.6,0.27,1.0,false
0.02,0.02,0.0,0.0025,0.3,0.35,0.15,1.0,5.0,1.0,11.10089166811418,60.36384556602219,-0.032509863545115536,-0.4709864907021725,-0.4709864907021725,-0.6841421007729253,true,0.0,0.032509863545115536,-0.0005857162562624722,0.0005857162562624722,55.471948477025784,19.25228860857036,74.72423708559614,74.23555012476476,-56.76368502529881,100.0,0.08,0.6,0.27,1.0,false
0.02,0.02,0.0,0.0025,0.3,0.35,0.15,1.0,5.0,1.0,11.671122375395433,45.66770781174211,-0.7275335920441819,-1.4985752522809357,-1.4985752522809357,-2.722114344225129,true,0.0,0.7275335920441819,-0.012467242971900242,0.012467242971900242,57.62807828493298,40.81747316064235,98.44555144557533,58.53802171730646,-3.668581672735227,100.0,0.08,0.6,0.27,1.0,false
0.02,0.02,0.0,0.0025,0.3,0.35,0.15,1.0,5.0,1.0,11.95623772903606,42.0125058268745,0.14897776164612253,-1.968794861978246,-1.968794861978246,-3.6214472386751884,true,0.0,0.14897776164612253,0.0024920508444613116,0.0024920508444613116,59.93016640682642,49.55781746588083,109.48798387270725,54.73675218689053,23.678620602815915,100.0,0.08,0.6,0.27,1.0,false
0.02,0.02,0.0,0.0025,0.3,0.35,0.15,1.0,5.0,1.0,12.241353082676687,42.909978716825236,-0.10849061756284328,-1.9655356850885557,-1.9655356850885557,-3.701303923247171,true,0.0,0.10849061756284328,-0.0017725265635279068,0.0017725265635279068,61.09827479582059,48.18892409993688,109.28719889575747,55.90615864727083,23.873488507290407,100.0,0.08,0.6,0.27,1.0,false
