gross_delta,delta,iota,kappa,lambda,sigmah,sigmal,mu_b,m,c,p,vb,debt_diff,eq_deriv,eq_deriv_min_val,eq_min_val,eq_negative,eq_vb,abs_debt_diff,debt_per_diff,abs_debt_per_diff,debt,equity,firm_value,leverage,ROE,V0,r,alpha,pi,xi,opt
0.02,0.02,0.0,0.005,0.1,0.35,0.15,1.0,5.0,1.0,10.818104178838935,61.49042091060034,0.412882131577895,1.6856480503980344e-7,1.6856480503980344e-7,0.0008096040789206264,false,0.0,0.412882131577895,0.007633169818895348,0.007633169818895348,54.50340302577257,24.884130987913693,79.38753401368626,68.65486338998296,-45.30551152647775,100.0,0.08,0.6,0.27,1.0,false
0.02,0.02,0.0,0.005,0.1,0.35,0.15,1.0,5.0,1.0,11.08946157773672,62.93657162520073,0.08298946299574794,4.817168518633352e-7,4.817168518633352e-7,0.0007971570391879005,false,0.0,0.08298946299574794,0.0014967266429302241,0.0014967266429302241,55.53029735167935,23.58847701713215,79.1187743688115,70.18599288814225,-46.95607208423071,100.0,0.08,0.6,0.27,1.0,false
0.02,0.02,0.0,0.005,0.1,0.35,0.15,1.0,5.0,1.0,11.348005352122305,50.68177485580866,-3.272985666963324e-6,-0.819006075880432,-0.819006075880432,-1.1507518274419746,true,0.0,3.272985666963324e-6,-3.3112420126679178e-6,3.3112420126679178e-6,56.74002348762585,36.34756600971254,93.08758949733839,60.953370684551025,-15.978766194393046,100.0,0.08,0.6,0.27,1.0,false
0.02,0.02,0.0,0.005,0.1,0.35,0.15,1.0,5.0,1.0,11.360818976634505,50.207801826359464,-0.008676016742562354,-0.8542067046866236,-0.8542067046866236,-1.2068093757226976,true,0.0,0.008676016742562354,-0.00015273576245526115,0.00015273576245526115,56.79541886642996,36.88072408042935,93.67614294685931,60.629544598830165,-14.637005815633374,100.0,0.08,0.6,0.27,1.0,false
0.02,0.02,0.0,0.005,0.1,0.35,0.15,1.0,5.0,1.0,11.63217637553229,45.93315165012771,-0.27486338022207946,-1.3362749776695315,-1.3362749776695315,-2.186413835241618,true,0.0,0.27486338022207946,-0.004725914933687578,0.004725914933687578,57.886018497439366,43.44770269038504,101.33372118782441,57.1241417160101,3.1669320739558193,100.0,0.08,0.6,0.27,1.0,false
0.02,0.02,0.0,0.005,0.1,0.35,0.15,1.0,5.0,1.0,11.903533774430073,41.43557658196765,-0.12866440875718865,-1.9665065781848947,-1.9665065781848947,-3.444744994675945,true,0.0,0.12866440875718865,-0.002161785083242626,0.002161785083242626,59.38900446339318,52.18440247779635,111.57340694118952,53.22863762213266,28.498210369546918,100.0,0.08,0.6,0.27,1.0,false
