gross_delta,delta,iota,kappa,lambda,sigmah,sigmal,mu_b,m,c,p,vb,debt_diff,eq_deriv,eq_deriv_min_val,eq_min_val,eq_negative,eq_vb,abs_debt_diff,debt_per_diff,abs_debt_per_diff,debt,equity,firm_value,leverage,ROE,V0,r,alpha,pi,xi,opt
0.02,0.02,0.0,0.005,0.1,0.35,0.15,1.0,5.0,2.0,17.582122685952807,76.20649807182663,-0.7366949832001808,-0.9890689345738142,-0.9890689345738142,-2.11261465319077,true,0.0,0.7366949832001808,-0.008380045986014661,0.008380045986014661,87.17391844656386,10.06731925094724,97.2412376975111,89.64706796280842,-21.509003283624228,100.0,0.08,0.6,0.27,1.0,false
0.02,0.02,0.0,0.005,0.1,0.35,0.15,1.0,5.0,2.0,18.062086471805074,73.15982314413749,-0.44126933740909635,-1.2833314981904038,-1.2833314981904038,-3.045619549398207,true,0.0,0.44126933740909635,-0.004886139130137795,0.004886139130137795,89.86916302161627,12.282153321348316,102.15131634296459,87.97650998435302,21.235326829904345,100.0,0.08,0.6,0.27,1.0,false
0.02,0.02,0.0,0.005,0.1,0.35,0.15,1.0,5.0,2.0,18.542050257657344,69.46151643230664,-0.22991450243299028,-1.6632356333450498,-1.6632356333450498,-4.269100870560283,true,0.0,0.22991450243299028,-0.002479925350628818,0.002479925350628818,92.48033678585372,15.650972003108732,108.13130878896246,85.52595711788304,108.13394905327046,100.0,0.08,0.6,0.27,1.0,false
0.02,0.02,0.0,0.005,0.1,0.35,0.15,1.0,5.0,2.0,19.022014043509614,65.17986412951377,-0.19697056258964096,-2.100777070120002,-2.100777070120002,-5.634573734602179,true,0.0,0.19697056258964096,-0.0020709748414558457,0.0020709748414558457,94.91309965495843,20.61228150770449,115.52538116266292,82.15778965603945,305.20317107836024,100.0,0.08,0.6,0.27,1.0,false
0.02,0.02,0.0,0.005,0.1,0.35,0.15,1.0,5.0,2.0,19.501977829361884,55.64121345512954,-0.09595460980415282,-2.8797472003164293,-2.8797472003164293,-7.14006038380544,true,0.0,0.09595460980415282,-0.0009840500347578593,0.0009840500347578593,97.41393453700528,36.68807390707337,134.10200844407865,72.64166709153164,1318.683108840861,100.0,0.08,0.6,0.27,1.0,false
0.02,0.02,0.0,0.005,0.1,0.35,0.15,1.0,5.0,2.0,19.501977829361884,55.64121345512954,-0.09595460980415282,-2.8797472003164293,-2.8797472003164293,-7.14006038380544,true,0.0,0.09595460980415282,-0.0009840500347578593,0.0009840500347578593,97.41393453700528,36.68807390707337,134.10200844407865,72.64166709153164,1318.683108840861,100.0,0.08,0.6,0.27,1.0,false
