gross_delta,delta,iota,kappa,lambda,sigmah,sigmal,mu_b,m,c,p,vb,debt_diff,eq_deriv,eq_deriv_min_val,eq_min_val,eq_negative,eq_vb,abs_debt_diff,debt_per_diff,abs_debt_per_diff,debt,equity,firm_value,leverage,ROE,V0,r,alpha,pi,xi,opt
0.02,0.02,0.0,0.005,0.1,0.35,0.15,1.0,5.0,6.0,21.015460756601975,91.21193104058273,0.5986848928233854,-1.4297153417665762,-1.4297153417665762,-3.09942713262232,true,0.0,0.5986848928233854,0.0056975661847938255,0.0056975661847938255,105.67598867583327,-1.910384868218979,103.76560380761428,101.84105792104377,-66.3426941573571,100.0,0.08,0.6,0.27,1.0,false
0.02,0.02,0.0,0.005,0.1,0.35,0.15,1.0,5.0,6.0,21.368165863021503,91.21193104058274,6.188210997118068e-6,-1.4835455534057316,-1.4835455534057316,-3.307958974975511,true,0.0,6.188210997118068e-6,9.982881685367551e-7,9.982881685367551e-7,106.84083550331854,-2.22361351977481,104.61722198354373,102.12547559342056,-67.49500088554801,100.0,0.08,0.6,0.27,1.0,false
0.02,0.02,0.0,0.005,0.1,0.35,0.15,1.0,5.0,6.0,21.51806364847011,91.21193104058273,-0.21317340684855424,-1.5052583548645608,-1.5052583548645608,-3.3933800642284853,true,0.0,0.21317340684855424,-0.0019813437708063515,0.0019813437708063515,107.377144835502,-2.3492250699128943,105.0279197655891,102.23676244864804,-68.15536196866555,100.0,0.08,0.6,0.27,1.0,false
0.02,0.02,0.0,0.005,0.1,0.35,0.15,1.0,5.0,6.0,22.52326943220638,91.21193104058273,-1.0225830341791777,-1.6319171530939562,-1.6319171530939562,-3.8979259584844628,true,0.0,1.0225830341791777,-0.009080236217544599,0.009080236217544599,111.59376412685272,-3.0639149371668983,108.52984918968582,102.82310807583623,-73.57273355190608,100.0,0.08,0.6,0.27,1.0,false
0.02,0.02,0.0,0.005,0.1,0.35,0.15,1.0,5.0,6.0,23.025872324074513,91.21193104058273,-1.053856677528671,-1.6825655555054906,-1.6825655555054906,-4.095192982860624,true,0.0,1.053856677528671,-0.009153674290348773,0.009153674290348773,114.07550494284389,-3.3322623699415796,110.74324257290232,103.00899837545208,-76.32580583451303,100.0,0.08,0.6,0.27,1.0,false
0.02,0.02,0.0,0.005,0.1,0.35,0.15,1.0,5.0,6.0,23.52847521594265,91.21193104058273,-0.9524034709808262,-1.7263079190731325,-1.7263079190731325,-4.261495932109713,true,0.0,0.9524034709808262,-0.008095751741153949,0.008095751741153949,116.68997260873242,-3.5497015853037905,113.14027102342862,103.13743422496198,-78.73153139001235,100.0,0.08,0.6,0.27,1.0,false
