gross_delta,delta,iota,kappa,lambda,sigmah,sigmal,mu_b,m,c,p,vb,debt_diff,eq_deriv,eq_deriv_min_val,eq_min_val,eq_negative,eq_vb,abs_debt_diff,debt_per_diff,abs_debt_per_diff,debt,equity,firm_value,leverage,ROE,V0,r,alpha,pi,xi,opt
0.02,0.02,0.0,0.005,0.1,0.275,0.15,1.0,7.0,4.0,14.861876977171402,91.21193104058273,5.313993705877905,-1.178328380098572,-1.178328380098572,-2.463345450351232,true,0.0,5.313993705877905,0.05107981711520278,0.05107981711520278,109.34713254607772,-1.2571323148466194,108.0900002312311,101.16304219831372,-86.55060994749515,100.0,0.08,0.6,0.27,1.0,false
0.02,0.02,0.0,0.005,0.1,0.275,0.15,1.0,7.0,4.0,15.159877829888252,91.21193104058273,4.975329211987827,-1.218758322426207,-1.218758322426207,-2.6096310617242007,true,0.0,4.975329211987827,0.046884369648215046,0.046884369648215046,111.0944740212056,-1.4810908690045084,109.6133831522011,101.35119528876137,-86.65019300443085,100.0,0.08,0.6,0.27,1.0,false
0.02,0.02,0.0,0.005,0.1,0.275,0.15,1.0,7.0,4.0,15.457878682605102,91.21193104058273,4.747860978912712,-1.2559816382143374,-1.2559816382143374,-2.7447888082020273,true,0.0,4.747860978912712,0.043878326907407186,0.043878326907407186,112.95301175714843,-1.6819477345321767,111.27106402261626,101.51157693089941,-87.01500650144972,100.0,0.08,0.6,0.27,1.0,false
0.02,0.02,0.0,0.005,0.1,0.275,0.15,1.0,7.0,4.0,15.755879535321954,91.21193104058273,4.582920374565106,-1.290451287182868,-1.290451287182868,-2.868804301588551,true,0.0,4.582920374565106,0.04155292690480575,0.04155292690480575,114.87407712181879,-1.8624052599210472,113.01167186189774,101.64797602693369,-87.47885166475919,100.0,0.08,0.6,0.27,1.0,false
0.02,0.02,0.0,0.005,0.1,0.275,0.15,1.0,7.0,4.0,16.053880388038802,91.21193104058273,4.432413068859248,-1.3226146012814504,-1.3226146012814504,-2.9845255316368218,true,0.0,4.432413068859248,0.03944229380528272,0.03944229380528272,116.80957578513086,-2.02513063094391,114.78444515418695,101.76429012504578,-87.95251791698833,100.0,0.08,0.6,0.27,1.0,false
0.02,0.02,0.0,0.005,0.1,0.275,0.15,1.0,7.0,4.0,16.053880388038802,91.21193104058273,4.432413068859248,-1.3226146012814504,-1.3226146012814504,-2.9845255316368218,true,0.0,4.432413068859248,0.03944229380528272,0.03944229380528272,116.80957578513086,-2.02513063094391,114.78444515418695,101.76429012504578,-87.95251791698833,100.0,0.08,0.6,0.27,1.0,false
