gross_delta,delta,iota,kappa,lambda,sigmah,sigmal,mu_b,m,c,p,vb,debt_diff,eq_deriv,eq_deriv_min_val,eq_min_val,eq_negative,eq_vb,abs_debt_diff,debt_per_diff,abs_debt_per_diff,debt,equity,firm_value,leverage,ROE,V0,r,alpha,pi,xi,opt
0.02,0.02,0.0,0.005,0.1,0.275,0.15,1.0,7.0,1.0,9.664221685326426,76.42148268882175,0.41206502371251474,0.3128451392862072,0.3128451392862072,0.03322823248382391,false,0.0,0.41206502371251474,0.0060911715268607645,0.0060911715268607645,68.0616168209975,16.21548139987616,84.27709822087365,80.75932638618077,-49.22885949174525,100.0,0.08,0.6,0.27,1.0,false
0.02,0.02,0.0,0.005,0.1,0.275,0.15,1.0,7.0,1.0,9.939158389523161,73.51720028931766,0.3302067866808187,0.14474852666706936,0.14474852666706936,0.015441467413936611,false,0.0,0.3302067866808187,0.004746115943477076,0.004746115943477076,69.90431551334295,17.991372933605092,87.89568844694804,79.53099491966059,-40.219426005806305,100.0,0.08,0.6,0.27,1.0,false
0.02,0.02,0.0,0.005,0.1,0.275,0.15,1.0,7.0,1.0,10.238020324971409,71.47373490361093,-6.257192976802904e-6,-0.013823997474819112,-0.013823997474819112,0.011663876349935473,false,0.0,6.257192976802904e-6,6.0606971970786384e-5,6.0606971970786384e-5,71.6661360176069,19.2410913398492,90.9072273574561,78.83436565038845,-32.09153770270876,100.0,0.08,0.6,0.27,1.0,false
0.02,0.02,0.0,0.005,0.1,0.275,0.15,1.0,7.0,1.0,10.489031797916633,69.02721492046417,-0.19315139484881172,-0.18306634277786535,-0.18306634277786535,-0.10599781384086553,true,0.0,0.19315139484881172,-0.0026306580949114608,0.0026306580949114608,73.23007119056761,20.969946138810318,94.20001732937793,77.73891477589945,-21.666036962259096,100.0,0.08,0.6,0.27,1.0,false
0.02,0.02,0.0,0.005,0.1,0.275,0.15,1.0,7.0,1.0,10.763968502113368,63.50758729938374,-0.15163296341209787,-0.5349263739952297,-0.5349263739952297,-0.6700222559383447,true,0.0,0.15163296341209787,-0.002012441035270677,0.002012441035270677,75.19614655138147,26.177564083306542,101.37371063468802,74.17716692087907,5.538295239220292,100.0,0.08,0.6,0.27,1.0,false
0.02,0.02,0.0,0.005,0.1,0.275,0.15,1.0,7.0,1.0,11.038905206310103,51.45151032818717,-0.17752259486391608,-1.469492022985429,-1.469492022985429,-2.7264812002560337,true,0.0,0.17752259486391608,-0.0022973628472095727,0.0022973628472095727,77.0948138493068,42.67902097542185,119.77383482472865,64.36699130667704,86.32907279005117,100.0,0.08,0.6,0.27,1.0,false
