gross_delta,delta,iota,kappa,lambda,sigmah,sigmal,mu_b,m,c,p,vb,debt_diff,eq_deriv,eq_deriv_min_val,eq_min_val,eq_negative,eq_vb,abs_debt_diff,debt_per_diff,abs_debt_per_diff,debt,equity,firm_value,leverage,ROE,V0,r,alpha,pi,xi,opt
0.02,0.02,0.0,0.003,0.75,0.25,0.15,1.0,7.0,1.0,10.514085619088224,84.19760898922638,-5.4507856485822685,-0.3814067038853275,-0.3814067038853275,-0.8045835640653214,true,0.0,5.4507856485822685,-0.074060997056129,0.074060997056129,68.1478136850353,1.8699938717883133,70.01780755682361,97.32925960260795,-94.12915065453527,100.0,0.08,0.6,0.27,1.0,false
0.02,0.02,0.0,0.003,0.75,0.25,0.15,1.0,7.0,1.0,10.514085619088224,84.19760898922637,-5.45078564858227,-0.3814067038853275,-0.3814067038853275,-0.8045835640653213,true,0.0,5.45078564858227,-0.07406099705612901,0.07406099705612901,68.1478136850353,1.8699938717883136,70.01780755682361,97.32925960260795,-94.12915065453527,100.0,0.08,0.6,0.27,1.0,false
0.02,0.02,0.0,0.003,0.75,0.25,0.15,1.0,7.0,1.0,10.777747511593263,82.92740768535165,-5.75681902427975,-0.4190199739712176,-0.4190199739712176,-0.8991617746464702,true,0.0,5.75681902427975,-0.07630562108359087,0.07630562108359087,69.6874135568731,2.3068688504822603,71.99428240735536,96.79576103359206,-92.38973271116123,100.0,0.08,0.6,0.27,1.0,false
0.02,0.02,0.0,0.003,0.75,0.25,0.15,1.0,7.0,1.0,11.305071296603344,81.0678400241195,-6.32855165399495,-0.4402801815238134,-0.4402801815238134,-0.87654154556225,true,0.0,6.32855165399495,-0.0799710841262185,0.0799710841262185,72.80694742222846,3.49995266833315,76.30690009056161,95.41332086065692,-87.12923950585039,100.0,0.08,0.6,0.27,1.0,false
0.02,0.02,0.0,0.003,0.75,0.25,0.15,1.0,7.0,1.0,11.568733189108384,79.43505837374168,-6.463507800667372,-0.44033525655019357,-0.44033525655019357,-0.8018070310877924,true,0.0,6.463507800667372,-0.0798149842462881,0.0798149842462881,74.51762452309131,5.029406244650876,79.54703076774219,93.67744314764494,-80.26319701156447,100.0,0.08,0.6,0.27,1.0,false
0.02,0.02,0.0,0.003,0.75,0.25,0.15,1.0,7.0,1.0,11.832395081613424,75.4610280080895,-6.295865482270301,-0.4682613649863317,-0.4682613649863317,-0.7569971232585306,true,0.0,6.295865482270301,-0.07601245127519886,0.07601245127519886,76.53090008902366,9.116566849455648,85.64746693847931,89.35570755874883,-61.155021351322084,100.0,0.08,0.6,0.27,1.0,false
