gross_delta,delta,iota,kappa,lambda,sigmah,sigmal,mu_b,m,c,p,vb,debt_diff,eq_deriv,eq_deriv_min_val,eq_min_val,eq_negative,eq_vb,abs_debt_diff,debt_per_diff,abs_debt_per_diff,debt,equity,firm_value,leverage,ROE,V0,r,alpha,pi,xi,opt
0.02,0.02,0.0,0.003,0.75,0.25,0.15,1.0,7.0,6.0,10.514350119222449,90.36085613101785,1.272986505034936,-3.015293071474978,-3.015293071474978,-12.313190587974823,true,0.0,1.272986505034936,0.017295906351123044,0.017295906351123044,74.87343733959207,-12.270886041753245,62.60255129783883,119.6012555197201,-148.83631003411602,100.0,0.08,0.6,0.27,1.0,false
0.02,0.02,0.0,0.003,0.75,0.25,0.15,1.0,7.0,6.0,10.514350119222449,90.36085613101785,1.2729865050349363,-3.0152930714749786,-3.0152930714749786,-12.313190587974823,true,0.0,1.2729865050349363,0.017295906351123044,0.017295906351123044,74.87343733959207,-12.270886041753245,62.60255129783883,119.6012555197201,-148.83631003411602,100.0,0.08,0.6,0.27,1.0,false
0.02,0.02,0.0,0.003,0.75,0.25,0.15,1.0,7.0,6.0,11.433251219858828,84.28421533152387,4.216153621956906,-3.4448056117905326,-3.4448056117905326,-13.347983496112397,true,0.0,4.216153621956906,0.0526803486337629,0.0526803486337629,84.2489121609687,-10.914235726789412,73.33467643417929,114.88277614013252,-169.29194883761528,100.0,0.08,0.6,0.27,1.0,false
0.02,0.02,0.0,0.003,0.75,0.25,0.15,1.0,7.0,6.0,12.045851953616413,82.78809892856727,4.4847594873185415,-3.605421749445985,-3.605421749445985,-13.795641651267946,true,0.0,4.4847594873185415,0.05318676746375306,0.05318676746375306,88.80572316263343,-9.863747956710068,78.94197520592336,112.49493432483806,-188.1142042493072,100.0,0.08,0.6,0.27,1.0,false
0.02,0.02,0.0,0.003,0.75,0.25,0.15,1.0,7.0,6.0,12.658452687374,81.85963827476488,4.918621027818006,-3.737381247113262,-3.737381247113262,-14.20236642627467,true,0.0,4.918621027818006,0.05550916562906637,0.05550916562906637,93.52778983943601,-9.152531443296269,84.37525839613974,110.84741145363415,-241.4127665239275,100.0,0.08,0.6,0.27,1.0,false
0.02,0.02,0.0,0.003,0.75,0.25,0.15,1.0,7.0,6.0,13.57735378801038,81.20001778168994,7.405402677419957,-3.890878205973811,-3.890878205973811,-14.733185069183037,true,0.0,7.405402677419957,0.07791758870841632,0.07791758870841632,102.4468791934926,-8.752885308325393,93.69399388516722,109.34199188803187,257.7162833213589,100.0,0.08,0.6,0.27,1.0,false
