gross_delta,delta,iota,kappa,lambda,sigmah,sigmal,V0,r,alpha,pi,xi,mu_b,m,c,p,vb,sg_debt,debt,debt_diff,abs_debt_diff,debt_per_diff,abs_debt_per_diff,eq_vb,eq_min_val,sg_equity,equity,eq_negative,firm_value,leverage,ROE,cvml_vb,cvmh_vb,eq_deriv
0.02,0.015,0.005,0.015000000000000001,NaN,NaN,0.3,100.0,0.08,0.6,0.27,1.0,1.0,7.0,1.0475547554755475,8.13668957416324,56.340283480005745,56.95736685716552,56.94412557523481,-0.01270144390787209,0.01270144390787209,-0.0002230012550313459,0.0002230012550313459,5.1514348342607263e-14,NaN,22.442635848098405,22.450749204199493,false,79.3948747794343,71.72267194000925,-47.85671060187293,NaN,NaN,NaN
