gross_delta,delta,iota,kappa,lambda,sigmah,sigmal,V0,r,alpha,pi,xi,mu_b,m,c,p,vb,sg_debt,debt,debt_diff,abs_debt_diff,debt_per_diff,abs_debt_per_diff,eq_vb,eq_min_val,sg_equity,equity,eq_negative,firm_value,leverage,ROE,cvml_vb,cvmh_vb,eq_deriv
0.02,0.019,0.001,0.015000000000000001,NaN,NaN,0.2,100.0,0.08,0.6,0.27,1.0,1.0,1.0,3.4291929192919293,36.09521875261934,41.65824125022665,36.095286754459735,36.09528582522189,6.707260255467418e-5,6.707260255467418e-5,1.8582129399009914e-6,1.8582129399009914e-6,7.460698725481052e-14,NaN,62.575507340111244,62.57547807576573,false,98.67076390098762,36.58154087206839,-2.0800282360655675,NaN,NaN,NaN
