gross_delta,delta,iota,kappa,lambda,sigmah,sigmal,mu_b,m,c,p,vb,debt_diff,eq_deriv,eq_deriv_min_val,eq_min_val,eq_negative,eq_vb,abs_debt_diff,debt_per_diff,abs_debt_per_diff,debt,equity,firm_value,leverage,ROE,V0,r,alpha,pi,xi,opt
0.02,0.02,0.0,0.003,0.75,0.275,0.15,1.0,5.0,3.0,15.380993362494143,93.63360455301807,-3.6387014761136527,-0.5575722607184072,-0.5575722607184072,-1.152738021440098,true,0.0,3.6387014761136527,-0.047314258453377424,0.047314258453377424,73.26626533635707,-1.0668181395905325,72.19944719676653,101.47759876427187,-103.99053163732252,100.0,0.08,0.6,0.27,1.0,false
0.02,0.02,0.0,0.003,0.75,0.275,0.15,1.0,5.0,3.0,15.841517046441485,92.7420476617822,-1.9449673887516923,-0.6198224266460303,-0.6198224266460303,-1.337920627688391,true,0.0,1.9449673887516923,-0.02455531731020161,0.02455531731020161,77.26261784345573,-1.1651993915819565,76.09741845187378,101.53119437595488,-105.12459782555305,100.0,0.08,0.6,0.27,1.0,false
0.02,0.02,0.0,0.003,0.75,0.275,0.15,1.0,5.0,3.0,16.76256441433617,90.11623091737185,-1.400761708548714,-0.7804852926820706,-0.7804852926820706,-1.8260573315028084,true,0.0,1.400761708548714,-0.01671297629556864,0.01671297629556864,82.41206036313213,-1.1688472602690507,81.24321310286308,101.43870141963632,-106.64573158881505,100.0,0.08,0.6,0.27,1.0,false
0.02,0.02,0.0,0.003,0.75,0.275,0.15,1.0,5.0,3.0,17.22308809828351,87.4660492675177,-0.8381605397112111,-0.9129053460614431,-0.9129053460614431,-2.2233140322712743,true,0.0,0.8381605397112111,-0.009732987893091528,0.009732987893091528,85.27727995170635,-0.7023066219031713,84.57497332980317,100.8303953217514,-104.77022329840855,100.0,0.08,0.6,0.27,1.0,false
0.02,0.02,0.0,0.003,0.75,0.275,0.15,1.0,5.0,3.0,17.481071440627396,85.9499505392636,-0.673373317703779,-0.9928821881919632,-0.9928821881919632,-2.4659381205843536,true,0.0,0.673373317703779,-0.007620084804235861,0.007620084804235861,86.73198388543322,-0.32385098672758433,86.40813289870565,100.37479225145071,-102.44083956434173,100.0,0.08,0.6,0.27,1.0,false
0.02,0.02,0.0,0.003,0.75,0.275,0.15,1.0,5.0,3.0,17.68361178223085,84.96137731636887,-0.818689672681046,-1.0523826672213552,-1.0523826672213552,-2.6500183489506695,true,0.0,0.818689672681046,-0.009259303843162805,0.009259303843162805,87.59936923847322,0.0041214007088349516,87.60349063918206,99.99529539213704,-99.96676458812385,100.0,0.08,0.6,0.27,1.0,false
