gross_delta,delta,iota,kappa,lambda,sigmah,sigmal,mu_b,m,c,p,vb,debt_diff,eq_deriv,eq_deriv_min_val,eq_min_val,eq_negative,eq_vb,abs_debt_diff,debt_per_diff,abs_debt_per_diff,debt,equity,firm_value,leverage,ROE,V0,r,alpha,pi,xi,opt
0.02,0.02,0.0,0.003,0.75,0.275,0.15,1.0,5.0,2.0,13.864822008516642,91.69911287407749,-0.4483491073908965,-0.21763211961414558,-0.21763211961414558,-0.26577012128125244,true,0.0,0.4483491073908965,-0.006467434015604273,0.006467434015604273,68.87576093519232,0.5515352591124133,69.42729619430473,99.20559306015771,-98.22795584507627,100.0,0.08,0.6,0.27,1.0,false
0.02,0.02,0.0,0.003,0.75,0.275,0.15,1.0,5.0,2.0,14.300670856559341,91.02433817076313,-1.187446819127075,-0.2622480762912661,-0.2622480762912661,-0.35734778298232933,true,0.0,1.187446819127075,-0.01660686874116013,0.01660686874116013,70.31590746366963,0.5848728854590969,70.90078034912872,99.17508258360618,-98.02967571016944,100.0,0.08,0.6,0.27,1.0,false
0.02,0.02,0.0,0.003,0.75,0.275,0.15,1.0,5.0,2.0,14.736519704602038,89.09791580779338,-1.133713527176198,-0.332023226347831,-0.332023226347831,-0.507936788731087,true,0.0,1.133713527176198,-0.015386448766762111,0.015386448766762111,72.548884995834,0.9798039148829168,73.52868891071692,98.66745357574285,-96.43073181277255,100.0,0.08,0.6,0.27,1.0,false
0.02,0.02,0.0,0.003,0.75,0.275,0.15,1.0,5.0,2.0,15.172368552644738,85.83590250216474,-0.6381886900308587,-0.43664824368023075,-0.43664824368023075,-0.7452516298284321,true,0.0,0.6381886900308587,-0.008412512361751378,0.008412512361751378,75.22365407319283,2.0194788919305218,77.24313296512335,97.385555434627,-91.84916574100012,100.0,0.08,0.6,0.27,1.0,false
0.02,0.02,0.0,0.003,0.75,0.275,0.15,1.0,5.0,2.0,15.552515360887183,82.72437229098959,-0.37669446676005136,-0.5474747700099589,-0.5474747700099589,-1.0078513273896188,true,0.0,0.37669446676005136,-0.004823869123764548,0.004823869123764548,77.38588233767587,3.355675414287136,80.741557751963,95.84393030340618,-85.16114816242509,100.0,0.08,0.6,0.27,1.0,false
0.02,0.02,0.0,0.003,0.75,0.275,0.15,1.0,5.0,2.0,15.608217400687437,82.30530952454254,-0.38439779816377495,-0.5645249716538168,-0.5645249716538168,-1.0493235828666114,true,0.0,0.38439779816377495,-0.004925582317258662,0.004925582317258662,77.65668920527341,3.575203064311826,81.23189226958523,95.59876919714397,-83.99877664882307,100.0,0.08,0.6,0.27,1.0,false
