gross_delta,delta,iota,kappa,lambda,sigmah,sigmal,mu_b,m,c,p,vb,debt_diff,eq_deriv,eq_deriv_min_val,eq_min_val,eq_negative,eq_vb,abs_debt_diff,debt_per_diff,abs_debt_per_diff,debt,equity,firm_value,leverage,ROE,V0,r,alpha,pi,xi,opt
0.02,0.02,0.0,0.003,0.75,0.275,0.15,1.0,5.0,10.0,16.44834615040451,100.0,-22.241728367837055,-2.700526930457149,-2.700526930457149,-10.414462284894961,true,0.0,22.241728367837055,-0.2704433401930816,0.2704433401930816,60.00000238418551,0.505736797526728,60.50573918171224,99.16415069980735,-98.73565793082253,100.0,0.08,0.6,0.27,1.0,false
0.02,0.02,0.0,0.003,0.75,0.275,0.15,1.0,5.0,10.0,18.48749665302591,96.32644525695622,-9.529222306520202e-5,-2.4412376800453073,-2.307245084284655,-6.913928515184685,true,0.0,9.529222306520202e-5,-6.0318618978661906e-5,6.0318618978661906e-5,92.43738797290655,-6.326003573406522,86.11138439950003,107.34630341565297,-183.64839490302143,100.0,0.08,0.6,0.27,1.0,false
0.02,0.02,0.0,0.003,0.75,0.275,0.15,1.0,5.0,10.0,20.982441665219152,94.10035360120993,9.133195855898052,-1.1761158124428557,-1.1761158124428557,-2.008072631557496,true,0.0,9.133195855898052,0.087055605840548,0.087055605840548,114.04540418199382,-1.9417225842102364,112.10368159778358,101.73207744521446,-86.17538834019798,100.0,0.08,0.6,0.27,1.0,false
0.02,0.02,0.0,0.003,0.75,0.275,0.15,1.0,5.0,10.0,22.11596554392281,94.12789631207428,4.9788832298575585,-0.7544183737426141,-0.7544183737426141,-0.7284632791826854,true,0.0,4.9788832298575585,0.04502523952634474,0.04502523952634474,115.55871094947162,0.21041711355288342,115.7691280630245,99.81824419249463,-101.35240711287865,100.0,0.08,0.6,0.27,1.0,false
0.02,0.02,0.0,0.003,0.75,0.275,0.15,1.0,5.0,10.0,23.24948942262647,94.75380696295467,-4.037871594688369,-0.5545059197900668,-0.5545059197900668,-0.38002701564687985,true,0.0,4.037871594688369,-0.0347351421038838,0.0347351421038838,112.20957551844398,0.8210901907846222,113.0306657092286,99.2735686500362,-106.72496918131404,100.0,0.08,0.6,0.27,1.0,false
0.02,0.02,0.0,0.003,0.75,0.275,0.15,1.0,5.0,10.0,24.38301330133013,95.24265632436918,-12.395273466430481,-0.08726087303860751,-0.6581252163147934,-0.00788169057453236,true,0.0,12.395273466430481,-0.10167138337864337,0.10167138337864337,109.51979304022016,1.7460716389126827,111.26586467913285,98.43072118843638,-118.34148737830441,100.0,0.08,0.6,0.27,1.0,false
