gross_delta,delta,iota,kappa,lambda,sigmah,sigmal,mu_b,m,c,p,vb,debt_diff,eq_deriv,eq_deriv_min_val,eq_min_val,eq_negative,eq_vb,abs_debt_diff,debt_per_diff,abs_debt_per_diff,debt,equity,firm_value,leverage,ROE,V0,r,alpha,pi,xi,opt
0.02,0.02,0.0,0.003,0.1,0.3,0.15,1.0,10.0,2.0,7.86393770956043,99.0771284346622,-14.512564918937258,-0.43966773594174186,-0.43966773594174186,-0.7094283310726747,true,0.0,14.512564918937258,-0.18454577661893085,0.18454577661893085,64.12681217666704,-0.28853536677016967,63.838276809896875,100.45197862659951,-100.80432039714768,100.0,0.08,0.6,0.27,1.0,false
0.02,0.02,0.0,0.003,0.1,0.3,0.15,1.0,10.0,2.0,9.283946815734204,95.08838447601089,-10.319020646422075,-0.878500098154458,-0.878500098154458,-2.2574891659555374,true,0.0,10.319020646422075,-0.11114907109262682,0.11114907109262682,82.52044751091996,-2.198258249654375,80.32218926126559,102.73680071456226,-112.57617007659486,100.0,0.08,0.6,0.27,1.0,false
0.02,0.02,0.0,0.003,0.1,0.3,0.15,1.0,10.0,2.0,9.486805259473314,94.37398698994409,-9.094949173174285,-0.9517266577074504,-0.9517266577074504,-2.5576894711249687,true,0.0,9.094949173174285,-0.09586946210466658,0.09586946210466658,85.77310342155886,-2.536430490336244,83.23667293122261,103.04725117068539,-117.82841729643165,100.0,0.08,0.6,0.27,1.0,false
0.02,0.02,0.0,0.003,0.1,0.3,0.15,1.0,10.0,2.0,10.095380590690647,92.409724701847,-8.663551152450268,-1.1723034776764,-1.1723034776764,-3.508748905771766,true,0.0,8.663551152450268,-0.0858169840613961,0.0858169840613961,92.2902547544562,-3.4933658189578694,88.79688893549833,103.93410834640326,-145.31104086710283,100.0,0.08,0.6,0.27,1.0,false
0.02,0.02,0.0,0.003,0.1,0.3,0.15,1.0,10.0,2.0,10.298239034429757,91.81454741457753,-8.3978190664605,-1.248528886098905,-1.248528886098905,-3.8550209438103935,true,0.0,8.3978190664605,-0.08154616569283693,0.08154616569283693,94.58457127783707,-3.813862722167656,90.77070855566942,104.20164476278009,-170.42586871394357,100.0,0.08,0.6,0.27,1.0,false
0.02,0.02,0.0,0.003,0.1,0.3,0.15,1.0,10.0,2.0,10.298239034429757,91.81454741457753,-8.3978190664605,-1.248528886098905,-1.248528886098905,-3.8550209438103935,true,0.0,8.3978190664605,-0.08154616569283693,0.08154616569283693,94.58457127783707,-3.813862722167656,90.77070855566942,104.20164476278009,-170.42586871394357,100.0,0.08,0.6,0.27,1.0,false
