gross_delta,delta,iota,kappa,lambda,sigmah,sigmal,mu_b,m,c,p,vb,debt_diff,eq_deriv,eq_deriv_min_val,eq_min_val,eq_negative,eq_vb,abs_debt_diff,debt_per_diff,abs_debt_per_diff,debt,equity,firm_value,leverage,ROE,V0,r,alpha,pi,xi,opt
0.02,0.02,0.0,0.005,0.3,0.35,0.15,1.0,7.0,2.0,11.739167337786409,90.17483814872446,-2.4413970851366145,-1.016545624319407,-1.016545624319407,-3.5940510427753076,true,0.0,2.4413970851366145,-0.02971002986214688,0.02971002986214688,79.73277427936824,-3.5652097572606936,76.16756452210755,104.68074537978156,-117.59101026654753,100.0,0.08,0.6,0.27,1.0,false
0.02,0.02,0.0,0.005,0.3,0.35,0.15,1.0,7.0,2.0,12.091372295124248,88.21439034719788,-1.9060541308475933,-1.1325737282194308,-1.1325737282194308,-4.071535460010172,true,0.0,1.9060541308475933,-0.022519647945481103,0.022519647945481103,82.73355193502215,-3.8463541310778577,78.88719780394429,104.87576468445117,-122.27646425369647,100.0,0.08,0.6,0.27,1.0,false
0.02,0.02,0.0,0.005,0.3,0.35,0.15,1.0,7.0,2.0,12.795782209799926,84.5360305088385,-1.6031806987986528,-1.379268106644778,-1.379268106644778,-5.073749525618356,true,0.0,1.6031806987986528,-0.017898539562410564,0.017898539562410564,87.96729476980083,-3.952159701103273,84.01513506869756,104.7041044424575,-132.84514683517978,100.0,0.08,0.6,0.27,1.0,false
0.02,0.02,0.0,0.005,0.3,0.35,0.15,1.0,7.0,2.0,13.147987167137765,81.80782803153353,-1.0357291711154772,-1.5535474450044398,-1.5535474450044398,-5.740500216332652,true,0.0,1.0357291711154772,-0.01125353320462391,0.01125353320462391,91.00018099884888,-3.4675012700820957,87.53267972876678,103.96137908816077,-138.52856673715976,100.0,0.08,0.6,0.27,1.0,false
0.02,0.02,0.0,0.005,0.3,0.35,0.15,1.0,7.0,2.0,13.500192124475605,78.21050521119473,-0.647015876046865,-1.7915513332820459,-1.7915513332820459,-6.610898689411202,true,0.0,0.647015876046865,-0.006846631409614607,0.006846631409614607,93.85432899528237,-2.193080541896005,91.66124845338636,102.39259292110916,-135.6849649161584,100.0,0.08,0.6,0.27,1.0,false
0.02,0.02,0.0,0.005,0.3,0.35,0.15,1.0,7.0,2.0,13.500192124475605,78.21050521119473,-0.647015876046865,-1.7915513332820459,-1.7915513332820459,-6.610898689411202,true,0.0,0.647015876046865,-0.006846631409614607,0.006846631409614607,93.85432899528237,-2.193080541896005,91.66124845338636,102.39259292110916,-135.6849649161584,100.0,0.08,0.6,0.27,1.0,false
