gross_delta,delta,iota,kappa,lambda,sigmah,sigmal,mu_b,m,c,p,vb,debt_diff,eq_deriv,eq_deriv_min_val,eq_min_val,eq_negative,eq_vb,abs_debt_diff,debt_per_diff,abs_debt_per_diff,debt,equity,firm_value,leverage,ROE,V0,r,alpha,pi,xi,opt
0.02,0.02,0.0,0.005,0.3,0.35,0.15,1.0,7.0,1.0,7.313706370637064,51.122189042979166,2.0539246468915167,-1.0322690557123042,-1.0322690557123042,-2.0829944659956188,true,0.0,2.0539246468915167,0.040118893462389546,0.040118893462389546,53.249869241350964,24.229214976436648,77.47908421778762,68.72805709947446,-48.17294714848662,100.0,0.08,0.6,0.27,1.0,false
0.02,0.02,0.0,0.005,0.3,0.35,0.15,1.0,7.0,1.0,8.561010048373259,53.85975018626011,0.9842429884118715,-1.171221858803982,-1.171221858803982,-2.5899365990431362,true,0.0,0.9842429884118715,0.01642401310210044,0.01642401310210044,60.91131332702468,23.038127091058662,83.94944041808334,72.5571403736289,-41.0619054976168,100.0,0.08,0.6,0.27,1.0,false
0.02,0.02,0.0,0.005,0.3,0.35,0.15,1.0,7.0,1.0,9.184661887241356,58.55088994759211,0.5525847629593699,-1.0580138390330718,-1.0580138390330718,-2.4555748406941076,true,0.0,0.5525847629593699,0.008594837936541313,0.008594837936541313,64.84521797364886,18.276170938907615,83.12138891255647,78.01267377986898,-48.0122763235788,100.0,0.08,0.6,0.27,1.0,false
0.02,0.02,0.0,0.005,0.3,0.35,0.15,1.0,7.0,1.0,9.45689799204591,69.77409774854938,4.924750046711446e-5,-0.6668240680384789,-0.6668240680384789,-1.5333960187417124,true,0.0,4.924750046711446e-5,2.0013775226335152e-5,2.0013775226335152e-5,66.19833519182184,9.00844391415545,75.20677910597729,88.02176609443512,-73.34911175151379,100.0,0.08,0.6,0.27,1.0,false
0.02,0.02,0.0,0.005,0.3,0.35,0.15,1.0,7.0,1.0,9.496487806675404,71.79144092570095,-0.09853581142260737,-0.5958759632362229,-0.5958759632362229,-1.3635015002402182,true,0.0,0.09853581142260737,-0.001482289534352798,0.001482289534352798,66.37687883530522,7.3661476698880595,73.74302650519328,90.0110586465158,-78.09201699685536,100.0,0.08,0.6,0.27,1.0,false
0.02,0.02,0.0,0.005,0.3,0.35,0.15,1.0,7.0,1.0,11.367443323279694,57.06295738784723,-4.406971352472297,-1.6325503556492258,-1.6325503556492258,-4.218605981805747,true,0.0,4.406971352472297,-0.05538337145505385,0.05538337145505385,75.16513191048556,23.05062297566212,98.21575488614768,76.53062586304759,-7.184435638720599,100.0,0.08,0.6,0.27,1.0,false
