gross_delta,delta,iota,kappa,lambda,sigmah,sigmal,mu_b,m,c,p,vb,debt_diff,eq_deriv,eq_deriv_min_val,eq_min_val,eq_negative,eq_vb,abs_debt_diff,debt_per_diff,abs_debt_per_diff,debt,equity,firm_value,leverage,ROE,V0,r,alpha,pi,xi,opt
0.02,0.02,0.0,0.003,0.75,0.3,0.15,1.0,1.0,6.0,57.29710076270784,64.4705100742804,0.6106994494407729,1.6306400674181987e-16,0.03010510637984522,0.05248878673602325,false,-4.094788150833548e-7,0.6106994494407729,0.010658470346867014,0.010658470346867014,57.907800212148615,43.5126930594202,101.42049327156882,57.096744794064115,3.374718543407651,100.0,0.08,0.6,0.27,1.0,false
0.02,0.02,0.0,0.003,0.75,0.3,0.15,1.0,1.0,6.0,58.90327059021691,66.35672452348982,0.5404912981520553,-9.471590178833367e-16,0.0293276321891636,0.0416229523168901,false,-9.843429090081508e-8,0.5404912981520553,0.009175913200341444,0.009175913200341444,59.44376188836897,40.8651339193474,100.30889580771637,59.26070804559309,0.761648077087762,100.0,0.08,0.6,0.27,1.0,false
0.02,0.02,0.0,0.003,0.75,0.3,0.15,1.0,1.0,6.0,60.509440417725976,68.2374282407912,0.41514323739895787,1.5057399771478686e-15,0.003804122001664051,-0.02473507971129405,true,0.0,0.41514323739895787,0.006860801133393782,0.006860801133393782,60.924583655124934,38.145089876699025,99.06967353182395,61.496703767328206,-2.3808485109028332,100.0,0.08,0.6,0.27,1.0,false
0.02,0.02,0.0,0.003,0.75,0.3,0.15,1.0,1.0,6.0,62.11561024523504,70.11800434559831,0.19222549893341068,1.3877787807814457e-16,-0.0023123859657805668,-0.0041410348571983,false,0.0,0.19222549893341068,0.003094640754143706,0.003094640754143706,62.30783574416845,35.35583790638363,97.66367365055208,63.79837396564718,-6.198440433375907,100.0,0.08,0.6,0.27,1.0,false
0.02,0.02,0.0,0.003,0.75,0.3,0.15,1.0,1.0,6.0,63.18171612930303,71.36910670545029,4.68513265228232e-6,-5.827775393818354e-16,-0.0014343584718676822,0.01923808601171309,false,-5.848275188167841e-9,4.68513265228232e-6,-2.6405146360586372e-6,2.6405146360586372e-6,63.18172081443568,33.47255928019293,96.6542800946286,65.36877699836792,-9.087116452425558,100.0,0.08,0.6,0.27,1.0,true
0.02,0.02,0.0,0.003,0.75,0.3,0.15,1.0,1.0,6.0,63.72178007274411,72.00444405569337,-0.10662503006305712,2.6020852139652106e-17,-0.0026297524786631343,0.018094282230181575,false,0.0,0.10662503006305712,-0.0016732901990706337,0.0016732901990706337,63.61515504268105,32.51058206364206,96.12573710632311,66.17910765388187,-10.648012649831461,100.0,0.08,0.6,0.27,1.0,false
