gross_delta,delta,iota,kappa,lambda,sigmah,sigmal,mu_b,m,c,p,vb,debt_diff,eq_deriv,eq_deriv_min_val,eq_min_val,eq_negative,eq_vb,abs_debt_diff,debt_per_diff,abs_debt_per_diff,debt,equity,firm_value,leverage,ROE,V0,r,alpha,pi,xi,opt
0.02,0.02,0.0,0.003,0.75,0.2,0.15,1.0,7.0,10.0,6.7674885909643585,100.0,12.627582247435313,-3.7065791963519557,-3.7065791963519557,-15.16835244655525,true,0.0,12.627582247435313,0.26655978755113474,0.26655978755113474,60.00000238418582,0.4825575349787498,60.48255991916457,99.20215424806143,-98.79360609064645,100.0,0.08,0.6,0.27,1.0,false
0.02,0.02,0.0,0.003,0.75,0.2,0.15,1.0,7.0,10.0,7.8565869744869214,100.0,5.003893562777371,-3.8042952245267343,-3.8042952245267343,-15.621363931383113,true,0.0,5.003893562777371,0.09098632012360655,0.09098632012360655,60.00000238418582,0.5079276337687265,60.50793001795454,99.1605602214156,-98.73018083989106,100.0,0.08,0.6,0.27,1.0,false
0.02,0.02,0.0,0.003,0.75,0.2,0.15,1.0,7.0,10.0,8.571423846880679,99.99999999999999,3.545602107402068e-5,-3.8685265048233273,-3.8685265048233273,-15.920141351945269,true,0.0,3.545602107402068e-5,-0.0001596423325313373,0.0001596423325313373,60.000002384185805,0.5254088495822966,60.525411233768104,99.13192023173043,-98.68647779775223,100.0,0.08,0.6,0.27,1.0,false
0.02,0.02,0.0,0.003,0.75,0.2,0.15,1.0,7.0,10.0,9.217959953890125,100.0,-4.525717293045048,-3.9267884923922383,-3.9267884923922383,-16.191431810725536,true,0.0,4.525717293045048,-0.07013819164952349,0.07013819164952349,60.00000238418582,0.5373414086705784,60.5373437928564,99.11238026810489,-98.65664639825343,100.0,0.08,0.6,0.27,1.0,false
0.02,0.02,0.0,0.003,0.75,0.2,0.15,1.0,7.0,10.0,9.762509145651405,100.0,-8.337561635374016,-3.9759309602496273,-3.9759309602496273,-16.42006073024186,true,0.0,8.337561635374016,-0.12200554343710009,0.12200554343710009,60.00000238418582,0.5440597091998775,60.5440620933857,99.10138221587991,-98.63985064592909,100.0,0.08,0.6,0.27,1.0,false
0.02,0.02,0.0,0.003,0.75,0.2,0.15,1.0,7.0,10.0,10.579332933293328,100.0,-14.055328148867474,-4.048596457392612,-4.048596457392612,-16.755404896254905,true,0.0,14.055328148867474,-0.18979495530837076,0.18979495530837076,60.00000238418582,0.5674816808844564,60.567484065070275,99.06305885138835,-98.58129571322749,100.0,0.08,0.6,0.27,1.0,false
