gross_delta,delta,iota,kappa,lambda,sigmah,sigmal,V0,r,alpha,pi,xi,mu_b,m,c,p,vb,sg_debt,debt,debt_diff,abs_debt_diff,debt_per_diff,abs_debt_per_diff,eq_vb,eq_min_val,sg_equity,equity,eq_negative,firm_value,leverage,ROE,cvml_vb,cvmh_vb,eq_deriv
0.02,0.0185,0.0015,0.0025,NaN,NaN,0.3,100.0,0.08,0.6,0.27,1.0,1.0,5.0,1.3771127112711272,12.46585072219736,50.895284221108625,62.32860446875296,62.30446382594264,-0.024789785044156076,0.024789785044156076,-0.0003977231172841507,0.0003977231172841507,8.313350008393172e-13,NaN,37.83136267566629,37.83261592623313,false,100.13707975217577,62.21917393650467,0.3636498272443056,NaN,NaN,NaN
