gross_delta,delta,iota,kappa,lambda,sigmah,sigmal,mu_b,m,c,p,vb,debt_diff,eq_deriv,eq_deriv_min_val,eq_min_val,eq_negative,eq_vb,abs_debt_diff,debt_per_diff,abs_debt_per_diff,debt,equity,firm_value,leverage,ROE,V0,r,alpha,pi,xi,opt
0.02,0.02,0.0,0.001,0.3,0.225,0.15,1.0,5.0,1.0,11.536065448650128,70.00185679757845,0.11410636843713462,0.3160559527624075,0.3160559527624075,0.022438627201709173,false,0.0,0.11410636843713462,0.001978254526121583,0.001978254526121583,57.79443361168777,20.302915865519086,78.09734947720686,74.00306668353116,-51.895170227732166,100.0,0.08,0.6,0.27,1.0,false
0.02,0.02,0.0,0.001,0.3,0.225,0.15,1.0,5.0,1.0,11.759393044567615,65.34386354819009,0.06093817371374399,0.17591194853082703,0.17591194853082703,0.012364455801416664,false,0.0,0.06093817371374399,0.001036416989938015,0.001036416989938015,58.85790339655182,25.097546322329055,83.95544971888087,70.10611412794943,-38.99789171117353,100.0,0.08,0.6,0.27,1.0,false
0.02,0.02,0.0,0.001,0.3,0.225,0.15,1.0,5.0,1.0,11.9827206404851,57.027680694853686,-0.003744532456224192,-0.13047112180852224,-0.13047112180852224,-0.040330258381639145,true,0.0,0.003744532456224192,-6.249886930640488e-5,6.249886930640488e-5,59.909858669969275,35.756197465073164,95.66605613504244,62.62394530553279,-10.81049784604049,100.0,0.08,0.6,0.27,1.0,false
0.02,0.02,0.0,0.001,0.3,0.225,0.15,1.0,5.0,1.0,11.995061846847564,56.391618529438595,1.066963304054914e-7,-0.16445986328906348,-0.16445986328906348,-0.07065425210710026,true,0.0,1.066963304054914e-7,-2.0683800417788988e-6,2.0683800417788988e-6,59.97530934093413,36.805401405819616,96.78071074675375,61.97031296646666,-8.0432582994044,100.0,0.08,0.6,0.27,1.0,false
0.02,0.02,0.0,0.001,0.3,0.225,0.15,1.0,5.0,1.0,12.206048236402587,44.87296247063163,0.12408786657982063,-0.8903329673780439,-0.8903329673780439,-0.8982835102369315,true,0.0,0.12408786657982063,0.0020332193380941817,0.0020332193380941817,61.15432904859276,58.50848637471833,119.66281542331109,51.10554087521453,50.6177778417257,100.0,0.08,0.6,0.27,1.0,false
0.02,0.02,0.0,0.001,0.3,0.225,0.15,1.0,5.0,1.0,12.429375832320073,42.07694649776455,-0.07438021433325304,-1.0836353853047518,-1.0836353853047518,-1.1156506843878409,true,0.0,0.07438021433325304,-0.0011968455268661579,0.0011968455268661579,62.072498947267114,66.30488017504749,128.3773791223146,48.351586059508236,74.82006020607533,100.0,0.08,0.6,0.27,1.0,false
