gross_delta,delta,iota,kappa,lambda,sigmah,sigmal,mu_b,m,c,p,vb,debt_diff,eq_deriv,eq_deriv_min_val,eq_min_val,eq_negative,eq_vb,abs_debt_diff,debt_per_diff,abs_debt_per_diff,debt,equity,firm_value,leverage,ROE,V0,r,alpha,pi,xi,opt
0.02,0.02,0.0,0.004,0.5,0.225,0.15,1.0,7.0,1.0,8.643239323932393,66.26387184735857,0.5274572723861297,-0.33695897359951543,-0.33695897359951543,-0.4011658535304924,true,0.0,0.5274572723861297,0.0087179165227629,0.0087179165227629,61.030132539912884,16.00541745752354,77.03554999743642,79.22333590393505,-58.928735197993,100.0,0.08,0.6,0.27,1.0,false
0.02,0.02,0.0,0.004,0.5,0.225,0.15,1.0,7.0,1.0,8.889720551002469,67.84180523516393,0.5936460671942072,-0.31526301846205795,-0.31526301846205795,-0.36436153466232457,true,0.0,0.5936460671942072,0.009539847798498062,0.009539847798498062,62.82168992421149,14.826860616336317,77.6485505405478,80.90516756189315,-60.11959503777457,100.0,0.08,0.6,0.27,1.0,false
0.02,0.02,0.0,0.004,0.5,0.225,0.15,1.0,7.0,1.0,9.382683005142619,83.11401240187246,0.035784380858203235,-0.042267665652059624,-0.042267665652059624,-0.012089141032408154,true,0.0,0.035784380858203235,0.0005448392965543915,0.0005448392965543915,65.71456541685653,5.088795450538966,70.8033608673955,92.81277698092673,-85.15755885141708,100.0,0.08,0.6,0.27,1.0,false
0.02,0.02,0.0,0.004,0.5,0.225,0.15,1.0,7.0,1.0,9.423803879463463,83.24199243497576,3.936213259012728e-7,-0.04071216245519869,-0.04071216245519869,-0.0059739323838514215,true,0.0,3.936213259012728e-7,-8.136747588881115e-6,8.136747588881115e-6,65.96662754986556,4.968867598320243,70.93549514818581,92.9952309659076,-85.40001404327295,100.0,0.08,0.6,0.27,1.0,false
0.02,0.02,0.0,0.004,0.5,0.225,0.15,1.0,7.0,1.0,9.629164232212695,80.19800286882828,-0.10943764749382012,-0.10291422297982991,-0.10291422297982991,-0.06030326901025944,true,0.0,0.10943764749382012,-0.0016236040080896787,0.0016236040080896787,67.29471197799504,6.703249042636638,73.99796102063168,90.94130574656283,-79.5040819144399,100.0,0.08,0.6,0.27,1.0,false
0.02,0.02,0.0,0.004,0.5,0.225,0.15,1.0,7.0,1.0,9.87564545928277,74.15476223619116,-0.18859481112036747,-0.23091756831517116,-0.23091756831517116,-0.22472406982282836,true,0.0,0.18859481112036747,-0.0027281372124404826,0.0027281372124404826,68.94092340385903,10.86207080493492,79.80299420879395,86.38889315792369,-65.02770849831218,100.0,0.08,0.6,0.27,1.0,false
