gross_delta,delta,iota,kappa,lambda,sigmah,sigmal,mu_b,m,c,p,vb,debt_diff,eq_deriv,eq_deriv_min_val,eq_min_val,eq_negative,eq_vb,abs_debt_diff,debt_per_diff,abs_debt_per_diff,debt,equity,firm_value,leverage,ROE,V0,r,alpha,pi,xi,opt
0.02,0.02,0.0,0.004,0.5,0.225,0.15,1.0,7.0,2.0,11.55270263868492,91.21193104058273,-0.7971864613236761,-0.7437566046317082,-0.7437566046317082,-2.036005545528073,true,0.0,0.7971864613236761,-0.009857760885123962,0.009857760885123962,80.07173200947076,-1.85649690703644,78.21523510243432,102.37357454031186,-109.31589693554264,100.0,0.08,0.6,0.27,1.0,false
0.02,0.02,0.0,0.004,0.5,0.225,0.15,1.0,7.0,2.0,12.128257562598364,88.0500580060924,-0.06439108948345051,-0.889162575148246,-0.889162575148246,-2.511814065598701,true,0.0,0.06439108948345051,-0.0007584541325566654,0.0007584541325566654,84.8334118487051,-1.6194074838316757,83.21400436487342,101.94607565900924,-110.67746725682277,100.0,0.08,0.6,0.27,1.0,false
0.02,0.02,0.0,0.004,0.5,0.225,0.15,1.0,7.0,2.0,12.416035024555086,86.58814352049507,-0.21131615207796983,-0.9645069847854878,-0.9645069847854878,-2.758509023733265,true,0.0,0.21131615207796983,-0.002431373757058648,0.002431373757058648,86.70092901980763,-1.3448227047837191,85.35610631502391,101.5755436404519,-110.11215525345115,100.0,0.08,0.6,0.27,1.0,false
0.02,0.02,0.0,0.004,0.5,0.225,0.15,1.0,7.0,2.0,12.703812486511808,84.45473816245467,-0.08005568523989837,-1.0679745347181524,-1.0679745347181524,-3.091787496689391,true,0.0,0.08005568523989837,-0.0009002436453612082,0.0009002436453612082,88.84663172034276,-0.6950271442171481,88.1516045761256,100.78844525582849,-106.23154482834407,100.0,0.08,0.6,0.27,1.0,false
0.02,0.02,0.0,0.004,0.5,0.225,0.15,1.0,7.0,2.0,12.899960688288907,82.27351512188821,-0.003069149351573562,-1.178536974173445,-1.178536974173445,-3.442766965506313,true,0.0,0.003069149351573562,-1.1046303512373345e-5,1.1046303512373345e-5,90.29665566867075,0.2564432895365621,90.55309895820731,99.71680340873267,-97.35716593392875,100.0,0.08,0.6,0.27,1.0,false
0.02,0.02,0.0,0.004,0.5,0.225,0.15,1.0,7.0,2.0,12.99158994846853,80.97865029810869,-0.029206920640561407,-1.2470385959964494,-1.2470385959964494,-3.6589167353284533,true,0.0,0.029206920640561407,-0.0003211629408652762,0.0003211629408652762,90.91192271863915,0.9136387083721307,91.82556142701128,99.00502790925123,-89.94684265894224,100.0,0.08,0.6,0.27,1.0,false
