gross_delta,delta,iota,kappa,lambda,sigmah,sigmal,mu_b,m,c,p,vb,debt_diff,eq_deriv,eq_deriv_min_val,eq_min_val,eq_negative,eq_vb,abs_debt_diff,debt_per_diff,abs_debt_per_diff,debt,equity,firm_value,leverage,ROE,V0,r,alpha,pi,xi,opt
0.02,0.02,0.0,0.004,0.5,0.225,0.15,1.0,7.0,8.0,6.937968796879687,69.51219191663026,74.98714901444723,-2.689625622116245,-2.689625622116245,-6.541773997955683,true,0.0,74.98714901444723,1.5440325796830638,1.5440325796830638,123.55293059260504,9.210608848458165,132.7635394410632,93.06239583003362,-139.10599919718712,100.0,0.08,0.6,0.27,1.0,false
0.02,0.02,0.0,0.004,0.5,0.225,0.15,1.0,7.0,8.0,6.937968796879687,69.51219191663026,74.98714901444724,-2.6896256221162456,-2.6896256221162456,-6.5417739979556835,true,0.0,74.98714901444724,1.5440325796830638,1.5440325796830638,123.55293059260505,9.210608848458168,132.76353944106322,93.06239583003362,-139.10599919718712,100.0,0.08,0.6,0.27,1.0,false
0.02,0.02,0.0,0.004,0.5,0.225,0.15,1.0,7.0,8.0,7.233039093383022,70.5084386587061,84.44555883307854,-2.670332981840001,-2.670332981840001,-6.576027171756179,true,0.0,84.44555883307854,1.6678537342490674,1.6678537342490674,135.07683248675968,6.922613082988095,141.9994455697478,95.12490132957045,-119.73557072350003,100.0,0.08,0.6,0.27,1.0,false
0.02,0.02,0.0,0.004,0.5,0.225,0.15,1.0,7.0,8.0,7.528109389886357,89.6031307084746,92.50572260468759,-4.1106406606665935,-4.1106406606665935,-20.300373529157905,true,0.0,92.50572260468759,1.7554345380521332,1.7554345380521332,145.2024883338921,-19.66598827913233,125.53650005475976,115.66555405842438,-56.49357147361489,100.0,0.08,0.6,0.27,1.0,false
0.02,0.02,0.0,0.004,0.5,0.225,0.15,1.0,7.0,8.0,7.8231796863896905,89.68456774934964,98.92271573705412,-4.021947781528449,-4.021947781528449,-19.986671551492858,true,0.0,98.92271573705412,1.80640316346697,1.80640316346697,153.68497354178194,-19.23552390432529,134.44944963745667,114.30688184755975,-64.16963139722019,100.0,0.08,0.6,0.27,1.0,false
0.02,0.02,0.0,0.004,0.5,0.225,0.15,1.0,7.0,8.0,8.118249982893026,89.76584549764112,105.48159670360744,-3.923188224119069,-3.923188224119069,-19.56455103637043,true,0.0,105.48159670360744,1.8561635279573945,1.8561635279573945,162.30934658385863,-18.697528027672657,143.61181855618597,113.01949116420215,-69.99241838861411,100.0,0.08,0.6,0.27,1.0,false
