gross_delta,delta,iota,kappa,lambda,sigmah,sigmal,mu_b,m,c,p,vb,debt_diff,eq_deriv,eq_deriv_min_val,eq_min_val,eq_negative,eq_vb,abs_debt_diff,debt_per_diff,abs_debt_per_diff,debt,equity,firm_value,leverage,ROE,V0,r,alpha,pi,xi,opt
0.02,0.02,0.0,0.005,0.3,0.3,0.15,1.0,5.0,1.0,10.81866212937083,67.15196795276091,0.17109366053391994,-0.04043546098987309,-0.04043546098987309,-0.008161683935360823,true,0.0,0.17109366053391994,0.0031629356474573637,0.0031629356474573637,54.26440430738807,16.225162992828807,70.48956730021688,76.98217819422068,-64.5239932986162,100.0,0.08,0.6,0.27,1.0,false
0.02,0.02,0.0,0.005,0.3,0.3,0.15,1.0,5.0,1.0,11.05480540678994,63.28251356038323,3.481956311699591e-6,-0.19424599503655648,-0.19424599503655648,-0.14416770773390353,true,0.0,3.481956311699591e-6,-5.710307670850031e-6,5.710307670850031e-6,55.274030515906,19.895670021600214,75.16970053750622,73.53232768078783,-55.51651478750895,100.0,0.08,0.6,0.27,1.0,false
0.02,0.02,0.0,0.005,0.3,0.3,0.15,1.0,5.0,1.0,11.065299951047734,63.150225297383464,-0.016169863587414568,-0.196512426080728,-0.196512426080728,-0.14383533736778478,true,0.0,0.016169863587414568,-0.00029226254433136265,0.00029226254433136265,55.31032989165126,19.955453674708792,75.26578356636006,73.48668580974176,-55.34660778133424,100.0,0.08,0.6,0.27,1.0,false
0.02,0.02,0.0,0.005,0.3,0.3,0.15,1.0,5.0,1.0,11.31193777272464,57.36453949649358,-0.22115462433549027,-0.4580553151693282,-0.4580553151693282,-0.5355686173176415,true,0.0,0.22115462433549027,-0.003910110341461365,0.003910110341461365,56.33853423928771,26.583876022560464,82.92241026184817,67.94126468512522,-39.11364275250393,100.0,0.08,0.6,0.27,1.0,false
0.02,0.02,0.0,0.005,0.3,0.3,0.15,1.0,5.0,1.0,11.558575594401544,44.906109565829055,0.19103936296387047,-1.314676599361056,-1.314676599361056,-2.0260639600893144,true,0.0,0.19103936296387047,0.003305586599379968,0.003305586599379968,57.98391733497159,47.70039905878694,105.68431639375854,54.865205466187774,13.528906154999088,100.0,0.08,0.6,0.27,1.0,false
0.02,0.02,0.0,0.005,0.3,0.3,0.15,1.0,5.0,1.0,11.805213416078448,43.32979176087751,-0.037542089525999245,-1.5285285429399667,-1.5285285429399667,-2.4316442684400195,true,0.0,0.037542089525999245,-0.0006360255965363188,0.0006360255965363188,58.98852499086624,51.98866463507788,110.97718962594412,53.15373834000565,26.76614197245859,100.0,0.08,0.6,0.27,1.0,false
