gross_delta,delta,iota,kappa,lambda,sigmah,sigmal,mu_b,m,c,p,vb,debt_diff,eq_deriv,eq_deriv_min_val,eq_min_val,eq_negative,eq_vb,abs_debt_diff,debt_per_diff,abs_debt_per_diff,debt,equity,firm_value,leverage,ROE,V0,r,alpha,pi,xi,opt
0.02,0.02,0.0,0.004,0.3,0.2,0.15,1.0,3.0,3.0,25.586671825077243,79.46157772626093,0.5849586970109897,0.12564072835535292,0.12564072835535292,0.010451116324184863,false,0.0,0.5849586970109897,0.007620617236583795,0.007620617236583795,77.34497417224271,19.20312519333139,96.5480993655741,80.11030220220098,-15.236798495266225,100.0,0.08,0.6,0.27,1.0,false
0.02,0.02,0.0,0.004,0.3,0.2,0.15,1.0,3.0,3.0,26.081878851302292,80.02899629946727,7.72090041709333e-6,0.08411072567320198,0.08411072567320198,-0.028099913279046183,true,0.0,7.72090041709333e-6,1.8983940027062566e-5,1.8983940027062566e-5,78.24564427480723,18.38816031546714,96.63380459027437,80.9712963352394,-15.473661699056363,100.0,0.08,0.6,0.27,1.0,false
0.02,0.02,0.0,0.004,0.3,0.2,0.15,1.0,3.0,3.0,26.703954605986915,79.56246484151107,-0.34224519194815173,-1.5330949827349616e-8,-1.5330949827349616e-8,0.0006418102322002668,false,0.0,0.34224519194815173,-0.004272091243886674,0.004272091243886674,79.76961862601259,18.86177135731543,98.63138998332802,80.8765025409216,-6.765122176252037,100.0,0.08,0.6,0.27,1.0,false
0.02,0.02,0.0,0.004,0.3,0.2,0.15,1.0,3.0,3.0,27.26259599644175,78.0936519613419,-0.38398461050132937,-0.13641397093415839,-0.13641397093415839,-0.038241525604192646,true,0.0,0.38398461050132937,-0.004694889297549484,0.004694889297549484,81.40380337882392,20.69849786628866,102.10230124511259,79.7276872177458,11.305006544825535,100.0,0.08,0.6,0.27,1.0,false
0.02,0.02,0.0,0.004,0.3,0.2,0.15,1.0,3.0,3.0,28.37987877735142,72.32186454684965,-0.14719795292494098,-0.5688858842013681,-0.5688858842013681,-0.49285765219922195,true,0.0,0.14719795292494098,-0.001728900418964115,0.001728900418964115,84.99243837912931,29.194489843684917,114.18692822281423,74.43272159251242,94.5318672094258,100.0,0.08,0.6,0.27,1.0,false
0.02,0.02,0.0,0.004,0.3,0.2,0.15,1.0,3.0,3.0,28.938520167806253,67.98002227375184,-0.09514960443038945,-0.741060553915392,-0.741060553915392,-0.697038653482137,true,0.0,0.09514960443038945,-0.0010959971216985057,0.0010959971216985057,86.72041089898838,37.00871507909873,123.7291259780871,70.08892224321288,178.68870638685235,100.0,0.08,0.6,0.27,1.0,false
