gross_delta,delta,iota,kappa,lambda,sigmah,sigmal,mu_b,m,c,p,vb,debt_diff,eq_deriv,eq_deriv_min_val,eq_min_val,eq_negative,eq_vb,abs_debt_diff,debt_per_diff,abs_debt_per_diff,debt,equity,firm_value,leverage,ROE,V0,r,alpha,pi,xi,opt
0.02,0.02,0.0,0.004,0.3,0.2,0.15,1.0,3.0,9.0,32.768258404787844,91.21193104058273,-1.3192639759936498,-0.14683729151371558,-0.14683729151371558,-0.03105864337337007,true,0.0,1.3192639759936498,-0.013420141321892664,0.013420141321892664,96.98551123836988,7.6791127820626075,104.66462402043248,92.66312485815313,154.74013636428487,100.0,0.08,0.6,0.27,1.0,false
0.02,0.02,0.0,0.004,0.3,0.2,0.15,1.0,3.0,9.0,33.481302077576174,90.66973415454436,-1.674361442257137,-0.2894846643023824,-0.2894846643023824,-0.11543633772883301,true,0.0,1.674361442257137,-0.016669616953940855,0.016669616953940855,98.76954479047139,7.895632141252425,106.6651769317238,92.59774148567118,541.6838321386141,100.0,0.08,0.6,0.27,1.0,false
0.02,0.02,0.0,0.004,0.3,0.2,0.15,1.0,3.0,9.0,34.82549553839425,89.22312073779905,3.0130485971113785e-5,-0.42010582433473964,-0.42010582433473964,-0.20874165992685187,true,0.0,3.0130485971113785e-5,-0.00044949200534949224,0.00044949200534949224,104.47651674566872,9.585108612616013,114.06162535828473,91.59655266834244,-314.1197979855687,100.0,0.08,0.6,0.27,1.0,false
0.02,0.02,0.0,0.004,0.3,0.2,0.15,1.0,3.0,9.0,36.333476768729504,88.64965672826983,2.5445198305536394,-0.4045037180451399,-0.4045037180451399,-0.20110846122849818,true,0.0,2.5445198305536394,0.023344126471849108,0.023344126471849108,111.54495013674216,10.508393631806035,122.05334376854819,91.39032712472567,-191.02155927345885,100.0,0.08,0.6,0.27,1.0,false
0.02,0.02,0.0,0.004,0.3,0.2,0.15,1.0,3.0,9.0,37.046520441517835,89.22065493347391,3.1704416146301213,-0.35700100939574686,-0.35700100939574686,-0.15662661496572453,true,0.0,3.1704416146301213,0.028526670222961292,0.028526670222961292,114.31000293918363,9.788865449009922,124.09886838819355,92.11204294112547,-168.40575428678676,100.0,0.08,0.6,0.27,1.0,false
0.02,0.02,0.0,0.004,0.3,0.2,0.15,1.0,3.0,9.0,37.759564114306166,89.73404127386038,4.3170007462912565,-0.29446323817719267,-0.29446323817719267,-0.10631075889211787,true,0.0,4.3170007462912565,0.03810955667834498,0.03810955667834498,117.59569308920976,9.32289230060871,126.91858538981847,92.65443097086661,-152.9839447263706,100.0,0.08,0.6,0.27,1.0,false
