gross_delta,delta,iota,kappa,lambda,sigmah,sigmal,mu_b,m,c,p,vb,debt_diff,eq_deriv,eq_deriv_min_val,eq_min_val,eq_negative,eq_vb,abs_debt_diff,debt_per_diff,abs_debt_per_diff,debt,equity,firm_value,leverage,ROE,V0,r,alpha,pi,xi,opt
0.02,0.02,0.0,0.0025,0.75,0.225,0.15,1.0,5.0,6.0,16.006250625062506,61.79565268005826,-5.280298228541966,-0.24183647111762774,-0.41911897305092477,-0.045676303873700606,true,0.0,5.280298228541966,-0.06597795264150245,0.06597795264150245,74.75095489677057,36.226146993741686,110.97710189051224,67.35709765652228,43.47531498966766,100.0,0.08,0.6,0.27,1.0,false
0.02,0.02,0.0,0.0025,0.75,0.225,0.15,1.0,5.0,6.0,16.461539575010132,60.9870248274609,-4.532243304491615,-0.07220809028959384,-0.6664363594642382,-0.0032184441662120224,false,0.0,4.532243304491615,-0.055064634554254026,0.055064634554254026,77.77545457055905,39.056942952259014,116.83239752281807,66.57010916459969,75.73787088810427,100.0,0.08,0.6,0.27,1.0,false
0.02,0.02,0.0,0.0025,0.75,0.225,0.15,1.0,5.0,6.0,16.916828524957758,61.00363362373853,-5.398870614710233,-4.4853042058121606e-6,-0.8186128154355649,0.0016512442697593276,false,0.0,5.398870614710233,-0.06382840148489019,0.06382840148489019,79.18527201007856,39.60476420200055,118.79003621207912,66.65986014913483,90.27279252064844,100.0,0.08,0.6,0.27,1.0,false
0.02,0.02,0.0,0.0025,0.75,0.225,0.15,1.0,5.0,6.0,19.600332983883156,91.13974057919346,3.86816641677612e-5,-1.7086241763597096,-1.717158326797044,-4.600335090497143,true,0.0,3.86816641677612e-5,2.0321342500857764e-5,2.0321342500857764e-5,98.00170360107994,-4.030197644627494,93.97150595645245,104.2887443418169,-301.6816747908635,100.0,0.08,0.6,0.27,1.0,false
0.02,0.02,0.0,0.0025,0.75,0.225,0.15,1.0,5.0,6.0,19.648562224643516,91.21193104058273,0.41871009643116963,-1.7229064955918825,-1.7229064955918825,-4.640414488707294,true,0.0,0.41871009643116963,0.004261992217486705,0.004261992217486705,98.66152121964875,-4.313760551623836,94.34776066802492,104.57219177337167,-422.2883033298287,100.0,0.08,0.6,0.27,1.0,false
0.02,0.02,0.0,0.0025,0.75,0.225,0.15,1.0,5.0,6.0,20.103851174591142,89.32343598948476,5.157465835827267,-1.7369900851311708,-1.7369900851311708,-4.726541750055001,true,0.0,5.157465835827267,0.05130823732266468,0.05130823732266468,105.67672170878298,-3.8416284340820126,101.83509327470097,103.77240135060237,-32.32663795834352,100.0,0.08,0.6,0.27,1.0,false
