gross_delta,delta,iota,kappa,lambda,sigmah,sigmal,mu_b,m,c,p,vb,debt_diff,eq_deriv,eq_deriv_min_val,eq_min_val,eq_negative,eq_vb,abs_debt_diff,debt_per_diff,abs_debt_per_diff,debt,equity,firm_value,leverage,ROE,V0,r,alpha,pi,xi,opt
0.02,0.02,0.0,0.0025,0.75,0.225,0.15,1.0,5.0,11.0,14.264851485148515,65.43442642876941,44.39143918478824,1.0286528140727633,-0.7546048931551979,0.11468721818639212,false,0.0,44.39143918478824,0.6223890831391445,0.6223890831391445,115.71569661053081,34.855953383898914,150.57164999442972,76.85091889131296,-321.79069911888314,100.0,0.08,0.6,0.27,1.0,false
0.02,0.02,0.0,0.0025,0.75,0.225,0.15,1.0,5.0,11.0,14.7989298929893,71.98858943266123,73.04772782415068,-1.062534312112895e-5,-1.0113699255989819,-1.8078792322576929,true,0.0,73.04772782415068,0.9872028363179909,0.9872028363179909,147.04237728909717,17.52117049857073,164.56354778766791,89.35294557384127,-137.24550396527587,100.0,0.08,0.6,0.27,1.0,false
0.02,0.02,0.0,0.0025,0.75,0.225,0.15,1.0,5.0,11.0,15.333008300830084,91.21193104058273,41.77213533942188,-2.776473424431862,-2.776473424431862,-8.14914376353604,true,0.0,41.77213533942188,0.5448654891442335,0.5448654891442335,118.4371768435723,-8.006822918745176,110.43035392482713,107.25056348564783,-56.57240266946526,100.0,0.08,0.6,0.27,1.0,false
0.02,0.02,0.0,0.0025,0.75,0.225,0.15,1.0,5.0,11.0,15.470534866114738,92.59812761793131,39.74498261235345,-3.036615464240023,-2.9490560746194716,-8.78679076014474,true,0.0,39.74498261235345,0.5115183666395582,0.5115183666395582,117.09765694292716,-10.205494641873845,106.89216230105332,109.54746767413206,-40.310566085515106,100.0,0.08,0.6,0.27,1.0,false
0.02,0.02,0.0,0.0025,0.75,0.225,0.15,1.0,5.0,11.0,15.867086708670866,89.27757070811244,49.677424171361736,-2.779120604413258,-2.779120604413258,-8.332804178388532,true,0.0,49.677424171361736,0.6261694422356006,0.6261694422356006,129.01285771471606,-7.764328852792207,121.24852886192386,106.40364788395422,-73.2383175447969,100.0,0.08,0.6,0.27,1.0,false
0.02,0.02,0.0,0.0025,0.75,0.225,0.15,1.0,5.0,11.0,16.401165116511653,89.39653800371646,56.341558725731346,-2.62256973909745,-2.62256973909745,-7.899669811151166,true,0.0,56.341558725731346,0.6870433694861134,0.6870433694861134,138.3473843082896,-7.484530069866654,130.86285423842295,105.71936942184553,-80.48229310845404,100.0,0.08,0.6,0.27,1.0,false
