gross_delta,delta,iota,kappa,lambda,sigmah,sigmal,mu_b,m,c,p,vb,debt_diff,eq_deriv,eq_deriv_min_val,eq_min_val,eq_negative,eq_vb,abs_debt_diff,debt_per_diff,abs_debt_per_diff,debt,equity,firm_value,leverage,ROE,V0,r,alpha,pi,xi,opt
0.02,0.02,0.0,0.0025,0.75,0.225,0.15,1.0,5.0,4.0,18.911358241087264,65.44802911861741,-0.01493655696725682,-0.5793292962096168,-0.5793292962096168,-0.36090528513808473,true,0.0,0.01493655696725682,-0.00015796387310569056,0.00015796387310569056,94.54185464846907,26.367016492055882,120.90887114052495,78.19265348908012,383.07648100027814,100.0,0.08,0.6,0.27,1.0,false
0.02,0.02,0.0,0.0025,0.75,0.225,0.15,1.0,5.0,4.0,19.24074506934846,65.95221562206343,4.123532541437137e-6,-0.5429786267085178,-0.5458243141662109,-0.3135725808165784,true,0.0,4.123532541437137e-6,-0.00013991881749038436,0.00013991881749038436,96.20372947027484,25.64793723728329,121.85166670755812,78.95150888757402,575.6087859507767,100.0,0.08,0.6,0.27,1.0,false
0.02,0.02,0.0,0.0025,0.75,0.225,0.15,1.0,5.0,4.0,19.774420863138943,66.25913288308516,-0.3224337581616368,-0.4794625025386072,-0.6227532336643063,-0.24269786148208317,true,0.0,0.3224337581616368,-0.0032611196089456997,0.0032611196089456997,98.54967055753308,25.621758149606194,124.17142870713927,79.3658183558187,1666.616425163728,100.0,0.08,0.6,0.27,1.0,false
0.02,0.02,0.0,0.0025,0.75,0.225,0.15,1.0,5.0,4.0,20.63748348519062,66.19680508770989,-0.4391816481287236,-0.3935131419271549,-0.8987788732592744,-0.15624898762947628,true,0.0,0.4391816481287236,-0.004256155053438358,0.004256155053438358,102.74823577782438,26.879639259273656,129.62787503709802,79.26399761503382,-1078.0688933666656,100.0,0.08,0.6,0.27,1.0,false
0.02,0.02,0.0,0.0025,0.75,0.225,0.15,1.0,5.0,4.0,21.06901479621646,66.31116720116214,0.22500294772258655,-0.37286227763673485,-1.0203253813955528,-0.1378512958937683,true,0.0,0.22500294772258655,0.0021358658665235,0.0021358658665235,105.5700769288049,27.279676697774086,132.84975362657897,79.46576794229276,-589.75403834552,100.0,0.08,0.6,0.27,1.0,false
0.02,0.02,0.0,0.0025,0.75,0.225,0.15,1.0,5.0,4.0,23.658202662371497,87.93622671632346,-1.6106911072538708,-1.1069101564159185,-1.1069101564159185,-2.3073305472737626,true,0.0,1.6106911072538708,-0.013616343813096876,0.013616343813096876,116.68032220460361,-0.1813423512316704,116.49897985337194,100.15566003364142,-98.91283664063982,100.0,0.08,0.6,0.27,1.0,false
