gross_delta,delta,iota,kappa,lambda,sigmah,sigmal,mu_b,m,c,p,vb,debt_diff,eq_deriv,eq_deriv_min_val,eq_min_val,eq_negative,eq_vb,abs_debt_diff,debt_per_diff,abs_debt_per_diff,debt,equity,firm_value,leverage,ROE,V0,r,alpha,pi,xi,opt
0.02,0.02,0.0,0.003,0.1,0.25,0.15,1.0,5.0,3.0,15.730109853090573,87.7997071382182,4.419011395611463,0.4188631349507612,0.4188631349507612,0.05039266641694352,false,0.0,4.419011395611463,0.05618538505938327,0.05618538505938327,83.06956066106433,10.797001537064595,93.86656219812892,88.49749976538523,-36.227280811111264,100.0,0.08,0.6,0.27,1.0,false
0.02,0.02,0.0,0.003,0.1,0.25,0.15,1.0,5.0,3.0,17.476582582831213,87.82802838134768,3.459662278802733e-5,0.115309568597069,0.115309568597069,0.09845235418116953,false,0.0,3.459662278802733e-5,0.0006513888416586286,0.0006513888416586286,87.38294751077886,8.931176037488552,96.31412354826742,90.7270338882202,-29.213451040815308,100.0,0.08,0.6,0.27,1.0,false
0.02,0.02,0.0,0.003,0.1,0.25,0.15,1.0,5.0,3.0,17.930046952063627,87.2944010177531,-0.5153931841812067,-6.959701880407919e-8,-6.959701880407919e-8,0.001522582021693861,false,0.0,0.5153931841812067,-0.005748932900835359,0.005748932900835359,89.13484157613694,8.89773124379403,98.03257281993096,90.92369914626475,-18.107671359379253,100.0,0.08,0.6,0.27,1.0,false
0.02,0.02,0.0,0.003,0.1,0.25,0.15,1.0,5.0,3.0,21.449946310420515,80.89860200865357,-1.0786399324726972,-0.9668943628527576,-0.9668943628527576,-1.585453128048609,true,0.0,1.0786399324726972,-0.010057273961088539,0.010057273961088539,106.17109161962988,11.355376413955979,117.52646803358586,90.33802631530548,-284.0092015136382,100.0,0.08,0.6,0.27,1.0,false
0.02,0.02,0.0,0.003,0.1,0.25,0.15,1.0,5.0,3.0,21.889933730215127,80.31410215078812,-1.2136037277462464,-1.0556949158368405,-1.0556949158368405,-1.819892683999096,true,0.0,1.2136037277462464,-0.011088235740714776,0.011088235740714776,108.23606492332938,11.669283813053442,119.90534873638282,90.26792054230302,-241.6851848751115,100.0,0.08,0.6,0.27,1.0,false
0.02,0.02,0.0,0.003,0.1,0.25,0.15,1.0,5.0,3.0,23.20989598959896,78.68691910306418,-0.8722065206149239,-1.2860085366419798,-1.2860085366419798,-2.4238205315871855,true,0.0,0.8722065206149239,-0.007515815848599971,0.007515815848599971,115.17727342737987,12.934332082898056,128.11160551027794,89.90385607035391,-185.2217109007502,100.0,0.08,0.6,0.27,1.0,false
