gross_delta,delta,iota,kappa,lambda,sigmah,sigmal,mu_b,m,c,p,vb,debt_diff,eq_deriv,eq_deriv_min_val,eq_min_val,eq_negative,eq_vb,abs_debt_diff,debt_per_diff,abs_debt_per_diff,debt,equity,firm_value,leverage,ROE,V0,r,alpha,pi,xi,opt
0.02,0.02,0.0,0.003,0.5,0.25,0.15,1.0,7.0,2.0,11.02517883367284,93.6183638991784,-3.556622281338548,-0.7668810391653899,-0.7668810391653899,-2.4326877575198753,true,0.0,3.556622281338548,-0.04608441323258043,0.04608441323258043,73.61962955437133,-2.379604733992646,71.24002482037868,103.34026376323209,-109.02036132850044,100.0,0.08,0.6,0.27,1.0,false
0.02,0.02,0.0,0.003,0.5,0.25,0.15,1.0,7.0,2.0,11.333335965175465,92.6977171940072,-2.627343019457996,-0.82017998361909,-0.82017998361909,-2.634281997195,true,0.0,2.627343019457996,-0.03311776146218012,0.03311776146218012,76.70600873677026,-2.6260488167221054,74.07995992004815,103.54488422990012,-111.27350305513079,100.0,0.08,0.6,0.27,1.0,false
0.02,0.02,0.0,0.003,0.5,0.25,0.15,1.0,7.0,2.0,11.949650228180712,89.97674261190973,-1.7899935029667944,-0.9589856979520205,-0.9589856979520205,-3.1434642609260868,true,0.0,1.7899935029667944,-0.02139923367494383,0.02139923367494383,81.85755809429818,-3.0209097726667817,78.8366483216314,103.83185972130921,-116.65106488072792,100.0,0.08,0.6,0.27,1.0,false
0.02,0.02,0.0,0.003,0.5,0.25,0.15,1.0,7.0,2.0,12.257807359683337,87.23535514771653,-0.8149187033968275,-1.0791146268955323,-1.0791146268955323,-3.562647501348101,true,0.0,0.8149187033968275,-0.009497372100251842,0.009497372100251842,84.98973281438653,-2.908888481198055,82.08084433318848,103.54393099246163,-119.37932513277356,100.0,0.08,0.6,0.27,1.0,false
0.02,0.02,0.0,0.003,0.5,0.25,0.15,1.0,7.0,2.0,12.494147753521897,85.13694424055899,-0.41047749587590276,-1.1779412051412523,-1.1779412051412523,-3.9026785103312225,true,0.0,0.41047749587590276,-0.0046288067316809485,0.0046288067316809485,87.0485567787774,-2.5863976505303836,84.46215912824701,103.06219693792484,-119.96995706464774,100.0,0.08,0.6,0.27,1.0,false
0.02,0.02,0.0,0.003,0.5,0.25,0.15,1.0,7.0,2.0,12.56596449118596,84.61638572640688,-0.46116400586461737,-1.2058643503025908,-1.2058643503025908,-3.9981642454413984,true,0.0,0.46116400586461737,-0.00524277880242173,0.00524277880242173,87.5005874324371,-2.439683600691043,85.06090383174606,102.86816091857762,-119.51838606417586,100.0,0.08,0.6,0.27,1.0,false
