gross_delta,delta,iota,kappa,lambda,sigmah,sigmal,V0,r,alpha,pi,xi,mu_b,m,c,p,vb,sg_debt,debt,debt_diff,abs_debt_diff,debt_per_diff,abs_debt_per_diff,eq_vb,eq_min_val,sg_equity,equity,eq_negative,firm_value,leverage,ROE,cvml_vb,cvmh_vb,eq_deriv
0.02,0.018000000000000002,0.002,0.015000000000000001,NaN,NaN,0.25,100.0,0.08,0.6,0.27,1.0,1.0,5.0,0.9715971597159716,9.650641684556218,44.02548554958983,48.25341913210906,48.261712339857155,0.00850391707606235,0.00850391707606235,0.00017623526712573,0.00017623526712573,6.927791673660977e-14,NaN,45.525226674945024,45.530942005448814,false,93.79265434530598,51.455748509022236,-11.997586188914266,NaN,NaN,NaN
