gross_delta,delta,iota,kappa,lambda,sigmah,sigmal,mu_b,m,c,p,vb,debt_diff,eq_deriv,eq_deriv_min_val,eq_min_val,eq_negative,eq_vb,abs_debt_diff,debt_per_diff,abs_debt_per_diff,debt,equity,firm_value,leverage,ROE,V0,r,alpha,pi,xi,opt
0.02,0.02,0.0,0.001,0.3,0.25,0.15,1.0,5.0,9.0,16.423959501213275,100.0,-22.11979512188087,-0.7820904641990257,-0.7820904641990257,-0.9605840646343444,true,0.0,22.11979512188087,-0.26936007873432505,0.26936007873432505,60.00000238418551,0.12809336308223482,60.12809574726774,99.78696587428838,-99.67976657320702,100.0,0.08,0.6,0.27,1.0,false
0.02,0.02,0.0,0.001,0.3,0.25,0.15,1.0,5.0,9.0,18.055589769503264,98.76670467409932,-19.300672426229937,-1.1809681465961182,-1.1809681465961182,-1.9894124828125435,true,0.0,19.300672426229937,-0.21379165867879515,0.21379165867879515,70.97727642128638,-1.0460641127485752,69.9312123085378,101.49584724505178,-103.60429340792743,100.0,0.08,0.6,0.27,1.0,false
0.02,0.02,0.0,0.001,0.3,0.25,0.15,1.0,5.0,9.0,19.756260443616217,95.30079132770281,9.181434877714167e-6,-1.283969451683969,-1.283969451683969,-2.133225005563766,true,0.0,9.181434877714167e-6,-0.005564548457095524,0.005564548457095524,98.78131139951596,-1.5842982653928486,97.19701313412311,101.62998657500582,-230.0002531215596,100.0,0.08,0.6,0.27,1.0,false
0.02,0.02,0.0,0.001,0.3,0.25,0.15,1.0,5.0,9.0,20.774973549986576,93.8848057811684,6.832047224275428,-1.149686943867995,-1.149686943867995,-1.7141496048419613,true,0.0,6.832047224275428,0.06577189817196992,0.06577189817196992,110.70691497420832,-0.9833682321206303,109.72354674208769,100.8962235193072,-90.81557820820052,100.0,0.08,0.6,0.27,1.0,false
0.02,0.02,0.0,0.001,0.3,0.25,0.15,1.0,5.0,9.0,21.8627270621799,93.82132834284884,3.5424266233427772,-0.8390680426687143,-0.8390680426687143,-0.8903158323808852,true,0.0,3.5424266233427772,0.03240608194273059,0.03240608194273059,112.85606193424228,0.6332876259538173,113.48934956019609,99.44198497179869,-104.92598456038118,100.0,0.08,0.6,0.27,1.0,false
0.02,0.02,0.0,0.001,0.3,0.25,0.15,1.0,5.0,9.0,25.125987598759874,94.87323709708213,-15.864475349543,5.61161951258038e-7,5.61161951258038e-7,0.006058107327669125,false,0.0,15.864475349543,-0.12627941717463884,0.12627941717463884,109.76546264425637,3.7108203968271685,113.47628304108355,96.72987139040879,-137.99943261274686,100.0,0.08,0.6,0.27,1.0,false
