gross_delta,delta,iota,kappa,lambda,sigmah,sigmal,mu_b,m,c,p,vb,debt_diff,eq_deriv,eq_deriv_min_val,eq_min_val,eq_negative,eq_vb,abs_debt_diff,debt_per_diff,abs_debt_per_diff,debt,equity,firm_value,leverage,ROE,V0,r,alpha,pi,xi,opt
0.02,0.02,0.0,0.001,0.3,0.25,0.15,1.0,5.0,5.0,17.699021217911262,95.81390087558911,-9.40277072677381,-0.45460835557706636,-0.45460835557706636,-0.46643449323656483,true,0.0,9.40277072677381,-0.10625187247369683,0.10625187247369683,79.0923353627825,-0.1698990421952719,78.92243632058724,100.2152734382212,-100.81261606756804,100.0,0.08,0.6,0.27,1.0,false
0.02,0.02,0.0,0.001,0.3,0.25,0.15,1.0,5.0,5.0,20.552496039077592,91.79496856373663,-7.290167207289315,-1.0839414380921435,-1.0839414380921435,-2.0489292017135554,true,0.0,7.290167207289315,-0.0709419157014128,0.0709419157014128,95.47231298809865,-0.8334786377090588,94.63883435038959,100.88069410768861,-118.40848617667699,100.0,0.08,0.6,0.27,1.0,false
0.02,0.02,0.0,0.001,0.3,0.25,0.15,1.0,5.0,5.0,21.028075175938646,91.4435434791712,-7.421797676414329,-1.1623342302240416,-1.1623342302240416,-2.30322946440389,true,0.0,7.421797676414329,-0.07058941547733016,0.07058941547733016,97.71857820327891,-1.0286292210470613,96.68994898223185,101.0638429659696,-145.08720055736427,100.0,0.08,0.6,0.27,1.0,false
0.02,0.02,0.0,0.001,0.3,0.25,0.15,1.0,5.0,5.0,21.5036543127997,91.77623378474196,-9.330821164951644,-1.1986104504033417,-1.1986104504033417,-2.445733186531386,true,0.0,9.330821164951644,-0.08678358598238463,0.08678358598238463,98.18745039904685,-1.4555484285158915,96.73190197053096,101.50472429350073,-180.30392259337216,100.0,0.08,0.6,0.27,1.0,false
0.02,0.02,0.0,0.001,0.3,0.25,0.15,1.0,5.0,5.0,22.620325292859256,89.86224066088619,-0.00033971162785473297,-1.1807165785617055,-1.1807165785617055,-2.2789639639401766,true,0.0,0.00033971162785473297,-0.0027006767062873333,0.0027006767062873333,113.10128675266839,0.3934429146737626,113.49472966734214,99.65333816307863,-103.00308604873203,100.0,0.08,0.6,0.27,1.0,false
0.02,0.02,0.0,0.001,0.3,0.25,0.15,1.0,5.0,5.0,22.930391723382865,87.2149675125995,11.565632530475895,-1.1687636558353633,-1.1687636558353633,-2.0992106999668514,true,0.0,11.565632530475895,0.10087601354565648,0.10087601354565648,126.21759114739022,2.6120815126665082,128.82967266005673,97.972453504901,-109.96308737130688,100.0,0.08,0.6,0.27,1.0,false
