gross_delta,delta,iota,kappa,lambda,sigmah,sigmal,mu_b,m,c,p,vb,debt_diff,eq_deriv,eq_deriv_min_val,eq_min_val,eq_negative,eq_vb,abs_debt_diff,debt_per_diff,abs_debt_per_diff,debt,equity,firm_value,leverage,ROE,V0,r,alpha,pi,xi,opt
0.02,0.02,0.0,0.001,0.3,0.25,0.15,1.0,5.0,1.0,11.362648106915954,61.83948926137424,0.3318023079880774,1.0765188992664654e-6,1.0765188992664654e-6,-0.010457034001118387,true,0.0,0.3318023079880774,0.0058402285253579865,0.0058402285253579865,57.14504284256785,26.179095938563112,83.32413878113096,68.58161833832064,-38.91232735948965,100.0,0.08,0.6,0.27,1.0,false
0.02,0.02,0.0,0.001,0.3,0.25,0.15,1.0,5.0,1.0,11.600427147977955,63.19463373879537,0.1880014060750952,-9.866489084076058e-7,-9.866489084076058e-7,-0.004536301192030682,false,0.0,0.1880014060750952,0.0032412841988816816,0.0032412841988816816,58.19013714596487,24.876535206891084,83.06667235285596,70.05232724236389,-40.500796920241,100.0,0.08,0.6,0.27,1.0,false
0.02,0.02,0.0,0.001,0.3,0.25,0.15,1.0,5.0,1.0,11.83339824875028,58.03483001936655,-2.5769404735781487e-6,-0.21864166463015802,-0.21864166463015802,-0.12215443750047877,true,0.0,2.5769404735781487e-6,-5.049066947287583e-7,5.049066947287583e-7,59.16698866681093,31.52389084069995,90.69087950751089,65.24028544889214,-22.798025882853924,100.0,0.08,0.6,0.27,1.0,false
0.02,0.02,0.0,0.001,0.3,0.25,0.15,1.0,5.0,1.0,11.838206189039957,57.96040325285993,-0.004876943821592761,-0.22172736270737609,-0.22172736270737609,-0.12361557801162676,true,0.0,0.004876943821592761,-8.23932907353469e-5,8.23932907353469e-5,59.18615400137819,31.614970603924483,90.80112460530268,65.182181673025,-22.538614456985872,100.0,0.08,0.6,0.27,1.0,false
0.02,0.02,0.0,0.001,0.3,0.25,0.15,1.0,5.0,1.0,12.075985230101956,55.62583852551073,-0.21339407766109986,-0.3674184169024296,-0.3674184169024296,-0.2870439083655217,true,0.0,0.21339407766109986,-0.003534189113268702,0.003534189113268702,60.16653207284868,35.33521376549802,95.5017458383467,63.000452551611986,-11.292650114923076,100.0,0.08,0.6,0.27,1.0,false
0.02,0.02,0.0,0.001,0.3,0.25,0.15,1.0,5.0,1.0,12.313764271163958,44.47605524115473,0.02836214753077826,-1.1474335382168768,-1.1474335382168768,-1.4284917486713087,true,0.0,0.02836214753077826,0.0004606576332989575,0.0004606576332989575,61.59718350335057,57.12126209367251,118.71844559702308,51.88509939932633,48.74237700418726,100.0,0.08,0.6,0.27,1.0,false
