gross_delta,delta,iota,kappa,lambda,sigmah,sigmal,mu_b,m,c,p,vb,debt_diff,eq_deriv,eq_deriv_min_val,eq_min_val,eq_negative,eq_vb,abs_debt_diff,debt_per_diff,abs_debt_per_diff,debt,equity,firm_value,leverage,ROE,V0,r,alpha,pi,xi,opt
0.02,0.02,0.0,0.0025,0.3,0.2,0.15,1.0,7.0,2.0,14.441907348629597,80.53753161408734,-0.8795513412979545,-0.8145441169419319,-0.8145441169419319,-1.422769721401056,true,0.0,0.8795513412979545,-0.008700387599835734,0.008700387599835734,100.21380009910922,8.955762793659442,109.16956289276867,91.79646546496095,-4288.848756840065,100.0,0.08,0.6,0.27,1.0,false
0.02,0.02,0.0,0.0025,0.3,0.2,0.15,1.0,7.0,2.0,15.262690742758483,74.68584012355562,-0.3610334690015975,-0.9812208449622853,-0.9812208449622853,-1.695290143513453,true,0.0,0.3610334690015975,-0.003379234417223703,0.003379234417223703,106.47780173030779,16.196114954948833,122.67391668525661,86.79742573435308,-350.0248638233527,100.0,0.08,0.6,0.27,1.0,false
0.02,0.02,0.0,0.0025,0.3,0.2,0.15,1.0,7.0,2.0,15.536285207468113,73.04534376456266,-0.48604003737722223,-0.9953057965100469,-0.9953057965100469,-1.6363297413213787,true,0.0,0.48604003737722223,-0.004469169439584736,0.004469169439584736,108.26795641489957,18.832383096603692,127.10033951150326,85.18305838600907,-327.7755487760689,100.0,0.08,0.6,0.27,1.0,false
0.02,0.02,0.0,0.0025,0.3,0.2,0.15,1.0,7.0,2.0,15.809879672177741,70.49647668065377,-0.2516382886820452,-1.0053736367332424,-1.0053736367332424,-1.516853751856083,true,0.0,0.2516382886820452,-0.0022737887763839104,0.0022737887763839104,110.41751941656214,23.273544452527823,133.69106386908996,82.59154817159865,-323.40773769547013,100.0,0.08,0.6,0.27,1.0,false
0.02,0.02,0.0,0.0025,0.3,0.2,0.15,1.0,7.0,2.0,15.979709662556854,68.1696761794042,-9.630238569521832e-6,-1.0070010152877338,-1.0070010152877338,-1.397969003530446,true,0.0,9.630238569521832e-6,8.87380757332132e-6,8.87380757332132e-6,111.85795800765939,27.733799009519018,139.5917570171784,80.13220866178649,-333.8834307863544,100.0,0.08,0.6,0.27,1.0,false
0.02,0.02,0.0,0.0025,0.3,0.2,0.15,1.0,7.0,2.0,16.08347413688737,66.38397849925609,0.15610972031120696,-1.0049619762522861,-1.0049619762522861,-1.302965018293827,true,0.0,0.15610972031120696,0.0013866026970341303,0.0013866026970341303,112.7404286785228,31.35703947991954,144.09746815844235,78.23900733256401,-346.1223265805782,100.0,0.08,0.6,0.27,1.0,false
