gross_delta,delta,iota,kappa,lambda,sigmah,sigmal,mu_b,m,c,p,vb,debt_diff,eq_deriv,eq_deriv_min_val,eq_min_val,eq_negative,eq_vb,abs_debt_diff,debt_per_diff,abs_debt_per_diff,debt,equity,firm_value,leverage,ROE,V0,r,alpha,pi,xi,opt
0.02,0.02,0.0,0.005,0.1,0.25,0.15,1.0,3.0,4.0,30.480730967833626,80.7989451613594,-0.777252507740215,-0.5194150453236356,-0.5194150453236356,-0.45491975308936416,true,0.0,0.777252507740215,-0.008499932941901897,0.008499932941901897,90.66494039576067,16.621590122204402,107.28653051796508,84.50729085752184,78.05553287154197,100.0,0.08,0.6,0.27,1.0,false
0.02,0.02,0.0,0.005,0.1,0.25,0.15,1.0,3.0,4.0,31.824941704696787,78.64213984751795,-0.6465101564993176,-0.8377515544513384,-0.8377515544513384,-1.0338458439324851,true,0.0,0.6465101564993176,-0.006771524909595298,0.006771524909595298,94.82831495759105,18.499302452708253,113.3276174102993,83.67626278973812,257.70357825370087,100.0,0.08,0.6,0.27,1.0,false
0.02,0.02,0.0,0.005,0.1,0.25,0.15,1.0,3.0,4.0,33.169152441559945,76.46152867110959,-0.45906832537859543,-1.102503972122763,-1.102503972122763,-1.5762057378608196,true,0.0,0.45906832537859543,-0.0046134062483449405,0.0046134062483449405,99.04838899930124,21.054403684107207,120.10279268340844,82.4696801683815,2112.5010817074512,100.0,0.08,0.6,0.27,1.0,false
0.02,0.02,0.0,0.005,0.1,0.25,0.15,1.0,3.0,4.0,33.841257809991525,75.60579568368105,-0.48716793014848747,-1.2159559675488374,-1.2159559675488374,-1.8138926167214304,true,0.0,0.48716793014848747,-0.0047985601173946586,0.0047985601173946586,101.03660549982608,22.161624087478817,123.1982295873049,82.01141025993893,-2237.903386697933,100.0,0.08,0.6,0.27,1.0,false
0.02,0.02,0.0,0.005,0.1,0.25,0.15,1.0,3.0,4.0,35.185468546854686,73.8974240770579,-0.3746448421344297,-1.4358891455536962,-1.4358891455536962,-2.266949998144334,true,0.0,0.3746448421344297,-0.0035492383419169606,0.0035492383419169606,105.18176079842964,24.768279211341575,129.95004000977121,80.94015268523258,-577.9896289085315,100.0,0.08,0.6,0.27,1.0,false
0.02,0.02,0.0,0.005,0.1,0.25,0.15,1.0,3.0,4.0,35.185468546854686,73.8974240770579,-0.3746448421344297,-1.4358891455536962,-1.4358891455536962,-2.266949998144334,true,0.0,0.3746448421344297,-0.0035492383419169606,0.0035492383419169606,105.18176079842964,24.768279211341575,129.95004000977121,80.94015268523258,-577.9896289085315,100.0,0.08,0.6,0.27,1.0,false
