gross_delta,delta,iota,kappa,lambda,sigmah,sigmal,mu_b,m,c,p,vb,debt_diff,eq_deriv,eq_deriv_min_val,eq_min_val,eq_negative,eq_vb,abs_debt_diff,debt_per_diff,abs_debt_per_diff,debt,equity,firm_value,leverage,ROE,V0,r,alpha,pi,xi,opt
0.02,0.02,0.0,0.005,0.1,0.25,0.15,1.0,3.0,11.0,34.03936183091994,91.21193104058273,1.3217661702758505,-0.13845414525061697,-0.13845414525061697,-0.023281922215745567,true,0.0,1.3217661702758505,0.012943507155444704,0.012943507155444704,103.43985166303565,8.844878985105991,112.28473064814165,92.12281230577777,-357.12966289076616,100.0,0.08,0.6,0.27,1.0,false
0.02,0.02,0.0,0.005,0.1,0.25,0.15,1.0,3.0,11.0,34.88130523578673,91.21193104058273,0.8308067305609939,-0.2165426580633085,-0.2165426580633085,-0.05648920487277125,true,0.0,0.8308067305609939,0.007939369670419916,0.007939369670419916,105.4747224379212,8.40984012636676,113.88456256428796,92.6154696150153,-253.6121734339476,100.0,0.08,0.6,0.27,1.0,false
0.02,0.02,0.0,0.005,0.1,0.25,0.15,1.0,3.0,11.0,35.36412250948034,91.37959893176607,0.1008733384628917,-0.2516525219898591,-0.2516525219898591,-0.07595801577942177,true,0.0,0.1008733384628917,0.001137487758572522,0.001137487758572522,106.19324086690389,7.893366379216965,114.08660724612086,93.08125066583102,-227.45130617151332,100.0,0.08,0.6,0.27,1.0,false
0.02,0.02,0.0,0.005,0.1,0.25,0.15,1.0,3.0,11.0,35.72324864065354,91.21193104058273,0.8187798217767011,-0.2685935501115907,-0.2685935501115907,-0.08537389297460318,true,0.0,0.8187798217767011,0.007640027647102234,0.007640027647102234,107.98852574373731,8.12937538216958,116.1179011259069,92.99903347946767,-201.76314933381408,100.0,0.08,0.6,0.27,1.0,false
0.02,0.02,0.0,0.005,0.1,0.25,0.15,1.0,3.0,11.0,36.56519204552034,89.7370043920235,7.1793923702231695,-0.2746311641713483,-0.2746311641713483,-0.0848423023420284,true,0.0,7.1793923702231695,0.0654483309453198,0.0654483309453198,116.87496850678419,10.98763410534647,127.86260261213066,91.40668664576044,-165.11202732573486,100.0,0.08,0.6,0.27,1.0,false
0.02,0.02,0.0,0.005,0.1,0.25,0.15,1.0,3.0,11.0,37.407135450387145,89.86796489408185,7.9466057997523905,-0.2642653157406655,-0.2642653157406655,-0.07759243923316707,true,0.0,7.9466057997523905,0.07081185362163435,0.07081185362163435,120.16801215091382,10.907223430018426,131.07523558093226,91.6786543379632,-154.08179719647885,100.0,0.08,0.6,0.27,1.0,false
