gross_delta,delta,iota,kappa,lambda,sigmah,sigmal,V0,r,alpha,pi,xi,mu_b,m,c,p,vb,sg_debt,debt,debt_diff,abs_debt_diff,debt_per_diff,abs_debt_per_diff,eq_vb,eq_min_val,sg_equity,equity,eq_negative,firm_value,leverage,ROE,cvml_vb,cvmh_vb,eq_deriv
0.02,0.0185,0.0015,0.015000000000000001,NaN,NaN,0.3,100.0,0.08,0.6,0.27,1.0,1.0,3.0,0.9042154215421542,9.485491080244769,26.55884764979576,28.456636999528126,28.452635305590555,-0.00383793514374986,0.00383793514374986,-0.00013487037242043083,0.00013487037242043083,-5.329070518200751e-15,NaN,66.21434245817355,66.22134575530235,false,94.67398106089291,30.05327861652954,-7.4440462787908395,NaN,NaN,NaN
