gross_delta,delta,iota,kappa,lambda,sigmah,sigmal,mu_b,m,c,p,vb,debt_diff,eq_deriv,eq_deriv_min_val,eq_min_val,eq_negative,eq_vb,abs_debt_diff,debt_per_diff,abs_debt_per_diff,debt,equity,firm_value,leverage,ROE,V0,r,alpha,pi,xi,opt
0.02,0.02,0.0,0.0025,0.5,0.275,0.15,1.0,5.0,11.0,13.094284428442844,91.21193104058273,50.731826989807075,-2.3572981521632292,-2.3572981521632292,-6.170198853701855,true,0.0,50.731826989807075,0.774869787914635,0.774869787914635,116.2032491320213,-5.686199809644337,110.51704932237696,105.14508833207965,-64.90703954920303,100.0,0.08,0.6,0.27,1.0,false
0.02,0.02,0.0,0.0025,0.5,0.275,0.15,1.0,5.0,11.0,13.689971628741821,91.21193104058273,47.472539813541346,-2.50009788459251,-2.50009788459251,-6.821152351020689,true,0.0,47.472539813541346,0.6935374462555306,0.6935374462555306,115.92239795725045,-6.458888677479023,109.46350927977143,105.90049480413708,-59.43520131314208,100.0,0.08,0.6,0.27,1.0,false
0.02,0.02,0.0,0.0025,0.5,0.275,0.15,1.0,5.0,11.0,14.065216619276061,91.41717213629056,45.682457246707855,-2.563134967348388,-2.563134967348388,-7.15604587405516,true,0.0,45.682457246707855,0.650243629625147,0.650243629625147,116.00854034308814,-6.9306855401386205,109.07785480294952,106.35388874548275,-56.70632430188416,100.0,0.08,0.6,0.27,1.0,false
0.02,0.02,0.0,0.0025,0.5,0.275,0.15,1.0,5.0,11.0,14.285658829040798,91.21193104058273,46.65775964389812,-2.5766705517211923,-2.5766705517211923,-7.260603875143432,true,0.0,46.65775964389812,0.6532111707588767,0.6532111707588767,118.08605378910211,-7.001192148310882,111.08486164079123,106.30256188367973,-61.28955365305004,100.0,0.08,0.6,0.27,1.0,false
0.02,0.02,0.0,0.0025,0.5,0.275,0.15,1.0,5.0,11.0,14.881346029339776,89.37783084306564,57.711878633104575,-2.5081368547056533,-2.5081368547056533,-7.101300807002216,true,0.0,57.711878633104575,0.7756271310313052,0.7756271310313052,132.11860877980345,-6.301757355156993,125.81685142464646,105.00867513675718,-80.37973126930824,100.0,0.08,0.6,0.27,1.0,false
0.02,0.02,0.0,0.0025,0.5,0.275,0.15,1.0,5.0,11.0,15.477033229638753,89.50291423406034,65.10508277985376,-2.347417172667825,-2.347417172667825,-6.517578944398797,true,0.0,65.10508277985376,0.841312179328743,0.841312179328743,142.49024892804752,-5.830327886857645,136.65992104118988,104.2663041529933,-86.27843320774456,100.0,0.08,0.6,0.27,1.0,false
