gross_delta,delta,iota,kappa,lambda,sigmah,sigmal,mu_b,m,c,p,vb,debt_diff,eq_deriv,eq_deriv_min_val,eq_min_val,eq_negative,eq_vb,abs_debt_diff,debt_per_diff,abs_debt_per_diff,debt,equity,firm_value,leverage,ROE,V0,r,alpha,pi,xi,opt
0.02,0.02,0.0,0.0025,0.5,0.275,0.15,1.0,5.0,5.0,18.704026981645534,93.79135803965718,-5.369111971720017,-1.221837596268046,-1.221837596268046,-3.0176067448303994,true,0.0,5.369111971720017,-0.05741129412386738,0.05741129412386738,88.15102293650766,-3.0109226646633127,85.14010027184435,103.53643307331059,-125.41082363928453,100.0,0.08,0.6,0.27,1.0,false
0.02,0.02,0.0,0.0025,0.5,0.275,0.15,1.0,5.0,5.0,20.14821350556108,90.89665813911009,-6.326465398833292,-1.6278326041605866,-1.6278326041605866,-4.556109466108804,true,0.0,6.326465398833292,-0.06279926899808892,0.06279926899808892,94.4146021289721,-4.221739474219751,90.19286265475236,104.68079108474477,-175.5852952950479,100.0,0.08,0.6,0.27,1.0,false
0.02,0.02,0.0,0.0025,0.5,0.275,0.15,1.0,5.0,5.0,20.79962997924809,88.62168967495971,-0.00021691662627395386,-1.6713113966606796,-1.6713113966606796,-4.657131078391813,true,0.0,0.00021691662627395386,-0.002494490227420806,0.002494490227420806,103.99793297961419,-3.4203057439253204,100.57762723568887,103.40066259060809,-14.448147045841997,100.0,0.08,0.6,0.27,1.0,false
0.02,0.02,0.0,0.0025,0.5,0.275,0.15,1.0,5.0,5.0,22.073795537448483,86.2203679205594,8.899703799601525,-1.6124500338272842,-1.6124500338272842,-4.292062513993264,true,0.0,8.899703799601525,0.08063591768350903,0.08063591768350903,119.26868148684395,-2.039116207358221,117.22956527948573,101.73942145268285,-89.41745853887062,100.0,0.08,0.6,0.27,1.0,false
0.02,0.02,0.0,0.0025,0.5,0.275,0.15,1.0,5.0,5.0,22.555191045420333,86.8018183515922,7.962750021622952,-1.5668103588490172,-1.5668103588490172,-4.081433385401824,true,0.0,7.962750021622952,0.07060680626103347,0.07060680626103347,120.73870524872461,-2.1400819283840526,118.59862332034056,101.80447451114469,-89.68073511476487,100.0,0.08,0.6,0.27,1.0,false
0.02,0.02,0.0,0.0025,0.5,0.275,0.15,1.0,5.0,5.0,23.99937756933588,89.04405607416496,16.183793277849972,-1.4579433971483553,-1.4579433971483553,-3.60133314400774,true,0.0,16.183793277849972,0.13486844174265655,0.13486844174265655,136.18068112452937,-2.582325033022122,133.59835609150724,101.93290180251424,-92.86269646462961,100.0,0.08,0.6,0.27,1.0,false
