gross_delta,delta,iota,kappa,lambda,sigmah,sigmal,mu_b,m,c,p,vb,debt_diff,eq_deriv,eq_deriv_min_val,eq_min_val,eq_negative,eq_vb,abs_debt_diff,debt_per_diff,abs_debt_per_diff,debt,equity,firm_value,leverage,ROE,V0,r,alpha,pi,xi,opt
0.02,0.02,0.0,0.005,0.75,0.275,0.15,1.0,3.0,7.0,29.143830172490933,91.21193104058273,-1.072745777457314,-0.6873589072415313,-0.6873589072415313,-0.8884708754103976,true,0.0,1.072745777457314,-0.012269558383462883,0.012269558383462883,86.35874474001548,1.5612271395600281,87.91997187957551,98.22426337704196,-88.55510647806909,100.0,0.08,0.6,0.27,1.0,false
0.02,0.02,0.0,0.005,0.75,0.275,0.15,1.0,3.0,7.0,29.924410862138846,89.90235800637493,-1.0344482204426697,-0.8350991289664953,-0.8350991289664953,-1.2165902075858366,true,0.0,1.0344482204426697,-0.011522902658617091,0.011522902658617091,88.73878436597387,1.987582782588156,90.72636714856203,97.80925562760213,-82.35019337892253,100.0,0.08,0.6,0.27,1.0,false
0.02,0.02,0.0,0.005,0.75,0.275,0.15,1.0,3.0,7.0,31.485572241434667,84.66083582848344,-1.0127234776128233,-1.367572703514235,-1.367572703514235,-2.5602103455540766,true,0.0,1.0127234776128233,-0.010721561290010903,0.010721561290010903,93.44399324669118,5.250977802607958,98.69497104929914,94.67958929742728,-19.905851226315697,100.0,0.08,0.6,0.27,1.0,false
0.02,0.02,0.0,0.005,0.75,0.275,0.15,1.0,3.0,7.0,32.99470739750323,81.18671262859,1.319813727382324e-5,-1.193290647995674,-1.193290647995674,-1.9463274048995656,true,0.0,1.319813727382324e-5,-0.00018190074212983857,0.00018190074212983857,98.98413539064695,9.512053380579474,108.49618877122643,91.23282256426863,836.3505031086023,100.0,0.08,0.6,0.27,1.0,false
0.02,0.02,0.0,0.005,0.75,0.275,0.15,1.0,3.0,7.0,33.827314310378405,80.57100818616823,0.8131536379334534,-0.9030166921791002,-0.9030166921791002,-1.085365316370285,true,0.0,0.8131536379334534,0.008012791383835177,0.008012791383835177,102.29509656906868,11.211507758534475,113.50660432760316,90.12259434158052,-588.4983015370015,100.0,0.08,0.6,0.27,1.0,false
0.02,0.02,0.0,0.005,0.75,0.275,0.15,1.0,3.0,7.0,36.94963706897005,87.71797269919122,2.1912978477405147,-0.980529565744496,-0.980529565744496,-1.4434174954544436,true,0.0,2.1912978477405147,0.01976832991756001,0.01976832991756001,113.04020905465066,2.701048438287843,115.7412574929385,97.6663045686603,-120.71322957299171,100.0,0.08,0.6,0.27,1.0,false
