gross_delta,delta,iota,kappa,lambda,sigmah,sigmal,mu_b,m,c,p,vb,debt_diff,eq_deriv,eq_deriv_min_val,eq_min_val,eq_negative,eq_vb,abs_debt_diff,debt_per_diff,abs_debt_per_diff,debt,equity,firm_value,leverage,ROE,V0,r,alpha,pi,xi,opt
0.02,0.02,0.0,0.0025,0.3,0.2,0.15,1.0,3.0,10.0,33.6347187350314,91.21193104058273,-0.21144315968683713,-0.2088923948672761,-0.2088923948672761,-0.05721983571258519,true,0.0,0.21144315968683713,-0.0020954851379666193,0.0020954851379666193,100.69271304540736,8.087485961756116,108.78019900716347,92.56529585754524,-1267.5088285655372,100.0,0.08,0.6,0.27,1.0,false
0.02,0.02,0.0,0.0025,0.3,0.2,0.15,1.0,3.0,10.0,34.376575815476286,91.21193104058273,-1.9549544588104482,-0.3244285000799519,-0.3244285000799519,-0.13476787947871818,true,0.0,1.9549544588104482,-0.01895626515473879,0.01895626515473879,101.17477298761841,7.536225012114915,108.71099799973332,93.06765170886078,-741.5047921209801,100.0,0.08,0.6,0.27,1.0,false
0.02,0.02,0.0,0.0025,0.3,0.2,0.15,1.0,3.0,10.0,35.118432895921174,91.21193104058273,-3.1439095975063225,-0.4094272261198413,-0.4094272261198413,-0.2098899338689378,true,0.0,3.1439095975063225,-0.02984102021127364,0.02984102021127364,102.2113890902572,7.08530016755557,109.29668925781277,93.51736981635142,-420.4004306058822,100.0,0.08,0.6,0.27,1.0,false
0.02,0.02,0.0,0.0025,0.3,0.2,0.15,1.0,3.0,10.0,36.04180938200337,90.12791822876119,-6.432079964258097e-6,-0.43706284056338823,-0.43706284056338823,-0.2273139717171394,true,0.0,6.432079964258097e-6,-0.0003159261003114781,0.0003159261003114781,108.12542171393015,8.703179571319508,116.82860128524966,92.55047182318845,-207.1104968791817,100.0,0.08,0.6,0.27,1.0,false
0.02,0.02,0.0,0.0025,0.3,0.2,0.15,1.0,3.0,10.0,36.60214705681094,89.4711516583084,2.8201045949491714,-0.4117436110356656,-0.4117436110356656,-0.19915759410618536,true,0.0,2.8201045949491714,0.025682506097907582,0.025682506097907582,112.626545765382,9.898993316800587,122.52553908218259,91.92087348404895,-178.3982690178061,100.0,0.08,0.6,0.27,1.0,false
0.02,0.02,0.0,0.0025,0.3,0.2,0.15,1.0,3.0,10.0,37.34400413725583,89.59010610888795,4.820257798018488,-0.33435443113096425,-0.33435443113096425,-0.13013719020685888,true,0.0,4.820257798018488,0.043025718223304754,0.043025718223304754,116.85227020978597,10.074706567387754,126.92697677717372,92.06259628709634,-159.7824888989583,100.0,0.08,0.6,0.27,1.0,false
