gross_delta,delta,iota,kappa,lambda,sigmah,sigmal,V0,r,alpha,pi,xi,mu_b,m,c,p,vb,sg_debt,debt,debt_diff,abs_debt_diff,debt_per_diff,abs_debt_per_diff,eq_vb,eq_min_val,sg_equity,equity,eq_negative,firm_value,leverage,ROE,cvml_vb,cvmh_vb,eq_deriv
0.02,0.01975,0.00025,0.015000000000000001,NaN,NaN,0.2,100.0,0.08,0.6,0.27,1.0,1.0,1.0,3.434093409340934,36.146474081212865,40.864662675690084,36.146557947255985,36.14655783405861,8.37528457466874e-5,8.37528457466874e-5,2.317040537854782e-6,2.317040537854782e-6,4.085620730620576e-14,NaN,66.28019310130871,66.2801357090283,false,102.42669354308691,35.29017347304408,3.800411474733756,NaN,NaN,NaN
