gross_delta,delta,iota,kappa,lambda,sigmah,sigmal,V0,r,alpha,pi,xi,mu_b,m,c,p,vb,sg_debt,debt,debt_diff,abs_debt_diff,debt_per_diff,abs_debt_per_diff,eq_vb,eq_min_val,sg_equity,equity,eq_negative,firm_value,leverage,ROE,cvml_vb,cvmh_vb,eq_deriv
0.02,0.0185,0.0015,0.01,NaN,NaN,0.3,100.0,0.08,0.6,0.27,1.0,1.0,7.0,0.8331583158315832,7.756135180377398,43.09342255982733,54.292056186405624,54.34827549916126,0.05532923651947641,0.05532923651947641,0.0010190870145786817,0.0010190870145786817,2.6645352591003757e-14,NaN,43.54354437795755,43.49713346065245,false,97.84540895981371,55.54504404134358,-4.719626835009716,NaN,NaN,NaN
