gross_delta,delta,iota,kappa,lambda,sigmah,sigmal,mu_b,m,c,p,vb,debt_diff,eq_deriv,eq_deriv_min_val,eq_min_val,eq_negative,eq_vb,abs_debt_diff,debt_per_diff,abs_debt_per_diff,debt,equity,firm_value,leverage,ROE,V0,r,alpha,pi,xi,opt
0.02,0.02,0.0,0.001,0.5,0.2,0.15,1.0,3.0,1.0,11.857442323179685,46.255922457050666,0.11156328279464134,0.44817319927467547,0.44817319927467547,0.022677299007323338,false,0.0,0.11156328279464134,0.003136237977632841,0.003136237977632841,35.6838902523337,42.060422837264674,77.74431308959836,45.89903599921053,-34.60359620275256,100.0,0.08,0.6,0.27,1.0,false
0.02,0.02,0.0,0.001,0.5,0.2,0.15,1.0,3.0,1.0,12.052359183286748,45.2859489151599,0.061796945646101165,0.39756224703892845,0.39756224703892845,0.019404262065824397,false,0.0,0.061796945646101165,0.0017091244600973016,0.0017091244600973016,36.21887449550635,44.22479066739936,80.44366516290572,45.02389892623595,-30.661633331817672,100.0,0.08,0.6,0.27,1.0,false
0.02,0.02,0.0,0.001,0.5,0.2,0.15,1.0,3.0,1.0,12.247276043393812,46.02530393330667,0.016644278689710745,0.3972306442153534,0.3972306442153534,0.01950168340651144,false,0.0,0.016644278689710745,0.00045300627477592396,0.00045300627477592396,36.75847240887115,43.63198201786027,80.39045442673142,45.724921784554844,-31.007387582489855,100.0,0.08,0.6,0.27,1.0,false
0.02,0.02,0.0,0.001,0.5,0.2,0.15,1.0,3.0,1.0,12.317466306620997,43.517036657471394,-7.757331905662622e-7,0.27291542118816536,0.27291542118816536,0.013062743235225242,false,0.0,7.757331905662622e-7,-1.8999498997323177e-7,1.8999498997323177e-7,36.9523981441298,48.48098800090659,85.4333861450364,43.25287784028294,-23.104152142477318,100.0,0.08,0.6,0.27,1.0,false
0.02,0.02,0.0,0.001,0.5,0.2,0.15,1.0,3.0,1.0,12.442192903500874,37.77119312361259,-0.03249794929731564,-6.299305648806153e-7,-6.299305648806153e-7,-0.0010709720579379577,false,0.0,0.03249794929731564,-0.000870638307072372,0.000870638307072372,37.29408076120531,59.33292842284893,96.62700918405423,38.595917514292395,-5.379062865023709,100.0,0.08,0.6,0.27,1.0,false
0.02,0.02,0.0,0.001,0.5,0.2,0.15,1.0,3.0,1.0,12.637109763607938,40.820522435034,-0.0981299093815764,0.13874431579804677,0.13874431579804677,0.006759594140342316,false,0.0,0.0981299093815764,-0.002588405925542898,0.002588405925542898,37.81319938144224,53.72038135579512,91.53358073723736,41.3107398147041,-13.614495646261137,100.0,0.08,0.6,0.27,1.0,false
