gross_delta,delta,iota,kappa,lambda,sigmah,sigmal,mu_b,m,c,p,vb,debt_diff,eq_deriv,eq_deriv_min_val,eq_min_val,eq_negative,eq_vb,abs_debt_diff,debt_per_diff,abs_debt_per_diff,debt,equity,firm_value,leverage,ROE,V0,r,alpha,pi,xi,opt
0.02,0.02,0.0,0.001,0.5,0.2,0.15,1.0,3.0,6.0,30.559020375721783,89.86617865707201,-1.644248340454638,-0.03413013891555415,-0.03413013891555415,-0.0020662614562927282,false,0.0,1.644248340454638,-0.017935220874651506,0.017935220874651506,90.0328127867107,7.929852770098734,97.96266555680944,91.90522968620107,-20.440415130099822,100.0,0.08,0.6,0.27,1.0,false
0.02,0.02,0.0,0.001,0.5,0.2,0.15,1.0,3.0,6.0,31.232244277059284,88.62754303269897,-1.3736174782705746,-0.16188572763860543,-0.16188572763860543,-0.046401114266609006,true,0.0,1.3736174782705746,-0.014660249474712735,0.014660249474712735,92.32311535290728,9.128904133912842,101.45201948682012,91.0017521779359,18.914176173925057,100.0,0.08,0.6,0.27,1.0,false
0.02,0.02,0.0,0.001,0.5,0.2,0.15,1.0,3.0,6.0,32.136191048852865,85.55787881774059,2.4619776273993033e-5,-0.40265597367799266,-0.40265597367799266,-0.27198051648892807,true,0.0,2.4619776273993033e-5,-0.00029275234968654065,0.00029275234968654065,96.40859776633489,12.979573912000197,109.38817167833508,88.13438993187701,261.4068563619021,100.0,0.08,0.6,0.27,1.0,false
0.02,0.02,0.0,0.001,0.5,0.2,0.15,1.0,3.0,6.0,33.25191598107179,82.16039198562287,1.416364704863497,-0.5919275925919053,-0.5919275925919053,-0.472887083447666,true,0.0,1.416364704863497,0.014198326753760033,0.014198326753760033,101.17211264807887,17.6845235714662,118.85663621954507,85.12113068823489,-1608.7733760446802,100.0,0.08,0.6,0.27,1.0,false
0.02,0.02,0.0,0.001,0.5,0.2,0.15,1.0,3.0,6.0,34.5983637837468,81.48066072413464,0.9603385592477167,-0.4551583201745488,-0.4551583201745488,-0.26813279464805295,true,0.0,0.9603385592477167,0.009252254097430787,0.009252254097430787,104.7554299104881,19.26706145579751,124.0224913662856,84.4648650067071,-505.15919314264295,100.0,0.08,0.6,0.27,1.0,false
0.02,0.02,0.0,0.001,0.5,0.2,0.15,1.0,3.0,6.0,35.2715876850843,81.50426437188257,1.0095672743004087,-0.367386407010197,-0.367386407010197,-0.17131496704497798,true,0.0,1.0095672743004087,0.009540892453477846,0.009540892453477846,106.8243303295533,19.630419251083012,126.45474958063632,84.47632902980422,-387.6534151061229,100.0,0.08,0.6,0.27,1.0,false
