gross_delta,delta,iota,kappa,lambda,sigmah,sigmal,mu_b,m,c,p,vb,debt_diff,eq_deriv,eq_deriv_min_val,eq_min_val,eq_negative,eq_vb,abs_debt_diff,debt_per_diff,abs_debt_per_diff,debt,equity,firm_value,leverage,ROE,V0,r,alpha,pi,xi,opt
0.02,0.02,0.0,0.0025,0.2,0.2,0.15,1.0,10.0,4.0,5.926625557292571,100.0,0.7337468112597989,-2.476736728940751,-2.476736728940751,-11.635040669807886,true,0.0,0.7337468112597989,0.012380515761737994,0.012380515761737994,60.00000238418551,0.3056694128881784,60.305671797073686,99.49313322647869,-99.23582642223127,100.0,0.08,0.6,0.27,1.0,false
0.02,0.02,0.0,0.0025,0.2,0.2,0.15,1.0,10.0,4.0,6.000003487107262,100.0,-3.248688711038686e-5,-2.486847635875473,-2.486847635875473,-11.70941164403999,true,0.0,3.248688711038686e-5,-1.593922202524885e-7,1.593922202524885e-7,60.0000023841855,0.30690825868301486,60.306910642868516,99.49108940350054,-99.23272930755958,100.0,0.08,0.6,0.27,1.0,false
0.02,0.02,0.0,0.0025,0.2,0.2,0.15,1.0,10.0,4.0,6.043871492412399,100.0,-0.4387125399384857,-2.492661653840791,-2.492661653840791,-11.752653132990648,true,0.0,0.4387125399384857,-0.007258799934599113,0.007258799934599113,60.00000238418551,0.30763076175941595,60.30763314594492,99.48989747116266,-99.23092304976092,100.0,0.08,0.6,0.27,1.0,false
0.02,0.02,0.0,0.0025,0.2,0.2,0.15,1.0,10.0,4.0,6.395609297771882,100.0,-3.956090593533318,-2.532970855215263,-2.532970855215263,-12.062590785713907,true,0.0,3.956090593533318,-0.06185635190241453,0.06185635190241453,60.00000238418551,0.312598671756636,60.312601055942146,99.48170255256163,-99.21850327402758,100.0,0.08,0.6,0.27,1.0,false
0.02,0.02,0.0,0.0025,0.2,0.2,0.15,1.0,10.0,4.0,6.5128552328917095,100.0,-5.1285499447315885,-2.5438594086864748,-2.5438594086864748,-12.14953913381738,true,0.0,5.1285499447315885,-0.0787450321148089,0.0787450321148089,60.00000238418551,0.31394200646582643,60.313944390651336,99.4794868589054,-99.21514493705443,100.0,0.08,0.6,0.27,1.0,false
0.02,0.02,0.0,0.0025,0.2,0.2,0.15,1.0,10.0,4.0,6.864593038251193,100.0,-8.645927998326414,-2.567274588086801,-2.567274588086801,-12.341825641416992,true,0.0,8.645927998326414,-0.12594960764824933,0.12594960764824933,60.00000238418551,0.3253536211390207,60.32535600532453,99.46066854357178,-99.18661589867098,100.0,0.08,0.6,0.27,1.0,false
