gross_delta,delta,iota,kappa,lambda,sigmah,sigmal,mu_b,m,c,p,vb,debt_diff,eq_deriv,eq_deriv_min_val,eq_min_val,eq_negative,eq_vb,abs_debt_diff,debt_per_diff,abs_debt_per_diff,debt,equity,firm_value,leverage,ROE,V0,r,alpha,pi,xi,opt
0.02,0.02,0.0,0.001,0.5,0.275,0.15,1.0,3.0,11.0,31.83139629752449,91.21193104058273,2.99102676307578,-1.135769939793401,-1.135769939793401,-1.612316768018906,true,0.0,2.99102676307578,0.031321557864013555,0.031321557864013555,98.48521565564924,1.7167760875809632,100.20199174323021,98.28668466792531,13.334686484152925,100.0,0.08,0.6,0.27,1.0,false
0.02,0.02,0.0,0.001,0.5,0.275,0.15,1.0,3.0,11.0,32.756424326643184,91.21193104058273,0.13776139375083574,-1.310124262519416,-1.310124262519416,-2.0721250425367574,true,0.0,0.13776139375083574,0.001401876594517719,0.001401876594517719,98.40703437368039,0.8768701211489136,99.2839044948293,99.11680536174462,-44.95360686628028,100.0,0.08,0.6,0.27,1.0,false
0.02,0.02,0.0,0.001,0.5,0.275,0.15,1.0,3.0,11.0,32.78855087135993,91.23100233817276,3.507802821511863e-5,-1.3158597895519568,-1.3158597895519568,-2.088732387302888,true,0.0,3.507802821511863e-5,2.8956338415806783e-5,2.8956338415806783e-5,98.365687692108,0.8286739234391192,99.19436161554711,99.1645957391703,-49.29525284503463,100.0,0.08,0.6,0.27,1.0,false
0.02,0.02,0.0,0.001,0.5,0.275,0.15,1.0,3.0,11.0,33.68145235576189,91.21193104058273,-1.5352293425553682,-1.4258980148877058,-1.4258980148877058,-2.409392814586868,true,0.0,1.5352293425553682,-0.015193617804238741,0.015193617804238741,99.5091277247303,0.22781380274390572,99.73694152747422,99.77158533312237,-53.590004116907906,100.0,0.08,0.6,0.27,1.0,false
0.02,0.02,0.0,0.001,0.5,0.275,0.15,1.0,3.0,11.0,34.60648038488059,89.34670002130292,4.242227575710942,-1.3902393188734445,-1.3902393188734445,-2.272523268432276,true,0.0,4.242227575710942,0.04086159132172589,0.04086159132172589,108.06166873035271,2.0703965410930096,110.13206527144571,98.12007834776362,-125.68198483891844,100.0,0.08,0.6,0.27,1.0,false
0.02,0.02,0.0,0.001,0.5,0.275,0.15,1.0,3.0,11.0,35.53150841399929,89.48499552880958,7.420078231894578,-1.2458464806423593,-1.2458464806423593,-1.868371458867874,true,0.0,7.420078231894578,0.06961031267833907,0.06961031267833907,114.01460347389245,2.3724155342836735,116.38701900817613,97.96161500268599,-116.92816738413758,100.0,0.08,0.6,0.27,1.0,false
