gross_delta,delta,iota,kappa,lambda,sigmah,sigmal,mu_b,m,c,p,vb,debt_diff,eq_deriv,eq_deriv_min_val,eq_min_val,eq_negative,eq_vb,abs_debt_diff,debt_per_diff,abs_debt_per_diff,debt,equity,firm_value,leverage,ROE,V0,r,alpha,pi,xi,opt
0.02,0.02,0.0,0.001,0.5,0.275,0.15,1.0,3.0,5.0,32.563595833267534,72.67012830877464,0.46635362592506624,-1.0731677491632972,-1.0731677491632972,-1.3598642460099775,true,0.0,0.46635362592506624,0.00477377281789246,0.00477377281789246,98.15714112572768,22.93569297916275,121.09283410489043,81.05941350807275,1144.5713179322643,100.0,0.08,0.6,0.27,1.0,false
0.02,0.02,0.0,0.001,0.5,0.275,0.15,1.0,3.0,5.0,33.329188181976086,70.70946773905088,0.38268045534077544,-0.8390156576234755,-0.8390156576234755,-0.743931128937414,true,0.0,0.38268045534077544,0.0038272804931156726,0.0038272804931156726,100.37024500126903,27.301852050447923,127.67209705171695,78.61564689472549,-7473.996126043557,100.0,0.08,0.6,0.27,1.0,false
0.02,0.02,0.0,0.001,0.5,0.275,0.15,1.0,3.0,5.0,34.094780530684645,67.95416597240602,0.12318970315718047,-0.562603728915509,-0.562603728915509,-0.2893853973380982,true,0.0,0.12318970315718047,0.0012043847693570195,0.0012043847693570195,102.40753129521111,33.91640570006691,136.32393699527802,75.12072608257954,-1508.7628172282098,100.0,0.08,0.6,0.27,1.0,false
0.02,0.02,0.0,0.001,0.5,0.275,0.15,1.0,3.0,5.0,34.1147397228074,67.90198969244159,0.12292103892313651,-0.558274480673079,-0.558274480673079,-0.2829061287139647,true,0.0,0.12292103892313651,0.001199602695691091,0.001199602695691091,102.46714020734534,34.04991499436201,136.51705520170736,75.05812373109542,-1480.1370061168914,100.0,0.08,0.6,0.27,1.0,false
0.02,0.02,0.0,0.001,0.5,0.275,0.15,1.0,3.0,5.0,34.860372879393196,67.13533041541938,0.3733713117086239,-0.527911118946368,-0.527911118946368,-0.24015467272872784,true,0.0,0.3733713117086239,0.003570159858400259,0.003570159858400259,104.95448994988821,36.51022351731104,141.46471346719926,74.19128585321985,-836.9118493849161,100.0,0.08,0.6,0.27,1.0,false
0.02,0.02,0.0,0.001,0.5,0.275,0.15,1.0,3.0,5.0,36.39155757681031,71.64562731701476,0.1363680443648292,-0.6659046214327963,-0.6659046214327963,-0.43077400912216285,true,0.0,0.1363680443648292,0.0012490813203676176,0.0012490813203676176,109.31104077479576,27.90011741614633,137.2111581909421,79.66629115008217,-399.64552933405383,100.0,0.08,0.6,0.27,1.0,false
