gross_delta,delta,iota,kappa,lambda,sigmah,sigmal,mu_b,m,c,p,vb,debt_diff,eq_deriv,eq_deriv_min_val,eq_min_val,eq_negative,eq_vb,abs_debt_diff,debt_per_diff,abs_debt_per_diff,debt,equity,firm_value,leverage,ROE,V0,r,alpha,pi,xi,opt
0.02,0.02,0.0,0.004,0.2,0.25,0.15,1.0,5.0,7.0,15.69053484295798,100.0,-18.4526718306044,-0.046551079837529714,-0.046551079837529714,-0.0042612707343917,false,0.0,18.4526718306044,-0.23520768431786232,0.23520768431786232,60.00000238418551,0.00958525214620235,60.00958763633171,99.9840271321238,-99.97603686820618,100.0,0.08,0.6,0.27,1.0,false
0.02,0.02,0.0,0.004,0.2,0.25,0.15,1.0,5.0,7.0,16.648762244645518,99.23288820397357,-18.172828914019476,-0.2070467007652534,-0.2070467007652534,-0.08347446134915122,true,0.0,18.172828914019476,-0.21830846818494412,0.21830846818494412,65.07098230920812,-0.07873854225493424,64.99224376695318,100.12115067535947,-100.22542443922117,100.0,0.08,0.6,0.27,1.0,false
0.02,0.02,0.0,0.004,0.2,0.25,0.15,1.0,5.0,7.0,17.870423366805188,97.33029761607524,-11.825479623406832,-0.4798979556849322,-0.4798979556849322,-0.409708498745102,true,0.0,11.825479623406832,-0.13297218205087258,0.13297218205087258,77.5266372106191,-0.34351870406681334,77.18311850655229,100.44506973897103,-101.52855942070731,100.0,0.08,0.6,0.27,1.0,false
0.02,0.02,0.0,0.004,0.2,0.25,0.15,1.0,5.0,7.0,18.086103347176824,97.2447521733292,-12.222826921479793,-0.5229772489865026,-0.5229772489865026,-0.4782507833160176,true,0.0,12.222826921479793,-0.13516263494521868,0.13516263494521868,78.20768981440432,-0.4223601207512032,77.78532969365311,100.54298171957954,-101.93811540471911,100.0,0.08,0.6,0.27,1.0,false
0.02,0.02,0.0,0.004,0.2,0.25,0.15,1.0,5.0,7.0,18.565217048020592,97.3491823214714,-14.900112936401811,-0.6122762991399783,-0.6122762991399783,-0.6439757334644123,true,0.0,14.900112936401811,-0.16051644209557406,0.16051644209557406,77.92597230370116,-0.6342018066131636,77.291770497088,100.8205295370185,-102.87306791193119,100.0,0.08,0.6,0.27,1.0,false
0.02,0.02,0.0,0.004,0.2,0.25,0.15,1.0,5.0,7.0,19.04433074886436,96.81696114332367,-13.627214990003907,-0.7307342565288695,-0.7307342565288695,-0.8857144591965751,true,0.0,13.627214990003907,-0.14311046336786098,0.14311046336786098,81.59443875431789,-0.8603562867381159,80.73408246757978,101.06566676729571,-104.6744365751952,100.0,0.08,0.6,0.27,1.0,false
