gross_delta,delta,iota,kappa,lambda,sigmah,sigmal,mu_b,m,c,p,vb,debt_diff,eq_deriv,eq_deriv_min_val,eq_min_val,eq_negative,eq_vb,abs_debt_diff,debt_per_diff,abs_debt_per_diff,debt,equity,firm_value,leverage,ROE,V0,r,alpha,pi,xi,opt
0.02,0.02,0.0,0.004,0.2,0.25,0.15,1.0,5.0,3.0,17.37084629515583,91.56363674171503,-5.6250938977634775,-0.1290316554480214,-0.1290316554480214,-0.05045155998512147,true,0.0,5.6250938977634775,-0.06476476508035346,0.06476476508035346,81.22913757801567,3.0755507572916736,84.30468833530735,96.35186272789575,-83.61529327661789,100.0,0.08,0.6,0.27,1.0,false
0.02,0.02,0.0,0.004,0.2,0.25,0.15,1.0,5.0,3.0,18.237577705138932,89.31820068188006,-4.601532073186107,-0.32201628473585797,-0.32201628473585797,-0.27465752354337897,true,0.0,4.601532073186107,-0.050462096969045404,0.050462096969045404,86.58635645250855,3.946888627871756,90.53324508038031,95.64039859129373,-70.57556648275566,100.0,0.08,0.6,0.27,1.0,false
0.02,0.02,0.0,0.004,0.2,0.25,0.15,1.0,5.0,3.0,19.537674820113587,85.25179564783434,-3.289124863017676,-0.7033247505901878,-0.7033247505901878,-1.047407807589238,true,0.0,3.289124863017676,-0.03366956296796995,0.03366956296796995,94.39924923755025,5.957352555973374,100.35660179352362,94.06381598269918,6.367035575202928,100.0,0.08,0.6,0.27,1.0,false
0.02,0.02,0.0,0.004,0.2,0.25,0.15,1.0,5.0,3.0,20.83777193508824,81.28718548784067,-2.579176658601938,-1.0749881407091066,-1.0749881407091066,-2.033571011665963,true,0.0,2.579176658601938,-0.024754821836387622,0.024754821836387622,101.60968301683927,8.749934542531111,110.35961755937038,92.07143451922177,-643.5812176059511,100.0,0.08,0.6,0.27,1.0,false
0.02,0.02,0.0,0.004,0.2,0.25,0.15,1.0,5.0,3.0,23.004600460046,77.93273236048982,-2.06032953630546,-1.2961683792534673,-1.2961683792534673,-2.475701676925178,true,0.0,2.06032953630546,-0.017912326187831912,0.017912326187831912,112.96267276392453,12.656136719887487,125.61880948381202,89.92496683267927,-197.63524043521224,100.0,0.08,0.6,0.27,1.0,false
0.02,0.02,0.0,0.004,0.2,0.25,0.15,1.0,5.0,3.0,23.004600460046,77.93273236048982,-2.06032953630546,-1.2961683792534673,-1.2961683792534673,-2.475701676925178,true,0.0,2.06032953630546,-0.017912326187831912,0.017912326187831912,112.96267276392453,12.656136719887487,125.61880948381202,89.92496683267927,-197.63524043521224,100.0,0.08,0.6,0.27,1.0,false
