gross_delta,delta,iota,kappa,lambda,sigmah,sigmal,mu_b,m,c,p,vb,debt_diff,eq_deriv,eq_deriv_min_val,eq_min_val,eq_negative,eq_vb,abs_debt_diff,debt_per_diff,abs_debt_per_diff,debt,equity,firm_value,leverage,ROE,V0,r,alpha,pi,xi,opt
0.02,0.02,0.0,0.004,0.2,0.25,0.15,1.0,5.0,10.0,14.444981340239288,100.0,-12.224904317010925,-0.20540046327596254,-0.20540046327596254,-0.06454037780741761,true,0.0,12.224904317010925,-0.16926161452290828,0.16926161452290828,60.00000238418551,0.03670076647208788,60.036703150657594,99.93886945060926,-99.90824807835094,100.0,0.08,0.6,0.27,1.0,false
0.02,0.02,0.0,0.004,0.2,0.25,0.15,1.0,5.0,10.0,15.51336186250204,100.0,-17.566806928324695,-0.3989016661430377,-0.3989016661430377,-0.23428878175126394,true,0.0,17.566806928324695,-0.2264732439560521,0.2264732439560521,60.00000238418551,0.06754661797742255,60.06754900216293,99.88754890269456,-99.83113344499121,100.0,0.08,0.6,0.27,1.0,false
0.02,0.02,0.0,0.004,0.2,0.25,0.15,1.0,5.0,10.0,19.360884325914967,95.92028681501601,4.0596154686545205e-5,-0.6401251422308712,-0.6401251422308712,-0.3179107785871342,true,0.0,4.0596154686545205e-5,-0.015999593634008692,0.015999593634008692,96.8044622257296,0.9596701404622922,97.76413236619189,99.01838218451356,-69.96843072270048,100.0,0.08,0.6,0.27,1.0,false
0.02,0.02,0.0,0.004,0.2,0.25,0.15,1.0,5.0,10.0,21.389454734947176,94.0214175063695,8.168726772034361,-0.2911538744754614,-0.2911538744754614,-0.09708980420107434,true,0.0,8.168726772034361,0.07638087901967769,0.07638087901967769,115.11600044677024,3.6855622727304334,118.80156271950068,96.89771566268675,-124.3818613641144,100.0,0.08,0.6,0.27,1.0,false
0.02,0.02,0.0,0.004,0.2,0.25,0.15,1.0,5.0,10.0,21.923644996078554,93.87086319324489,7.446776300520099,-0.13308271381013903,-0.13308271381013903,-0.01976019721340098,true,0.0,7.446776300520099,0.06793374278640338,0.06793374278640338,117.06500128091287,4.738735258010381,121.80373653892325,96.10953211070328,-127.7687366089485,100.0,0.08,0.6,0.27,1.0,false
0.02,0.02,0.0,0.004,0.2,0.25,0.15,1.0,5.0,10.0,23.526215779472682,96.00003973944582,-16.01359597836806,0.04774218711144707,0.04774218711144707,0.0143839356555926,false,0.0,16.01359597836806,-0.1361340568196301,0.1361340568196301,101.61748291899535,2.6801936016069745,104.29767652060232,97.43024610804486,-265.70150881541895,100.0,0.08,0.6,0.27,1.0,false
