gross_delta,delta,iota,kappa,lambda,sigmah,sigmal,mu_b,m,c,p,vb,debt_diff,eq_deriv,eq_deriv_min_val,eq_min_val,eq_negative,eq_vb,abs_debt_diff,debt_per_diff,abs_debt_per_diff,debt,equity,firm_value,leverage,ROE,V0,r,alpha,pi,xi,opt
0.02,0.02,0.0,0.004,0.2,0.25,0.15,1.0,5.0,6.0,15.4498699869987,96.95769437185497,-2.24143232917919,-1.7561380026001258e-7,-1.7561380026001258e-7,0.0021239879576585717,false,0.0,2.24143232917919,-0.029015549400291264,0.029015549400291264,75.0079176058143,0.8247642129494892,75.83268181876379,98.91238949596872,-96.69989799192817,100.0,0.08,0.6,0.27,1.0,false
0.02,0.02,0.0,0.004,0.2,0.25,0.15,1.0,5.0,6.0,16.844930545686147,98.38235128883308,-15.24810638158742,-0.15355005141743522,-0.15355005141743522,-0.05134840068891343,true,0.0,15.24810638158742,-0.18104089346325433,0.18104089346325433,68.9765463468433,0.013934530787560519,68.99048087763087,99.97980224139576,-99.95508388284765,100.0,0.08,0.6,0.27,1.0,false
0.02,0.02,0.0,0.004,0.2,0.25,0.15,1.0,5.0,6.0,20.565092035519342,94.54450447507344,-10.601476304920723,-0.9196718313272756,-0.9196718313272756,-1.416255022742959,true,0.0,10.601476304920723,-0.10310166651926679,0.10310166651926679,92.22398387267599,-1.0221025772222265,91.20188129545376,101.12070339197396,-113.14429600564584,100.0,0.08,0.6,0.27,1.0,false
0.02,0.02,0.0,0.004,0.2,0.25,0.15,1.0,5.0,6.0,21.49513240797764,94.44474657714515,-13.418813463028343,-1.0105599640922878,-1.0105599640922878,-1.6756168430469516,true,0.0,13.418813463028343,-0.12485443874770574,0.12485443874770574,94.05684857685985,-1.3614015833090753,92.69544699355077,101.46868225728906,-122.90706539982045,100.0,0.08,0.6,0.27,1.0,false
0.02,0.02,0.0,0.004,0.2,0.25,0.15,1.0,5.0,6.0,23.21521742587268,92.55013187788396,-8.34190212248842e-5,-0.9678962395325407,-0.9678962395325407,-1.4964539671201535,true,0.0,8.34190212248842e-5,-0.009701839051181757,0.009701839051181757,116.07600371034218,0.6583396052416282,116.7343433155838,99.43603605713372,-104.09516952784787,100.0,0.08,0.6,0.27,1.0,false
0.02,0.02,0.0,0.004,0.2,0.25,0.15,1.0,5.0,6.0,23.820233339123387,90.13651878417822,19.52224299818809,-0.8855959251443032,-0.8855959251443032,-1.1144312973760424,true,0.0,19.52224299818809,0.1639131130266798,0.1639131130266798,138.62340969380503,3.0721718104432005,141.69558150424822,97.83185066335248,-107.95417037179904,100.0,0.08,0.6,0.27,1.0,false
