gross_delta,delta,iota,kappa,lambda,sigmah,sigmal,mu_b,m,c,p,vb,debt_diff,eq_deriv,eq_deriv_min_val,eq_min_val,eq_negative,eq_vb,abs_debt_diff,debt_per_diff,abs_debt_per_diff,debt,equity,firm_value,leverage,ROE,V0,r,alpha,pi,xi,opt
0.02,0.02,0.0,0.004,0.75,0.225,0.15,1.0,5.0,5.0,16.337919318247614,61.18881725070769,-4.875572034472313,-0.399980436811876,-0.4007779436112105,-0.13952958240799898,true,0.0,4.875572034472313,-0.05968412426944536,0.05968412426944536,76.81402455676576,35.87334160011887,112.68736615688462,68.16560469593762,54.720001700799045,100.0,0.08,0.6,0.27,1.0,false
0.02,0.02,0.0,0.004,0.75,0.225,0.15,1.0,5.0,5.0,17.20357693664103,61.2293109556723,-4.739602614748193,-0.22625148717548488,-0.690828649730407,-0.042472535345479415,true,0.0,4.739602614748193,-0.055100199594580276,0.055100199594580276,81.27828206845696,36.796507863451595,118.07478993190855,68.83627073597046,96.54450514637594,100.0,0.08,0.6,0.27,1.0,false
0.02,0.02,0.0,0.004,0.75,0.225,0.15,1.0,5.0,5.0,19.800549791821286,88.60887938650292,-0.9907016552502057,-1.5268947293111663,-1.5268947293111663,-3.9010965396694437,true,0.0,0.9907016552502057,-0.010006809565049754,0.010006809565049754,98.01204730385622,-2.365851464404885,95.64619583945134,102.47354475903687,-219.00944469122186,100.0,0.08,0.6,0.27,1.0,false
0.02,0.02,0.0,0.004,0.75,0.225,0.15,1.0,5.0,5.0,20.08938367282515,88.5898931342958,-3.711304556443251e-5,-1.5441153275890112,-1.5240728738777554,-3.9302481337462196,true,0.0,3.711304556443251e-5,-9.656230930597213e-5,9.656230930597213e-5,100.44688125108019,-2.9536349645242828,97.4932462865559,103.02957904985833,560.9440332045397,100.0,0.08,0.6,0.27,1.0,false
0.02,0.02,0.0,0.004,0.75,0.225,0.15,1.0,5.0,5.0,20.666207410214703,86.49150935201224,2.0423934312125454,-1.4610802770046887,-1.4610802770046887,-3.661171817122719,true,0.0,2.0423934312125454,0.01976553695288135,0.01976553695288135,105.37343048228605,-1.1187699213134314,104.25466056097262,101.07311262181811,-79.17959625603149,100.0,0.08,0.6,0.27,1.0,false
0.02,0.02,0.0,0.004,0.75,0.225,0.15,1.0,5.0,5.0,21.96469383780483,89.61500767530352,3.3403783034596444,-1.3720054504657937,-1.3720054504657937,-3.43624224757964,true,0.0,3.3403783034596444,0.03041588767980282,0.03041588767980282,113.1638474924838,-2.5891580732364563,110.57468941924733,102.34154677425282,-80.33129695011435,100.0,0.08,0.6,0.27,1.0,false
