gross_delta,delta,iota,kappa,lambda,sigmah,sigmal,mu_b,m,c,p,vb,debt_diff,eq_deriv,eq_deriv_min_val,eq_min_val,eq_negative,eq_vb,abs_debt_diff,debt_per_diff,abs_debt_per_diff,debt,equity,firm_value,leverage,ROE,V0,r,alpha,pi,xi,opt
0.02,0.02,0.0,0.004,0.3,0.275,0.15,1.0,5.0,1.0,11.076886636032024,65.91602649291724,0.16309658529912952,4.822872734511208e-7,4.822872734511208e-7,0.00038381652349471626,false,0.0,0.16309658529912952,0.002944809144630809,0.002944809144630809,55.547529765459245,19.31955087849655,74.8670806439558,74.19486547048062,-56.53885874831599,100.0,0.08,0.6,0.27,1.0,false
0.02,0.02,0.0,0.004,0.3,0.275,0.15,1.0,5.0,1.0,11.31515783157263,62.4620017784839,-0.02265820139439967,-0.13839353782445774,-0.13839353782445774,-0.06653377303839167,true,0.0,0.02265820139439967,-0.0004004928916002673,0.0004004928916002673,56.553130956468756,22.9590167404046,79.51214769687336,71.1251457727793,-47.15610757267458,100.0,0.08,0.6,0.27,1.0,false
0.02,0.02,0.0,0.004,0.3,0.275,0.15,1.0,5.0,1.0,11.553429027113237,56.33336713701618,-0.20106383902988512,-0.41529858726693114,-0.41529858726693114,-0.40497493926664646,true,0.0,0.20106383902988512,-0.0034805915812186074,0.0034805915812186074,57.566081296536304,30.68567739409578,88.25175869063209,65.2293870973553,-27.685968367585524,100.0,0.08,0.6,0.27,1.0,false
0.02,0.02,0.0,0.004,0.3,0.275,0.15,1.0,5.0,1.0,11.717261174064518,47.23013209421865,3.336346348862401e-7,-1.047432231619974,-1.047432231619974,-1.4141888239206672,true,0.0,3.336346348862401e-7,-2.7543700570834977e-5,2.7543700570834977e-5,58.58630620395723,47.44162833568366,106.02793453964088,55.255538512875056,14.555413891182244,100.0,0.08,0.6,0.27,1.0,false
0.02,0.02,0.0,0.004,0.3,0.275,0.15,1.0,5.0,1.0,11.791700222653844,43.29128467918751,0.10371273551167093,-1.3418519117013825,-1.3418519117013825,-1.8954705311735032,true,0.0,0.10371273551167093,0.00175908026074851,0.00175908026074851,59.06221384878089,55.181981830906864,114.24419567968775,51.6982184498691,34.79473859937483,100.0,0.08,0.6,0.27,1.0,false
0.02,0.02,0.0,0.004,0.3,0.275,0.15,1.0,5.0,1.0,12.029971418194451,42.40225634640569,-0.11485576569961609,-1.4628491178611434,-1.4628491178611434,-2.104403908142065,true,0.0,0.11485576569961609,-0.0019094935757853115,0.0019094935757853115,60.03500132527264,58.17659824182249,118.21159956709513,50.78604937681912,45.56887319155996,100.0,0.08,0.6,0.27,1.0,false
