gross_delta,delta,iota,kappa,lambda,sigmah,sigmal,mu_b,m,c,p,vb,debt_diff,eq_deriv,eq_deriv_min_val,eq_min_val,eq_negative,eq_vb,abs_debt_diff,debt_per_diff,abs_debt_per_diff,debt,equity,firm_value,leverage,ROE,V0,r,alpha,pi,xi,opt
0.02,0.02,0.0,0.004,0.3,0.275,0.15,1.0,5.0,7.0,14.886263626362634,100.0,-14.431315747627664,-0.519592320969303,-0.519592320969303,-0.5684355003087049,true,0.0,14.431315747627664,-0.19388768209197524,0.19388768209197524,60.00000238418551,0.09092636269196484,60.09092874687747,99.84868537633196,-99.772684079721,100.0,0.08,0.6,0.27,1.0,false
0.02,0.02,0.0,0.004,0.3,0.275,0.15,1.0,5.0,7.0,15.87871813497139,100.0,-19.393588290671445,-0.6583144196455083,-0.6583144196455083,-0.8754313679508287,true,0.0,19.393588290671445,-0.24427145977179207,0.24427145977179207,60.00000238418551,0.11444655588761055,60.11444894007312,99.80961888879378,-99.71388359322711,100.0,0.08,0.6,0.27,1.0,false
0.02,0.02,0.0,0.004,0.3,0.275,0.15,1.0,5.0,7.0,17.367399897884525,97.83562263935829,-12.7068123241433,-0.9674169723596815,-0.9674169723596815,-1.6841371309014976,true,0.0,12.7068123241433,-0.14632947244671993,0.14632947244671993,74.13018716527932,-1.3392081107844704,72.79097905449485,101.83979955782965,-105.17672129806475,100.0,0.08,0.6,0.27,1.0,false
0.02,0.02,0.0,0.004,0.3,0.275,0.15,1.0,5.0,7.0,17.8636271521889,97.21904030594841,-11.126073324279048,-1.08897357071723,-1.08897357071723,-2.052938490582173,true,0.0,11.126073324279048,-0.12456678847459852,0.12456678847459852,78.19206243666545,-1.8041776290715579,76.38788480759389,102.36186357773347,-108.27303188956714,100.0,0.08,0.6,0.27,1.0,false
0.02,0.02,0.0,0.004,0.3,0.275,0.15,1.0,5.0,7.0,18.151749501806606,96.96899666870098,-10.85936327439177,-1.1588342720337643,-1.1588342720337643,-2.2774969356563273,true,0.0,10.85936327439177,-0.11987564995291349,0.11987564995291349,79.89938423464126,-2.0347766057869525,77.8646076288543,102.61322398937118,-110.1229565777466,100.0,0.08,0.6,0.27,1.0,false
0.02,0.02,0.0,0.004,0.3,0.275,0.15,1.0,5.0,7.0,18.856081660797656,96.78587496534368,-12.661465485995024,-1.3098850007693092,-1.3098850007693092,-2.804998574550915,true,0.0,12.661465485995024,-0.13429582787943245,0.13429582787943245,81.61894281799326,-2.4871872535048674,79.13175556448839,103.14309626490964,-113.53125246756525,100.0,0.08,0.6,0.27,1.0,false
