gross_delta,delta,iota,kappa,lambda,sigmah,sigmal,mu_b,m,c,p,vb,debt_diff,eq_deriv,eq_deriv_min_val,eq_min_val,eq_negative,eq_vb,abs_debt_diff,debt_per_diff,abs_debt_per_diff,debt,equity,firm_value,leverage,ROE,V0,r,alpha,pi,xi,opt
0.02,0.02,0.0,0.004,0.3,0.275,0.15,1.0,5.0,2.0,14.642428716555864,90.11063711688566,-2.1896566230014542,-0.025281985976611635,-0.025281985976611635,-0.0031462400394406446,false,0.0,2.1896566230014542,-0.029908380165452456,0.029908380165452456,71.02248695977786,3.0237391798671713,74.04622613964504,95.9164168958933,-89.56522191649063,100.0,0.08,0.6,0.27,1.0,false
0.02,0.02,0.0,0.004,0.3,0.275,0.15,1.0,5.0,2.0,15.503209531479463,86.71575740985728,-2.013179210221125,-0.20056253366006352,-0.20056253366006352,-0.15732466157848235,true,0.0,2.013179210221125,-0.025971128186500214,0.025971128186500214,75.50286844717618,4.347111752917796,79.84998020009398,94.55590127633785,-82.25460910170645,100.0,0.08,0.6,0.27,1.0,false
0.02,0.02,0.0,0.004,0.3,0.275,0.15,1.0,5.0,2.0,16.794380753864857,79.22354423618181,-0.9716481585851398,-0.6064348612549791,-0.6064348612549791,-0.9592311726688935,true,0.0,0.9716481585851398,-0.011571110275816943,0.011571110275816943,83.00025561073915,9.036227658120433,92.03648326885958,90.18190685130423,-46.844920422280964,100.0,0.08,0.6,0.27,1.0,false
0.02,0.02,0.0,0.004,0.3,0.275,0.15,1.0,5.0,2.0,17.224771161326657,74.59790242022004,-0.49484924584436385,-0.8741952419296232,-0.8741952419296232,-1.6115645436538097,true,0.0,0.49484924584436385,-0.0057457860102711564,0.0057457860102711564,85.62900656078892,13.332670456084367,98.9616770168733,86.5274408660121,-7.225130172933336,100.0,0.08,0.6,0.27,1.0,false
0.02,0.02,0.0,0.004,0.3,0.275,0.15,1.0,5.0,2.0,17.655161568788458,65.23261442164701,-0.09459608236342376,-1.4314337369319177,-1.4314337369319177,-2.978110712400774,true,0.0,0.09459608236342376,-0.0010715969037706765,0.0010715969037706765,88.18121176157887,25.57632447872321,113.75753624030207,77.51680871085706,116.40394905780913,100.0,0.08,0.6,0.27,1.0,false
0.02,0.02,0.0,0.004,0.3,0.275,0.15,1.0,5.0,2.0,17.655161568788458,65.23261442164701,-0.09459608236342376,-1.4314337369319177,-1.4314337369319177,-2.978110712400774,true,0.0,0.09459608236342376,-0.0010715969037706765,0.0010715969037706765,88.18121176157887,25.57632447872321,113.75753624030207,77.51680871085706,116.40394905780913,100.0,0.08,0.6,0.27,1.0,false
