gross_delta,delta,iota,kappa,lambda,sigmah,sigmal,mu_b,m,c,p,vb,debt_diff,eq_deriv,eq_deriv_min_val,eq_min_val,eq_negative,eq_vb,abs_debt_diff,debt_per_diff,abs_debt_per_diff,debt,equity,firm_value,leverage,ROE,V0,r,alpha,pi,xi,opt
0.02,0.02,0.0,0.003,0.2,0.2,0.15,1.0,3.0,8.0,31.67283307278096,88.73082882466022,3.327591857385883,0.06516096304169712,0.06516096304169712,0.00799135488255752,false,0.0,3.327591857385883,0.03502046322305527,0.03502046322305527,98.34609107572876,12.723303147478266,111.06939422320703,88.5447262619356,669.2868065927245,100.0,0.08,0.6,0.27,1.0,false
0.02,0.02,0.0,0.003,0.2,0.2,0.15,1.0,3.0,8.0,32.61926840014159,89.66979058491584,-3.071329411567618e-5,-0.04246604558547343,-0.04246604558547343,0.02019290856000483,false,0.0,3.071329411567618e-5,-6.434761354744915e-5,6.434761354744915e-5,97.85777448713067,10.599374855374542,108.4571493425052,90.22713124987091,394.7833359139473,100.0,0.08,0.6,0.27,1.0,false
0.02,0.02,0.0,0.003,0.2,0.2,0.15,1.0,3.0,8.0,33.77612629684021,89.60465770142466,-2.1595221378492653,-0.206682495444573,-0.206682495444573,-0.06095374329292849,true,0.0,2.1595221378492653,-0.021312115731985628,0.021312115731985628,99.16885675267137,9.805767617149101,108.97462436982048,91.00178810080422,1079.7927311165406,100.0,0.08,0.6,0.27,1.0,false
0.02,0.02,0.0,0.003,0.2,0.2,0.15,1.0,3.0,8.0,35.17832177954637,88.81475997772773,-2.238896751569044,-0.3601989252281045,-0.3601989252281045,-0.17346239212128883,true,0.0,2.238896751569044,-0.021214739061929885,0.021214739061929885,103.29606858707008,10.285907051110131,113.58197563818021,90.94406749546576,-412.06592882987934,100.0,0.08,0.6,0.27,1.0,false
0.02,0.02,0.0,0.003,0.2,0.2,0.15,1.0,3.0,8.0,38.68381048631179,88.84170491772106,2.709115338145608,-0.2797470206946509,-0.2797470206946509,-0.09620442081769497,true,0.0,2.709115338145608,0.0233440923915206,0.0233440923915206,118.76054679708099,10.999658793386791,129.7602055904678,91.52308772683169,-158.63186671669004,100.0,0.08,0.6,0.27,1.0,false
0.02,0.02,0.0,0.003,0.2,0.2,0.15,1.0,3.0,8.0,39.38490822766487,89.34932137725787,2.529752222355185,-0.25025368669262565,-0.25025368669262565,-0.07668990872061064,true,0.0,2.529752222355185,0.021410504143126147,0.021410504143126147,120.6844769053498,10.417812398975327,131.10228930432513,92.05367621400366,-150.3653655185299,100.0,0.08,0.6,0.27,1.0,false
