gross_delta,delta,iota,kappa,lambda,sigmah,sigmal,mu_b,m,c,p,vb,debt_diff,eq_deriv,eq_deriv_min_val,eq_min_val,eq_negative,eq_vb,abs_debt_diff,debt_per_diff,abs_debt_per_diff,debt,equity,firm_value,leverage,ROE,V0,r,alpha,pi,xi,opt
0.02,0.02,0.0,0.005,0.3,0.25,0.15,1.0,7.0,3.0,13.287197140766708,91.21193104058273,-1.197715182891642,-1.2310205338414388,-1.2310205338414388,-3.5318375663302515,true,0.0,1.197715182891642,-0.01287722061860273,0.01287722061860273,91.81266480247531,-3.340071248593718,88.4725935538816,103.77526091914504,-140.79558449742643,100.0,0.08,0.6,0.27,1.0,false
0.02,0.02,0.0,0.005,0.3,0.25,0.15,1.0,7.0,3.0,13.509243006116167,90.52972984077347,-1.1329866056485418,-1.3070976201034337,-1.3070976201034337,-3.8218356998706993,true,0.0,1.1329866056485418,-0.01208433470025351,0.01208433470025351,93.4317144371646,-3.5245791219525544,89.90713531521205,103.92024404914635,-153.66056466690927,100.0,0.08,0.6,0.27,1.0,false
0.02,0.02,0.0,0.005,0.3,0.25,0.15,1.0,7.0,3.0,14.169723551302498,88.52438819349507,-1.503804589030807,-1.5058100037600308,-1.5058100037600308,-4.628876457682388,true,0.0,1.503804589030807,-0.015161144550674993,0.015161144550674993,97.68426027008668,-3.79671299786987,93.8875472722168,104.04389411394645,-263.95249210549184,100.0,0.08,0.6,0.27,1.0,false
0.02,0.02,0.0,0.005,0.3,0.25,0.15,1.0,7.0,3.0,14.758074491659693,87.22662076007967,-1.977584212360398,-1.6216911011123543,-1.6216911011123543,-5.126850759789158,true,0.0,1.977584212360398,-0.019142878733730283,0.019142878733730283,101.32893722925745,-3.837691546020818,97.49124568323663,103.93644733855392,188.77899283212577,100.0,0.08,0.6,0.27,1.0,false
0.02,0.02,0.0,0.005,0.3,0.25,0.15,1.0,7.0,3.0,15.052249961838289,86.90529126698024,-2.0792091731312468,-1.6499387803422962,-1.6499387803422962,-5.250105923345618,true,0.0,2.0792091731312468,-0.019733254671490785,0.019733254671490785,103.28654055973678,-3.842503076377166,99.44403748335961,103.86398538677611,16.916344299883377,100.0,0.08,0.6,0.27,1.0,false
0.02,0.02,0.0,0.005,0.3,0.25,0.15,1.0,7.0,3.0,16.228951842552675,87.61332956745163,-2.4454625734798867,-1.6683564482736968,-1.6683564482736968,-5.343669387629843,true,0.0,2.4454625734798867,-0.021526454671915666,0.021526454671915666,111.15720032438884,-4.343354695866578,106.81384562852226,104.06628435696616,-61.07128518278625,100.0,0.08,0.6,0.27,1.0,false
