gross_delta,delta,iota,kappa,lambda,sigmah,sigmal,mu_b,m,c,p,vb,debt_diff,eq_deriv,eq_deriv_min_val,eq_min_val,eq_negative,eq_vb,abs_debt_diff,debt_per_diff,abs_debt_per_diff,debt,equity,firm_value,leverage,ROE,V0,r,alpha,pi,xi,opt
0.02,0.02,0.0,0.004,0.5,0.225,0.15,1.0,3.0,9.0,32.16129770871824,91.21193104058273,-1.2505697888615117,-0.5784314804986778,-0.5784314804986778,-0.4798894523792987,true,0.0,1.2505697888615117,-0.012961435824592665,0.012961435824592665,95.2333233372932,4.5713415458684405,99.80466488316164,95.41971154232122,-4.097930920437898,100.0,0.08,0.6,0.27,1.0,false
0.02,0.02,0.0,0.004,0.5,0.225,0.15,1.0,3.0,9.0,32.92492143951237,90.66956602073132,-2.2713113115617887,-0.7409458430722916,-0.7409458430722916,-0.7493588692586538,true,0.0,2.2713113115617887,-0.022994854275096767,0.022994854275096767,96.50345300697532,4.536632380191753,101.04008538716707,95.51006675933793,29.74607203169175,100.0,0.08,0.6,0.27,1.0,false
0.02,0.02,0.0,0.004,0.5,0.225,0.15,1.0,3.0,9.0,33.688545170306504,89.67552930942412,-1.6515884673991934,-0.8677881246259079,-0.8677881246259079,-0.9811288291949295,true,0.0,1.6515884673991934,-0.016341741275853843,0.016341741275853843,99.41404704352033,5.204113178970014,104.61816022249035,95.02561202768001,788.145220776021,100.0,0.08,0.6,0.27,1.0,false
0.02,0.02,0.0,0.004,0.5,0.225,0.15,1.0,3.0,9.0,34.33688347360837,88.69322778531412,-3.0101043959625262e-5,-0.8611860010312795,-0.8611860010312795,-0.950144792180051,true,0.0,3.0101043959625262e-5,-0.00015658167743976068,0.00015658167743976068,103.01062031978115,6.442030156072255,109.4526504758534,94.11432237769935,-313.9768377216206,100.0,0.08,0.6,0.27,1.0,false
0.02,0.02,0.0,0.004,0.5,0.225,0.15,1.0,3.0,9.0,35.215792631894764,88.04993648152993,2.320168243385055,-0.7611709827322778,-0.7611709827322778,-0.7359648689692622,true,0.0,2.320168243385055,0.021961437090052324,0.021961437090052324,107.96754613906934,7.5870306099263765,115.55457674899571,93.43424481887317,-195.22418166771467,100.0,0.08,0.6,0.27,1.0,false
0.02,0.02,0.0,0.004,0.5,0.225,0.15,1.0,3.0,9.0,35.979416362688895,89.10446727869089,2.620777798875295,-0.7124357355108955,-0.7124357355108955,-0.6555687775818325,true,0.0,2.620777798875295,0.02428034381711163,0.02428034381711163,110.55902688694198,6.24578599225219,116.80481287919417,94.65280082361681,-159.15115151355624,100.0,0.08,0.6,0.27,1.0,false
