gross_delta,delta,iota,kappa,lambda,sigmah,sigmal,mu_b,m,c,p,vb,debt_diff,eq_deriv,eq_deriv_min_val,eq_min_val,eq_negative,eq_vb,abs_debt_diff,debt_per_diff,abs_debt_per_diff,debt,equity,firm_value,leverage,ROE,V0,r,alpha,pi,xi,opt
0.02,0.02,0.0,0.004,0.75,0.225,0.15,1.0,3.0,2.0,19.909152757381,74.10144690903283,0.9825426784918108,-1.2514736771745971e-6,-1.2514736771745971e-6,-0.22966579326796246,true,0.0,0.9825426784918108,0.01645043514182271,0.01645043514182271,60.710000950634814,17.059620910986848,77.76962186162166,78.06390142755014,-56.58024605815692,100.0,0.08,0.6,0.27,1.0,false
0.02,0.02,0.0,0.004,0.75,0.225,0.15,1.0,3.0,2.0,20.366432695901167,69.17322521055787,0.9269398571365883,3.02783674320517e-6,3.02783674320517e-6,-0.02877339067476499,true,0.0,0.9269398571365883,0.015171039376033995,0.015171039376033995,62.02623794484009,23.873816949265272,85.90005489410537,72.20744855320977,-37.13075645603231,100.0,0.08,0.6,0.27,1.0,false
0.02,0.02,0.0,0.004,0.75,0.225,0.15,1.0,3.0,2.0,20.823712634421337,72.84920416143419,0.46718765185740097,1.1081443548194292e-6,1.1081443548194292e-6,-0.09669668975027701,true,0.0,0.46718765185740097,0.007478455932415331,0.007478455932415331,62.93832555512141,19.38874163537396,82.32706719049537,76.44912870452359,-47.68519791459877,100.0,0.08,0.6,0.27,1.0,false
0.02,0.02,0.0,0.004,0.75,0.225,0.15,1.0,3.0,2.0,21.280992572941503,72.91011935129136,0.06572853321527816,-1.53913582080778e-7,-1.53913582080778e-7,-0.022573551217790717,true,0.0,0.06572853321527816,0.001029534266160923,0.001029534266160923,63.90870625203979,19.635138971852218,83.543845223892,76.49720464837196,-45.59591266256021,100.0,0.08,0.6,0.27,1.0,false
0.02,0.02,0.0,0.004,0.75,0.225,0.15,1.0,3.0,2.0,21.408241133919123,72.39006372009746,2.9044193425309395e-8,-0.009907058779122112,-0.009907058779122112,0.0014833868219575634,false,0.0,2.9044193425309395e-8,-1.3644221872529674e-6,1.3644221872529674e-6,64.22472343080157,20.380093692338086,84.60481712313967,75.91142634032822,-43.033022671626775,100.0,0.08,0.6,0.27,1.0,false
0.02,0.02,0.0,0.004,0.75,0.225,0.15,1.0,3.0,2.0,21.738272511461673,71.25880550269589,-0.030816197567204995,-0.0796561821192021,-0.0796561821192021,-0.017290957330663027,true,0.0,0.030816197567204995,-0.0004725336776562614,0.0004725336776562614,65.18400133681781,21.90655151493913,87.09055285175694,74.84623670695049,-37.079066072847574,100.0,0.08,0.6,0.27,1.0,false
