gross_delta,delta,iota,kappa,lambda,sigmah,sigmal,mu_b,m,c,p,vb,debt_diff,eq_deriv,eq_deriv_min_val,eq_min_val,eq_negative,eq_vb,abs_debt_diff,debt_per_diff,abs_debt_per_diff,debt,equity,firm_value,leverage,ROE,V0,r,alpha,pi,xi,opt
0.02,0.02,0.0,0.004,0.75,0.225,0.15,1.0,3.0,11.0,32.2908672446192,91.21193104058273,3.0473101486237084,-0.8139723714471649,-0.8139723714471649,-0.8190741761190778,true,0.0,3.0473101486237084,0.03145688351589564,0.03145688351589564,99.91991188248132,4.20613426818411,104.12604615066543,95.9605358854229,5151.883048946458,100.0,0.08,0.6,0.27,1.0,false
0.02,0.02,0.0,0.004,0.75,0.225,0.15,1.0,3.0,11.0,32.684907503811566,91.8200878228565,-1.0961251911981162e-5,-0.8817631035231738,-0.8817631035231738,-0.9576760594226043,true,0.0,1.0961251911981162e-5,0.00041874843956452707,0.00041874843956452707,98.05471155018279,3.0810670469930312,101.13577859717581,96.95353406111113,58.386127634826664,100.0,0.08,0.6,0.27,1.0,false
0.02,0.02,0.0,0.004,0.75,0.225,0.15,1.0,3.0,11.0,33.09858354256478,91.21193104058273,0.11763657381578696,-0.9596088314125731,-0.9596088314125731,-1.1045243209770743,true,0.0,0.11763657381578696,0.0011847090441650502,0.0011847090441650502,99.41338720151013,3.529165100080007,102.94255230159014,96.5717140082746,501.61747393940806,100.0,0.08,0.6,0.27,1.0,false
0.02,0.02,0.0,0.004,0.75,0.225,0.15,1.0,3.0,11.0,33.906299840510364,89.21226587967504,3.6578945011923736,-1.0405126246066299,-1.0405126246066299,-1.240105711901541,true,0.0,3.6578945011923736,0.03596081473942901,0.03596081473942901,105.37679402272346,5.681898588371667,111.05869261109513,94.88387765533265,-205.6744700347228,100.0,0.08,0.6,0.27,1.0,false
0.02,0.02,0.0,0.004,0.75,0.225,0.15,1.0,3.0,11.0,34.71401613845595,89.34009541981077,4.505008826326858,-0.9353068221452316,-0.9353068221452316,-1.0248570816567755,true,0.0,4.505008826326858,0.04325830819419594,0.04325830819419594,108.64705724169472,5.593657852141774,114.2407150938365,95.10362146495041,-164.6885720285284,100.0,0.08,0.6,0.27,1.0,false
0.02,0.02,0.0,0.004,0.75,0.225,0.15,1.0,3.0,11.0,35.521732436401535,89.46795033643359,8.286596977456881,-0.7577172003661189,-0.7577172003661189,-0.6847974765850262,true,0.0,8.286596977456881,0.07776081860396578,0.07776081860396578,114.85179428666149,5.944274473247578,120.79606875990906,95.07908284245387,-140.02394834263342,100.0,0.08,0.6,0.27,1.0,false
