gross_delta,delta,iota,kappa,lambda,sigmah,sigmal,mu_b,m,c,p,vb,debt_diff,eq_deriv,eq_deriv_min_val,eq_min_val,eq_negative,eq_vb,abs_debt_diff,debt_per_diff,abs_debt_per_diff,debt,equity,firm_value,leverage,ROE,V0,r,alpha,pi,xi,opt
0.02,0.02,0.0,0.003,0.1,0.3,0.15,1.0,7.0,4.0,11.68077728825514,99.20670466065566,-17.063849197627007,-0.3356362139164908,-0.3356362139164908,-0.28582883019570654,true,0.0,17.063849197627007,-0.20869268220439494,0.20869268220439494,64.70159182015897,-0.16645859906794724,64.53513322109102,100.25793484999508,-100.47157537025426,100.0,0.08,0.6,0.27,1.0,false
0.02,0.02,0.0,0.003,0.1,0.3,0.15,1.0,7.0,4.0,12.625784946915743,97.7948755865907,-15.126175165406138,-0.5754171095551717,-0.5754171095551717,-0.7693368763447592,true,0.0,15.126175165406138,-0.17114834250479266,0.17114834250479266,73.25431946300407,-0.7105803674445453,72.54373909555952,100.97951990937291,-102.65680421353136,100.0,0.08,0.6,0.27,1.0,false
0.02,0.02,0.0,0.003,0.1,0.3,0.15,1.0,7.0,4.0,13.570792605576345,95.93946750208458,-10.586052758177885,-0.8601935119197136,-0.8601935119197136,-1.552522428667,true,0.0,10.586052758177885,-0.11143735632264073,0.11143735632264073,84.40949548085653,-1.5523335082176688,82.85716197263886,101.87350552596803,-109.95691644431116,100.0,0.08,0.6,0.27,1.0,false
0.02,0.02,0.0,0.003,0.1,0.3,0.15,1.0,7.0,4.0,14.405545118149556,94.80471525498749,-9.177123271374565,-1.0903154231781609,-1.0903154231781609,-2.3230475630357614,true,0.0,9.177123271374565,-0.09039235261714258,0.09039235261714258,91.6616925556723,-2.3282113791726675,89.33348117649963,102.60620245456766,-127.92187017230314,100.0,0.08,0.6,0.27,1.0,false
0.02,0.02,0.0,0.003,0.1,0.3,0.15,1.0,7.0,4.0,15.145805370010684,94.20338272400878,-9.982099383135022,-1.2629549393099488,-1.2629549393099488,-2.979832621319475,true,0.0,9.982099383135022,-0.09415241796347681,0.09415241796347681,96.03853820693976,-2.9718063925829314,93.06673181435683,103.19319947595334,-175.01792388327453,100.0,0.08,0.6,0.27,1.0,false
0.02,0.02,0.0,0.003,0.1,0.3,0.15,1.0,7.0,4.0,16.09081302867129,93.74316046236913,-12.407093917420866,-1.4320745671172581,-1.4320745671172581,-3.676142951507003,true,0.0,12.407093917420866,-0.11015241958531052,0.11015241958531052,100.22859728327815,-3.6730584343527064,96.55553884892544,103.8040887950506,1506.781315018286,100.0,0.08,0.6,0.27,1.0,false
