gross_delta,delta,iota,kappa,lambda,sigmah,sigmal,mu_b,m,c,p,vb,debt_diff,eq_deriv,eq_deriv_min_val,eq_min_val,eq_negative,eq_vb,abs_debt_diff,debt_per_diff,abs_debt_per_diff,debt,equity,firm_value,leverage,ROE,V0,r,alpha,pi,xi,opt
0.02,0.02,0.0,0.003,0.75,0.225,0.15,1.0,3.0,6.0,28.890033740216126,91.95830798707405,-2.786487641513162,-0.17627492563974562,-0.17627492563974562,-0.06755435348188239,true,0.0,2.786487641513162,-0.032150506371501804,0.032150506371501804,83.88361357913521,3.769958431452675,87.6535720105879,95.69902475737406,-76.60791735191974,100.0,0.08,0.6,0.27,1.0,false
0.02,0.02,0.0,0.003,0.75,0.225,0.15,1.0,3.0,6.0,30.297732404819428,89.94344976590536,-2.3657585648713564,-0.3762916942553539,-0.3762916942553539,-0.2692015116615308,true,0.0,2.3657585648713564,-0.026027894687095876,0.026027894687095876,88.52743864958693,5.01755235519356,93.54499100478048,94.636214829571,-56.26475900246197,100.0,0.08,0.6,0.27,1.0,false
0.02,0.02,0.0,0.003,0.75,0.225,0.15,1.0,3.0,6.0,31.70543106942273,85.9131115309269,-2.3844200333268333,-0.789126940399445,-0.789126940399445,-0.9538479002954817,true,0.0,2.3844200333268333,-0.02506847095172084,0.02506847095172084,92.73187317494136,8.359385287682695,101.09125846262405,91.7308524843685,15.01430133086934,100.0,0.08,0.6,0.27,1.0,false
0.02,0.02,0.0,0.003,0.75,0.225,0.15,1.0,3.0,6.0,32.522143770792646,80.83064399563551,7.33673558950404e-5,-0.6313476311135235,-0.6313476311135235,-0.6430753745164192,true,0.0,7.33673558950404e-5,-0.0003920085614571693,0.0003920085614571693,97.5665046797338,16.366439984902446,113.93294466463624,85.63502415119932,572.5486524918443,100.0,0.08,0.6,0.27,1.0,false
0.02,0.02,0.0,0.003,0.75,0.225,0.15,1.0,3.0,6.0,33.11312973402603,76.73163894281348,2.437147253677807,-0.3758963537064454,-0.3758963537064454,-0.1696421830334297,true,0.0,2.437147253677807,0.024533543776075726,0.024533543776075726,101.7765364557559,23.511074012970425,125.28761046872633,81.23431844137602,-1423.4219842095301,100.0,0.08,0.6,0.27,1.0,false
0.02,0.02,0.0,0.003,0.75,0.225,0.15,1.0,3.0,6.0,35.928527063232636,80.28082358102021,3.68974117322864,-0.20250283303470235,-0.20250283303470235,-0.049262663253009445,true,0.0,3.68974117322864,0.03423223340731314,0.03423223340731314,111.47532236292655,18.911446733473117,130.38676909639966,85.49588515419751,-264.80100632789663,100.0,0.08,0.6,0.27,1.0,false
