gross_delta,delta,iota,kappa,lambda,sigmah,sigmal,mu_b,m,c,p,vb,debt_diff,eq_deriv,eq_deriv_min_val,eq_min_val,eq_negative,eq_vb,abs_debt_diff,debt_per_diff,abs_debt_per_diff,debt,equity,firm_value,leverage,ROE,V0,r,alpha,pi,xi,opt
0.02,0.02,0.0,0.003,0.75,0.225,0.15,1.0,3.0,3.0,23.380361720382563,79.52069966772889,2.4252776221108974,3.3051661549460265e-6,0.05951558647622783,-0.0036868410815511796,false,0.0,2.4252776221108974,0.034577132882088614,0.034577132882088614,72.56636278325858,14.42017362798408,86.98653641124267,83.42252235471197,-47.43615834073891,100.0,0.08,0.6,0.27,1.0,false
0.02,0.02,0.0,0.003,0.75,0.225,0.15,1.0,3.0,3.0,23.986205199467314,81.5879602971519,1.323316925973316,-1.1355153985551519e-6,-0.0002939632002537578,0.0007390486614658208,false,0.0,1.323316925973316,0.018389971999443307,0.018389971999443307,73.28193252437525,12.431080916190576,85.71301344056583,85.49685699148776,-53.4731285204979,100.0,0.08,0.6,0.27,1.0,false
0.02,0.02,0.0,0.003,0.75,0.225,0.15,1.0,3.0,3.0,24.534577791417213,83.30525240973634,3.658228777085517e-5,0.014230814518542089,0.0043507067162020276,0.016660415008545683,false,0.0,3.658228777085517e-5,0.00019491676418195546,0.00019491676418195546,73.60376995653944,11.448632874987924,85.05240283152736,86.53931870958957,-56.62777276854267,100.0,0.08,0.6,0.27,1.0,false
0.02,0.02,0.0,0.003,0.75,0.225,0.15,1.0,3.0,3.0,25.197892157636815,85.39043124816347,-1.0919655440960412,-0.006178943713499244,-0.006178943713499244,0.00013560782518424368,false,0.0,1.0919655440960412,-0.014445196940346659,0.014445196940346659,74.5017109288144,8.590943018608304,83.0926539474227,89.66100779011794,-66.30776678927639,100.0,0.08,0.6,0.27,1.0,false
0.02,0.02,0.0,0.003,0.75,0.225,0.15,1.0,3.0,3.0,26.409579115806316,79.0884536094122,-0.3848164798470748,-0.2979092819333819,-0.2979092819333819,-0.19878605327291413,true,0.0,0.3848164798470748,-0.004857031586400903,0.004857031586400903,78.84392086757188,15.191709549505918,94.0356304170778,83.84473046851936,-28.192225721920238,100.0,0.08,0.6,0.27,1.0,false
0.02,0.02,0.0,0.003,0.75,0.225,0.15,1.0,3.0,3.0,27.015422594891067,56.26295946357068,-0.07273272466787262,-0.5852777738959956,-0.5852777738959956,-0.3024137767751767,true,0.0,0.07273272466787262,-0.0008974222583711279,0.0008974222583711279,80.97353506000533,56.34289712279977,137.3164321828051,58.96856899996337,196.1290880912088,100.0,0.08,0.6,0.27,1.0,false
