gross_delta,delta,iota,kappa,lambda,sigmah,sigmal,mu_b,m,c,p,vb,debt_diff,eq_deriv,eq_deriv_min_val,eq_min_val,eq_negative,eq_vb,abs_debt_diff,debt_per_diff,abs_debt_per_diff,debt,equity,firm_value,leverage,ROE,V0,r,alpha,pi,xi,opt
0.02,0.02,0.0,0.003,0.75,0.225,0.15,1.0,3.0,9.0,32.3570185965965,92.47648263302608,-4.799106381619552,-0.6202126729443345,-0.6202126729443345,-0.5671464369905772,true,0.0,4.799106381619552,-0.04943910769871683,0.04943910769871683,92.27194940816993,2.6451696602495884,94.91711906841952,97.21317957581196,-65.77183820398373,100.0,0.08,0.6,0.27,1.0,false
0.02,0.02,0.0,0.003,0.75,0.225,0.15,1.0,3.0,9.0,33.12795753259536,91.33610388228604,-4.834326919328674,-0.8333417367457827,-0.8333417367457827,-0.9501600043775018,true,0.0,4.834326919328674,-0.04864297187224284,0.04864297187224284,94.5495456784574,3.0414004445329277,97.59094612299033,96.88352191944122,-44.19913891376037,100.0,0.08,0.6,0.27,1.0,false
0.02,0.02,0.0,0.003,0.75,0.225,0.15,1.0,3.0,9.0,33.49798879401935,87.86501762972982,-9.70262706745384e-6,-0.8419115421720681,-0.8419115421720681,-0.9048341856154755,true,0.0,9.70262706745384e-6,-0.0003322771710826582,0.0003322771710826582,100.493956679431,7.628490622140407,108.1224473015714,92.94458198780565,-1644.364301526995,100.0,0.08,0.6,0.27,1.0,false
0.02,0.02,0.0,0.003,0.75,0.225,0.15,1.0,3.0,9.0,33.898896468594224,84.78439404003144,4.825505321302586,-0.7905055318926928,-0.7905055318926928,-0.7610699128213252,true,0.0,4.825505321302586,0.047449974522260095,0.047449974522260095,106.52219472708526,11.924793560602598,118.44698828768786,89.93237925844153,-282.83406214600603,100.0,0.08,0.6,0.27,1.0,false
0.02,0.02,0.0,0.003,0.75,0.225,0.15,1.0,3.0,9.0,34.66983540459309,84.79117871103135,7.059046624785566,-0.5891194546405137,-0.5891194546405137,-0.42140426937611675,true,0.0,7.059046624785566,0.06786924466573785,0.06786924466573785,111.06855283856483,12.500918316903546,123.56947115546838,89.8834896677873,-212.94085594774504,100.0,0.08,0.6,0.27,1.0,false
0.02,0.02,0.0,0.003,0.75,0.225,0.15,1.0,3.0,9.0,35.44077434059195,86.12092311249867,7.72323022399155,-0.5334193052375167,-0.5334193052375167,-0.35181458232392576,true,0.0,7.72323022399155,0.07263978066402628,0.07263978066402628,114.0455532457674,10.617531033453021,124.66308427922041,91.48301913526231,-175.59354087139712,100.0,0.08,0.6,0.27,1.0,false
