gross_delta,delta,iota,kappa,lambda,sigmah,sigmal,mu_b,m,c,p,vb,debt_diff,eq_deriv,eq_deriv_min_val,eq_min_val,eq_negative,eq_vb,abs_debt_diff,debt_per_diff,abs_debt_per_diff,debt,equity,firm_value,leverage,ROE,V0,r,alpha,pi,xi,opt
0.02,0.02,0.0,0.0025,0.75,0.2,0.15,1.0,5.0,5.0,17.812864181154957,61.97498683142202,-0.9922107001967362,-7.501196500604018e-6,-0.6521238983696708,0.0021248662344572344,false,0.0,0.9922107001967362,-0.011140383602615026,0.011140383602615026,88.07211020557806,39.29590001715443,127.3680102227325,69.14774757928899,229.44553223094908,100.0,0.08,0.6,0.27,1.0,false
0.02,0.02,0.0,0.0025,0.75,0.2,0.15,1.0,5.0,5.0,20.970183956225526,86.36186127222189,0.0003167711230096515,-1.2595056841889503,-1.2662954875868886,-2.6419668373770473,true,0.0,0.0003167711230096515,0.002361077271122291,0.002361077271122291,104.85123655225051,1.499403536570082,106.3506400888206,98.59013209951738,-130.9076566442529,100.0,0.08,0.6,0.27,1.0,false
0.02,0.02,0.0,0.0025,0.75,0.2,0.15,1.0,5.0,5.0,21.563562935240892,86.29402896978779,7.687662215380726,-1.1361577866872659,-1.1361577866872659,-2.152675051488047,true,0.0,7.687662215380726,0.07130233754475644,0.07130233754475644,115.50547689158519,1.9836264035730722,117.48910329515826,98.31165074212052,-112.79306929701455,100.0,0.08,0.6,0.27,1.0,false
0.02,0.02,0.0,0.0025,0.75,0.2,0.15,1.0,5.0,5.0,21.98030724125044,86.81844573097328,10.824510611050158,-1.0773356249904622,-1.0773356249904622,-1.950595044719453,true,0.0,10.824510611050158,0.09849280533018027,0.09849280533018027,120.72604681730236,1.852978925968427,122.57902574327079,98.48833932662403,-108.94033938214179,100.0,0.08,0.6,0.27,1.0,false
0.02,0.02,0.0,0.0025,0.75,0.2,0.15,1.0,5.0,5.0,22.397051547259988,87.91828581075414,12.107222256336271,-1.0505956000266703,-1.0505956000266703,-1.8857622418738083,true,0.0,12.107222256336271,0.10811442953362713,0.10811442953362713,124.09247999263621,1.1486829967163497,125.24116298935256,99.08282311558062,-104.7678072040215,100.0,0.08,0.6,0.27,1.0,false
0.02,0.02,0.0,0.0025,0.75,0.2,0.15,1.0,5.0,5.0,22.813795853269536,88.41917037064317,15.88641863512909,-0.9898820798619274,-0.9898820798619274,-1.6781292455007653,true,0.0,15.88641863512909,0.13927027959139332,0.13927027959139332,129.95539790147677,1.1649995429156599,131.12039744439244,99.11150395695701,-103.88911389776005,100.0,0.08,0.6,0.27,1.0,false
