gross_delta,delta,iota,kappa,lambda,sigmah,sigmal,mu_b,m,c,p,vb,debt_diff,eq_deriv,eq_deriv_min_val,eq_min_val,eq_negative,eq_vb,abs_debt_diff,debt_per_diff,abs_debt_per_diff,debt,equity,firm_value,leverage,ROE,V0,r,alpha,pi,xi,opt
0.02,0.02,0.0,0.001,0.2,0.3,0.15,1.0,5.0,3.0,18.684231581052842,88.08968582435821,-4.385769897794447,-0.7074289946906003,-0.7074289946906003,-1.2187665159318801,true,0.0,4.385769897794447,-0.04694621642606842,0.04694621642606842,89.03538800746976,2.0107315899584846,91.04611959742824,97.79152412112764,-81.66162567970196,100.0,0.08,0.6,0.27,1.0,false
0.02,0.02,0.0,0.001,0.2,0.3,0.15,1.0,5.0,3.0,19.176879530058265,85.74021599409276,-2.827666161684718,-0.889510472384671,-0.889510472384671,-1.7304711234241172,true,0.0,2.827666161684718,-0.029490367890694324,0.029490367890694324,93.05673148860662,3.0093942092524215,96.06612569785904,96.86737214872454,-56.65738399265086,100.0,0.08,0.6,0.27,1.0,false
0.02,0.02,0.0,0.001,0.2,0.3,0.15,1.0,5.0,3.0,20.16217542806912,83.17241517171335,-2.8999813637339287,-1.2085542941153598,-1.2085542941153598,-2.7512667126230985,true,0.0,2.8999813637339287,-0.028766552241150226,0.028766552241150226,97.91089577661167,3.832725190931498,101.74362096754317,96.23295774763692,83.4626127324167,100.0,0.08,0.6,0.27,1.0,false
0.02,0.02,0.0,0.001,0.2,0.3,0.15,1.0,5.0,3.0,22.132767224090827,77.00958587804266,-2.1149091093480052,-1.7374697256133393,-1.7374697256133393,-4.432209065819261,true,0.0,2.1149091093480052,-0.019111113291301347,0.019111113291301347,108.54892701110613,8.591345878779912,117.14027288988603,92.66576245143638,-200.49618937696715,100.0,0.08,0.6,0.27,1.0,false
0.02,0.02,0.0,0.001,0.2,0.3,0.15,1.0,5.0,3.0,22.625415173096254,75.63184416329614,-1.8013999596024775,-1.7927473027860723,-1.7927473027860723,-4.465840634893274,true,0.0,1.8013999596024775,-0.015923685340762377,0.015923685340762377,111.3256759058788,10.3760514024789,121.7017273083577,91.47419545148367,-191.61529509327585,100.0,0.08,0.6,0.27,1.0,false
0.02,0.02,0.0,0.001,0.2,0.3,0.15,1.0,5.0,3.0,22.625415173096254,75.63184416329614,-1.8013999596024775,-1.7927473027860723,-1.7927473027860723,-4.465840634893274,true,0.0,1.8013999596024775,-0.015923685340762377,0.015923685340762377,111.3256759058788,10.3760514024789,121.7017273083577,91.47419545148367,-191.61529509327585,100.0,0.08,0.6,0.27,1.0,false
