gross_delta,delta,iota,kappa,lambda,sigmah,sigmal,mu_b,m,c,p,vb,debt_diff,eq_deriv,eq_deriv_min_val,eq_min_val,eq_negative,eq_vb,abs_debt_diff,debt_per_diff,abs_debt_per_diff,debt,equity,firm_value,leverage,ROE,V0,r,alpha,pi,xi,opt
0.02,0.02,0.0,0.001,0.2,0.3,0.15,1.0,5.0,2.0,14.156984119464576,84.95166178765238,2.240027054068179,8.397834756872032e-7,8.397834756872032e-7,0.0010550488519283784,false,0.0,2.240027054068179,0.03164554025300267,0.03164554025300267,73.02494765139106,6.965565470037059,79.99051312142812,91.29201051696829,-74.1777499445844,100.0,0.08,0.6,0.27,1.0,false
0.02,0.02,0.0,0.001,0.2,0.3,0.15,1.0,5.0,2.0,14.41987755137393,87.30716396110418,-0.0001404042783430101,0.023166941895985203,0.023166941895985203,0.0198625314670833,false,0.0,0.0001404042783430101,0.000956135334485145,0.000956135334485145,72.09924735259129,5.459072836031879,77.55832018862317,92.96133177877587,-80.43395852068926,100.0,0.08,0.6,0.27,1.0,false
0.02,0.02,0.0,0.001,0.2,0.3,0.15,1.0,5.0,2.0,15.09185655407646,89.5865286568128,-3.0311250756853383,-0.010807683713257984,-0.010807683713257984,-0.000443576666195806,false,0.0,3.0311250756853383,-0.040169015188083024,0.040169015188083024,72.42815769469696,3.6442835273460408,76.07244122204301,95.2094563171583,-86.78258969062391,100.0,0.08,0.6,0.27,1.0,false
0.02,0.02,0.0,0.001,0.2,0.3,0.15,1.0,5.0,2.0,16.961601423300223,80.86564697178997,-1.4152622323826733,-0.5565576077203127,-0.5565576077203127,-0.8472710396787658,true,0.0,1.4152622323826733,-0.016687837392977783,0.016687837392977783,83.39274488411844,7.792367161082797,91.18511204520124,91.45434272513691,-53.07853641851423,100.0,0.08,0.6,0.27,1.0,false
0.02,0.02,0.0,0.001,0.2,0.3,0.15,1.0,5.0,2.0,17.429037640606165,78.17325252648544,-1.0980076255733735,-0.7480003268612807,-0.7480003268612807,-1.3302897231591828,true,0.0,1.0980076255733735,-0.012599750464882074,0.012599750464882074,86.04718057745745,9.691949965293349,95.7391305427508,89.87670985693195,-30.537695129668375,100.0,0.08,0.6,0.27,1.0,false
0.02,0.02,0.0,0.001,0.2,0.3,0.15,1.0,5.0,2.0,18.363910075218048,69.24634167149112,-0.4042444107952434,-1.4313520857701434,-1.4313520857701434,-3.217882287368661,true,0.0,0.4042444107952434,-0.004402596278673441,0.004402596278673441,91.41530596529499,18.877038968564182,110.29234493385917,82.88454291194508,119.89180851700377,100.0,0.08,0.6,0.27,1.0,false
