gross_delta,delta,iota,kappa,lambda,sigmah,sigmal,mu_b,m,c,p,vb,debt_diff,eq_deriv,eq_deriv_min_val,eq_min_val,eq_negative,eq_vb,abs_debt_diff,debt_per_diff,abs_debt_per_diff,debt,equity,firm_value,leverage,ROE,V0,r,alpha,pi,xi,opt
0.02,0.02,0.0,0.001,0.2,0.3,0.15,1.0,5.0,7.0,18.671522415399433,91.21193104058273,12.464329060101605,-1.3351693527937338,-1.3351693527937338,-2.56309610660945,true,0.0,12.464329060101605,0.13351165248123084,0.13351165248123084,105.82194113709878,-0.8277443082939795,104.9941968288048,100.78837148461035,-85.78233120531917,100.0,0.08,0.6,0.27,1.0,false
0.02,0.02,0.0,0.001,0.2,0.3,0.15,1.0,5.0,7.0,19.21020917881262,91.21193104058273,11.452731091060798,-1.4109717350023367,-1.4109717350023367,-2.832734214713537,true,0.0,11.452731091060798,0.11923588113441554,0.11923588113441554,107.50377698512389,-1.2829251826304289,106.22085180249346,101.20779033575809,-82.90294094329022,100.0,0.08,0.6,0.27,1.0,false
0.02,0.02,0.0,0.001,0.2,0.3,0.15,1.0,5.0,7.0,19.7488959422258,91.21193104058273,11.190777144197881,-1.4640481240505963,-1.4640481240505963,-3.0330108331646746,true,0.0,11.190777144197881,0.11333066088287488,0.11333066088287488,109.93525685532688,-1.6292628576752937,108.30599399765158,101.50431457903485,-83.60120043799624,100.0,0.08,0.6,0.27,1.0,false
0.02,0.02,0.0,0.001,0.2,0.3,0.15,1.0,5.0,7.0,19.99763165572134,91.28149449254065,10.994871454790818,-1.4813798923194126,-1.4813798923194126,-3.1049775195470692,true,0.0,10.994871454790818,0.11009711086569504,0.11009711086569504,110.9830297333975,-1.8101327630240602,109.17289697037344,101.65804225522683,-83.51882124547329,100.0,0.08,0.6,0.27,1.0,false
0.02,0.02,0.0,0.001,0.2,0.3,0.15,1.0,5.0,7.0,20.287582705638982,91.21193104058273,11.723939929125223,-1.4936183432581374,-1.4936183432581374,-3.149370353335153,true,0.0,11.723939929125223,0.11557749485715245,0.11557749485715245,113.16185345732013,-1.8467910145532995,111.31506244276683,101.65906659352848,-85.968609812122,100.0,0.08,0.6,0.27,1.0,false
0.02,0.02,0.0,0.001,0.2,0.3,0.15,1.0,5.0,7.0,20.826269469052168,89.65290431609765,20.72949807483255,-1.4829996657194122,-1.4829996657194122,-3.011973224460795,true,0.0,20.72949807483255,0.19907067951499025,0.19907067951499025,124.86084542009338,-0.49887243472586285,124.36197298536752,100.40114548101016,-97.99334082853571,100.0,0.08,0.6,0.27,1.0,false
