gross_delta,delta,iota,kappa,lambda,sigmah,sigmal,mu_b,m,c,p,vb,debt_diff,eq_deriv,eq_deriv_min_val,eq_min_val,eq_negative,eq_vb,abs_debt_diff,debt_per_diff,abs_debt_per_diff,debt,equity,firm_value,leverage,ROE,V0,r,alpha,pi,xi,opt
0.02,0.02,0.0,0.005,0.5,0.25,0.15,1.0,7.0,1.0,8.281953195319531,69.72516359691284,1.3281708741162817,-0.3324751034156818,-0.3324751034156818,-0.48134038736555246,true,0.0,1.3281708741162817,0.022909897197868134,0.022909897197868134,59.301843241353,10.935112235906963,70.23695547725995,84.43111299229459,-73.13118552086854,100.0,0.08,0.6,0.27,1.0,false
0.02,0.02,0.0,0.005,0.5,0.25,0.15,1.0,7.0,1.0,8.542818755559765,69.81646641874924,0.9298167561770896,-0.35351166495231245,-0.35351166495231245,-0.5238065767939171,true,0.0,0.9298167561770896,0.015548845055586335,0.015548845055586335,60.72954804509544,10.981178503706333,71.71072654880177,84.6868397069813,-72.03704577600392,100.0,0.08,0.6,0.27,1.0,false
0.02,0.02,0.0,0.005,0.5,0.25,0.15,1.0,7.0,1.0,8.8036843158,70.69336119839424,0.9661935175591267,-0.3538963742389266,-0.3538963742389266,-0.5243744715247828,true,0.0,0.9661935175591267,0.0156783955914765,0.0156783955914765,62.59198372815913,10.517566153768975,73.1095498819281,85.61396401598034,-71.88419167341375,100.0,0.08,0.6,0.27,1.0,false
0.02,0.02,0.0,0.005,0.5,0.25,0.15,1.0,7.0,1.0,9.064549876040234,79.55604222492798,0.7581774536583055,-0.18618943073921598,-0.18618943073921598,-0.20735027497330663,true,0.0,0.7581774536583055,0.01194886302017283,0.01194886302017283,64.21002658593994,5.400149450792865,69.61017603673281,92.24229881570297,-84.91155780330526,100.0,0.08,0.6,0.27,1.0,false
0.02,0.02,0.0,0.005,0.5,0.25,0.15,1.0,7.0,1.0,9.310107692128131,81.89988708914616,2.131489327368563e-5,-0.15791446587544364,-0.15791446587544364,-0.1563843585039974,true,0.0,2.131489327368563e-5,2.715568086885398e-6,2.715568086885398e-6,65.17077515979018,4.294083301547896,69.46485846133808,93.81833721875667,-87.67103396286201,100.0,0.08,0.6,0.27,1.0,false
0.02,0.02,0.0,0.005,0.5,0.25,0.15,1.0,7.0,1.0,9.325415436280469,81.45258225241089,-0.0711948036374821,-0.1688198524001362,-0.1688198524001362,-0.17728288839535875,true,0.0,0.0711948036374821,-0.0010906416237883648,0.0010906416237883648,65.2067132503258,4.5835068148540286,69.79022006517984,93.43245112198628,-86.82646210508713,100.0,0.08,0.6,0.27,1.0,false
