gross_delta,delta,iota,kappa,lambda,sigmah,sigmal,mu_b,m,c,p,vb,debt_diff,eq_deriv,eq_deriv_min_val,eq_min_val,eq_negative,eq_vb,abs_debt_diff,debt_per_diff,abs_debt_per_diff,debt,equity,firm_value,leverage,ROE,V0,r,alpha,pi,xi,opt
0.02,0.02,0.0,0.005,0.1,0.275,0.15,1.0,5.0,6.0,20.723164421705327,91.21193104058273,3.3363383092061554,-0.8071874248411327,-0.8071874248411327,-1.0152397965039508,true,0.0,3.3363383092061554,0.03219912018563819,0.03219912018563819,106.95216041773278,2.27209166789353,109.22425208562632,97.91979196514679,-132.68180725660667,100.0,0.08,0.6,0.27,1.0,false
0.02,0.02,0.0,0.005,0.1,0.275,0.15,1.0,5.0,6.0,21.195723519720392,91.21193104058273,3.0255497394565367,-0.8606761789533359,-0.8606761789533359,-1.1396325448472935,true,0.0,3.0255497394565367,0.02854868093218503,0.02854868093218503,109.0041673380585,1.9730891428812942,110.97725648093979,98.22207792348861,-121.91306612596493,100.0,0.08,0.6,0.27,1.0,false
0.02,0.02,0.0,0.005,0.1,0.275,0.15,1.0,5.0,6.0,21.464333522723166,91.21193104058274,2.9839374860681662,-0.8871569743267428,-0.8871569743267428,-1.2019432767694067,true,0.0,2.9839374860681662,0.027803159976453204,0.027803159976453204,110.30560509968402,1.8309681634111865,112.1365732630952,98.36719804241265,-117.76672156268948,100.0,0.08,0.6,0.27,1.0,false
0.02,0.02,0.0,0.005,0.1,0.275,0.15,1.0,5.0,6.0,21.668282617735457,91.21193104058273,3.005232655807532,-0.904969058300527,-0.904969058300527,-1.2438675871716125,true,0.0,3.005232655807532,0.027738540324813318,0.027738540324813318,111.34664574448482,1.738357028902805,113.08500277338763,98.46278729604285,-115.3204485981926,100.0,0.08,0.6,0.27,1.0,false
0.02,0.02,0.0,0.005,0.1,0.275,0.15,1.0,5.0,6.0,22.140841715750522,91.21193104058273,3.1829797918136222,-0.9390277969050296,-0.9390277969050296,-1.3230912448610752,true,0.0,3.1829797918136222,0.02875211189057296,0.02875211189057296,113.88718837056624,1.5722431673074704,115.45943153787371,98.63827220837152,-111.3215369832516,100.0,0.08,0.6,0.27,1.0,false
0.02,0.02,0.0,0.005,0.1,0.275,0.15,1.0,5.0,6.0,22.613400813765587,91.21193104058273,3.4439044710167224,-0.9686433353781475,-0.9686433353781475,-1.3897972348447412,true,0.0,3.4439044710167224,0.030458969877014644,0.030458969877014644,116.51090853984466,1.445826228877567,117.95673476872223,98.77427411693584,-108.7567938819869,100.0,0.08,0.6,0.27,1.0,false
