gross_delta,delta,iota,kappa,lambda,sigmah,sigmal,mu_b,m,c,p,vb,debt_diff,eq_deriv,eq_deriv_min_val,eq_min_val,eq_negative,eq_vb,abs_debt_diff,debt_per_diff,abs_debt_per_diff,debt,equity,firm_value,leverage,ROE,V0,r,alpha,pi,xi,opt
0.02,0.02,0.0,0.005,0.1,0.275,0.15,1.0,5.0,5.0,19.282490091114376,91.21193104058273,0.0795454671557394,-0.4868257377014939,-0.4868257377014939,-0.44266334912714334,true,0.0,0.0795454671557394,0.000825053888578374,0.000825053888578374,96.49199592272761,3.314712784880917,99.80670870760852,96.67886775568202,-5.510007632082448,100.0,0.08,0.6,0.27,1.0,false
0.02,0.02,0.0,0.005,0.1,0.275,0.15,1.0,5.0,5.0,19.3089155357816,91.20824423075489,-1.958898382884939e-7,-0.49229055978711356,-0.49229055978711356,-0.4520680036295002,true,0.0,1.958898382884939e-7,-1.578500576377376e-5,1.578500576377376e-5,96.5445774830182,3.288365466034878,99.83294294905308,96.70613189504691,-4.834634552675176,100.0,0.08,0.6,0.27,1.0,false
0.02,0.02,0.0,0.005,0.1,0.275,0.15,1.0,5.0,5.0,19.74366252414715,91.21193104058273,-1.4956163744026298,-0.5789993537468311,-0.5789993537468311,-0.6123210001969838,true,0.0,1.4956163744026298,-0.015150343788275773,0.015150343788275773,97.22269624633313,2.8121725276181704,100.0348687739513,97.18880770067003,1.255490109976698,100.0,0.08,0.6,0.27,1.0,false
0.02,0.02,0.0,0.005,0.1,0.275,0.15,1.0,5.0,5.0,20.20483495717993,91.21193104058273,-2.950862942018148,-0.6671427283245682,-0.6671427283245682,-0.7959718928082763,true,0.0,2.950862942018148,-0.02920947335894509,0.02920947335894509,98.0733118438815,2.329986098477121,100.40329794235862,97.67937294269481,20.932185682352554,100.0,0.08,0.6,0.27,1.0,false
0.02,0.02,0.0,0.005,0.1,0.275,0.15,1.0,5.0,5.0,22.049524689311035,90.00584347301097,-2.618516954964406,-0.9923330601427144,-0.9923330601427144,-1.6004810678649815,true,0.0,2.618516954964406,-0.023751232662478083,0.023751232662478083,107.62910649159076,1.6616340485721532,109.29074054016291,98.47962046888911,-121.78019208938426,100.0,0.08,0.6,0.27,1.0,false
0.02,0.02,0.0,0.005,0.1,0.275,0.15,1.0,5.0,5.0,23.894214421442143,89.99510547044771,-2.5483656113624846,-1.1604683157939757,-1.1604683157939757,-2.068956069657131,true,0.0,2.5483656113624846,-0.021330398785369877,0.021330398785369877,116.92270649584823,0.8029530943245743,117.72565959017281,99.3179455548435,-104.74482668904983,100.0,0.08,0.6,0.27,1.0,false
