gross_delta,delta,iota,kappa,lambda,sigmah,sigmal,mu_b,m,c,p,vb,debt_diff,eq_deriv,eq_deriv_min_val,eq_min_val,eq_negative,eq_vb,abs_debt_diff,debt_per_diff,abs_debt_per_diff,debt,equity,firm_value,leverage,ROE,V0,r,alpha,pi,xi,opt
0.02,0.02,0.0,0.001,0.1,0.25,0.15,1.0,3.0,7.0,29.441761281391297,88.4227029121804,3.5412497989717053,0.36592924269759114,0.36592924269759114,0.0497667760434333,false,0.0,3.5412497989717053,0.0400932739171185,0.0400932739171185,91.8665336431456,13.83807350092272,105.70460714406832,86.9087319135841,70.13746530420968,100.0,0.08,0.6,0.27,1.0,false
0.02,0.02,0.0,0.001,0.1,0.25,0.15,1.0,3.0,7.0,30.225608087124503,88.54260692978333,2.2907054437553285,0.25398701413693225,0.25398701413693225,0.036204374737651104,false,0.0,2.2907054437553285,0.02526230337701761,0.02526230337701761,92.96752970512884,13.026049842892586,105.99357954802143,87.71052935617575,85.22722879316808,100.0,0.08,0.6,0.27,1.0,false
0.02,0.02,0.0,0.001,0.1,0.25,0.15,1.0,3.0,7.0,31.968359956297885,88.33171486653431,-2.4676300421716535e-5,-0.036018420480326094,-0.036018420480326094,-0.04492286654682126,true,0.0,2.4676300421716535e-5,2.1835860058531118e-5,2.1835860058531118e-5,95.90505519259321,11.796130927721965,107.70118612031517,89.04735281694644,188.06568787900497,100.0,0.08,0.6,0.27,1.0,false
0.02,0.02,0.0,0.001,0.1,0.25,0.15,1.0,3.0,7.0,34.92868892152373,87.31187150234976,-1.8527082124036838,-0.48953745339386545,-0.48953745339386545,-0.3320068901126236,true,0.0,1.8527082124036838,-0.017680864160750195,0.017680864160750195,102.9333585521675,10.991812273968986,113.9251708261365,90.35172631801991,-474.7176514049727,100.0,0.08,0.6,0.27,1.0,false
0.02,0.02,0.0,0.001,0.1,0.25,0.15,1.0,3.0,7.0,35.712535727256935,87.09409768927542,-1.845311065753691,-0.567286070496567,-0.567286070496567,-0.4327873001843133,true,0.0,1.845311065753691,-0.017223747237726867,0.017223747237726867,105.29229611601711,10.911649856952096,116.20394597296921,90.60991452089733,-306.17988143044437,100.0,0.08,0.6,0.27,1.0,false
0.02,0.02,0.0,0.001,0.1,0.25,0.15,1.0,3.0,7.0,37.280229338723345,87.23602608151843,-1.8774427727226595,-0.6616459417446369,-0.6616459417446369,-0.5670161143145633,true,0.0,1.8774427727226595,-0.016786759863737757,0.016786759863737757,109.96324524344737,10.205152990011191,120.16839823345856,91.5076233518691,-202.42800152613842,100.0,0.08,0.6,0.27,1.0,false
