gross_delta,delta,iota,kappa,lambda,sigmah,sigmal,mu_b,m,c,p,vb,debt_diff,eq_deriv,eq_deriv_min_val,eq_min_val,eq_negative,eq_vb,abs_debt_diff,debt_per_diff,abs_debt_per_diff,debt,equity,firm_value,leverage,ROE,V0,r,alpha,pi,xi,opt
0.02,0.02,0.0,0.001,0.1,0.25,0.15,1.0,3.0,5.0,26.95226364741737,87.19461296441132,1.7190478809023517,0.5424278986542962,0.5424278986542962,0.0666572081432167,false,0.0,1.7190478809023517,0.021260402012863642,0.021260402012863642,82.57583882315447,14.589699346408032,97.1655381695625,84.98469763945762,-16.267422010559297,100.0,0.08,0.6,0.27,1.0,false
0.02,0.02,0.0,0.001,0.1,0.25,0.15,1.0,3.0,5.0,29.877724614566716,84.8003684249086,0.8378353637519353,5.897750581661428e-7,5.897750581661428e-7,0.0020796862829861812,false,0.0,0.8378353637519353,0.00934738030378049,0.00934738030378049,90.47100920745208,15.41116047129045,105.88216967874254,85.4449899184636,61.72919889210773,100.0,0.08,0.6,0.27,1.0,false
0.02,0.02,0.0,0.001,0.1,0.25,0.15,1.0,3.0,5.0,31.100784311699815,84.22525070505034,2.8106626362961462e-5,-0.23450121603795637,-0.23450121603795637,-0.15651615595738877,true,0.0,2.8106626362961462e-5,0.0003339974248241017,0.0003339974248241017,93.30238104172578,15.037371104434124,108.33975214615991,86.12017213760339,124.5181638148733,100.0,0.08,0.6,0.27,1.0,false
0.02,0.02,0.0,0.001,0.1,0.25,0.15,1.0,3.0,5.0,33.5345508235034,82.93520246054005,-1.179934870765237,-0.6540903770273572,-0.6540903770273572,-0.6268991148182014,true,0.0,1.179934870765237,-0.011728549031667706,0.011728549031667706,99.42371759974498,14.909843474701535,114.33356107444651,86.95934655180274,2487.246021760064,100.0,0.08,0.6,0.27,1.0,false
0.02,0.02,0.0,0.001,0.1,0.25,0.15,1.0,3.0,5.0,35.728646548865406,81.38646379000625,-0.983186204656505,-0.9269807153044557,-0.9269807153044557,-1.1145129348744125,true,0.0,0.983186204656505,-0.009172716196715518,0.009172716196715518,106.2027534419397,16.197112945405394,122.3998663873451,86.76705014191093,-361.1277894086386,100.0,0.08,0.6,0.27,1.0,false
0.02,0.02,0.0,0.001,0.1,0.25,0.15,1.0,3.0,5.0,37.19137703244008,81.32469983129725,-0.9803402679411306,-1.0434558762504182,-1.0434558762504182,-1.3432234020776752,true,0.0,0.9803402679411306,-0.008786447703419992,0.008786447703419992,110.59379082937912,15.908732937994392,126.5025237673735,87.42417742807322,-250.17035161649287,100.0,0.08,0.6,0.27,1.0,false
