gross_delta,delta,iota,kappa,lambda,sigmah,sigmal,mu_b,m,c,p,vb,debt_diff,eq_deriv,eq_deriv_min_val,eq_min_val,eq_negative,eq_vb,abs_debt_diff,debt_per_diff,abs_debt_per_diff,debt,equity,firm_value,leverage,ROE,V0,r,alpha,pi,xi,opt
0.02,0.02,0.0,0.0025,0.2,0.225,0.15,1.0,7.0,1.0,9.489480527000067,74.8121955799379,1.948986974506937,0.25297054981971234,0.25297054981971234,0.0196910585606707,false,0.0,1.948986974506937,0.029340563991005722,0.029340563991005722,68.3753506635074,16.98941349186414,85.36476415537155,80.09786161777255,-46.27793873350694,100.0,0.08,0.6,0.27,1.0,false
0.02,0.02,0.0,0.0025,0.2,0.225,0.15,1.0,7.0,1.0,10.234561614056142,70.33120687057084,0.9108855799725006,-3.7808806232131256e-7,-3.7808806232131256e-7,0.00042147736342201613,false,0.0,0.9108855799725006,0.01271441966267781,0.01271441966267781,72.55281687836549,20.846400671029055,93.39921754939455,77.68032621900247,-24.049034180861216,100.0,0.08,0.6,0.27,1.0,false
0.02,0.02,0.0,0.0025,0.2,0.225,0.15,1.0,7.0,1.0,10.482921976408166,71.81813125927741,0.12004064526450975,-2.5328084825568037e-6,-2.5328084825568037e-6,0.0006863152531058707,false,0.0,0.12004064526450975,0.0016358667600320574,0.0016358667600320574,73.50049448012167,19.29855802914913,92.79905250927081,79.20392772628666,-27.17389381219767,100.0,0.08,0.6,0.27,1.0,false
0.02,0.02,0.0,0.0025,0.2,0.225,0.15,1.0,7.0,1.0,10.531814686267884,71.91882957201231,1.6920081312385834e-5,-0.003931370487456359,-0.003931370487456359,0.006223204836409707,false,0.0,1.6920081312385834e-5,-2.4738188919683145e-6,2.4738188919683145e-6,73.72271972395653,19.16440959029721,92.88712931425374,79.36806774869682,-27.068519310314375,100.0,0.08,0.6,0.27,1.0,false
0.02,0.02,0.0,0.0025,0.2,0.225,0.15,1.0,7.0,1.0,10.73128233876019,70.68362226394129,-0.288874606025999,-0.07707572245728803,-0.07707572245728803,-0.01973663796261614,true,0.0,0.288874606025999,-0.0038455610017641907,0.0038455610017641907,74.83010176529532,20.440653346193503,95.27075511148882,78.54467163373145,-18.789288873605415,100.0,0.08,0.6,0.27,1.0,false
0.02,0.02,0.0,0.0025,0.2,0.225,0.15,1.0,7.0,1.0,10.979642701112216,62.58027328900462,-0.05475762454739197,-0.4423418702860585,-0.4423418702860585,-0.4353054758823577,true,0.0,0.05475762454739197,-0.000712456498396998,0.000712456498396998,76.80274128323812,30.04539552004104,106.84813680327916,71.88028128617873,29.52131925110113,100.0,0.08,0.6,0.27,1.0,false
