gross_delta,delta,iota,kappa,lambda,sigmah,sigmal,mu_b,m,c,p,vb,debt_diff,eq_deriv,eq_deriv_min_val,eq_min_val,eq_negative,eq_vb,abs_debt_diff,debt_per_diff,abs_debt_per_diff,debt,equity,firm_value,leverage,ROE,V0,r,alpha,pi,xi,opt
0.02,0.02,0.0,0.005,0.3,0.35,0.15,1.0,5.0,7.0,18.39354593354072,91.21193104058273,9.734100470058777,-2.1903119716667168,-2.1903119716667168,-6.888074424743526,true,0.0,9.734100470058777,0.10584256570462139,0.10584256570462139,101.70183013776239,-6.826640569873408,94.87518956788898,107.19539070326549,301.1352495407837,100.0,0.08,0.6,0.27,1.0,false
0.02,0.02,0.0,0.005,0.3,0.35,0.15,1.0,5.0,7.0,18.907826308946685,91.21193104058273,8.61704757914572,-2.262822978543679,-2.262822978543679,-7.297805969027331,true,0.0,8.61704757914572,0.0911479451772662,0.0911479451772662,103.15617912387914,-7.265199722422938,95.8909794014562,107.57652051086737,130.18971475527516,100.0,0.08,0.6,0.27,1.0,false
0.02,0.02,0.0,0.005,0.3,0.35,0.15,1.0,5.0,7.0,19.422106684352645,91.21193104058273,8.320541440775003,-2.3114748548337807,-2.3114748548337807,-7.6150985772954005,true,0.0,8.320541440775003,0.08568114238069158,0.08568114238069158,105.43107486253822,-7.6012896493237605,97.82978521321446,107.76991346015652,39.95921326282881,100.0,0.08,0.6,0.27,1.0,false
0.02,0.02,0.0,0.005,0.3,0.35,0.15,1.0,5.0,7.0,19.64949288339663,91.28278416151186,8.152115497947063,-2.32605748903026,-2.32605748903026,-7.731578540104969,true,0.0,8.152115497947063,0.08309871802587093,0.08309871802587093,106.3995799149302,-7.73283194807548,98.66674796685471,107.83732321924018,20.833430488692038,100.0,0.08,0.6,0.27,1.0,false
0.02,0.02,0.0,0.005,0.3,0.35,0.15,1.0,5.0,7.0,19.936387059758605,91.21193104058273,8.88668037505306,-2.3362936564257306,-2.3362936564257306,-7.822093468924291,true,0.0,8.88668037505306,0.08915035957533886,0.08915035957533886,108.56861567384608,-7.817757572372191,100.7508581014739,107.7594947772041,-8.762886912593471,100.0,0.08,0.6,0.27,1.0,false
0.02,0.02,0.0,0.005,0.3,0.35,0.15,1.0,5.0,7.0,20.45066743516457,89.57463309931079,17.517876625969038,-2.321789628015568,-2.321789628015568,-7.662986330988927,true,0.0,17.517876625969038,0.17131838539261904,0.17131838539261904,119.77121380179189,-7.433833469903311,112.33738033188858,106.61741750425446,-62.40072286695128,100.0,0.08,0.6,0.27,1.0,false
