gross_delta,delta,iota,kappa,lambda,sigmah,sigmal,mu_b,m,c,p,vb,debt_diff,eq_deriv,eq_deriv_min_val,eq_min_val,eq_negative,eq_vb,abs_debt_diff,debt_per_diff,abs_debt_per_diff,debt,equity,firm_value,leverage,ROE,V0,r,alpha,pi,xi,opt
0.02,0.02,0.0,0.001,0.2,0.25,0.15,1.0,5.0,1.0,11.362648106915954,64.6756503019011,0.42172964483993525,0.22250374249461444,0.22250374249461444,0.017433993073811795,false,0.0,0.42172964483993525,0.007423087309783828,0.007423087309783828,57.234970179419705,25.585628611310508,82.82059879073022,69.10716780017509,-40.171610498918334,100.0,0.08,0.6,0.27,1.0,false
0.02,0.02,0.0,0.001,0.2,0.25,0.15,1.0,5.0,1.0,11.600427147977955,64.28148249316037,0.1885412512126763,0.1647471143306464,0.1647471143306464,0.013356592619960868,false,0.0,0.1885412512126763,0.003250591530942729,0.003250591530942729,58.19067699110245,25.960749051683756,84.1514260427862,69.14995945703382,-37.906794027353705,100.0,0.08,0.6,0.27,1.0,false
0.02,0.02,0.0,0.001,0.2,0.25,0.15,1.0,5.0,1.0,11.838206189039957,60.87567383106,0.03815768347526216,2.3081791421109953e-6,2.3081791421109953e-6,0.000676215293817683,false,0.0,0.03815768347526216,0.0006446531318332552,0.0006446531318332552,59.22918862867505,29.833760331352366,89.06294896002741,66.50261339904415,-26.825688947816396,100.0,0.08,0.6,0.27,1.0,false
0.02,0.02,0.0,0.001,0.2,0.25,0.15,1.0,5.0,1.0,11.898569380035866,59.04564757399329,-2.6301058097865377e-6,-0.09177636647343486,-0.09177636647343486,-0.053413432771713815,true,0.0,2.6301058097865377e-6,3.537926977214067e-6,3.537926977214067e-6,59.492844270073526,32.2023786589407,91.69522292901422,64.88107272080015,-20.502000007989317,100.0,0.08,0.6,0.27,1.0,false
0.02,0.02,0.0,0.001,0.2,0.25,0.15,1.0,5.0,1.0,12.075985230101956,52.21218757778184,-0.0835739338158703,-0.4743559134044042,-0.4743559134044042,-0.39452297254622776,true,0.0,0.0835739338158703,-0.0013841344159240033,0.0013841344159240033,60.29635221669391,41.985652681379364,102.28200489807327,58.95108555681992,5.747595058589994,100.0,0.08,0.6,0.27,1.0,false
0.02,0.02,0.0,0.001,0.2,0.25,0.15,1.0,5.0,1.0,12.313764271163958,44.47605524115473,0.02836214753077826,-1.1237587960871036,-1.1237587960871036,-1.3604387009903194,true,0.0,0.02836214753077826,0.0004606576332989575,0.0004606576332989575,61.59718350335057,57.2358060330371,118.83298953638767,51.83508699365758,49.040646635985176,100.0,0.08,0.6,0.27,1.0,false
