gross_delta,delta,iota,kappa,lambda,sigmah,sigmal,mu_b,m,c,p,vb,debt_diff,eq_deriv,eq_deriv_min_val,eq_min_val,eq_negative,eq_vb,abs_debt_diff,debt_per_diff,abs_debt_per_diff,debt,equity,firm_value,leverage,ROE,V0,r,alpha,pi,xi,opt
0.02,0.02,0.0,0.003,0.5,0.25,0.15,1.0,10.0,3.0,8.635383275169621,91.21193104058273,-45.03310783222923,-2.6005886947359644,-2.6005886947359644,-12.003276640352096,true,0.0,45.03310783222923,-0.5214951832157636,0.5214951832157636,41.32072491946699,-11.449030246133358,29.871694673333632,138.32735427747215,-119.51119919327633,100.0,0.08,0.6,0.27,1.0,false
0.02,0.02,0.0,0.003,0.5,0.25,0.15,1.0,10.0,3.0,8.939805822687532,91.21193104058273,-39.14586144372644,-2.640044027053133,-2.640044027053133,-12.210550354453934,true,0.0,39.14586144372644,-0.43788268134842107,0.43788268134842107,50.25219678314888,-11.637749019738436,38.614447763410446,130.1383282522712,-123.39349331468846,100.0,0.08,0.6,0.27,1.0,false
0.02,0.02,0.0,0.003,0.5,0.25,0.15,1.0,10.0,3.0,9.092017096446487,91.21193104058273,-37.570994175880486,-2.6597701560214007,-2.6597701560214007,-12.31417241353053,true,0.0,37.570994175880486,-0.4132305711409704,0.4132305711409704,53.34917678858437,-11.732097157537753,41.61707963104662,128.190582476108,-125.14874625978061,100.0,0.08,0.6,0.27,1.0,false
0.02,0.02,0.0,0.003,0.5,0.25,0.15,1.0,10.0,3.0,9.244228370205441,91.21193104058273,-35.144228164963394,-2.6794962854372635,-2.6794962854372635,-12.417794476915951,true,0.0,35.144228164963394,-0.3801748156529192,0.3801748156529192,57.29805553709102,-11.826445298612514,45.471610238478505,126.00841544116874,-127.69533202143757,100.0,0.08,0.6,0.27,1.0,false
0.02,0.02,0.0,0.003,0.5,0.25,0.15,1.0,10.0,3.0,9.396439643964396,91.21193104058273,-32.72799523975301,-2.6992224153017146,-2.6992224153017146,-12.52141654461974,true,0.0,32.72799523975301,-0.34830208546888436,0.34830208546888436,61.236401199890956,-11.920793442969975,49.31560775692098,124.17245570961659,-130.7525457180628,100.0,0.08,0.6,0.27,1.0,false
0.02,0.02,0.0,0.003,0.5,0.25,0.15,1.0,10.0,3.0,9.396439643964396,91.21193104058273,-32.72799523975301,-2.6992224153017146,-2.6992224153017146,-12.52141654461974,true,0.0,32.72799523975301,-0.34830208546888436,0.34830208546888436,61.236401199890956,-11.920793442969975,49.31560775692098,124.17245570961659,-130.7525457180628,100.0,0.08,0.6,0.27,1.0,false
