gross_delta,delta,iota,kappa,lambda,sigmah,sigmal,mu_b,m,c,p,vb,debt_diff,eq_deriv,eq_deriv_min_val,eq_min_val,eq_negative,eq_vb,abs_debt_diff,debt_per_diff,abs_debt_per_diff,debt,equity,firm_value,leverage,ROE,V0,r,alpha,pi,xi,opt
0.02,0.02,0.0,0.004,0.2,0.25,0.15,1.0,3.0,11.0,29.155794526821104,89.87902341213044,13.081999745165078,0.047782272982782203,0.047782272982782203,0.009916795227113829,false,0.0,13.081999745165078,0.14956431997454955,0.14956431997454955,100.5493833256284,11.382886938571492,111.93227026419989,89.83055832629515,-2171.938919069208,100.0,0.08,0.6,0.27,1.0,false
0.02,0.02,0.0,0.004,0.2,0.25,0.15,1.0,3.0,11.0,30.00800606376427,91.55903546573458,7.4100441958909045,-3.2657547144169553e-7,-3.2657547144169553e-7,0.0034979375556385204,false,0.0,7.4100441958909045,0.08231185793268234,0.08231185793268234,97.43406238718372,8.159323082890905,105.59338547007462,92.27288428478005,217.98602749096122,100.0,0.08,0.6,0.27,1.0,false
0.02,0.02,0.0,0.004,0.2,0.25,0.15,1.0,3.0,11.0,31.712429137650606,95.53336417358469,-11.222796587848421,-0.06519607345093582,-0.06519607345093582,-0.005963580066891832,true,0.0,11.222796587848421,-0.11796422720289343,0.11796422720289343,83.9144908251034,2.3101252221862674,86.22461604728967,97.32080544038689,-85.63847002250013,100.0,0.08,0.6,0.27,1.0,false
0.02,0.02,0.0,0.004,0.2,0.25,0.15,1.0,3.0,11.0,32.564640674593775,95.01977443766312,-10.660247168967288,-0.22573754104868998,-0.22573754104868998,-0.07194209214368438,true,0.0,10.660247168967288,-0.10911883716135685,0.10911883716135685,87.03367485481404,2.3087914386656707,89.3424662934797,97.41579616676178,-82.19394151531931,100.0,0.08,0.6,0.27,1.0,false
0.02,0.02,0.0,0.004,0.2,0.25,0.15,1.0,3.0,11.0,33.81213744156959,91.81898839294381,7.89554031039863e-5,-0.514867410308971,-0.514867410308971,-0.23314101361290623,true,0.0,7.89554031039863e-5,0.004859998394350976,0.004859998394350976,101.43649128011187,5.496059216697057,106.93255049680893,94.86025612298373,-482.6030337106573,100.0,0.08,0.6,0.27,1.0,false
0.02,0.02,0.0,0.004,0.2,0.25,0.15,1.0,3.0,11.0,35.12127528542328,88.36252291859354,10.25070501721548,-0.6118462848212594,-0.6118462848212594,-0.4228285757274084,true,0.0,10.25070501721548,0.09728865608201048,0.09728865608201048,115.61453087348532,10.415077343215302,126.02960821670062,91.73600752189344,-166.70118639875955,100.0,0.08,0.6,0.27,1.0,false
