gross_delta,delta,iota,kappa,lambda,sigmah,sigmal,mu_b,m,c,p,vb,debt_diff,eq_deriv,eq_deriv_min_val,eq_min_val,eq_negative,eq_vb,abs_debt_diff,debt_per_diff,abs_debt_per_diff,debt,equity,firm_value,leverage,ROE,V0,r,alpha,pi,xi,opt
0.02,0.02,0.0,0.004,0.2,0.25,0.15,1.0,3.0,6.0,26.0051544628147,86.04680166606734,6.92976467476835,0.1815046290989212,0.1815046290989212,0.023341704724193214,false,0.0,6.92976467476835,0.08882552732225146,0.08882552732225146,84.94522806321245,13.591985935395645,98.5372139986081,86.20624088723714,-9.716427505736347,100.0,0.08,0.6,0.27,1.0,false
0.02,0.02,0.0,0.004,0.2,0.25,0.15,1.0,3.0,6.0,26.73781720277291,85.47546731052122,6.599037469811435,0.06958507895893343,0.06958507895893343,0.010334835832397714,false,0.0,6.599037469811435,0.08226846417274812,0.08226846417274812,86.81248907813017,13.919277748492075,100.73176682662225,86.18183896997489,5.5489381654934,100.0,0.08,0.6,0.27,1.0,false
0.02,0.02,0.0,0.004,0.2,0.25,0.15,1.0,3.0,6.0,27.470479942731114,86.06737105855319,5.1995320288523885,-2.9109437810984767e-7,-2.9109437810984767e-7,0.0019184664302690333,false,0.0,5.1995320288523885,0.06309235756215491,0.06309235756215491,87.61097185704573,12.733978386679555,100.34495024372528,87.30979650121873,2.7843204466482474,100.0,0.08,0.6,0.27,1.0,false
0.02,0.02,0.0,0.004,0.2,0.25,0.15,1.0,3.0,6.0,29.86057425408369,87.66785245475636,2.4512956229641447e-5,-0.29288884660433234,-0.29288884660433234,-0.24609040581705036,true,0.0,2.4512956229641447e-5,0.0009012372681365838,0.0009012372681365838,89.58174727520728,8.906989459047255,98.48873673425453,90.9563369839128,-14.505918657060946,100.0,0.08,0.6,0.27,1.0,false
0.02,0.02,0.0,0.004,0.2,0.25,0.15,1.0,3.0,6.0,32.59911912243856,87.39600107985528,-3.7407681116135336,-0.6756004685273342,-0.6756004685273342,-0.7250574860578547,true,0.0,3.7407681116135336,-0.03825019624572919,0.03825019624572919,94.05658925570214,7.427414147936994,101.48400340363914,92.68119713567522,24.96888516518716,100.0,0.08,0.6,0.27,1.0,false
0.02,0.02,0.0,0.004,0.2,0.25,0.15,1.0,3.0,6.0,36.9950955621878,81.71949156632859,4.139256090345455,-0.8787625201273347,-0.8787625201273347,-0.9276114968638216,true,0.0,4.139256090345455,0.037295539020728415,0.037295539020728415,115.12454277690885,15.942281970433745,131.0668247473426,87.83652384868125,-205.40670356510455,100.0,0.08,0.6,0.27,1.0,false
