gross_delta,delta,iota,kappa,lambda,sigmah,sigmal,V0,r,alpha,pi,xi,mu_b,m,c,p,vb,sg_debt,debt,debt_diff,abs_debt_diff,debt_per_diff,abs_debt_per_diff,eq_vb,eq_min_val,sg_equity,equity,eq_negative,firm_value,leverage,ROE,cvml_vb,cvmh_vb,eq_deriv
0.02,0.0198,0.0002,0.015000000000000001,NaN,NaN,0.25,100.0,0.08,0.6,0.27,1.0,1.0,3.0,1.1075857585758575,11.629372171166098,32.32366551465933,34.88789706725034,34.88724062061839,-0.0008758928799039722,0.0008758928799039722,-2.5105765728714164e-5,2.5105765728714164e-5,-3.907985046680551e-14,NaN,67.23648846273232,67.24670134442314,false,102.13394196504154,34.158321855979686,3.2773023066156037,NaN,NaN,NaN
