gross_delta,delta,iota,kappa,lambda,sigmah,sigmal,mu_b,m,c,p,vb,debt_diff,eq_deriv,eq_deriv_min_val,eq_min_val,eq_negative,eq_vb,abs_debt_diff,debt_per_diff,abs_debt_per_diff,debt,equity,firm_value,leverage,ROE,V0,r,alpha,pi,xi,opt
0.02,0.02,0.0,0.003,0.3,0.2,0.15,1.0,10.0,2.0,9.161174012138055,91.84572875647574,-3.3100372411383034,-1.763832500775306,-1.763832500775306,-7.745998392223005,true,0.0,3.3100372411383034,-0.03613114691144045,0.03613114691144045,88.30170288024225,-7.3750973667392525,80.92660551350299,109.11331609665586,-163.0441960162145,100.0,0.08,0.6,0.27,1.0,false
0.02,0.02,0.0,0.003,0.3,0.2,0.15,1.0,10.0,2.0,9.31744299362238,90.66711020412708,-2.4027676592235454,-1.8428152048099373,-1.8428152048099373,-8.077173463841648,true,0.0,2.4027676592235454,-0.025801377198967374,0.025801377198967374,90.77166227700025,-7.9524305417540715,82.81923173524618,109.60215444545072,-186.17403025827994,100.0,0.08,0.6,0.27,1.0,false
0.02,0.02,0.0,0.003,0.3,0.2,0.15,1.0,10.0,2.0,9.340453782220326,90.56484847866204,-2.4171556269526775,-1.8511666754887997,-1.8511666754887997,-8.114003261308588,true,0.0,2.4171556269526775,-0.02587835327180532,0.02587835327180532,90.98738219525058,-8.006982651992885,82.98039954325769,109.64924572075464,-188.84191946732062,100.0,0.08,0.6,0.27,1.0,false
0.02,0.02,0.0,0.003,0.3,0.2,0.15,1.0,10.0,2.0,9.519733552302597,90.05595736309891,-3.1045362340075826,-1.9017028517353987,-1.9017028517353987,-8.346551670046772,true,0.0,3.1045362340075826,-0.03261158746671717,0.03261158746671717,92.09279928901839,-8.29747411114913,83.79532517786926,109.90207281078794,-204.9356708452525,100.0,0.08,0.6,0.27,1.0,false
0.02,0.02,0.0,0.003,0.3,0.2,0.15,1.0,10.0,2.0,9.699013322384868,89.57858593957688,-3.7778714936133326,-1.9467275500056236,-1.9467275500056236,-8.554231497799027,true,0.0,3.7778714936133326,-0.03895109087946278,0.03895109087946278,93.21226173023535,-8.539372431847378,84.67288929838797,110.0851317376859,-225.80585892483845,100.0,0.08,0.6,0.27,1.0,false
0.02,0.02,0.0,0.003,0.3,0.2,0.15,1.0,10.0,2.0,11.13325148304304,88.586184933658,-6.313637464160337,-2.075049824533836,-2.075049824533836,-9.183744362714078,true,0.0,6.313637464160337,-0.05670973546027038,0.05670973546027038,105.01887736627006,-9.181171682800171,95.83770568346989,109.57991598121461,82.93277585348638,100.0,0.08,0.6,0.27,1.0,false
