gross_delta,delta,iota,kappa,lambda,sigmah,sigmal,mu_b,m,c,p,vb,debt_diff,eq_deriv,eq_deriv_min_val,eq_min_val,eq_negative,eq_vb,abs_debt_diff,debt_per_diff,abs_debt_per_diff,debt,equity,firm_value,leverage,ROE,V0,r,alpha,pi,xi,opt
0.02,0.02,0.0,0.001,0.75,0.275,0.15,1.0,3.0,9.0,29.2170914459867,94.80652827437962,-6.56130550880647,-0.6025068305092823,-0.6025068305092823,-0.640416385175556,true,0.0,6.56130550880647,-0.0748569322963613,0.0748569322963613,81.08996882915363,0.11971691146384869,81.20968574061749,99.85258296424612,-99.36691319870262,100.0,0.08,0.6,0.27,1.0,false
0.02,0.02,0.0,0.001,0.75,0.275,0.15,1.0,3.0,9.0,30.082926713724003,94.16748838530947,-6.094889121605249,-0.7173719699208779,-0.7173719699208779,-0.8636487690601001,true,0.0,6.094889121605249,-0.06753431029285155,0.06753431029285155,84.15389101956676,0.06609745314414775,84.21998847271091,99.92151809286275,-99.58287896905314,100.0,0.08,0.6,0.27,1.0,false
0.02,0.02,0.0,0.001,0.75,0.275,0.15,1.0,3.0,9.0,32.6804325169359,90.43026681980935,-3.7862922270674204,-1.3296734448103351,-1.3296734448103351,-2.362102687677486,true,0.0,3.7862922270674204,-0.038619360633260276,0.038619360633260276,94.25500532374029,0.3576148353711068,94.6126201591114,99.62202205713182,-93.77519291969244,100.0,0.08,0.6,0.27,1.0,false
0.02,0.02,0.0,0.001,0.75,0.275,0.15,1.0,3.0,9.0,33.145728384423926,87.284131480382,-0.00011277915410902147,-1.3174033369254081,-1.3173555362275091,-2.2413061524787428,true,0.0,0.00011277915410902147,-0.00038568981839700347,0.00038568981839700347,99.43707237411766,3.6612231366311208,103.09829551074878,96.44880342735695,550.3896714773031,100.0,0.08,0.6,0.27,1.0,false
0.02,0.02,0.0,0.001,0.75,0.275,0.15,1.0,3.0,9.0,33.5462677846732,83.8133773068931,4.3466293777622695,-1.260275776710193,-1.260275776710193,-1.9909616956587144,true,0.0,4.3466293777622695,0.04319039210424656,0.04319039210424656,104.98543273178186,7.555512973137643,112.5409457049195,93.28643195077811,-251.55179860259008,100.0,0.08,0.6,0.27,1.0,false
0.02,0.02,0.0,0.001,0.75,0.275,0.15,1.0,3.0,9.0,42.2046204620462,91.11276045460264,23.1883594364962,-1.6573305211473044e-6,-0.21045543662945318,0.0067984572360531735,false,0.0,23.1883594364962,0.18314234462669035,0.18314234462669035,149.8022208226348,6.9197620592692655,156.72198288190407,95.58468956809743,-113.89448491446446,100.0,0.08,0.6,0.27,1.0,false
