gross_delta,delta,iota,kappa,lambda,sigmah,sigmal,mu_b,m,c,p,vb,debt_diff,eq_deriv,eq_deriv_min_val,eq_min_val,eq_negative,eq_vb,abs_debt_diff,debt_per_diff,abs_debt_per_diff,debt,equity,firm_value,leverage,ROE,V0,r,alpha,pi,xi,opt
0.02,0.02,0.0,0.005,0.2,0.3,0.15,1.0,5.0,3.0,15.843218532379552,93.75072902801719,-5.583958165087836,-0.17065912732302443,-0.17065912732302443,-0.10482696540954053,true,0.0,5.583958165087836,-0.07049019937048309,0.07049019937048309,73.63213449680993,1.0667141779240796,74.69884867473401,98.57198042961954,-95.95449173618158,100.0,0.08,0.6,0.27,1.0,false
0.02,0.02,0.0,0.005,0.2,0.3,0.15,1.0,5.0,3.0,17.238346203041356,90.30092612252297,-3.859452700790712,-0.47451935140153634,-0.47451935140153634,-0.6476714082565815,true,0.0,3.859452700790712,-0.04477752860201624,0.04477752860201624,82.33227831441607,1.5188337548362982,83.85111206925237,98.18865401143172,-91.40334117853125,100.0,0.08,0.6,0.27,1.0,false
0.02,0.02,0.0,0.005,0.2,0.3,0.15,1.0,5.0,3.0,20.49364410125223,80.73441410896966,-2.511536256179596,-1.4774894149465507,-1.4774894149465507,-3.7431586238868713,true,0.0,2.511536256179596,-0.024510392039316552,0.024510392039316552,99.95668425008155,4.71732729202448,104.67401154210603,95.49331565445269,10790.558978906869,100.0,0.08,0.6,0.27,1.0,false
0.02,0.02,0.0,0.005,0.2,0.3,0.15,1.0,5.0,3.0,20.9586866581395,78.97081531723572,-2.182667257401377,-1.6185385030867128,-1.6185385030867128,-4.215808129927497,true,0.0,2.182667257401377,-0.020828282735490186,0.020828282735490186,102.61076603329612,6.10331731946702,108.71408335276314,94.3859000313119,-333.774962659581,100.0,0.08,0.6,0.27,1.0,false
0.02,0.02,0.0,0.005,0.2,0.3,0.15,1.0,5.0,3.0,22.701385961109597,73.53101631142549,-1.215643119251051,-1.8938646335009,-1.8938646335009,-4.681382348749132,true,0.0,1.215643119251051,-0.010593143587361721,0.010593143587361721,112.29128668629693,12.680705459947152,124.97199214624408,89.85316210282701,-203.16825067699682,100.0,0.08,0.6,0.27,1.0,false
0.02,0.02,0.0,0.005,0.2,0.3,0.15,1.0,5.0,3.0,22.818856885688568,73.35000586013874,-1.2229329291455144,-1.8876370405237457,-1.8876370405237457,-4.579808602977859,true,0.0,1.2229329291455144,-0.010718616933984175,0.010718616933984175,112.87135149929733,13.123914581077711,125.99526608037505,89.58380343218157,-201.96221105292764,100.0,0.08,0.6,0.27,1.0,false
