gross_delta,delta,iota,kappa,lambda,sigmah,sigmal,mu_b,m,c,p,vb,debt_diff,eq_deriv,eq_deriv_min_val,eq_min_val,eq_negative,eq_vb,abs_debt_diff,debt_per_diff,abs_debt_per_diff,debt,equity,firm_value,leverage,ROE,V0,r,alpha,pi,xi,opt
0.02,0.02,0.0,0.005,0.2,0.3,0.15,1.0,5.0,2.0,15.602156268258405,85.49419541196673,-1.8776485521078854,-0.25251285204436824,-0.25251285204436824,-0.23527179995538974,true,0.0,1.8776485521078854,-0.024069090449091862,0.024069090449091862,76.13313278918413,5.01243023976497,81.1455630289491,93.82291519996386,-78.99837378952918,100.0,0.08,0.6,0.27,1.0,false
0.02,0.02,0.0,0.005,0.2,0.3,0.15,1.0,5.0,2.0,16.047132344813427,83.60540383774814,-1.7073916567613736,-0.3793108781172586,-0.3793108781172586,-0.47199171175236343,true,0.0,1.7073916567613736,-0.021279710543587776,0.021279710543587776,78.52827006730577,5.851692099152891,84.37996216645865,93.06506906508314,-72.74699282500414,100.0,0.08,0.6,0.27,1.0,false
0.02,0.02,0.0,0.005,0.2,0.3,0.15,1.0,5.0,2.0,17.3820605744785,75.4140011178115,-0.8220776053157977,-0.9447278728396744,-0.9447278728396744,-1.9063627569636583,true,0.0,0.8220776053157977,-0.009458920037625766,0.009458920037625766,86.08822526707671,11.524948957112562,97.61317422418927,88.19324435588676,-17.15687481743161,100.0,0.08,0.6,0.27,1.0,false
0.02,0.02,0.0,0.005,0.2,0.3,0.15,1.0,5.0,2.0,17.827036651033524,70.95459919443171,-0.5832046327996352,-1.2929276978751703,-1.2929276978751703,-2.8915651458973195,true,0.0,0.5832046327996352,-0.006542922912157965,0.006542922912157965,88.55197862236798,16.104656776706538,104.65663539907452,84.6119104485859,40.67633388746981,100.0,0.08,0.6,0.27,1.0,false
0.02,0.02,0.0,0.005,0.2,0.3,0.15,1.0,5.0,2.0,18.27201272758855,60.85086261063061,-0.20205699538048805,-1.8891017233474112,-1.8891017233474112,-4.213773706940814,true,0.0,0.20205699538048805,-0.002211655589265283,0.002211655589265283,91.15800664256226,31.286540075559145,122.4445467181214,74.44840059101723,253.8403481070409,100.0,0.08,0.6,0.27,1.0,false
0.02,0.02,0.0,0.005,0.2,0.3,0.15,1.0,5.0,2.0,18.27201272758855,60.85086261063061,-0.20205699538048805,-1.8891017233474112,-1.8891017233474112,-4.213773706940814,true,0.0,0.20205699538048805,-0.002211655589265283,0.002211655589265283,91.15800664256226,31.286540075559145,122.4445467181214,74.44840059101723,253.8403481070409,100.0,0.08,0.6,0.27,1.0,false
