gross_delta,delta,iota,kappa,lambda,sigmah,sigmal,V0,r,alpha,pi,xi,mu_b,m,c,p,vb,sg_debt,debt,debt_diff,abs_debt_diff,debt_per_diff,abs_debt_per_diff,eq_vb,eq_min_val,sg_equity,equity,eq_negative,firm_value,leverage,ROE,cvml_vb,cvmh_vb,eq_deriv
0.02,0.019,0.001,0.0025,NaN,NaN,0.25,100.0,0.08,0.6,0.27,1.0,1.0,7.0,1.001000100010001,9.776143651429503,53.640161223033985,68.43482896785054,68.4393736269953,0.006368066988784449,0.006368066988784449,9.305549181528367e-5,9.305549181528367e-5,-3.019806626980426e-14,NaN,37.33085251235089,37.32469473145051,false,105.76406835844583,64.70947523978265,18.263478963700486,NaN,NaN,NaN
