gross_delta,delta,iota,kappa,lambda,sigmah,sigmal,mu_b,m,c,p,vb,debt_diff,eq_deriv,eq_deriv_min_val,eq_min_val,eq_negative,eq_vb,abs_debt_diff,debt_per_diff,abs_debt_per_diff,debt,equity,firm_value,leverage,ROE,V0,r,alpha,pi,xi,opt
0.02,0.02,0.0,0.005,0.1,0.3,0.15,1.0,7.0,2.0,11.388437527963323,91.94030010950037,-2.42675405671811,1.280104466060139e-6,1.280104466060139e-6,0.0014810911934342432,false,0.0,2.42675405671811,-0.030441327013340447,0.030441327013340447,77.29230863902515,2.807582274233014,80.09989091325816,96.49489875426497,-87.6359854042314,100.0,0.08,0.6,0.27,1.0,false
0.02,0.02,0.0,0.005,0.1,0.3,0.15,1.0,7.0,2.0,14.01744779741132,85.55475887252925,-4.18631889645502,-0.7896790756260966,-0.7896790756260966,-1.5971168531878723,true,0.0,4.18631889645502,-0.042664368384298594,0.042664368384298594,93.93581568542422,2.7077417518468123,96.64355743727103,97.19821804613893,-55.34862379861172,100.0,0.08,0.6,0.27,1.0,false
0.02,0.02,0.0,0.005,0.1,0.3,0.15,1.0,7.0,2.0,15.003326648454317,81.48454556524636,-3.1752173572161695,-1.2258943861918918,-1.2258943861918918,-3.1165825166221808,true,0.0,3.1752173572161695,-0.030233460233903612,0.030233460233903612,101.84806918196405,3.8262937794257033,105.67436296138975,96.37916551167315,-307.04277830980766,100.0,0.08,0.6,0.27,1.0,false
0.02,0.02,0.0,0.005,0.1,0.3,0.15,1.0,7.0,2.0,15.660579215816318,78.37795889598259,-2.4952875314118614,-1.5455639931716219,-1.5455639931716219,-4.3101103830548215,true,0.0,2.4952875314118614,-0.022762226251793867,0.022762226251793867,107.12876697930237,5.380812597155931,112.5095795764583,95.21746271080919,-175.4802704700344,100.0,0.08,0.6,0.27,1.0,false
0.02,0.02,0.0,0.005,0.1,0.3,0.15,1.0,7.0,2.0,16.317831783178317,74.91990700380359,-1.6415603803875598,-1.8543916743502675,-1.8543916743502675,-5.389270712237397,true,0.0,1.6415603803875598,-0.014371310409720062,0.014371310409720062,112.58326210186065,8.138354315748508,120.72161641760917,93.25857741367899,-164.67602955314035,100.0,0.08,0.6,0.27,1.0,false
0.02,0.02,0.0,0.005,0.1,0.3,0.15,1.0,7.0,2.0,16.317831783178317,74.91990700380359,-1.6415603803875598,-1.8543916743502675,-1.8543916743502675,-5.389270712237397,true,0.0,1.6415603803875598,-0.014371310409720062,0.014371310409720062,112.58326210186065,8.138354315748508,120.72161641760917,93.25857741367899,-164.67602955314035,100.0,0.08,0.6,0.27,1.0,false
