gross_delta,delta,iota,kappa,lambda,sigmah,sigmal,mu_b,m,c,p,vb,debt_diff,eq_deriv,eq_deriv_min_val,eq_min_val,eq_negative,eq_vb,abs_debt_diff,debt_per_diff,abs_debt_per_diff,debt,equity,firm_value,leverage,ROE,V0,r,alpha,pi,xi,opt
0.02,0.02,0.0,0.005,0.1,0.3,0.15,1.0,7.0,3.0,14.646265942383712,89.56004544890202,-2.66303955930735,-1.1035105037475799,-1.1035105037475799,-2.532363349203538,true,0.0,2.66303955930735,-0.025974826911839916,0.025974826911839916,99.86082203737864,-0.9152648130744228,98.94555722430421,100.92501860492793,-757.6219365737082,100.0,0.08,0.6,0.27,1.0,false
0.02,0.02,0.0,0.005,0.1,0.3,0.15,1.0,7.0,3.0,15.136319346715503,88.41966132150795,-2.128755959119255,-1.266929650759382,-1.266929650759382,-3.146804598897855,true,0.0,2.128755959119255,-0.020196791280947035,0.020196791280947035,103.82547946788922,-1.1038040597031196,102.7216754081861,101.07455807678069,-71.14599440492715,100.0,0.08,0.6,0.27,1.0,false
0.02,0.02,0.0,0.005,0.1,0.3,0.15,1.0,7.0,3.0,15.584696627557493,87.76550635318769,-2.357905194542255,-1.38949909183236,-1.38949909183236,-3.642386394530476,true,0.0,2.357905194542255,-0.021613741176373085,0.021613741176373085,106.7349711983602,-1.4140913577498373,105.32087984061036,101.34265053604746,-79.00375048234602,100.0,0.08,0.6,0.27,1.0,false
0.02,0.02,0.0,0.005,0.1,0.3,0.15,1.0,7.0,3.0,15.897506855948754,87.42841167770246,-2.579661775118552,-1.4639144024148367,-1.4639144024148367,-3.9548133531683045,true,0.0,2.579661775118552,-0.02318118897953628,0.02318118897953628,108.70288621652273,-1.6465229401918733,107.05636327633086,101.53799633184055,-81.08072541422071,100.0,0.08,0.6,0.27,1.0,false
0.02,0.02,0.0,0.005,0.1,0.3,0.15,1.0,7.0,3.0,16.210317084340012,87.13043200035565,-2.649051716374501,-1.5319221825700013,-1.5319221825700013,-4.243297911246926,true,0.0,2.649051716374501,-0.023345376744521543,0.023345376744521543,110.82316787400559,-1.8588959389572601,108.96427193504833,101.70596830130276,-82.82484425450112,100.0,0.08,0.6,0.27,1.0,false
0.02,0.02,0.0,0.005,0.1,0.3,0.15,1.0,7.0,3.0,16.523127312731273,86.87095781329828,-2.552464226549091,-1.5949814877086552,-1.5949814877086552,-4.5123024162368255,true,0.0,2.552464226549091,-0.022068325187382193,0.022068325187382193,113.10942696256981,-2.0658353828396114,111.0435915797302,101.86038235385814,-84.24160423840028,100.0,0.08,0.6,0.27,1.0,false
