gross_delta,delta,iota,kappa,lambda,sigmah,sigmal,V0,r,alpha,pi,xi,mu_b,m,c,p,vb,sg_debt,debt,debt_diff,abs_debt_diff,debt_per_diff,abs_debt_per_diff,eq_vb,eq_min_val,sg_equity,equity,eq_negative,firm_value,leverage,ROE,cvml_vb,cvmh_vb,eq_deriv
0.02,0.0195,0.0005,0.01,NaN,NaN,0.2,100.0,0.08,0.6,0.27,1.0,1.0,7.0,0.9973247324732474,9.910159089742981,57.61873147869307,69.3695585963398,69.38814262256636,0.017028994365489325,0.017028994365489325,0.00024547673339594,0.00024547673339594,7.283063041541027e-14,NaN,36.816947051336626,36.81725764981699,false,106.20540027238334,65.33391187699276,20.271230836707833,NaN,NaN,NaN
