gross_delta,delta,iota,kappa,lambda,sigmah,sigmal,mu_b,m,c,p,vb,debt_diff,eq_deriv,eq_deriv_min_val,eq_min_val,eq_negative,eq_vb,abs_debt_diff,debt_per_diff,abs_debt_per_diff,debt,equity,firm_value,leverage,ROE,V0,r,alpha,pi,xi,opt
0.02,0.02,0.0,0.003,0.2,0.35,0.15,1.0,3.0,2.0,19.87032124265058,75.61761832427489,0.38043990995821986,0.01428056434067101,0.01428056434067101,0.0030184647869989315,false,0.0,0.38043990995821986,0.0063820459554125705,0.0063820459554125705,59.99140363790996,13.33639312060804,73.327796758518,81.8126362578065,-66.66618093794243,100.0,0.08,0.6,0.27,1.0,false
0.02,0.02,0.0,0.003,0.2,0.35,0.15,1.0,3.0,2.0,20.165497208685352,77.6265506800673,1.1317760461576469e-5,0.04254560073955426,0.04254560073955426,0.002742074804926843,false,0.0,1.1317760461576469e-5,4.2352370635117815e-5,4.2352370635117815e-5,60.49650294381651,11.809073576716397,72.30557652053291,83.66782460635946,-70.10625778289692,100.0,0.08,0.6,0.27,1.0,false
0.02,0.02,0.0,0.003,0.2,0.35,0.15,1.0,3.0,2.0,20.468782404556244,77.50945869161433,-0.15272057333666567,5.082576534738356e-7,5.082576534738356e-7,0.0015713981082651643,false,0.0,0.15272057333666567,-0.0024870486564729398,0.0024870486564729398,61.253626640332065,11.739695994997696,72.99332263532976,83.91675351778612,-69.70117464666296,100.0,0.08,0.6,0.27,1.0,false
0.02,0.02,0.0,0.003,0.2,0.35,0.15,1.0,3.0,2.0,21.067243566461908,73.38403154336986,-0.10242585484296285,-0.24136225092570285,-0.24136225092570285,-0.18705595460005914,true,0.0,0.10242585484296285,-0.0016206178803891262,0.0016206178803891262,63.09930484454276,14.75498011098467,77.85428495552743,81.0479537261011,-60.014357320846955,100.0,0.08,0.6,0.27,1.0,false
0.02,0.02,0.0,0.003,0.2,0.35,0.15,1.0,3.0,2.0,21.665704728367572,67.66137185323574,-0.05919976642276481,-0.6110823925034943,-0.6110823925034943,-0.8336699231747283,true,0.0,0.05919976642276481,-0.0009108060744692776,0.0009108060744692776,64.93791441867995,20.094709852832974,85.03262427151293,76.36823510389415,-42.688207162614454,100.0,0.08,0.6,0.27,1.0,false
0.02,0.02,0.0,0.003,0.2,0.35,0.15,1.0,3.0,2.0,24.05954937599023,50.72839785062997,-1.0507422767696681,-2.4473100813020943,-2.4473100813020943,-4.874783736279347,true,0.0,1.0507422767696681,-0.014557522259307655,0.014557522259307655,71.12790585120102,47.34576049009202,118.47366634129304,60.03689093768677,63.98450436634333,100.0,0.08,0.6,0.27,1.0,false
