gross_delta,delta,iota,kappa,lambda,sigmah,sigmal,mu_b,m,c,p,vb,debt_diff,eq_deriv,eq_deriv_min_val,eq_min_val,eq_negative,eq_vb,abs_debt_diff,debt_per_diff,abs_debt_per_diff,debt,equity,firm_value,leverage,ROE,V0,r,alpha,pi,xi,opt
0.02,0.02,0.0,0.003,0.2,0.35,0.15,1.0,3.0,1.0,11.569376674509556,43.83808439260158,0.1497235570448936,1.0450586441224097e-6,1.0450586441224097e-6,4.404412270058041e-5,false,0.0,0.1497235570448936,0.00431378921720634,0.00431378921720634,34.85785358057356,37.6149353950934,72.47278897566696,48.09785034252957,-42.257144625071774,100.0,0.08,0.6,0.27,1.0,false
0.02,0.02,0.0,0.003,0.2,0.35,0.15,1.0,3.0,1.0,11.777984377385106,44.64145356816117,0.07143743779445799,-5.069954606383431e-7,-5.069954606383431e-7,0.00013210863939260107,false,0.0,0.07143743779445799,0.0020217788122169397,0.0020217788122169397,35.40539056994977,36.83259280743648,72.23798337738626,49.01215249183334,-42.978844314675136,100.0,0.08,0.6,0.27,1.0,false
0.02,0.02,0.0,0.003,0.2,0.35,0.15,1.0,3.0,1.0,11.986592080260657,45.4339882064446,0.0010192180252346361,5.155643999397931e-8,5.155643999397931e-8,0.0005814826413364233,false,0.0,0.0010192180252346361,2.8343280514597342e-5,2.8343280514597342e-5,35.960795458807205,36.12263477240536,72.08343023121256,49.88774166748236,-43.59293649693959,100.0,0.08,0.6,0.27,1.0,false
0.02,0.02,0.0,0.003,0.2,0.35,0.15,1.0,3.0,1.0,11.990234407176134,45.425410397797265,-8.469940563222899e-7,-0.001380840846367109,-0.001380840846367109,0.00018932710872425986,false,0.0,8.469940563222899e-7,-9.30159885903564e-8,9.30159885903564e-8,35.97070237453434,36.14120948130674,72.11191185584107,49.88177604615916,-43.55519922659171,100.0,0.08,0.6,0.27,1.0,false
0.02,0.02,0.0,0.003,0.2,0.35,0.15,1.0,3.0,1.0,12.195199783136207,43.837408408060014,-0.05062465875246147,-0.14865738590042565,-0.14865738590042565,-0.049887696153618794,true,0.0,0.05062465875246147,-0.0013837318412901654,0.0013837318412901654,36.53497469065616,38.71726172653861,75.25223641719478,48.55001848464413,-38.99433343353864,100.0,0.08,0.6,0.27,1.0,false
0.02,0.02,0.0,0.003,0.2,0.35,0.15,1.0,3.0,1.0,12.403807486011758,42.911060485744486,-0.12246291031774348,-0.26426146546323,-0.26426146546323,-0.13761133617730653,true,0.0,0.12246291031774348,-0.003291003198167163,0.003291003198167163,37.08895954771753,40.462276156762,77.55123570447952,47.825104539985034,-35.68334609335809,100.0,0.08,0.6,0.27,1.0,false
