gross_delta,delta,iota,kappa,lambda,sigmah,sigmal,mu_b,m,c,p,vb,debt_diff,eq_deriv,eq_deriv_min_val,eq_min_val,eq_negative,eq_vb,abs_debt_diff,debt_per_diff,abs_debt_per_diff,debt,equity,firm_value,leverage,ROE,V0,r,alpha,pi,xi,opt
0.02,0.02,0.0,0.004,0.3,0.275,0.15,1.0,7.0,5.0,11.234931387875628,91.21193104058273,25.403256294717863,-2.372057154886782,-2.372057154886782,-9.219962885895274,true,0.0,25.403256294717863,0.3230136872440059,0.3230136872440059,104.04777600984725,-9.113089571919321,94.93468643792794,109.59932550878315,125.1381882235922,100.0,0.08,0.6,0.27,1.0,false
0.02,0.02,0.0,0.004,0.3,0.275,0.15,1.0,7.0,5.0,11.537943268011011,91.21193104058273,24.575440022952577,-2.412357718550919,-2.412357718550919,-9.498089200931274,true,0.0,24.575440022952577,0.30428101998644114,0.30428101998644114,105.34104289902966,-9.364053816726713,95.97698908230295,109.75656134482065,75.32257264640094,100.0,0.08,0.6,0.27,1.0,false
0.02,0.02,0.0,0.004,0.3,0.275,0.15,1.0,7.0,5.0,11.840955148146392,91.21193104058273,24.285780568928132,-2.442248966308484,-2.442248966308484,-9.72991371751352,true,0.0,24.285780568928132,0.2929997775285634,0.2929997775285634,107.17246660595288,-9.567439388169074,97.6050272177838,109.80219939575599,33.39120157392521,100.0,0.08,0.6,0.27,1.0,false
0.02,0.02,0.0,0.004,0.3,0.275,0.15,1.0,7.0,5.0,11.847554812892389,91.21193104058271,24.285646894536875,-2.442786546156862,-2.442786546156862,-9.73439410342696,true,0.0,24.285646894536875,0.29283495212907173,0.29283495212907173,107.2185305847836,-9.571302541587187,97.6472280431964,109.8019193513134,32.593502641149065,100.0,0.08,0.6,0.27,1.0,false
0.02,0.02,0.0,0.004,0.3,0.275,0.15,1.0,7.0,5.0,12.143967028281773,91.21193104058273,24.559246926532637,-2.4619186742324803,-2.4619186742324803,-9.907873575225748,true,0.0,24.559246926532637,0.2889059101096658,0.2889059101096658,109.56701612450505,-9.717713534656554,99.84930258984849,109.73237997923135,1.5751767133067807,100.0,0.08,0.6,0.27,1.0,false
0.02,0.02,0.0,0.004,0.3,0.275,0.15,1.0,7.0,5.0,12.446978908417156,91.21193104058273,25.42096922247501,-2.471041099715178,-2.471041099715178,-10.022736658022346,true,0.0,25.42096922247501,0.29176292966370576,0.29176292966370576,112.54982158139511,-9.807055532163382,102.74276604923173,109.54525161164541,-21.855020260191015,100.0,0.08,0.6,0.27,1.0,false
