gross_delta,delta,iota,kappa,lambda,sigmah,sigmal,mu_b,m,c,p,vb,debt_diff,eq_deriv,eq_deriv_min_val,eq_min_val,eq_negative,eq_vb,abs_debt_diff,debt_per_diff,abs_debt_per_diff,debt,equity,firm_value,leverage,ROE,V0,r,alpha,pi,xi,opt
0.02,0.02,0.0,0.003,0.1,0.35,0.15,1.0,10.0,1.0,8.544820271500834,81.0170312374814,-1.242180803831559,-0.6644733433956858,-0.6644733433956858,-1.5946401828428718,true,0.0,1.242180803831559,-0.014537237348040547,0.014537237348040547,84.20602191117678,3.2722540193435017,87.47827593052028,96.25935241117178,-79.28163505773668,100.0,0.08,0.6,0.27,1.0,false
0.02,0.02,0.0,0.003,0.1,0.35,0.15,1.0,10.0,1.0,9.05925855743469,75.45395578981594,-0.7630787119567515,-1.035842282458037,-1.035842282458037,-2.9699597563444033,true,0.0,0.7630787119567515,-0.008423191667606323,0.008423191667606323,89.82950686239015,5.349647649253813,95.17915451164396,94.37939149942822,-47.40031209036317,100.0,0.08,0.6,0.27,1.0,false
0.02,0.02,0.0,0.003,0.1,0.35,0.15,1.0,10.0,1.0,9.316477700401618,71.86062808034681,-0.5548617598872028,-1.288202296716783,-1.288202296716783,-3.9056262040808165,true,0.0,0.5548617598872028,-0.005955703193099292,0.005955703193099292,92.60991524412898,7.4364678434777165,100.0463830876067,92.56697982078383,0.6276394539298291,100.0,0.08,0.6,0.27,1.0,false
0.02,0.02,0.0,0.003,0.1,0.35,0.15,1.0,10.0,1.0,9.573696843368547,66.5049232307243,-0.2604213737518961,-1.6831258167776317,-1.6831258167776317,-5.286238988267257,true,0.0,0.2604213737518961,-0.0027201756856577645,0.0027201756856577645,95.47654705993357,11.790927643438037,107.2674747033716,89.00791905836911,160.66210480493842,100.0,0.08,0.6,0.27,1.0,false
0.02,0.02,0.0,0.003,0.1,0.35,0.15,1.0,10.0,1.0,9.830915986335475,52.96066512145644,-0.02736384786845747,-2.8106706726756574,-2.8106706726756574,-8.36508890111095,true,0.0,0.02736384786845747,-0.0002783448450428421,0.0002783448450428421,98.2817960154863,30.46696647570473,128.74876249119103,76.33610926723333,1673.1868131086667,100.0,0.08,0.6,0.27,1.0,false
0.02,0.02,0.0,0.003,0.1,0.35,0.15,1.0,10.0,1.0,9.830915986335475,52.96066512145644,-0.02736384786845747,-2.8106706726756574,-2.8106706726756574,-8.36508890111095,true,0.0,0.02736384786845747,-0.0002783448450428421,0.0002783448450428421,98.2817960154863,30.46696647570473,128.74876249119103,76.33610926723333,1673.1868131086667,100.0,0.08,0.6,0.27,1.0,false
