gross_delta,delta,iota,kappa,lambda,sigmah,sigmal,mu_b,m,c,p,vb,debt_diff,eq_deriv,eq_deriv_min_val,eq_min_val,eq_negative,eq_vb,abs_debt_diff,debt_per_diff,abs_debt_per_diff,debt,equity,firm_value,leverage,ROE,V0,r,alpha,pi,xi,opt
0.02,0.02,0.0,0.005,0.75,0.35,0.15,1.0,5.0,5.0,17.44413257115185,65.75693099273029,-1.3130442797959745,-1.83861060442751,-1.83861060442751,-5.447840317947507,true,0.0,1.3130442797959745,-0.015054279992889013,0.015054279992889013,85.90761857596328,7.346420419193364,93.25403899515665,92.12214237758118,-47.86956016771645,100.0,0.08,0.6,0.27,1.0,false
0.02,0.02,0.0,0.005,0.75,0.35,0.15,1.0,5.0,5.0,18.436452855811897,67.52066792551145,-0.360678216593854,-1.7442565006092394,-1.7442565006092394,-4.789692710697349,true,0.0,0.360678216593854,-0.003912663888380828,0.003912663888380828,91.82158606246563,4.658428773896861,96.48001483636249,95.17161270984678,-43.03994870549089,100.0,0.08,0.6,0.27,1.0,false
0.02,0.02,0.0,0.005,0.75,0.35,0.15,1.0,5.0,5.0,18.93261299814192,68.40228061401284,0.1011738383370755,-1.7041611920439956,-1.7041611920439956,-4.46591981334714,true,0.0,0.1011738383370755,0.0010687783915194894,0.0010687783915194894,94.76423882904668,3.4532373603191,98.21747618936577,96.48409071959743,-34.0451703665021,100.0,0.08,0.6,0.27,1.0,false
0.02,0.02,0.0,0.005,0.75,0.35,0.15,1.0,5.0,5.0,19.61221530271582,69.16732105606468,7.073640591661115e-6,-1.590387542605754,-1.590387542605754,-3.6598091064000817,true,0.0,7.073640591661115e-6,0.00036218796039141975,0.00036218796039141975,98.0610835872197,2.59204879894869,100.6531323861684,97.42477085660487,33.68543284606231,100.0,0.08,0.6,0.27,1.0,false
0.02,0.02,0.0,0.005,0.75,0.35,0.15,1.0,5.0,5.0,20.91725356746201,68.28233764444245,-0.2877638889408871,-1.2895927610475315,-1.2895927610475315,-1.835662617710158,true,0.0,0.2877638889408871,-0.0027514500219906536,0.0027514500219906536,104.29850394836916,4.998289672956048,109.29679362132521,95.42686522875195,-216.2797506526052,100.0,0.08,0.6,0.27,1.0,false
0.02,0.02,0.0,0.005,0.75,0.35,0.15,1.0,5.0,5.0,21.41341370979203,66.84484086919795,0.5552190697078601,-1.1983356144187758,-1.1983356144187758,-1.44696666461054,true,0.0,0.5552190697078601,0.005185712817512761,0.005185712817512761,107.62228761866801,7.797245800768678,115.41953341943669,93.24443136290168,-202.29535004258003,100.0,0.08,0.6,0.27,1.0,false
