gross_delta,delta,iota,kappa,lambda,sigmah,sigmal,mu_b,m,c,p,vb,debt_diff,eq_deriv,eq_deriv_min_val,eq_min_val,eq_negative,eq_vb,abs_debt_diff,debt_per_diff,abs_debt_per_diff,debt,equity,firm_value,leverage,ROE,V0,r,alpha,pi,xi,opt
0.02,0.02,0.0,0.005,0.75,0.35,0.15,1.0,5.0,2.0,13.26244861328238,66.95254145121693,1.0322424031143385,-1.1086997530790326,-1.1086997530790326,-2.776606871245576,true,0.0,1.0322424031143385,0.015566392499806481,0.015566392499806481,67.34448546952623,8.273471699633374,75.61795716915961,89.0588532018587,-74.66439644699929,100.0,0.08,0.6,0.27,1.0,false
0.02,0.02,0.0,0.005,0.75,0.35,0.15,1.0,5.0,2.0,13.74241239913465,86.39050732913708,0.6385006346463484,-0.5500359659649946,-0.5500359659649946,-1.4046213012721016,true,0.0,0.6385006346463484,0.009292409747309787,0.009292409747309787,69.3505626303196,-0.3496098693456054,69.000952760974,100.50667397384596,-101.14067304116796,100.0,0.08,0.6,0.27,1.0,false
0.02,0.02,0.0,0.005,0.75,0.35,0.15,1.0,5.0,2.0,13.98967301566047,87.59343234628258,2.8961297491303384e-6,-0.5371226552444208,-0.5371226552444208,-1.394913656973407,true,0.0,2.8961297491303384e-6,0.00011004902392096165,0.00011004902392096165,69.9483679744321,-0.9512691331114711,68.99709884132064,101.37870888644056,-103.1654491586418,100.0,0.08,0.6,0.27,1.0,false
0.02,0.02,0.0,0.005,0.75,0.35,0.15,1.0,5.0,2.0,14.22237618498692,85.90741664444602,-0.4067808803603725,-0.6088455565249091,-0.6088455565249091,-1.605075115428881,true,0.0,0.4067808803603725,-0.005720294204983393,0.005720294204983393,70.70510004457424,-0.44186578843175794,70.26323425614248,100.6288719742404,-101.50833690882743,100.0,0.08,0.6,0.27,1.0,false
0.02,0.02,0.0,0.005,0.75,0.35,0.15,1.0,5.0,2.0,14.702339970839189,79.98094104902897,-0.09569314182347455,-0.8191152790021256,-0.8191152790021256,-2.2227020102627884,true,0.0,0.09569314182347455,-0.0013017402945826797,0.0013017402945826797,73.41600671237246,1.1106085042434037,74.52661521661587,98.50978271183341,-95.82226608234853,100.0,0.08,0.6,0.27,1.0,false
0.02,0.02,0.0,0.005,0.75,0.35,0.15,1.0,5.0,2.0,15.662267542543727,76.58841873511803,-2.1228856423924043,-1.045536203894418,-1.045536203894418,-2.927214822464075,true,0.0,2.1228856423924043,-0.027108279648856308,0.027108279648856308,76.18845207032624,2.3339731393093164,78.52242520963556,97.0276349296673,-90.19814610036025,100.0,0.08,0.6,0.27,1.0,false
