gross_delta,delta,iota,kappa,lambda,sigmah,sigmal,V0,r,alpha,pi,xi,mu_b,m,c,p,vb,sg_debt,debt,debt_diff,abs_debt_diff,debt_per_diff,abs_debt_per_diff,eq_vb,eq_min_val,sg_equity,equity,eq_negative,firm_value,leverage,ROE,cvml_vb,cvmh_vb,eq_deriv
0.02,0.0175,0.0025,0.0025,NaN,NaN,0.3,100.0,0.08,0.6,0.27,1.0,1.0,1.0,2.3314831483148315,28.25816652205994,31.810989973937023,28.258145240175963,28.25815617726741,-1.034479253192444e-5,1.034479253192444e-5,-3.660815192609437e-7,3.660815192609437e-7,1.7053025658242404e-13,NaN,63.44009657306269,63.44000153596705,false,91.69815771323445,30.816492808545288,-11.571827324759898,NaN,NaN,NaN
