gross_delta,delta,iota,kappa,lambda,sigmah,sigmal,V0,r,alpha,pi,xi,mu_b,m,c,p,vb,sg_debt,debt,debt_diff,abs_debt_diff,debt_per_diff,abs_debt_per_diff,eq_vb,eq_min_val,sg_equity,equity,eq_negative,firm_value,leverage,ROE,cvml_vb,cvmh_vb,eq_deriv
0.02,0.02,0.0,0.015000000000000001,NaN,NaN,0.25,100.0,0.08,0.6,0.27,1.0,1.0,7.0,0.7375987598759876,7.271122138214285,40.582514248156464,50.89879695087105,51.01470612766353,0.11685116016353447,0.11685116016353447,0.0022957973423074094,0.0022957973423074094,-2.4868995751603507e-14,NaN,53.36691459902472,53.3512983709721,false,104.36600449863563,48.88057789769123,8.912888243590288,NaN,NaN,NaN
