gross_delta,delta,iota,kappa,lambda,sigmah,sigmal,mu_b,m,c,p,vb,debt_diff,eq_deriv,eq_deriv_min_val,eq_min_val,eq_negative,eq_vb,abs_debt_diff,debt_per_diff,abs_debt_per_diff,debt,equity,firm_value,leverage,ROE,V0,r,alpha,pi,xi,opt
0.02,0.02,0.0,0.001,0.75,0.275,0.15,1.0,1.0,9.0,62.66876292892447,53.1728724147698,1.9101754230115446,-7.077671781985373e-16,-0.006004973914223347,0.0033046808871479774,false,0.0,1.9101754230115446,0.030480503104520548,0.030480503104520548,64.57893835193602,43.740247139906714,108.31918549184273,59.61911369505203,23.486550387733594,100.0,0.08,0.6,0.27,1.0,false
0.02,0.02,0.0,0.001,0.75,0.275,0.15,1.0,1.0,9.0,64.48201793863596,70.45402732774042,1.5822721181606312,9.992007221626409e-16,-0.006144269655705248,-0.025285652208938268,true,0.0,1.5822721181606312,0.02453819171208931,0.02453819171208931,66.0642900567966,39.1568779868439,105.22116804364049,62.786121162802935,15.385468735968445,100.0,0.08,0.6,0.27,1.0,false
0.02,0.02,0.0,0.001,0.75,0.275,0.15,1.0,1.0,9.0,69.91387709686941,76.779657248153,4.179411149274337e-6,-1.2796433894284977e-15,0.0017854174091803028,0.00902002155231734,false,0.0,4.179411149274337e-6,1.3240070043801788e-8,1.3240070043801788e-8,69.91388127628058,28.175421555855806,98.08930283213638,71.2757449157597,-6.350759914927984,100.0,0.08,0.6,0.27,1.0,true
0.02,0.02,0.0,0.001,0.75,0.275,0.15,1.0,1.0,9.0,69.92178296777045,76.78006401728778,-0.003037323670241676,-1.2844085739644254e-15,0.0017924513510040425,0.009043822809368062,false,0.0,0.003037323670241676,-4.343887614596e-5,4.343887614596e-5,69.91874564410021,28.15987170772957,98.07861735182979,71.28846993558865,-6.387308938110747,100.0,0.08,0.6,0.27,1.0,false
0.02,0.02,0.0,0.001,0.75,0.275,0.15,1.0,1.0,9.0,73.54829298719346,80.99781937449073,-1.6010996633819303,-1.447518320485397e-15,-0.00045413232287863387,0.005175214528541585,false,0.0,1.6010996633819303,-0.021769365383649632,0.021769365383649632,71.94719332381153,20.84053742897383,92.78773075278536,77.5395547882302,-25.709617331575217,100.0,0.08,0.6,0.27,1.0,false
0.02,0.02,0.0,0.001,0.75,0.275,0.15,1.0,1.0,9.0,75.36154799690496,83.10732058761063,-2.5040343514755676,1.0443035325380379e-15,-0.006748721907210663,0.0253090978788855,false,0.0,2.5040343514755676,-0.033226949525750275,0.033226949525750275,72.85751364542939,17.348299523931825,90.20581316936122,80.76809141849823,-36.084339152627074,100.0,0.08,0.6,0.27,1.0,false
