gross_delta,delta,iota,kappa,lambda,sigmah,sigmal,mu_b,m,c,p,vb,debt_diff,eq_deriv,eq_deriv_min_val,eq_min_val,eq_negative,eq_vb,abs_debt_diff,debt_per_diff,abs_debt_per_diff,debt,equity,firm_value,leverage,ROE,V0,r,alpha,pi,xi,opt
0.02,0.02,0.0,0.001,0.75,0.275,0.15,1.0,1.0,5.0,54.76838999689443,61.19193087557834,0.27395186322405607,9.898765834792655e-16,0.013521306169199238,0.03560854245170282,false,-1.843757277191814e-7,0.27395186322405607,0.005002006873665451,0.005002006873665451,55.04234186011848,48.4917216055516,103.53406346567007,53.163509687195344,7.860870899178463,100.0,0.08,0.6,0.27,1.0,false
0.02,0.02,0.0,0.001,0.75,0.275,0.15,1.0,1.0,5.0,56.004549139124435,62.632320087805226,0.22535039105426335,-6.65754344014724e-16,0.013904381483369076,0.03751157770280929,false,-4.9583890232286623e-8,0.22535039105426335,0.004023787255111298,0.004023787255111298,56.2298995301787,46.581814107936566,102.81171363811526,54.69211390455091,6.423822673319868,100.0,0.08,0.6,0.27,1.0,false
0.02,0.02,0.0,0.001,0.75,0.275,0.15,1.0,1.0,5.0,57.24070828135445,64.072287359868,0.17860433291647837,8.254031139132145e-16,0.014252870287507819,0.038922450526821264,false,-2.957159636053694e-7,0.17860433291647837,0.003120232755307412,0.003120232755307412,57.41931261427093,44.63820207551797,102.05751468978889,56.26171947141867,4.832037282889123,100.0,0.08,0.6,0.27,1.0,false
0.02,0.02,0.0,0.001,0.75,0.275,0.15,1.0,1.0,5.0,58.476867423584466,65.5139422841968,0.13164504755499706,-1.1728899101948187e-15,0.021189829096453616,0.05034540706460595,false,-5.195558640398734e-7,0.13164504755499706,0.0022512328952474453,0.0022512328952474453,58.60851247113946,42.65655860782898,101.26507107896845,57.876335686799074,3.056355677206235,100.0,0.08,0.6,0.27,1.0,false
0.02,0.02,0.0,0.001,0.75,0.275,0.15,1.0,1.0,5.0,59.713026565814474,66.95536835402253,0.07372037290195976,1.4051260155412137e-16,0.028843059811207536,0.03522763044658952,false,-6.265885637982257e-6,0.07372037290195976,0.0012345777318908241,0.0012345777318908241,59.78674693871643,40.63228142887714,100.41902836759357,59.53726889276528,1.0420155936029074,100.0,0.08,0.6,0.27,1.0,true
