gross_delta,delta,iota,kappa,lambda,sigmah,sigmal,mu_b,m,c,p,vb,debt_diff,eq_deriv,eq_deriv_min_val,eq_min_val,eq_negative,eq_vb,abs_debt_diff,debt_per_diff,abs_debt_per_diff,debt,equity,firm_value,leverage,ROE,V0,r,alpha,pi,xi,opt
0.02,0.02,0.0,0.003,0.5,0.35,0.15,1.0,3.0,11.0,31.42201456987804,91.21193104058273,1.402402807038797,-1.7853353054933956,-1.7853353054933956,-4.0260754102143785,true,0.0,1.402402807038797,0.014877072929448397,0.014877072929448397,95.66844651667292,-3.0044809502594716,92.66396556641344,103.24234013933511,-169.36266542302317,100.0,0.08,0.6,0.27,1.0,false
0.02,0.02,0.0,0.003,0.5,0.35,0.15,1.0,3.0,11.0,31.894297942366205,91.14869470133792,-6.131998555276852e-5,-1.8646554925017558,-1.8646554925017558,-4.321402157024904,true,0.0,6.131998555276852e-5,-0.00023960263590692998,0.00023960263590692998,95.6828325071131,-3.351522168375023,92.33131033873808,103.62988693226514,-177.6324331612591,100.0,0.08,0.6,0.27,1.0,false
0.02,0.02,0.0,0.003,0.5,0.35,0.15,1.0,3.0,11.0,32.39795821687432,91.21193104058273,-1.510144020819439,-1.9699401554771578,-1.9699401554771578,-4.727685755914575,true,0.0,1.510144020819439,-0.015537440257916084,0.015537440257916084,95.68373062980353,-3.908217408093535,91.77551322171,104.25845334000161,-190.5461886850598,100.0,0.08,0.6,0.27,1.0,false
0.02,0.02,0.0,0.003,0.5,0.35,0.15,1.0,3.0,11.0,33.3739018638706,90.706411547442,-1.8673001014515904,-2.122115210696302,-2.122115210696302,-5.336240523419523,true,0.0,1.8673001014515904,-0.01865030255345583,0.01865030255345583,98.25440549016021,-4.450742510594748,93.80366297956546,104.74474276293915,-354.97001081902084,100.0,0.08,0.6,0.27,1.0,false
0.02,0.02,0.0,0.003,0.5,0.35,0.15,1.0,3.0,11.0,34.34984551086688,88.8545934796233,2.838125722578013,-2.08785744127644,-2.08785744127644,-5.243539587171569,true,0.0,2.838125722578013,0.027541372994726154,0.027541372994726154,105.88766225517864,-3.459724623706351,102.42793763147229,103.37771579093409,-41.23771925498505,100.0,0.08,0.6,0.27,1.0,false
0.02,0.02,0.0,0.003,0.5,0.35,0.15,1.0,3.0,11.0,35.325789157863156,89.46221328549368,4.472673627738374,-1.9886392362980918,-1.9886392362980918,-4.946830652859597,true,0.0,4.472673627738374,0.04220404539538128,0.04220404539538128,110.45004110132784,-3.6563510966509027,106.79369000467693,103.42375199929022,-65.01113190658833,100.0,0.08,0.6,0.27,1.0,false
