gross_delta,delta,iota,kappa,lambda,sigmah,sigmal,mu_b,m,c,p,vb,debt_diff,eq_deriv,eq_deriv_min_val,eq_min_val,eq_negative,eq_vb,abs_debt_diff,debt_per_diff,abs_debt_per_diff,debt,equity,firm_value,leverage,ROE,V0,r,alpha,pi,xi,opt
0.02,0.02,0.0,0.003,0.5,0.35,0.15,1.0,3.0,10.0,31.96387796674404,91.21193104058273,-2.0896873134271488,-1.7640103116092907,-1.7640103116092907,-4.1221612457581225,true,0.0,2.0896873134271488,-0.021792175484269125,0.021792175484269125,93.80194658680497,-3.2710234943758336,90.53092309242913,103.613156016355,-152.77501299701865,100.0,0.08,0.6,0.27,1.0,false
0.02,0.02,0.0,0.003,0.5,0.35,0.15,1.0,3.0,10.0,32.910851611476936,89.59462396049574,-1.3984721700624902,-2.041261066177868,-2.041261066177868,-5.101084645632959,true,0.0,1.3984721700624902,-0.014164245748604937,0.014164245748604937,97.33408266436831,-3.5765349783376568,93.75754768603065,103.81466353014537,-234.15775990256637,100.0,0.08,0.6,0.27,1.0,false
0.02,0.02,0.0,0.003,0.5,0.35,0.15,1.0,3.0,10.0,33.37946620571895,88.19167429368265,-6.202059146059868e-6,-2.095741815158487,-2.095741815158487,-5.299833233741982,true,0.0,6.202059146059868e-6,-9.933600743267774e-5,9.933600743267774e-5,100.1383924150977,-2.911255207445071,97.22713720765263,102.99428255429075,2003.6233852772004,100.0,0.08,0.6,0.27,1.0,false
0.02,0.02,0.0,0.003,0.5,0.35,0.15,1.0,3.0,10.0,33.85782525620983,87.16319608593764,1.2395105592657814,-2.101524309833569,-2.101524309833569,-5.334055665500373,true,0.0,1.2395105592657814,0.012203092883118593,0.012203092883118593,102.81298632789527,-2.3291911627076414,100.48379516518763,102.31797690252307,-17.198631944635746,100.0,0.08,0.6,0.27,1.0,false
0.02,0.02,0.0,0.003,0.5,0.35,0.15,1.0,3.0,10.0,34.80479890094272,87.42742277843776,1.8632335139124478,-2.011673210137488,-2.011673210137488,-5.068767049168223,true,0.0,1.8632335139124478,0.01784460354844899,0.01784460354844899,106.2776302167406,-2.4829898613229457,103.79464035541766,102.3922139455569,-60.44701940707598,100.0,0.08,0.6,0.27,1.0,false
0.02,0.02,0.0,0.003,0.5,0.35,0.15,1.0,3.0,10.0,35.75177254567562,88.5717247115245,2.2714515421383936,-1.9479862155442083,-1.9479862155442083,-4.916026718952746,true,0.0,2.2714515421383936,0.021177985317477995,0.021177985317477995,109.52676917916526,-3.2577820338656043,106.26898714529965,103.06559996606659,-65.80391554998235,100.0,0.08,0.6,0.27,1.0,false
