gross_delta,delta,iota,kappa,lambda,sigmah,sigmal,mu_b,m,c,p,vb,debt_diff,eq_deriv,eq_deriv_min_val,eq_min_val,eq_negative,eq_vb,abs_debt_diff,debt_per_diff,abs_debt_per_diff,debt,equity,firm_value,leverage,ROE,V0,r,alpha,pi,xi,opt
0.02,0.02,0.0,0.005,0.3,0.2,0.15,1.0,3.0,7.0,26.613611361136112,87.20473941274425,9.2204765323211,0.3687668060434841,0.3687668060434841,0.033828926832601254,false,0.0,9.2204765323211,0.11548572404302075,0.11548572404302075,89.06131061572944,14.7735761057497,103.83488672147914,85.77204967211308,35.05800911573162,100.0,0.08,0.6,0.27,1.0,false
0.02,0.02,0.0,0.005,0.3,0.2,0.15,1.0,3.0,7.0,29.282615103615623,85.27713048411778,7.866444352256067,-1.137553837399471e-6,-1.137553837399471e-6,0.0013800046821562072,false,0.0,7.866444352256067,0.08954624128139853,0.08954624128139853,95.71428966310293,16.58685437476512,112.30114403786806,85.23002190505555,287.02695868088705,100.0,0.08,0.6,0.27,1.0,false
0.02,0.02,0.0,0.005,0.3,0.2,0.15,1.0,3.0,7.0,29.9498660392355,87.31903150373908,4.6131964969523835,1.5250845320452593e-6,1.5250845320452593e-6,0.0013314505320402242,false,0.0,4.6131964969523835,0.05134354069017555,0.05134354069017555,94.46279461465888,13.089502871057807,107.55229748571668,87.82963899697621,136.3918612394295,100.0,0.08,0.6,0.27,1.0,false
0.02,0.02,0.0,0.005,0.3,0.2,0.15,1.0,3.0,7.0,30.650519890721668,89.64536767095048,0.00021881856996719407,0.008223599370263063,0.008223599370263063,0.005725262272699608,false,0.0,0.00021881856996719407,0.00030963348943683803,0.00030963348943683803,91.95177849073497,9.460284373057704,101.41206286379267,90.67144074786853,17.545029820154888,100.0,0.08,0.6,0.27,1.0,false
0.02,0.02,0.0,0.005,0.3,0.2,0.15,1.0,3.0,7.0,31.284367910475254,91.40458033435891,-4.189011644790497,1.2604937599820093e-6,1.2604937599820093e-6,0.0012340295908555927,false,0.0,4.189011644790497,-0.04463370392925907,0.04463370392925907,89.66409208663526,6.805972117539022,96.47006420417429,92.94499057952889,-34.15215988197193,100.0,0.08,0.6,0.27,1.0,false
0.02,0.02,0.0,0.005,0.3,0.2,0.15,1.0,3.0,7.0,33.28612071733489,89.2960569000363,-4.414381440518113,-0.3824843544562225,-0.3824843544562225,-0.22347737033482223,true,0.0,4.414381440518113,-0.044206427437679476,0.044206427437679476,95.44398071148656,8.096885032431059,103.54086574391762,92.18001030389617,77.71840985934347,100.0,0.08,0.6,0.27,1.0,false
