gross_delta,delta,iota,kappa,lambda,sigmah,sigmal,mu_b,m,c,p,vb,debt_diff,eq_deriv,eq_deriv_min_val,eq_min_val,eq_negative,eq_vb,abs_debt_diff,debt_per_diff,abs_debt_per_diff,debt,equity,firm_value,leverage,ROE,V0,r,alpha,pi,xi,opt
0.02,0.02,0.0,0.005,0.3,0.2,0.15,1.0,3.0,6.0,27.885678041488358,85.13016164961903,6.293726403804712,0.13999459929878064,0.13999459929878064,0.013396625405851076,false,0.0,6.293726403804712,0.07523248307417754,0.07523248307417754,89.95076052826978,16.026911886948685,105.97767241521846,84.87708635064605,59.48382892092896,100.0,0.08,0.6,0.27,1.0,false
0.02,0.02,0.0,0.005,0.3,0.2,0.15,1.0,3.0,6.0,28.52888051963091,84.64449815837261,5.943603183824692,0.04476237246815571,0.04476237246815571,0.0052300259629569825,false,0.0,5.943603183824692,0.06944545405178518,0.06944545405178518,91.53024474271741,16.454135823218362,107.98438056593578,84.7624853363201,94.26931857411738,100.0,0.08,0.6,0.27,1.0,false
0.02,0.02,0.0,0.005,0.3,0.2,0.15,1.0,3.0,6.0,29.172082997773458,85.5641110512721,4.257877333978939,-1.0277028076148553e-6,-1.0277028076148553e-6,0.001263009774963725,false,0.0,4.257877333978939,0.04865242035572068,0.04865242035572068,91.77412632729931,14.790372028158348,106.56449835545766,86.12073227349748,79.80305334913358,100.0,0.08,0.6,0.27,1.0,false
0.02,0.02,0.0,0.005,0.3,0.2,0.15,1.0,3.0,6.0,30.762172608935334,87.19440071552255,-5.38748177758841e-5,-0.1601742200341889,-0.1601742200341889,-0.09099605042289917,true,0.0,5.38748177758841e-5,0.00019555686073317988,0.00019555686073317988,92.28646395198825,11.415748106685529,103.70221205867378,88.99179884395659,47.996302028407186,100.0,0.08,0.6,0.27,1.0,false
0.02,0.02,0.0,0.005,0.3,0.2,0.15,1.0,3.0,6.0,33.03129786662876,87.02862211446474,-3.7168827931162127,-0.45127819857292606,-0.45127819857292606,-0.3168699077627319,true,0.0,3.7168827931162127,-0.0375086966319434,0.0375086966319434,95.37701080677007,10.347692314651322,105.7247031214214,90.21260688453545,123.83120275956645,100.0,0.08,0.6,0.27,1.0,false
0.02,0.02,0.0,0.005,0.3,0.2,0.15,1.0,3.0,6.0,37.53371521362662,83.85995299045531,4.7897644959662244,-0.35002699091864564,-0.35002699091864564,-0.15373189890041117,true,0.0,4.7897644959662244,0.04253744017172148,0.04253744017172148,117.39091013684609,16.997550428152945,134.38846056499904,87.35192712477586,-197.73813040491922,100.0,0.08,0.6,0.27,1.0,false
