gross_delta,delta,iota,kappa,lambda,sigmah,sigmal,mu_b,m,c,p,vb,debt_diff,eq_deriv,eq_deriv_min_val,eq_min_val,eq_negative,eq_vb,abs_debt_diff,debt_per_diff,abs_debt_per_diff,debt,equity,firm_value,leverage,ROE,V0,r,alpha,pi,xi,opt
0.02,0.02,0.0,0.005,0.3,0.2,0.15,1.0,3.0,4.0,24.511419563008932,83.04522851338524,3.785057974371796,0.363997010518706,0.363997010518706,0.02946029917860803,false,0.0,3.785057974371796,0.05147339541938734,0.05147339541938734,77.3193166633986,16.698268687356787,94.01758535075538,82.2392070323229,-26.376694919021137,100.0,0.08,0.6,0.27,1.0,false
0.02,0.02,0.0,0.005,0.3,0.2,0.15,1.0,3.0,4.0,29.848444054931807,82.29327236114204,-1.3268858630596583,-0.29967849243502326,-0.29967849243502326,-0.16452608036903468,true,0.0,1.3268858630596583,-0.014818034965995926,0.014818034965995926,88.21844630173577,15.8164131700652,104.03485947180097,84.79700626273994,34.24726122833375,100.0,0.08,0.6,0.27,1.0,false
0.02,0.02,0.0,0.005,0.3,0.2,0.15,1.0,3.0,4.0,30.92872198512122,76.2538768356423,-4.646446847988983e-5,-0.5038704453785364,-0.5038704453785364,-0.34523822476859345,true,0.0,4.646446847988983e-5,-0.000461251197655389,0.000461251197655389,92.7861194908952,25.45392997260623,118.24004946350144,78.47266633589882,252.8465704481834,100.0,0.08,0.6,0.27,1.0,false
0.02,0.02,0.0,0.005,0.3,0.2,0.15,1.0,3.0,4.0,32.220454940230866,69.37500477326559,0.8753504748245433,-0.6008362351920405,-0.6008362351920405,-0.3873661270871112,true,0.0,0.8753504748245433,0.009055846422697668,0.009055846422697668,97.53671529551714,38.85033513886428,136.38705043438142,71.51464525764786,1477.175998704563,100.0,0.08,0.6,0.27,1.0,false
0.02,0.02,0.0,0.005,0.3,0.2,0.15,1.0,3.0,4.0,33.4064603828804,65.75672353838199,0.5050230473614192,-0.5585318040478974,-0.5585318040478974,-0.2796358242370222,true,0.0,0.5050230473614192,0.0050391754725804,0.0050391754725804,100.72440419600261,48.15582930622019,148.8802335022228,67.65465221714526,-6747.646379183414,100.0,0.08,0.6,0.27,1.0,false
0.02,0.02,0.0,0.005,0.3,0.2,0.15,1.0,3.0,4.0,33.999463104205155,66.93505563701156,0.0894384883261381,-0.6002179778889004,-0.6002179778889004,-0.3304341868594884,true,0.0,0.0894384883261381,0.00087686177133658,0.00087686177133658,102.08782780094161,45.788242792071564,147.87607059301317,69.03607013058206,-2293.104372468891,100.0,0.08,0.6,0.27,1.0,false
