gross_delta,delta,iota,kappa,lambda,sigmah,sigmal,mu_b,m,c,p,vb,debt_diff,eq_deriv,eq_deriv_min_val,eq_min_val,eq_negative,eq_vb,abs_debt_diff,debt_per_diff,abs_debt_per_diff,debt,equity,firm_value,leverage,ROE,V0,r,alpha,pi,xi,opt
0.02,0.02,0.0,0.001,0.3,0.25,0.15,1.0,7.0,3.0,12.761169538006433,94.96065649160579,-8.099748192143736,-0.98193209235068,-0.98193209235068,-2.597671007435435,true,0.0,8.099748192143736,-0.0906740468532892,0.0906740468532892,81.2284385739013,-2.5187834613861537,78.70965511251515,103.20009464885287,-113.41808176854275,100.0,0.08,0.6,0.27,1.0,false
0.02,0.02,0.0,0.001,0.3,0.25,0.15,1.0,7.0,3.0,13.073174422705428,94.26430516297968,-7.226133493633242,-1.0480149523809226,-1.0480149523809226,-2.847547139703535,true,0.0,7.226133493633242,-0.07896358997642124,0.07896358997642124,84.28608746530476,-2.820982631100727,81.46510483420403,103.46281102423171,-117.95213397600497,100.0,0.08,0.6,0.27,1.0,false
0.02,0.02,0.0,0.001,0.3,0.25,0.15,1.0,7.0,3.0,14.945203730899406,89.55522047499575,-6.499026283820982,-1.5561051466227056,-1.5561051466227056,-4.898645304394122,true,0.0,6.499026283820982,-0.062122426898777845,0.062122426898777845,98.11739983247486,-4.479247255445809,93.63815257702905,104.78357072643128,-337.9287611205417,100.0,0.08,0.6,0.27,1.0,false
0.02,0.02,0.0,0.001,0.3,0.25,0.15,1.0,7.0,3.0,15.569213500297398,88.20470037999003,-6.2169684088405575,-1.6688235448504307,-1.6688235448504307,-5.38989638929963,true,0.0,6.2169684088405575,-0.057044522133575644,0.057044522133575644,102.76752609324123,-4.598801217577902,98.16872487566333,104.68458892931794,66.17011231832495,100.0,0.08,0.6,0.27,1.0,false
0.02,0.02,0.0,0.001,0.3,0.25,0.15,1.0,7.0,3.0,15.582311596338023,88.1871296089669,-6.216712791405775,-1.67041226454519,-1.67041226454519,-5.397182074477109,true,0.0,6.216712791405775,-0.056987757850965194,0.056987757850965194,102.85946838296039,-4.601026509086861,98.25844187387352,104.6825762971011,60.904961793053715,100.0,0.08,0.6,0.27,1.0,false
0.02,0.02,0.0,0.001,0.3,0.25,0.15,1.0,7.0,3.0,16.19322326969539,88.32868104412623,-7.069550122946822,-1.6982703678753577,-1.6982703678753577,-5.551236017134942,true,0.0,7.069550122946822,-0.06236780133449885,0.06236780133449885,106.28301276492091,-4.864575955757571,101.41843680916334,104.79654006589662,-22.57574291560739,100.0,0.08,0.6,0.27,1.0,false
