gross_delta,delta,iota,kappa,lambda,sigmah,sigmal,mu_b,m,c,p,vb,debt_diff,eq_deriv,eq_deriv_min_val,eq_min_val,eq_negative,eq_vb,abs_debt_diff,debt_per_diff,abs_debt_per_diff,debt,equity,firm_value,leverage,ROE,V0,r,alpha,pi,xi,opt
0.02,0.02,0.0,0.004,0.75,0.3,0.15,1.0,1.0,10.5,66.77796463856912,55.6765030534547,2.3784138932645362,8.396061623727746e-16,-0.05531076431444027,0.007864006504075996,false,0.0,2.3784138932645362,0.03561674732282615,0.03561674732282615,69.15637853183365,35.35321224638885,104.5095907782225,66.1722795169956,14.620821302961605,100.0,0.08,0.6,0.27,1.0,false
0.02,0.02,0.0,0.004,0.75,0.3,0.15,1.0,1.0,10.5,70.62912576344169,76.75384683562274,3.0279416143808024e-5,3.92022743311546e-15,-0.0015494126308016295,-0.042648022975842734,true,0.0,3.0279416143808024e-5,7.643540144563078e-6,7.643540144563078e-6,70.62915604285786,24.878203142738077,95.50735918559593,73.95153278775808,-15.296260539737006,100.0,0.08,0.6,0.27,1.0,true
0.02,0.02,0.0,0.004,0.75,0.3,0.15,1.0,1.0,10.5,72.46832577994641,80.4678063676895,-1.0282056319926483,1.0824674490095276e-15,0.0008025331731324192,-0.009747580011832076,true,0.0,1.0282056319926483,-0.014188345334689318,0.014188345334689318,71.44012014795376,20.943676573052123,92.3837967210059,77.3297078963956,-26.667490614280133,100.0,0.08,0.6,0.27,1.0,false
0.02,0.02,0.0,0.004,0.75,0.3,0.15,1.0,1.0,10.5,74.36511282707217,82.69657971176788,-2.02798322937619,-1.095342349807793e-15,-0.0008396298381160308,0.010406126288816143,false,0.0,2.02798322937619,-0.02727062667264474,0.02727062667264474,72.33712959769598,17.29112020082209,89.62824979851807,80.70795732406683,-37.49339837350385,100.0,0.08,0.6,0.27,1.0,false
0.02,0.02,0.0,0.004,0.75,0.3,0.15,1.0,1.0,10.5,76.26189987419794,84.92375823066142,-2.986908904973987,-7.355227538141662e-16,-0.0011047954971120238,-0.0023560507676870443,false,0.0,2.986908904973987,-0.03916646333098453,0.03916646333098453,73.27499096922395,13.870300298407335,87.14529126763128,84.08370653577788,-48.09992287585557,100.0,0.08,0.6,0.27,1.0,false
0.02,0.02,0.0,0.004,0.75,0.3,0.15,1.0,1.0,10.5,78.1586869213237,87.1529873477661,-3.971942011579401,2.0816681711721685e-17,-0.00771884349669125,0.014899487180833202,false,0.0,3.971942011579401,-0.05081894499555305,0.05081894499555305,74.1867449097443,10.73930665538395,84.92605156512826,87.35452024736111,-58.39615492957354,100.0,0.08,0.6,0.27,1.0,false
