gross_delta,delta,iota,kappa,lambda,sigmah,sigmal,mu_b,m,c,p,vb,debt_diff,eq_deriv,eq_deriv_min_val,eq_min_val,eq_negative,eq_vb,abs_debt_diff,debt_per_diff,abs_debt_per_diff,debt,equity,firm_value,leverage,ROE,V0,r,alpha,pi,xi,opt
0.02,0.02,0.0,0.004,0.75,0.3,0.15,1.0,1.0,6.0,56.951608318726606,64.26347427237951,0.5954001585906781,-4.527628272299467e-16,0.029756721317380653,0.051786034845278876,false,-2.0631138574793083e-7,0.5954001585906781,0.01045449243959105,0.01045449243959105,57.547008477317284,43.568997139535746,101.11600561685303,56.91186882457896,2.628803240536648,100.0,0.08,0.6,0.27,1.0,false
0.02,0.02,0.0,0.004,0.75,0.3,0.15,1.0,1.0,6.0,58.53636942641632,66.12927869591772,0.5288033671590568,-7.181755190543981e-16,0.029429756446748445,0.04779610660395135,false,-3.780843903856128e-8,0.5288033671590568,0.009033757514186013,0.009033757514186013,59.06517279357538,40.96503257776454,100.03020537133992,59.0473373260697,0.07378893084755145,100.0,0.08,0.6,0.27,1.0,false
0.02,0.02,0.0,0.004,0.75,0.3,0.15,1.0,1.0,6.0,60.12113053410604,67.99161183738944,0.41522552737051655,5.273559366969494e-16,0.007628188963572986,-0.018924840525302144,true,0.0,0.41522552737051655,0.00690648235789518,0.00690648235789518,60.53635606147655,38.29166529279776,98.82802135427431,61.25424270558702,-2.969767940212009,100.0,0.08,0.6,0.27,1.0,false
0.02,0.02,0.0,0.004,0.75,0.3,0.15,1.0,1.0,6.0,61.70589164179575,69.8513322793785,0.2083648383994543,-1.3322676295501878e-15,-0.006109416857198069,-0.014280258590232445,true,0.0,0.2083648383994543,0.0033767413913896164,0.0033767413913896164,61.914256480195206,35.55097607384542,97.46523255404063,63.52445365157898,-6.655423294129159,100.0,0.08,0.6,0.27,1.0,false
0.02,0.02,0.0,0.004,0.75,0.3,0.15,1.0,1.0,6.0,62.897754846688,71.2540693337845,3.918867204355525e-8,-1.5773946192716646e-15,-0.00516657881962221,0.01801522164355181,false,-1.3088731253028294e-9,3.918867204355525e-8,-2.2015937477393036e-6,2.2015937477393036e-6,62.897754885876665,33.45214933266621,96.34990421854287,65.28055777119472,-9.837937758833037,100.0,0.08,0.6,0.27,1.0,true
0.02,0.02,0.0,0.004,0.75,0.3,0.15,1.0,1.0,6.0,63.29065274948547,71.71824521462253,-0.07603696083238276,-7.754213937616328e-16,-0.002372647521107215,0.02780568581474942,false,0.0,0.07603696083238276,-0.0012013932157304368,0.0012013932157304368,63.214615788653084,32.7543237613644,95.96893955001748,65.86987006947871,-10.958320910344298,100.0,0.08,0.6,0.27,1.0,false
