gross_delta,delta,iota,kappa,lambda,sigmah,sigmal,mu_b,m,c,p,vb,debt_diff,eq_deriv,eq_deriv_min_val,eq_min_val,eq_negative,eq_vb,abs_debt_diff,debt_per_diff,abs_debt_per_diff,debt,equity,firm_value,leverage,ROE,V0,r,alpha,pi,xi,opt
0.02,0.02,0.0,0.001,0.1,0.35,0.15,1.0,10.0,1.0,8.419990683278852,82.94578369751584,-1.4353419842448005,-0.52922667739588,-0.52922667739588,-1.1088679338046503,true,0.0,1.4353419842448005,-0.017046835777327247,0.017046835777327247,82.76456484854373,3.008888019550224,85.77345286809395,96.49205212226046,-82.54243079382888,100.0,0.08,0.6,0.27,1.0,false
0.02,0.02,0.0,0.001,0.1,0.35,0.15,1.0,10.0,1.0,8.949462051468304,78.23273989855643,-1.0466334580339378,-0.8461521125414894,-0.8461521125414894,-2.2331782893948398,true,0.0,1.0466334580339378,-0.011694931516718602,0.011694931516718602,88.4479870566491,4.319974426075549,92.76796148272464,95.34324743475148,-62.60414139717497,100.0,0.08,0.6,0.27,1.0,false
0.02,0.02,0.0,0.001,0.1,0.35,0.15,1.0,10.0,1.0,9.21419773556303,75.52100886056517,-0.9418590745454765,-1.0374277743766618,-1.0374277743766618,-2.947730758181536,true,0.0,0.9418590745454765,-0.010221823989193178,0.010221823989193178,91.20011828108483,5.477513947552636,96.67763222863746,94.33424896609114,-37.75468668199452,100.0,0.08,0.6,0.27,1.0,false
0.02,0.02,0.0,0.001,0.1,0.35,0.15,1.0,10.0,1.0,9.478933419657753,71.95244645530909,-0.7124360772913292,-1.2917831759215466,-1.2917831759215466,-3.889932480757037,true,0.0,0.7124360772913292,-0.00751599410766884,0.00751599410766884,94.0768981192862,7.547828661230152,101.62472678051635,92.57284235801042,27.43033655738085,100.0,0.08,0.6,0.27,1.0,false
0.02,0.02,0.0,0.001,0.1,0.35,0.15,1.0,10.0,1.0,9.74366910375248,66.63559411401224,-0.39290039509593555,-1.6875017002420492,-1.6875017002420492,-5.271998525035255,true,0.0,0.39290039509593555,-0.004032365948722765,0.004032365948722765,97.04379064242886,11.900122518512529,108.94391316094139,89.0768358018014,302.5466764738822,100.0,0.08,0.6,0.27,1.0,false
0.02,0.02,0.0,0.001,0.1,0.35,0.15,1.0,10.0,1.0,9.74366910375248,66.63559411401224,-0.39290039509593555,-1.6875017002420492,-1.6875017002420492,-5.271998525035255,true,0.0,0.39290039509593555,-0.004032365948722765,0.004032365948722765,97.04379064242886,11.900122518512529,108.94391316094139,89.0768358018014,302.5466764738822,100.0,0.08,0.6,0.27,1.0,false
