gross_delta,delta,iota,kappa,lambda,sigmah,sigmal,V0,r,alpha,pi,xi,mu_b,m,c,p,vb,sg_debt,debt,debt_diff,abs_debt_diff,debt_per_diff,abs_debt_per_diff,eq_vb,eq_min_val,sg_equity,equity,eq_negative,firm_value,leverage,ROE,cvml_vb,cvmh_vb,eq_deriv
0.02,0.0185,0.0015,0.01,NaN,NaN,0.3,100.0,0.08,0.6,0.27,1.0,1.0,10.0,0.6236623662366236,5.70606845798226,43.15745395093198,57.061046033877034,57.07255654133387,0.01187196151126102,0.01187196151126102,0.00020805851872760563,0.00020805851872760563,6.039613253960852e-14,NaN,41.48165777171781,41.44841327022722,false,98.52096981156109,57.929349102526395,-3.4454187560995497,NaN,NaN,NaN
