gross_delta,delta,iota,kappa,lambda,sigmah,sigmal,mu_b,m,c,p,vb,debt_diff,eq_deriv,eq_deriv_min_val,eq_min_val,eq_negative,eq_vb,abs_debt_diff,debt_per_diff,abs_debt_per_diff,debt,equity,firm_value,leverage,ROE,V0,r,alpha,pi,xi,opt
0.02,0.02,0.0,0.0025,0.5,0.275,0.15,1.0,3.0,7.0,31.147773987925106,90.36627820533631,-3.5671820645784464,-0.8511731408160528,-0.8511731408160528,-1.2175700844818023,true,0.0,3.5671820645784464,-0.03817482073209381,0.03817482073209381,89.87613989919687,1.9386076207876335,91.81474751998451,97.88856619099707,-80.85110223289392,100.0,0.08,0.6,0.27,1.0,false
0.02,0.02,0.0,0.0025,0.5,0.275,0.15,1.0,3.0,7.0,31.952089945836686,88.41129663116214,-3.192364882099426,-1.1086491613172185,-1.1086491613172185,-1.855258184095678,true,0.0,3.192364882099426,-0.03330366273912949,0.03330366273912949,92.66390495541063,2.724013551092061,95.38791850650269,97.1442782338244,-62.86834433666291,100.0,0.08,0.6,0.27,1.0,false
0.02,0.02,0.0,0.0025,0.5,0.275,0.15,1.0,3.0,7.0,33.071475701479365,83.77527803041863,-4.4866378691110764e-5,-1.1065620342569444,-1.1065620342569444,-1.6948185153277373,true,0.0,4.4866378691110764e-5,-0.0006992958926650354,0.0006992958926650354,99.21438223805941,8.39695841227737,107.61134065033679,92.19695771697359,968.835102650392,100.0,0.08,0.6,0.27,1.0,false
0.02,0.02,0.0,0.0025,0.5,0.275,0.15,1.0,3.0,7.0,34.36503781957143,79.5439259340763,4.458339278426081,-0.9152999379244647,-0.9152999379244647,-1.019800299811006,true,0.0,4.458339278426081,0.04324491364192037,0.04324491364192037,107.55345273714036,14.636266211407992,122.18971894854835,88.02168763677162,-293.76921681711735,100.0,0.08,0.6,0.27,1.0,false
0.02,0.02,0.0,0.0025,0.5,0.275,0.15,1.0,3.0,7.0,37.58230165121775,85.41541571199811,7.713420149998342,-0.9015330476886732,-0.9015330476886732,-1.073234938368469,true,0.0,7.713420149998342,0.06841358663609515,0.06841358663609515,120.46032510365158,6.936022976511344,127.39634808016292,94.55555588442228,-133.8998668954359,100.0,0.08,0.6,0.27,1.0,false
0.02,0.02,0.0,0.0025,0.5,0.275,0.15,1.0,3.0,7.0,39.19093356704091,87.98859220698338,9.007100072366683,-0.8782240466999193,-0.8782240466999193,-1.0444297189186478,true,0.0,9.007100072366683,0.07660870557352192,0.07660870557352192,126.57990077348941,4.455359870712524,131.03526064420194,96.59987712558524,-116.76213883821669,100.0,0.08,0.6,0.27,1.0,false
