gross_delta,delta,iota,kappa,lambda,sigmah,sigmal,mu_b,m,c,p,vb,debt_diff,eq_deriv,eq_deriv_min_val,eq_min_val,eq_negative,eq_vb,abs_debt_diff,debt_per_diff,abs_debt_per_diff,debt,equity,firm_value,leverage,ROE,V0,r,alpha,pi,xi,opt
0.02,0.02,0.0,0.0025,0.5,0.275,0.15,1.0,3.0,1.0,11.604072249330196,43.095027538410044,0.1656788926167394,-1.148634076724147e-6,-1.148634076724147e-6,0.0014154942078249927,false,0.0,0.1656788926167394,0.00475921696731084,0.00475921696731084,34.97789564060733,41.08084426460378,76.05873990521111,45.98800306736457,-36.82018650528417,100.0,0.08,0.6,0.27,1.0,false
0.02,0.02,0.0,0.0025,0.5,0.275,0.15,1.0,3.0,1.0,11.798921997462903,44.306175196536465,0.11037161863249167,0.022219327122836054,0.022219327122836054,0.001654596217342589,false,0.0,0.11037161863249167,0.003118127194338168,0.003118127194338168,35.5071376110212,39.62180452471345,75.12894213573465,47.2615966651984,-38.564047156504536,100.0,0.08,0.6,0.27,1.0,false
0.02,0.02,0.0,0.0025,0.5,0.275,0.15,1.0,3.0,1.0,11.99377174559561,45.02231101704563,0.017018888449555902,0.022046828954341825,0.022046828954341825,0.0017010915205057891,false,0.0,0.017018888449555902,0.0004729923944568877,0.0004729923944568877,35.99833412523639,38.945868078652616,74.944202203889,48.03351435685623,-39.148665044343325,100.0,0.08,0.6,0.27,1.0,false
0.02,0.02,0.0,0.0025,0.5,0.275,0.15,1.0,3.0,1.0,12.054366726219728,45.07906982774438,7.894202494040242e-7,0.015680659498717022,0.015680659498717022,0.003945257636450821,false,0.0,7.894202494040242e-7,-3.337727462654035e-6,3.337727462654035e-6,36.16310096807943,38.98746604027159,75.15056700835103,48.12086243349414,-38.92644124086202,100.0,0.08,0.6,0.27,1.0,false
0.02,0.02,0.0,0.0025,0.5,0.275,0.15,1.0,3.0,1.0,12.18862149372832,44.59763547361601,-0.023084789749631796,-0.02879743386464816,-0.02879743386464816,-0.0020041250101119814,false,0.0,0.023084789749631796,-0.0006313207708109874,0.0006313207708109874,36.54277969143533,40.11956557785778,76.6623452692931,47.667182060594286,-36.776988681864886,100.0,0.08,0.6,0.27,1.0,false
0.02,0.02,0.0,0.0025,0.5,0.275,0.15,1.0,3.0,1.0,12.383471241861027,41.24046826646951,-0.08981299394017128,-0.24343579494860773,-0.24343579494860773,-0.10211895695543094,true,0.0,0.08981299394017128,-0.002417550302496979,0.002417550302496979,37.06060073164291,46.58215114827228,83.64275187991518,44.30820351875837,-25.988885038990915,100.0,0.08,0.6,0.27,1.0,false
