gross_delta,delta,iota,kappa,lambda,sigmah,sigmal,mu_b,m,c,p,vb,debt_diff,eq_deriv,eq_deriv_min_val,eq_min_val,eq_negative,eq_vb,abs_debt_diff,debt_per_diff,abs_debt_per_diff,debt,equity,firm_value,leverage,ROE,V0,r,alpha,pi,xi,opt
0.02,0.02,0.0,0.0025,0.5,0.275,0.15,1.0,3.0,6.0,25.6366649822877,94.90219281518193,-5.262114422920661,-0.05832990716413362,-0.05832990716413362,-0.009501200085851105,true,0.0,5.262114422920661,-0.06841912324342551,0.06841912324342551,71.64788052394245,1.4605470637880607,73.1084275877305,98.00221792209196,-94.84854363349645,100.0,0.08,0.6,0.27,1.0,false
0.02,0.02,0.0,0.0025,0.5,0.275,0.15,1.0,3.0,6.0,26.416306104294637,94.05847261292254,-5.11610725081114,-0.15031773181389926,-0.15031773181389926,-0.05923722911897612,true,0.0,5.11610725081114,-0.06455743951749797,0.06455743951749797,74.13281106207278,1.665949856009632,75.79876091808241,97.80214104316288,-93.55960224357055,100.0,0.08,0.6,0.27,1.0,false
0.02,0.02,0.0,0.0025,0.5,0.275,0.15,1.0,3.0,6.0,31.094152836336264,86.96930004256008,-2.597992975371511,-0.9893105495400941,-0.9893105495400941,-1.5962314729489462,true,0.0,2.597992975371511,-0.027850820153079575,0.027850820153079575,90.68446553363728,4.204941712445053,94.88940724608233,95.56858680596442,-54.860971985787884,100.0,0.08,0.6,0.27,1.0,false
0.02,0.02,0.0,0.0025,0.5,0.275,0.15,1.0,3.0,6.0,32.25186131190034,81.42366269240549,-0.00011197313511038254,-1.019983181232073,-1.019983181232073,-1.4577646565180231,true,0.0,0.00011197313511038254,-0.0005442388671355795,0.0005442388671355795,96.75547196256592,11.317190643635076,108.07266260620099,89.5281652448288,248.80853279927965,100.0,0.08,0.6,0.27,1.0,false
0.02,0.02,0.0,0.0025,0.5,0.275,0.15,1.0,3.0,6.0,33.43307620235708,76.02560019991733,2.7061430612867525,-0.9601741724905671,-0.9601741724905671,-1.1026841381176269,true,0.0,2.7061430612867525,0.026980696650103306,0.026980696650103306,103.00537166835798,18.863810654662434,121.86918232302041,84.52126263991585,-727.6698104686963,100.0,0.08,0.6,0.27,1.0,false
0.02,0.02,0.0,0.0025,0.5,0.275,0.15,1.0,3.0,6.0,35.771999568377886,77.64963203287161,3.237750745744151,-0.7572123296207965,-0.7572123296207965,-0.6601451004832259,true,0.0,3.237750745744151,0.030170252197347973,0.030170252197347973,110.55374945087782,17.599139994997394,128.15288944587522,86.26707515445423,-266.7572276271309,100.0,0.08,0.6,0.27,1.0,false
