gross_delta,delta,iota,kappa,lambda,sigmah,sigmal,mu_b,m,c,p,vb,debt_diff,eq_deriv,eq_deriv_min_val,eq_min_val,eq_negative,eq_vb,abs_debt_diff,debt_per_diff,abs_debt_per_diff,debt,equity,firm_value,leverage,ROE,V0,r,alpha,pi,xi,opt
0.02,0.02,0.0,0.0025,0.5,0.275,0.15,1.0,3.0,10.0,32.01007205983756,91.21193104058273,-0.3910665867805392,-1.1441439910076032,-1.1441439910076032,-1.7309995332383374,true,0.0,0.3910665867805392,-0.004072328505951758,0.004072328505951758,95.63914959273214,1.1631243623435537,96.80227395507569,98.79845347136852,-73.32803802659518,100.0,0.08,0.6,0.27,1.0,false
0.02,0.02,0.0,0.0025,0.5,0.275,0.15,1.0,3.0,10.0,32.88731636321527,90.68262491139996,-1.5028231804522676,-1.3261355425532089,-1.3261355425532089,-2.21885815683108,true,0.0,1.5028231804522676,-0.015232044312106369,0.015232044312106369,97.15912590919355,0.8193499458266189,97.97847585502016,99.16374495655657,-71.15852657890845,100.0,0.08,0.6,0.27,1.0,false
0.02,0.02,0.0,0.0025,0.5,0.275,0.15,1.0,3.0,10.0,33.20931210472747,89.63199314008277,-3.979533551987102e-5,-1.3713619148385912,-1.3713619148385912,-2.3228717930349263,true,0.0,3.979533551987102e-5,-0.00021783828018501179,0.00021783828018501179,99.6278965188469,1.692490182027554,101.32038670087445,98.3295660062725,354.8439527581762,100.0,0.08,0.6,0.27,1.0,false
0.02,0.02,0.0,0.0025,0.5,0.275,0.15,1.0,3.0,10.0,33.76456066659297,88.23395344562755,2.3089172298426064,-1.407349086516336,-1.407349086516336,-2.398167082534647,true,0.0,2.3089172298426064,0.022794286714226123,0.022794286714226123,103.60259922962152,2.895058295397426,106.49765752501895,97.28157561144731,-180.36026521055953,100.0,0.08,0.6,0.27,1.0,false
0.02,0.02,0.0,0.0025,0.5,0.275,0.15,1.0,3.0,10.0,34.64180496997068,88.8951659038831,2.014628804508135,-1.3518932251110116,-1.3518932251110116,-2.2704847628889273,true,0.0,2.014628804508135,0.019385333282090047,0.019385333282090047,105.94004371442017,2.112472873023235,108.0525165874434,98.04495726731763,-135.56325465913582,100.0,0.08,0.6,0.27,1.0,false
0.02,0.02,0.0,0.0025,0.5,0.275,0.15,1.0,3.0,10.0,35.51904927334839,89.49045762831405,3.5191326552057376,-1.2606629138825522,-1.2606629138825522,-2.0216147024422018,true,0.0,3.5191326552057376,0.03302577750249928,0.03302577750249928,110.0762804752509,1.7272438149071463,111.80352429015804,98.45510789943927,-117.14168059483416,100.0,0.08,0.6,0.27,1.0,false
