gross_delta,delta,iota,kappa,lambda,sigmah,sigmal,mu_b,m,c,p,vb,debt_diff,eq_deriv,eq_deriv_min_val,eq_min_val,eq_negative,eq_vb,abs_debt_diff,debt_per_diff,abs_debt_per_diff,debt,equity,firm_value,leverage,ROE,V0,r,alpha,pi,xi,opt
0.02,0.02,0.0,0.0025,0.5,0.275,0.15,1.0,3.0,9.0,25.58033303330333,99.00709667680901,-12.942622324676492,-0.0009986740399036572,-0.0009986740399036572,0.0023436808948565395,false,0.0,12.942622324676492,-0.1686532945424172,0.1686532945424172,63.79837677523349,0.07106546710577231,63.86944224233927,99.88873322732938,-99.80369535734754,100.0,0.08,0.6,0.27,1.0,false
0.02,0.02,0.0,0.0025,0.5,0.275,0.15,1.0,3.0,9.0,28.985510393144576,95.67551430177718,-9.16627497737015,-0.4361091020352707,-0.4361091020352707,-0.3489795366486775,true,0.0,9.16627497737015,-0.10541215079584598,0.10541215079584598,77.79025620206357,0.2938962570774332,78.08415245914101,99.62361599912195,-98.67672378505897,100.0,0.08,0.6,0.27,1.0,false
0.02,0.02,0.0,0.0025,0.5,0.275,0.15,1.0,3.0,9.0,29.836804733104888,95.00257549997544,-8.56465860271085,-0.5550841327823546,-0.5550841327823546,-0.5368127168109881,true,0.0,8.56465860271085,-0.09568337583199815,0.09568337583199815,80.94575559660382,0.2673625275161375,81.21311812411996,99.67078898866126,-98.59683479514683,100.0,0.08,0.6,0.27,1.0,false
0.02,0.02,0.0,0.0025,0.5,0.275,0.15,1.0,3.0,9.0,31.53939341302551,93.079888960375,-6.025701225244433,-0.8645152825111464,-0.8645152825111464,-1.1529243859830813,true,0.0,6.025701225244433,-0.06368439141419745,0.06368439141419745,88.5924790138321,0.34658776495660787,88.93906677878871,99.61030874562844,-96.96176088234367,100.0,0.08,0.6,0.27,1.0,false
0.02,0.02,0.0,0.0025,0.5,0.275,0.15,1.0,3.0,9.0,32.818058811243276,91.38852048536987,-4.9226695136545855,-1.176425682893203,-1.176425682893203,-1.922821599611109,true,0.0,4.9226695136545855,-0.04970184377016114,0.04970184377016114,93.53150692007524,0.35813406334587783,93.88964098342112,99.61855849101701,-94.46340810880108,100.0,0.08,0.6,0.27,1.0,false
0.02,0.02,0.0,0.0025,0.5,0.275,0.15,1.0,3.0,9.0,33.24198209294613,90.83609065896434,-5.091487800970171,-1.2974476852863486,-1.2974476852863486,-2.252931536167724,true,0.0,5.091487800970171,-0.05105479557681141,0.05105479557681141,94.63445847786822,0.3203232046476322,94.95478168251586,99.66265711007725,-94.02999299648761,100.0,0.08,0.6,0.27,1.0,false
