gross_delta,delta,iota,kappa,lambda,sigmah,sigmal,mu_b,m,c,p,vb,debt_diff,eq_deriv,eq_deriv_min_val,eq_min_val,eq_negative,eq_vb,abs_debt_diff,debt_per_diff,abs_debt_per_diff,debt,equity,firm_value,leverage,ROE,V0,r,alpha,pi,xi,opt
0.02,0.02,0.0,0.001,0.75,0.225,0.15,1.0,5.0,6.0,16.172442244224424,61.63277563026491,-6.898435313492854,-0.2262884356228561,-0.4141374423517433,-0.03932656478385226,true,0.0,6.898435313492854,-0.08531099025512308,0.08531099025512308,73.96377590762927,36.80034822102431,110.76412412865358,66.77593172832717,41.34287710255089,100.0,0.08,0.6,0.27,1.0,false
0.02,0.02,0.0,0.001,0.75,0.225,0.15,1.0,5.0,6.0,17.5722677530911,62.3422581728819,-0.4776950401780624,-2.7406964827822455e-7,-0.7959603235338613,0.0034977545834991557,false,0.0,0.4776950401780624,-0.005436919661027042,0.005436919661027042,87.38364372527744,36.53943982858265,123.9230835538601,70.51442008969887,189.61959406450072,100.0,0.08,0.6,0.27,1.0,false
0.02,0.02,0.0,0.001,0.75,0.225,0.15,1.0,5.0,6.0,17.614556904605475,62.27281113624599,-2.8565871624142147e-5,0.010442637980199121,-0.7953901389489983,0.02981995001535509,false,0.0,2.8565871624142147e-5,-0.00014439110510620218,0.00014439110510620218,88.07275595715578,36.5514142298432,124.62417018699898,70.6706859712705,206.45314289324287,100.0,0.08,0.6,0.27,1.0,false
0.02,0.02,0.0,0.001,0.75,0.225,0.15,1.0,5.0,6.0,18.03887625604666,63.33236515762704,3.619516712252903,6.714467969269784e-7,-0.8327078447364792,0.000386631170766054,false,0.0,3.619516712252903,0.040130179517580924,0.040130179517580924,93.8138979924862,34.428083901297825,128.24198189378404,73.15381172928785,456.5392206510756,100.0,0.08,0.6,0.27,1.0,false
0.02,0.02,0.0,0.001,0.75,0.225,0.15,1.0,5.0,6.0,19.90531026786889,91.21193104058273,-0.228243198159376,-1.7479866865072207,-1.7479866865072207,-4.731466266815216,true,0.0,0.228243198159376,-0.002293289530159253,0.002293289530159253,99.29830814118507,-4.415406405413141,94.88290173577194,104.6535322219688,-729.2514798262363,100.0,0.08,0.6,0.27,1.0,false
0.02,0.02,0.0,0.001,0.75,0.225,0.15,1.0,5.0,6.0,20.37191877082445,89.32399195101694,4.6164090768992025,-1.7600740213397306,-1.7600740213397306,-4.81424859000988,true,0.0,4.6164090768992025,0.04532129868405495,0.04532129868405495,106.47600293102145,-3.947586362701669,102.52841656831978,103.85023634893571,-39.042857071730516,100.0,0.08,0.6,0.27,1.0,false
