gross_delta,delta,iota,kappa,lambda,sigmah,sigmal,mu_b,m,c,p,vb,debt_diff,eq_deriv,eq_deriv_min_val,eq_min_val,eq_negative,eq_vb,abs_debt_diff,debt_per_diff,abs_debt_per_diff,debt,equity,firm_value,leverage,ROE,V0,r,alpha,pi,xi,opt
0.02,0.02,0.0,0.001,0.75,0.225,0.15,1.0,5.0,11.0,14.51052605260526,65.23043661522557,41.60720801263764,1.0554230265344098,-0.7523827038698551,0.11979306131949594,false,0.0,41.60720801263764,0.5734762180474824,0.5734762180474824,114.15983827566394,35.60547582028314,149.76531409594708,76.22581968647793,-351.45397233439536,100.0,0.08,0.6,0.27,1.0,false
0.02,0.02,0.0,0.001,0.75,0.225,0.15,1.0,5.0,11.0,15.05945857743669,72.29566713864982,72.98972992922806,6.016448868301216e-6,-0.9455763730176837,-1.760964541681612,true,0.0,72.98972992922806,0.9693539718431476,0.9693539718431476,148.2870228164115,16.609624334279637,164.89664715069114,89.92725163229008,-134.39769810913762,100.0,0.08,0.6,0.27,1.0,false
0.02,0.02,0.0,0.001,0.75,0.225,0.15,1.0,5.0,11.0,15.60839110226812,91.21193104058273,41.08547330928762,-2.808240632062525,-2.808240632062525,-8.272831936052476,true,0.0,41.08547330928762,0.5264536625215307,0.5264536625215307,119.12742882062823,-8.13748359570746,110.98994522492076,107.33173043667774,-57.45646907371322,100.0,0.08,0.6,0.27,1.0,false
0.02,0.02,0.0,0.001,0.75,0.225,0.15,1.0,5.0,11.0,15.754134145041292,92.57072736930036,38.905861264537116,-3.078664338135808,-2.9975296323991323,-8.951736885489389,true,0.0,38.905861264537116,0.49152187826114646,0.49152187826114646,117.6765319897436,-10.281855440088838,107.39467654965476,109.57389674276354,-41.833299393485945,100.0,0.08,0.6,0.27,1.0,false
0.02,0.02,0.0,0.001,0.75,0.225,0.15,1.0,5.0,11.0,16.15732362709955,89.26687496192633,48.69866080300278,-2.827260484401452,-2.827260484401452,-8.52005042649249,true,0.0,48.69866080300278,0.6028060330650792,0.6028060330650792,129.48527893850053,-7.961468909869406,121.52381002863112,106.5513654550443,-72.99849553238012,100.0,0.08,0.6,0.27,1.0,false
0.02,0.02,0.0,0.001,0.75,0.225,0.15,1.0,5.0,11.0,16.70625615193098,89.38836774944758,55.103937642174685,-2.668417039019678,-2.668417039019678,-8.092258183360503,true,0.0,55.103937642174685,0.6596802675721639,0.6596802675721639,138.63521840182958,-7.692567912562142,130.94265048926744,105.874761113983,-80.08923404404035,100.0,0.08,0.6,0.27,1.0,false
