gross_delta,delta,iota,kappa,lambda,sigmah,sigmal,mu_b,m,c,p,vb,debt_diff,eq_deriv,eq_deriv_min_val,eq_min_val,eq_negative,eq_vb,abs_debt_diff,debt_per_diff,abs_debt_per_diff,debt,equity,firm_value,leverage,ROE,V0,r,alpha,pi,xi,opt
0.02,0.02,0.0,0.005,0.2,0.275,0.15,1.0,1.0,11.0,71.85530131960563,78.50982820651382,1.2562408201841464,-6.938893903907228e-18,-0.0005002085818190567,0.006315047555332912,false,0.0,1.2562408201841464,0.017482924671020517,0.017482924671020517,73.11154213978978,30.53415152979839,103.64569366958817,70.53987440410393,13.558582230865301,100.0,0.08,0.6,0.27,1.0,false
0.02,0.02,0.0,0.005,0.2,0.275,0.15,1.0,1.0,11.0,72.53308331889514,79.58871115273908,0.00010840349124166841,0.04139246474303448,0.040956018111572026,0.03336663633577167,false,0.0,0.00010840349124166841,0.004684723855015608,0.004684723855015608,72.53319172238632,29.41387404463035,101.94706576701667,71.1478954069645,7.088795128058578,100.0,0.08,0.6,0.27,1.0,false
0.02,0.02,0.0,0.005,0.2,0.275,0.15,1.0,1.0,11.0,84.64627120606796,93.56307943843343,-9.821120843877381,-3.400058012914542e-16,-3.400058012914542e-16,0.01470854634013251,false,0.0,9.821120843877381,-0.11602543979720328,0.11602543979720328,74.82515036219058,4.762576230838688,79.58772659302927,94.01594135840561,-81.08200724390461,100.0,0.08,0.6,0.27,1.0,false
0.02,0.02,0.0,0.005,0.2,0.275,0.15,1.0,1.0,11.0,88.30083403077148,97.86691761419537,-21.739271465730084,4.2327252813834093e-16,4.2327252813834093e-16,0.005608806992985167,false,0.0,21.739271465730084,-0.24619553942326616,0.24619553942326616,66.5615625650414,0.64658635956512,67.20814892460652,99.03793458098295,-98.06633799553941,100.0,0.08,0.6,0.27,1.0,false
0.02,0.02,0.0,0.005,0.2,0.275,0.15,1.0,1.0,11.0,90.12811544312325,100.0,-30.12811544312364,-0.0028201606023020103,-0.0028201606023020103,0.0035086648189469717,false,0.0,30.12811544312364,-0.3342809876251818,0.3342809876251818,59.99999999999961,1.3447381288176018e-19,59.99999999999961,100.0,-100.0,100.0,0.08,0.6,0.27,1.0,false
0.02,0.02,0.0,0.005,0.2,0.275,0.15,1.0,1.0,11.0,91.955396855475,100.0,-31.955396855475392,-0.31908740528014556,-0.31908740528014556,-0.15302609370032969,true,0.0,31.955396855475392,-0.34750974872849755,0.34750974872849755,59.99999999999961,5.378952515270407e-19,59.99999999999961,100.0,-100.0,100.0,0.08,0.6,0.27,1.0,false
