gross_delta,delta,iota,kappa,lambda,sigmah,sigmal,mu_b,m,c,p,vb,debt_diff,eq_deriv,eq_deriv_min_val,eq_min_val,eq_negative,eq_vb,abs_debt_diff,debt_per_diff,abs_debt_per_diff,debt,equity,firm_value,leverage,ROE,V0,r,alpha,pi,xi,opt
0.02,0.02,0.0,0.004,0.2,0.25,0.15,1.0,7.0,2.0,13.095301635426699,88.03595484442036,-3.556417176759979,-0.5018375414797033,-0.5018375414797033,-0.754361239383286,true,0.0,3.556417176759979,-0.038797090042244166,0.038797090042244166,88.11069427122692,2.491553964558472,90.6022482357854,97.25000867740677,-79.04373879015736,100.0,0.08,0.6,0.27,1.0,false
0.02,0.02,0.0,0.004,0.2,0.25,0.15,1.0,7.0,2.0,14.008833778114653,83.66955374126518,-2.450643245132298,-0.82028532138649,-0.82028532138649,-1.6222824084222718,true,0.0,2.450643245132298,-0.02499079493031669,0.02499079493031669,95.61119320167028,4.437462253511115,100.04865545518139,95.56469576395361,1.1086260438693207,100.0,0.08,0.6,0.27,1.0,false
0.02,0.02,0.0,0.004,0.2,0.25,0.15,1.0,7.0,2.0,15.835898063490557,72.69922426008952,-1.1297395832195178,-1.456274825665274,-1.456274825665274,-3.3185302544542323,true,0.0,1.1297395832195178,-0.01019148824931156,0.01019148824931156,109.72154686121438,15.28286807691029,125.00441493812467,87.77413734988873,-257.2061349401469,100.0,0.08,0.6,0.27,1.0,false
0.02,0.02,0.0,0.004,0.2,0.25,0.15,1.0,7.0,2.0,15.979217464336594,71.89876751458345,-1.0891537475532695,-1.4846783376027066,-1.4846783376027066,-3.339742620850366,true,0.0,1.0891537475532695,-0.009749528126096146,0.009749528126096146,110.76536850280289,16.521190741238463,127.28655924404134,87.02047502944671,-253.46609581397033,100.0,0.08,0.6,0.27,1.0,false
0.02,0.02,0.0,0.004,0.2,0.25,0.15,1.0,7.0,2.0,16.140408777719877,71.29571042399405,-1.1910674456301535,-1.5077916108220089,-1.5077916108220089,-3.3515240497335967,true,0.0,1.1910674456301535,-0.010542018766448873,0.010542018766448873,111.79179399840899,17.506805640101682,129.29859963851067,86.46017382319167,-248.46600646571497,100.0,0.08,0.6,0.27,1.0,false
0.02,0.02,0.0,0.004,0.2,0.25,0.15,1.0,7.0,2.0,16.444919491949193,72.10730775922997,-2.361914347171748,-1.514101455877259,-1.514101455877259,-3.4147684659269593,true,0.0,2.361914347171748,-0.020517968207471975,0.020517968207471975,112.7525220964726,16.25849324827846,129.01101534475106,87.39759298472963,-227.49237464780103,100.0,0.08,0.6,0.27,1.0,false
