gross_delta,delta,iota,kappa,lambda,sigmah,sigmal,mu_b,m,c,p,vb,debt_diff,eq_deriv,eq_deriv_min_val,eq_min_val,eq_negative,eq_vb,abs_debt_diff,debt_per_diff,abs_debt_per_diff,debt,equity,firm_value,leverage,ROE,V0,r,alpha,pi,xi,opt
0.02,0.02,0.0,0.001,0.2,0.275,0.15,1.0,3.0,11.0,32.756424326643184,91.21193104058273,2.3251119269411475,-0.6312246449385607,-0.6312246449385607,-0.5010451401724286,true,0.0,2.3251119269411475,0.023660620013094293,0.023660620013094293,100.5943849068707,5.327922546052043,105.92230745292274,94.96997122308723,-996.3758137975478,100.0,0.08,0.6,0.27,1.0,false
0.02,0.02,0.0,0.001,0.2,0.275,0.15,1.0,3.0,11.0,33.68145235576189,91.21193104058273,0.7952494622732189,-0.762868022748959,-0.762868022748959,-0.7130063745482216,true,0.0,0.7952494622732189,0.007870300582383442,0.007870300582383442,101.83960652955889,4.632102515271535,106.47170904483043,95.64945227532587,-351.7985471807516,100.0,0.08,0.6,0.27,1.0,false
0.02,0.02,0.0,0.001,0.2,0.275,0.15,1.0,3.0,11.0,34.56072804103694,91.258649211819,-2.923273525912151e-6,-0.8436688035263848,-0.8436688035263848,-0.8592631040216809,true,0.0,2.923273525912151e-6,3.57698328593177e-5,3.57698328593177e-5,103.68218119983727,4.081143738376511,107.76332493821378,96.21286393982699,-210.83495126630024,100.0,0.08,0.6,0.27,1.0,false
0.02,0.02,0.0,0.001,0.2,0.275,0.15,1.0,3.0,11.0,34.60648038488059,91.21193104058273,0.14854656816079626,-0.8459836801225337,-0.8459836801225337,-0.8625499516617646,true,0.0,0.14854656816079626,0.0014308164878245903,0.0014308164878245903,103.96798772280256,4.134947543216094,108.10293526601866,96.17499050045139,-204.20766978320208,100.0,0.08,0.6,0.27,1.0,false
0.02,0.02,0.0,0.001,0.2,0.275,0.15,1.0,3.0,11.0,35.53150841399929,89.48499552880958,6.474286162198425,-0.8490892801769301,-0.8490892801769301,-0.8296733156678245,true,0.0,6.474286162198425,0.06073751111982605,0.06073751111982605,113.0688114041963,6.624218357144961,119.69302976134125,94.46566072364185,-150.68722894736987,100.0,0.08,0.6,0.27,1.0,false
0.02,0.02,0.0,0.001,0.2,0.275,0.15,1.0,3.0,11.0,36.45653644311799,89.6232720179137,8.403379052081789,-0.7862799329191291,-0.7862799329191291,-0.7059168930044613,true,0.0,8.403379052081789,0.07683468107466655,0.07683468107466655,117.77298838143577,6.744258239405728,124.51724662084149,94.58367541651303,-137.94667556554663,100.0,0.08,0.6,0.27,1.0,false
