gross_delta,delta,iota,kappa,lambda,sigmah,sigmal,mu_b,m,c,p,vb,debt_diff,eq_deriv,eq_deriv_min_val,eq_min_val,eq_negative,eq_vb,abs_debt_diff,debt_per_diff,abs_debt_per_diff,debt,equity,firm_value,leverage,ROE,V0,r,alpha,pi,xi,opt
0.02,0.02,0.0,0.001,0.2,0.275,0.15,1.0,3.0,10.0,29.62591522310126,94.12589730057668,-3.065854992847747,-3.8539674710411e-7,-3.8539674710411e-7,0.003836942176202203,false,0.0,3.065854992847747,-0.034495193029030875,0.034495193029030875,85.81189067645603,3.8051036861221137,89.61699436257814,95.75403782152392,-73.1810377313074,100.0,0.08,0.6,0.27,1.0,false
0.02,0.02,0.0,0.001,0.2,0.275,0.15,1.0,3.0,10.0,31.41387033440186,94.58031199543484,-8.179011475278656,-0.21565753970737087,-0.21565753970737087,-0.07219711767669361,true,0.0,8.179011475278656,-0.08678768739427058,0.08678768739427058,86.06259952792692,2.465167234492862,88.52776676241979,97.21537397288176,-82.31257515034876,100.0,0.08,0.6,0.27,1.0,false
0.02,0.02,0.0,0.001,0.2,0.275,0.15,1.0,3.0,10.0,33.20182544570247,93.63321588154214,-7.818182273484993,-0.5504569278050939,-0.5504569278050939,-0.4286979953860063,true,0.0,7.818182273484993,-0.0784914902371927,0.0784914902371927,91.78729406362241,2.129264984547139,93.91655904816955,97.73281197040552,-74.07352703186763,100.0,0.08,0.6,0.27,1.0,false
0.02,0.02,0.0,0.001,0.2,0.275,0.15,1.0,3.0,10.0,34.76530054797919,90.71528582298109,-1.5539137435627293e-5,-0.7390623016904624,-0.7390623016904624,-0.657930378181134,true,0.0,1.5539137435627293e-5,-0.002101072377145281,0.002101072377145281,104.29588610480012,5.25378293754518,109.5496690423453,95.20420008250834,-222.29800347068633,100.0,0.08,0.6,0.27,1.0,false
0.02,0.02,0.0,0.001,0.2,0.275,0.15,1.0,3.0,10.0,36.77773566830367,87.95119028494598,10.653753142472041,-0.7737807521564487,-0.7737807521564487,-0.6872612478560663,true,0.0,10.653753142472041,0.09655980671347508,0.09655980671347508,120.98696014738304,8.943828222354343,129.9307883697374,93.11646736345249,-142.61612048407872,100.0,0.08,0.6,0.27,1.0,false
0.02,0.02,0.0,0.001,0.2,0.275,0.15,1.0,3.0,10.0,37.67171322395397,88.65314503774222,11.573040758633383,-0.7121703405002586,-0.7121703405002586,-0.5817196694911304,true,0.0,11.573040758633383,0.1024025700648211,0.1024025700648211,124.5881804304953,8.263047565523797,132.8512279960191,93.78022492515356,-133.60577082505714,100.0,0.08,0.6,0.27,1.0,false
