gross_delta,delta,iota,kappa,lambda,sigmah,sigmal,mu_b,m,c,p,vb,debt_diff,eq_deriv,eq_deriv_min_val,eq_min_val,eq_negative,eq_vb,abs_debt_diff,debt_per_diff,abs_debt_per_diff,debt,equity,firm_value,leverage,ROE,V0,r,alpha,pi,xi,opt
0.02,0.02,0.0,0.001,0.2,0.275,0.15,1.0,3.0,5.0,24.14207999747343,85.80076857833673,5.860663414286378,0.2680852512612844,0.2680852512612844,0.036529194371409515,false,0.0,5.860663414286378,0.08091906213686809,0.08091906213686809,78.28690340670667,12.447066850432487,90.73397025713916,86.28180072451627,-42.67484236091366,100.0,0.08,0.6,0.27,1.0,false
0.02,0.02,0.0,0.001,0.2,0.275,0.15,1.0,3.0,5.0,24.907672346181986,85.1092416815736,5.5323392719515,0.15447268515946963,0.15447268515946963,0.022259285103971547,false,0.0,5.5323392719515,0.07403795364817291,0.07403795364817291,80.25535631049746,12.824267766853234,93.0796240773507,86.22226089332284,-35.049383678311706,100.0,0.08,0.6,0.27,1.0,false
0.02,0.02,0.0,0.001,0.2,0.275,0.15,1.0,3.0,5.0,28.961287035112573,85.62397768805731,4.969855995207162e-5,-0.25653593682144327,-0.25653593682144327,0.02064321762961696,false,0.0,4.969855995207162e-5,-0.00030319808165941986,0.00030319808165941986,86.88391080389766,10.971354404419603,97.85526520831726,88.78818183051933,-16.351938139610066,100.0,0.08,0.6,0.27,1.0,false
0.02,0.02,0.0,0.001,0.2,0.275,0.15,1.0,3.0,5.0,30.26681878714187,87.0502607886338,-2.617079878947777,-0.4574521913763234,-0.4574521913763234,-0.39976432030287296,true,0.0,2.617079878947777,-0.02882232076599541,0.02882232076599541,88.18337648247783,7.4779098332192575,95.66128631569708,92.18292987558102,-36.7170340822765,100.0,0.08,0.6,0.27,1.0,false
0.02,0.02,0.0,0.001,0.2,0.275,0.15,1.0,3.0,5.0,34.094780530684645,81.99433491224963,-2.3974466684479694,-1.1981767279587032,-1.1981767279587032,-2.0056334512830274,true,0.0,2.3974466684479694,-0.023439038968543525,0.023439038968543525,99.88689492360596,10.710279252746421,110.59717417635238,90.31595578050812,9369.317907035387,100.0,0.08,0.6,0.27,1.0,false
0.02,0.02,0.0,0.001,0.2,0.275,0.15,1.0,3.0,5.0,34.860372879393196,75.10180799734165,2.1168178790664456,-1.2242601027369726,-1.2242601027369726,-1.6719511476809923,true,0.0,2.1168178790664456,0.020240918309451468,0.020240918309451468,106.69793651724603,22.808565818702814,129.50650233594885,82.38809217506639,-440.53123316374644,100.0,0.08,0.6,0.27,1.0,false
