gross_delta,delta,iota,kappa,lambda,sigmah,sigmal,mu_b,m,c,p,vb,debt_diff,eq_deriv,eq_deriv_min_val,eq_min_val,eq_negative,eq_vb,abs_debt_diff,debt_per_diff,abs_debt_per_diff,debt,equity,firm_value,leverage,ROE,V0,r,alpha,pi,xi,opt
0.02,0.02,0.0,0.0025,0.1,0.3,0.15,1.0,7.0,1.0,9.95354272269332,74.55775074791872,0.4067448829548965,0.08717177042149875,0.08717177042149875,0.010800089713949365,false,0.0,0.4067448829548965,0.005837761837121702,0.005837761837121702,70.08154394180814,15.726108745227384,85.80765268703551,81.67283656787014,-47.43676373326265,100.0,0.08,0.6,0.27,1.0,false
0.02,0.02,0.0,0.0025,0.1,0.3,0.15,1.0,7.0,1.0,10.180096355734824,71.39456614913972,1.725686856238716e-7,-0.2131494467595915,-0.2131494467595915,-0.4888655670121042,true,0.0,1.725686856238716e-7,2.958260365338829e-5,2.958260365338829e-5,71.26067466271242,19.920253718633507,91.18092838134592,78.15304793199621,-30.686425360207913,100.0,0.08,0.6,0.27,1.0,false
0.02,0.02,0.0,0.0025,0.1,0.3,0.15,1.0,7.0,1.0,10.53849332301651,70.5569215921047,-0.21743427029558404,-0.21666229407361134,-0.21666229407361134,-0.15660900402599712,true,0.0,0.21743427029558404,-0.0029474838253978936,0.0029474838253978936,73.55201899081999,18.03328940892254,91.58530839974253,80.30984475128629,-31.816007419760172,100.0,0.08,0.6,0.27,1.0,false
0.02,0.02,0.0,0.0025,0.1,0.3,0.15,1.0,7.0,1.0,10.830968623178105,65.37328722190465,-0.1400958850037881,-0.5402415220437506,-0.5402415220437506,-0.7332717157149576,true,0.0,0.1400958850037881,-0.0018478216080189739,0.0018478216080189739,75.67668447724294,22.46496854798805,98.141653025231,77.10964931249671,-7.640187757422812,100.0,0.08,0.6,0.27,1.0,false
0.02,0.02,0.0,0.0025,0.1,0.3,0.15,1.0,7.0,1.0,11.123443923339702,51.92190295735746,-0.014991064442213542,-1.5668319733787668,-1.5668319733787668,-3.1168300347251368,true,0.0,0.014991064442213542,-0.00019252855944267185,0.00019252855944267185,77.84911639893569,39.85494367076947,117.70406006970516,66.13970355213992,79.92484809434201,100.0,0.08,0.6,0.27,1.0,false
0.02,0.02,0.0,0.0025,0.1,0.3,0.15,1.0,7.0,1.0,11.708394523662891,49.82163343945496,-1.2219999229303369,-1.9353106889429963,-1.9353106889429963,-4.072723638654964,true,0.0,1.2219999229303369,-0.014909936388688004,0.014909936388688004,80.7367617427099,44.03245290564617,124.76921464835607,64.70888028770138,128.58281830668972,100.0,0.08,0.6,0.27,1.0,false
