gross_delta,delta,iota,kappa,lambda,sigmah,sigmal,mu_b,m,c,p,vb,debt_diff,eq_deriv,eq_deriv_min_val,eq_min_val,eq_negative,eq_vb,abs_debt_diff,debt_per_diff,abs_debt_per_diff,debt,equity,firm_value,leverage,ROE,V0,r,alpha,pi,xi,opt
0.02,0.02,0.0,0.0025,0.2,0.275,0.15,1.0,10.0,2.0,10.369981735015607,87.49519610249796,-2.024479170960589,-2.0615862304290387,-2.0615862304290387,-9.011038758616616,true,0.0,2.024479170960589,-0.019522495050542557,0.019522495050542557,101.67533817919548,-8.934496258966385,92.74084192022909,109.63383130234183,433.2950905026746,100.0,0.08,0.6,0.27,1.0,false
0.02,0.02,0.0,0.0025,0.2,0.275,0.15,1.0,10.0,2.0,10.523327885044027,86.84923245837862,-1.8767455564336373,-2.113078426713356,-2.113078426713356,-9.252544426010722,true,0.0,1.8767455564336373,-0.01788831200397026,0.01788831200397026,103.35653329400668,-9.081537118661188,94.27499617534549,109.63302836074382,170.56299828388094,100.0,0.08,0.6,0.27,1.0,false
0.02,0.02,0.0,0.0025,0.2,0.275,0.15,1.0,10.0,2.0,10.770463888494113,86.20869466202005,-2.0947453907120774,-2.16844464936131,-2.16844464936131,-9.504964738321124,true,0.0,2.0947453907120774,-0.019448980214769162,0.019448980214769162,105.60989349422906,-9.217928684196941,96.3919648100321,109.56296378267993,64.31557379261304,100.0,0.08,0.6,0.27,1.0,false
0.02,0.02,0.0,0.0025,0.2,0.275,0.15,1.0,10.0,2.0,10.970704965233365,85.87701874910945,-2.3195856226522693,-2.200543146874624,-2.200543146874624,-9.648322526213589,true,0.0,2.3195856226522693,-0.021143450945068122,0.021143450945068122,107.38746402968138,-9.284745298148744,98.10271873153263,109.46430987662772,25.68244340472532,100.0,0.08,0.6,0.27,1.0,false
0.02,0.02,0.0,0.0025,0.2,0.275,0.15,1.0,10.0,2.0,11.170946041972618,85.57552268849274,-2.3104824579509398,-2.229916509984,-2.229916509984,-9.778110740764012,true,0.0,2.3104824579509398,-0.020682961400670625,0.020682961400670625,109.39897796177524,-9.340549286828836,100.05842867494641,109.33509491456526,-0.6216492387154493,100.0,0.08,0.6,0.27,1.0,false
0.02,0.02,0.0,0.0025,0.2,0.275,0.15,1.0,10.0,2.0,11.371187118711871,85.30522803714909,-2.114917885195595,-2.251964744622202,-2.251964744622202,-9.854019417418506,true,0.0,2.114917885195595,-0.01859891903208056,0.01859891903208056,111.59695330192312,-9.339774166501282,102.25717913542184,109.13361217810672,-19.46355285441679,100.0,0.08,0.6,0.27,1.0,false
