gross_delta,delta,iota,kappa,lambda,sigmah,sigmal,mu_b,m,c,p,vb,debt_diff,eq_deriv,eq_deriv_min_val,eq_min_val,eq_negative,eq_vb,abs_debt_diff,debt_per_diff,abs_debt_per_diff,debt,equity,firm_value,leverage,ROE,V0,r,alpha,pi,xi,opt
0.02,0.02,0.0,0.004,0.2,0.275,0.15,1.0,5.0,1.0,11.076886636032024,62.82932357128468,0.3144449592101637,0.03227857888881686,0.03227857888881686,0.003262312102309995,false,0.0,0.3144449592101637,0.005677497108028625,0.005677497108028625,55.69887813937028,24.493806480224777,80.19268461959506,69.45630814529468,-44.7106406079699,100.0,0.08,0.6,0.27,1.0,false
0.02,0.02,0.0,0.004,0.2,0.275,0.15,1.0,5.0,1.0,11.31515783157263,63.13892833860624,0.05249116960656863,-3.3422888594258904e-7,-3.3422888594258904e-7,0.0005388606446821761,false,0.0,0.05249116960656863,0.0009278026941896077,0.0009278026941896077,56.628280327469724,24.302029502584908,80.93030983005463,69.97165888328281,-43.968028738374564,100.0,0.08,0.6,0.27,1.0,false
0.02,0.02,0.0,0.004,0.2,0.275,0.15,1.0,5.0,1.0,11.553429027113237,53.076204439557806,-0.05640331644481478,-0.5043746628798671,-0.5043746628798671,-0.49611330641539914,true,0.0,0.05640331644481478,-0.0009763909279651813,0.0009763909279651813,57.710741819121374,36.85071123693095,94.56145305605233,61.02988052109638,-12.860350779117603,100.0,0.08,0.6,0.27,1.0,false
0.02,0.02,0.0,0.004,0.2,0.275,0.15,1.0,5.0,1.0,11.649486637459582,48.902152004602236,2.3493366488851067e-6,-0.8105828804671619,-0.8105828804671619,-0.9590312068028588,true,0.0,2.3493366488851067e-6,-1.589355863519799e-5,1.589355863519799e-5,58.24743553663456,43.898854540118876,102.14629007675344,57.02354485206171,5.140498803700155,100.0,0.08,0.6,0.27,1.0,false
0.02,0.02,0.0,0.004,0.2,0.275,0.15,1.0,5.0,1.0,11.791700222653844,44.120935700755396,0.10371273551167093,-1.2497189979127428,-1.2497189979127428,-1.7118998712819873,true,0.0,0.10371273551167093,0.00175908026074851,0.00175908026074851,59.06221384878089,53.62329166088734,112.68550550966823,52.41331933654364,30.987277775133105,100.0,0.08,0.6,0.27,1.0,false
0.02,0.02,0.0,0.004,0.2,0.275,0.15,1.0,5.0,1.0,12.029971418194451,42.40225634640569,-0.11485576569961609,-1.4656104527230747,-1.4656104527230747,-2.0843824097909702,true,0.0,0.11485576569961609,-0.0019094935757853115,0.0019094935757853115,60.03500132527264,58.271230255808014,118.30623158108065,50.74542610557916,45.80566042319665,100.0,0.08,0.6,0.27,1.0,false
