gross_delta,delta,iota,kappa,lambda,sigmah,sigmal,mu_b,m,c,p,vb,debt_diff,eq_deriv,eq_deriv_min_val,eq_min_val,eq_negative,eq_vb,abs_debt_diff,debt_per_diff,abs_debt_per_diff,debt,equity,firm_value,leverage,ROE,V0,r,alpha,pi,xi,opt
0.02,0.02,0.0,0.005,0.5,0.3,0.15,1.0,5.0,3.0,15.843218532379552,91.21193104058273,-0.5483953500316687,-0.6134612544441516,-0.6134612544441516,-1.229641589284414,true,0.0,0.5483953500316687,-0.006922777072232976,0.006922777072232976,78.66769731186609,-0.5680265931696414,78.09967071869644,100.72730984387321,-102.66275329707189,100.0,0.08,0.6,0.27,1.0,false
0.02,0.02,0.0,0.005,0.5,0.3,0.15,1.0,5.0,3.0,17.238346203041356,86.46857679075985,-0.4302414216174384,-0.9380427015506027,-0.9380427015506027,-2.231650161315056,true,0.0,0.4302414216174384,-0.004991678627982666,0.004991678627982666,85.76148959358935,0.09360385276805808,85.8550934463574,99.89097460731723,-99.3426008051663,100.0,0.08,0.6,0.27,1.0,false
0.02,0.02,0.0,0.005,0.5,0.3,0.15,1.0,5.0,3.0,18.16843131681589,82.29849821387045,-0.45669865650766894,-1.24277444633115,-1.24277444633115,-3.21951862482591,true,0.0,0.45669865650766894,-0.005027386773727339,0.005027386773727339,90.38545792757178,1.5953940191213174,91.9808519466931,98.26551506606405,-83.40644819999848,100.0,0.08,0.6,0.27,1.0,false
0.02,0.02,0.0,0.005,0.5,0.3,0.15,1.0,5.0,3.0,18.63347387370316,60.29820743606595,-0.02680900960787369,-1.4735204461797122,-1.4735204461797122,-2.341008938095152,true,0.0,0.02680900960787369,-0.0002877510633774887,0.0002877510633774887,93.14056035890793,26.761318662855704,119.90187902176363,77.68065114475962,290.1385545043608,100.0,0.08,0.6,0.27,1.0,false
0.02,0.02,0.0,0.005,0.5,0.3,0.15,1.0,5.0,3.0,18.670114943171,59.061893017650796,-2.474211251542874e-6,-1.4912764692399263,-1.4912764692399263,-2.3111757023723785,true,0.0,2.474211251542874e-6,7.0043820200509175e-6,7.0043820200509175e-6,93.35057224164373,28.134596486704872,121.48516872834861,76.84112654968091,323.11304835740805,100.0,0.08,0.6,0.27,1.0,false
0.02,0.02,0.0,0.005,0.5,0.3,0.15,1.0,5.0,3.0,19.098516430590426,65.49538041626141,-0.05940809978839923,-1.6553810198713514,-1.6553810198713514,-3.534238212535858,true,0.0,0.05940809978839923,-0.0006221226659600035,0.0006221226659600035,95.43317405316373,18.574945413752555,114.00811946691628,83.70734865147674,306.7364429910139,100.0,0.08,0.6,0.27,1.0,false
