gross_delta,delta,iota,kappa,lambda,sigmah,sigmal,V0,r,alpha,pi,xi,mu_b,m,c,p,vb,sg_debt,debt,debt_diff,abs_debt_diff,debt_per_diff,abs_debt_per_diff,eq_vb,eq_min_val,sg_equity,equity,eq_negative,firm_value,leverage,ROE,cvml_vb,cvmh_vb,eq_deriv
0.02,0.0198,0.0002,0.01,NaN,NaN,0.25,100.0,0.08,0.6,0.27,1.0,1.0,7.0,0.8576607660766077,8.472294586342151,46.57068359264694,59.304448359391756,59.40904348110458,0.10298137670952201,0.10298137670952201,0.001736439295670084,0.001736439295670084,2.3092638912203256e-14,NaN,46.341032820834286,46.319191281310864,false,105.72823476241544,56.19032949391819,14.11209602747081,NaN,NaN,NaN
