gross_delta,delta,iota,kappa,lambda,sigmah,sigmal,mu_b,m,c,p,vb,debt_diff,eq_deriv,eq_deriv_min_val,eq_min_val,eq_negative,eq_vb,abs_debt_diff,debt_per_diff,abs_debt_per_diff,debt,equity,firm_value,leverage,ROE,V0,r,alpha,pi,xi,opt
0.02,0.02,0.0,0.003,0.5,0.35,0.15,1.0,5.0,5.0,15.104401229596643,51.549699578745084,0.1408960704523139,-0.8875605530552403,-0.8875605530552403,-0.5139847104593458,true,0.0,0.1408960704523139,0.0018656293395627238,0.0018656293395627238,75.66290221843553,39.27408719158505,114.93698941002059,65.82989741319864,61.37539300735961,100.0,0.08,0.6,0.27,1.0,false
0.02,0.02,0.0,0.003,0.5,0.35,0.15,1.0,5.0,5.0,17.161970144382856,56.3628723360248,8.44014209536742,-1.0065506876318397,-1.0065506876318397,-0.7551197886792141,true,0.0,8.44014209536742,0.0983586619060737,0.0983586619060737,94.2499928172817,25.933667680569037,120.18366049785072,78.42163604175394,351.0197440885446,100.0,0.08,0.6,0.27,1.0,false
0.02,0.02,0.0,0.003,0.5,0.35,0.15,1.0,5.0,5.0,17.737642532085623,80.02975703594065,3.6447262519168078e-6,-1.3412316986466584,-1.3412316986466584,-3.5041438641019527,true,0.0,3.6447262519168078e-6,0.0024722188383474,0.0024722188383474,88.68821630515438,6.881236788562852,95.56945309371724,92.79975288566841,-39.167535605384764,100.0,0.08,0.6,0.27,1.0,false
0.02,0.02,0.0,0.003,0.5,0.35,0.15,1.0,5.0,5.0,18.190754601775964,94.1098615082606,-4.827964844446555,-1.6121996571165829,-1.6121996571165829,-5.502771200109026,true,0.0,4.827964844446555,-0.053081523555655034,0.053081523555655034,86.12580816443327,-5.046601330698413,81.07920683373486,106.224285520019,-136.3740201267894,100.0,0.08,0.6,0.27,1.0,false
0.02,0.02,0.0,0.003,0.5,0.35,0.15,1.0,5.0,5.0,20.762715745258735,80.59582439437924,5.601474650806807,-2.398514943498504,-2.398514943498504,-8.671578576273976,true,0.0,5.601474650806807,0.053957051857110076,0.053957051857110076,109.41505337710048,-5.4494531255640055,103.96560025153647,105.24159251942902,-42.119785121789135,100.0,0.08,0.6,0.27,1.0,false
0.02,0.02,0.0,0.003,0.5,0.35,0.15,1.0,5.0,5.0,21.27710797395529,80.56471162708925,5.537611234378602,-2.3226141612538345,-2.3226141612538345,-8.259003952014226,true,0.0,5.537611234378602,0.05205229245588298,0.05205229245588298,111.92315110415504,-5.273147328710755,106.65000377544429,104.94434800003718,-55.773878208478436,100.0,0.08,0.6,0.27,1.0,false
