gross_delta,delta,iota,kappa,lambda,sigmah,sigmal,V0,r,alpha,pi,xi,mu_b,m,c,p,vb,sg_debt,debt,debt_diff,abs_debt_diff,debt_per_diff,abs_debt_per_diff,eq_vb,eq_min_val,sg_equity,equity,eq_negative,firm_value,leverage,ROE,cvml_vb,cvmh_vb,eq_deriv
0.02,0.0199,0.0001,0.01,NaN,NaN,0.15,100.0,0.08,0.6,0.27,1.0,1.0,5.0,1.5804830483048304,15.943942615276802,69.36667313118934,79.71809857612142,79.67854965213556,-0.04116342424845243,0.04116342424845243,-0.0005163518866282347,0.0005163518866282347,2.3092638912203256e-14,NaN,30.81588158380041,30.773871565036576,false,110.45242121717213,72.13834588150057,51.4354095709048,NaN,NaN,NaN
