gross_delta,delta,iota,kappa,lambda,sigmah,sigmal,mu_b,m,c,p,vb,debt_diff,eq_deriv,eq_deriv_min_val,eq_min_val,eq_negative,eq_vb,abs_debt_diff,debt_per_diff,abs_debt_per_diff,debt,equity,firm_value,leverage,ROE,V0,r,alpha,pi,xi,opt
0.02,0.02,0.0,0.003,0.1,0.3,0.15,1.0,5.0,4.0,16.727038493323015,91.40453086500251,2.323321138227854,-2.2215482128450786e-7,-2.2215482128450786e-7,0.002562564867225799,false,0.0,2.323321138227854,0.02777922869197989,0.02777922869197989,85.95851360484293,4.753932937554123,90.71244654239706,94.75933775489978,-66.14366311536817,100.0,0.08,0.6,0.27,1.0,false
0.02,0.02,0.0,0.003,0.1,0.3,0.15,1.0,5.0,4.0,16.860026900993816,92.20991130997444,-0.00014332785873117856,0.005579698316091885,0.005579698316091885,0.0007486305153043203,false,0.0,0.00014332785873117856,-0.00010279378778272778,0.00010279378778272778,84.29999117711037,4.011624309855494,88.31161548696586,95.45742166788062,-74.44826716271142,100.0,0.08,0.6,0.27,1.0,false
0.02,0.02,0.0,0.003,0.1,0.3,0.15,1.0,5.0,4.0,17.210715808422947,93.78984082990777,-5.232909901553853,1.4305508738290745e-6,1.4305508738290745e-6,0.0024400912817646894,false,0.0,5.232909901553853,-0.06080990424573579,0.06080990424573579,80.82066914056088,2.612447580934201,83.43311672149508,96.86881218922372,-86.37883876095457,100.0,0.08,0.6,0.27,1.0,false
0.02,0.02,0.0,0.003,0.1,0.3,0.15,1.0,5.0,4.0,17.694393123522875,94.62660866389173,-9.367965004987099,-0.05596740464256591,-0.05596740464256591,-0.008233276427859879,true,0.0,9.367965004987099,-0.10588625379339349,0.10588625379339349,79.10400061262727,1.7623906034684913,80.86639121609576,97.82061425399962,-91.56589464424712,100.0,0.08,0.6,0.27,1.0,false
0.02,0.02,0.0,0.003,0.1,0.3,0.15,1.0,5.0,4.0,18.178070438622807,93.90375833267358,-8.880981500469275,-0.16589766781561116,-0.16589766781561116,-0.06968798259325579,true,0.0,8.880981500469275,-0.09771093725767419,0.09771093725767419,82.00937069264477,1.8120677690620635,83.82143846170683,97.83818101631614,-89.92771326614337,100.0,0.08,0.6,0.27,1.0,false
0.02,0.02,0.0,0.003,0.1,0.3,0.15,1.0,5.0,4.0,23.98219821982198,86.77550047736473,-5.52406064014977,-1.4782641859565977,-1.4782641859565977,-3.4221619186299965,true,0.0,5.52406064014977,-0.04606800919178438,0.04606800919178438,114.38693045896014,0.6912432730747977,115.07817373203494,99.39932721326949,-104.8046612517286,100.0,0.08,0.6,0.27,1.0,false
