gross_delta,delta,iota,kappa,lambda,sigmah,sigmal,V0,r,alpha,pi,xi,mu_b,m,c,p,vb,sg_debt,debt,debt_diff,abs_debt_diff,debt_per_diff,abs_debt_per_diff,eq_vb,eq_min_val,sg_equity,equity,eq_negative,firm_value,leverage,ROE,cvml_vb,cvmh_vb,eq_deriv
0.02,0.01985,0.00015000000000000001,0.015000000000000001,NaN,NaN,0.15,100.0,0.08,0.6,0.27,1.0,1.0,3.0,1.9688468846884688,20.54404696035424,59.3725454573285,61.631935563713306,61.630342742268645,-0.001798138794079307,0.001798138794079307,-2.9175342092194115e-5,2.9175342092194115e-5,6.572520305780927e-14,NaN,44.300493001422964,44.30892051521157,false,105.9392632574802,58.175166455971194,15.479062576936297,NaN,NaN,NaN
