gross_delta,delta,iota,kappa,lambda,sigmah,sigmal,mu_b,m,c,p,vb,debt_diff,eq_deriv,eq_deriv_min_val,eq_min_val,eq_negative,eq_vb,abs_debt_diff,debt_per_diff,abs_debt_per_diff,debt,equity,firm_value,leverage,ROE,V0,r,alpha,pi,xi,opt
0.02,0.02,0.0,0.003,0.5,0.275,0.15,1.0,7.0,7.0,9.351791758123179,100.0,-5.462539922676427,-3.8736845584767554,-3.8736845584767554,-21.896613943458163,true,0.0,5.462539922676427,-0.08344527618665072,0.08344527618665072,60.00000238418582,0.7222150047587392,60.72221738894456,98.81062478312884,-98.19446238048472,100.0,0.08,0.6,0.27,1.0,false
0.02,0.02,0.0,0.003,0.5,0.275,0.15,1.0,7.0,7.0,9.993608571383453,100.0,-9.955257615498354,-3.9157872642605605,-3.9157872642605605,-22.303564491308432,true,0.0,9.955257615498354,-0.14230892166712408,0.14230892166712408,60.00000238418582,0.7301048599394121,60.73010724412523,98.79778763273956,-98.17473774135736,100.0,0.08,0.6,0.27,1.0,false
0.02,0.02,0.0,0.003,0.5,0.275,0.15,1.0,7.0,7.0,10.175841441501143,98.8061441292011,-0.0007849711320424557,-3.908146586072826,-3.908146586072826,-22.341270700111377,true,0.0,0.0007849711320424557,-0.0053535262944829805,0.0053535262944829805,71.23010511937595,-2.8474708420627235,68.38263427731323,104.16402625045905,-109.89739744923585,100.0,0.08,0.6,0.27,1.0,false
0.02,0.02,0.0,0.003,0.5,0.275,0.15,1.0,7.0,7.0,10.635425384643726,95.8355156501741,24.900539088103983,-3.856414917648152,-3.856414917648152,-22.275275900985836,true,0.0,24.900539088103983,0.3344689790090895,0.3344689790090895,99.34851678061007,-11.689543807106624,87.65897297350344,113.33525070005099,-1894.2969917249866,100.0,0.08,0.6,0.27,1.0,false
0.02,0.02,0.0,0.003,0.5,0.275,0.15,1.0,7.0,7.0,11.598150604534137,95.98851405047526,18.148808472287783,-3.6399115794743695,-3.6399115794743695,-21.40643000030179,true,0.0,18.148808472287783,0.22354313312666982,0.22354313312666982,99.33586270402674,-10.621602275946621,88.71426042808011,111.97282401351639,-1699.3082063522966,100.0,0.08,0.6,0.27,1.0,false
0.02,0.02,0.0,0.003,0.5,0.275,0.15,1.0,7.0,7.0,12.881784231054683,95.53343567353657,14.84235564373391,-3.3104001067609223,-3.3104001067609223,-19.075575607653285,true,0.0,14.84235564373391,0.16459959913175903,0.16459959913175903,105.01484526111669,-10.2085093415913,94.8063359195254,110.76775011140248,103.56578937229463,100.0,0.08,0.6,0.27,1.0,false
