gross_delta,delta,iota,kappa,lambda,sigmah,sigmal,mu_b,m,c,p,vb,debt_diff,eq_deriv,eq_deriv_min_val,eq_min_val,eq_negative,eq_vb,abs_debt_diff,debt_per_diff,abs_debt_per_diff,debt,equity,firm_value,leverage,ROE,V0,r,alpha,pi,xi,opt
0.02,0.02,0.0,0.003,0.5,0.275,0.15,1.0,7.0,8.0,8.511170853927498,95.7667589612482,43.63346157760958,-4.2559893281887575,-4.2559893281887575,-24.80568410609998,true,0.0,43.63346157760958,0.7323729908521144,0.7323729908521144,103.21165755510206,-13.098540308775632,90.11311724632642,114.53566440607136,307.84361607815833,100.0,0.08,0.6,0.27,1.0,false
0.02,0.02,0.0,0.003,0.5,0.275,0.15,1.0,7.0,8.0,9.839366831419984,96.5314361661221,28.93772143584509,-3.927750900107276,-3.927750900107276,-23.681880226706287,true,0.0,28.93772143584509,0.4201449418391212,0.4201449418391212,97.81328925578498,-10.212429073016148,87.60086018276883,111.65790958183418,-567.0224033989543,100.0,0.08,0.6,0.27,1.0,false
0.02,0.02,0.0,0.003,0.5,0.275,0.15,1.0,7.0,8.0,10.835513814539349,97.1047386249276,17.260686985393747,-3.675047124789674,-3.675047124789674,-22.28227062862365,true,0.0,17.260686985393747,0.22756765103064477,0.22756765103064477,93.10928368716918,-8.115884310811829,84.99339937635736,109.54884069864539,-217.77998022788566,100.0,0.08,0.6,0.27,1.0,false
0.02,0.02,0.0,0.003,0.5,0.275,0.15,1.0,7.0,8.0,11.16756280891247,96.99548682633083,16.39478160338126,-3.5791373107028304,-3.5791373107028304,-21.544259182150746,true,0.0,16.39478160338126,0.2097245117579935,0.2097245117579935,94.56772126576855,-8.117817298487099,86.44990396728146,109.39019816790014,-249.4366857012097,100.0,0.08,0.6,0.27,1.0,false
0.02,0.02,0.0,0.003,0.5,0.275,0.15,1.0,7.0,8.0,11.49961180328559,96.92897345357407,15.096778093581591,-3.4863669920682465,-3.4863669920682465,-20.76734110499164,true,0.0,15.096778093581591,0.18754394684707335,0.18754394684707335,95.59406071658073,-8.01181008200743,87.5822506345733,109.14775542299748,-281.84113685265737,100.0,0.08,0.6,0.27,1.0,false
0.02,0.02,0.0,0.003,0.5,0.275,0.15,1.0,7.0,8.0,11.49961180328559,96.92897345357407,15.096778093581591,-3.4863669920682465,-3.4863669920682465,-20.76734110499164,true,0.0,15.096778093581591,0.18754394684707335,0.18754394684707335,95.59406071658073,-8.01181008200743,87.5822506345733,109.14775542299748,-281.84113685265737,100.0,0.08,0.6,0.27,1.0,false
