gross_delta,delta,iota,kappa,lambda,sigmah,sigmal,mu_b,m,c,p,vb,debt_diff,eq_deriv,eq_deriv_min_val,eq_min_val,eq_negative,eq_vb,abs_debt_diff,debt_per_diff,abs_debt_per_diff,debt,equity,firm_value,leverage,ROE,V0,r,alpha,pi,xi,opt
0.02,0.02,0.0,0.001,0.75,0.3,0.15,1.0,5.0,4.0,15.927799358883256,62.62856174345394,-3.5988581797078325,-1.9891853908451012,-1.9891853908451012,-5.321206440262994,true,0.0,3.5988581797078325,-0.04518964734071285,0.04518964734071285,76.04013861470844,18.86963857333718,94.90977718804562,80.11834066794763,-21.244792405515156,100.0,0.08,0.6,0.27,1.0,false
0.02,0.02,0.0,0.001,0.75,0.3,0.15,1.0,5.0,4.0,17.92416215305741,89.78067525983829,-0.22254719422460312,-1.3798875380858195,-1.3798875380858195,-4.343066486173362,true,0.0,0.22254719422460312,-0.002483208892267717,0.002483208892267717,89.39826357106244,-4.182437837635621,85.21582573342683,104.90805293692648,-139.45049818650094,100.0,0.08,0.6,0.27,1.0,false
0.02,0.02,0.0,0.001,0.75,0.3,0.15,1.0,5.0,4.0,18.42325285160095,87.06965980625587,-0.27279773888145087,-1.563527155271423,-1.563527155271423,-5.009043144568416,true,0.0,0.27279773888145087,-0.00296145030499047,0.00296145030499047,91.8434665191233,-4.258162587112216,87.58530393201109,104.86173181566814,-152.20554291961943,100.0,0.08,0.6,0.27,1.0,false
0.02,0.02,0.0,0.001,0.75,0.3,0.15,1.0,5.0,4.0,18.922343550144486,83.23062316675973,-0.31797853104917806,-1.8689642703794414,-1.8689642703794414,-6.069379319256723,true,0.0,0.31797853104917806,-0.003360878954623462,0.003360878954623462,94.29373921967326,-3.6992695520361725,90.59446966763709,104.08332822699624,-164.82825959847474,100.0,0.08,0.6,0.27,1.0,false
0.02,0.02,0.0,0.001,0.75,0.3,0.15,1.0,5.0,4.0,21.323722496348243,65.27576752637916,-1.0343795292244717e-5,-3.427217598657036,-3.427217598657036,-11.114086469947907,true,0.0,1.0343795292244717e-5,0.0003659405654496343,0.0003659405654496343,106.61860213794598,1.6348527992368271,108.25345493718281,98.48979157276274,-124.70087739318603,100.0,0.08,0.6,0.27,1.0,false
0.02,0.02,0.0,0.001,0.75,0.3,0.15,1.0,5.0,4.0,23.414159837036333,78.07920160708366,1.0057270678543233,-1.4646747642609184,-1.4646747642609184,-3.360977151081151,true,0.0,1.0057270678543233,0.008590759393924287,0.008590759393924287,118.076526253036,0.9309706049149024,119.0074968579509,99.21772104321619,-105.15016321102371,100.0,0.08,0.6,0.27,1.0,false
