gross_delta,delta,iota,kappa,lambda,sigmah,sigmal,mu_b,m,c,p,vb,debt_diff,eq_deriv,eq_deriv_min_val,eq_min_val,eq_negative,eq_vb,abs_debt_diff,debt_per_diff,abs_debt_per_diff,debt,equity,firm_value,leverage,ROE,V0,r,alpha,pi,xi,opt
0.02,0.02,0.0,0.001,0.75,0.3,0.15,1.0,5.0,7.0,14.900715071507152,62.21188082817047,-3.2927144711320295,-0.5890687906089029,-0.5890687906089029,-0.2903149499439685,true,0.0,3.2927144711320295,-0.04419538868209475,0.04419538868209475,71.21086088640374,22.93439063589377,94.14525152229751,75.63935486383829,-20.336657010134306,100.0,0.08,0.6,0.27,1.0,false
0.02,0.02,0.0,0.001,0.75,0.3,0.15,1.0,5.0,7.0,15.439401834920336,63.46457620458731,2.5253035481571686,-0.5261265092337987,-0.5261265092337987,-0.2422512861665113,true,0.0,2.5253035481571686,0.0327124531786655,0.0327124531786655,79.72231272275884,20.05358428635726,99.77589700911611,79.90137409185603,-1.1051703669156643,100.0,0.08,0.6,0.27,1.0,false
0.02,0.02,0.0,0.001,0.75,0.3,0.15,1.0,5.0,7.0,15.97808859833352,61.996511511259634,-5.598966842949537,-0.07170300529463015,-0.7865097999949825,-0.003577741048097788,false,0.0,5.598966842949537,-0.07008306166900961,0.07008306166900961,74.29147614871806,24.356214864122073,98.64769101284014,75.30989867674465,-5.260158051013242,100.0,0.08,0.6,0.27,1.0,false
0.02,0.02,0.0,0.001,0.75,0.3,0.15,1.0,5.0,7.0,16.50901280786038,62.98207625015338,2.315265617465912e-5,0.0009034988524609333,-0.8098388521886045,0.05431214366805242,false,0.0,2.315265617465912e-5,-5.404528515912055e-5,5.404528515912055e-5,82.54508719195807,22.186723824791528,104.7318110167496,78.8156782457975,27.108763411121338,100.0,0.08,0.6,0.27,1.0,false
0.02,0.02,0.0,0.001,0.75,0.3,0.15,1.0,5.0,7.0,16.516775361746703,63.002006630326804,0.11648684142707566,-6.895650538629727e-7,-0.8098913711916484,0.05393944991426919,false,0.0,0.11648684142707566,0.0014105276469020983,0.0014105276469020983,82.7003636501606,22.14068606513349,104.84104971529409,78.88166312216575,27.98353455180593,100.0,0.08,0.6,0.27,1.0,false
0.02,0.02,0.0,0.001,0.75,0.3,0.15,1.0,5.0,7.0,17.055462125159885,62.76317058378233,-0.04989775399606344,-0.0073136046087668195,-1.0194569076497821,0.005446608822738334,false,0.0,0.04989775399606344,-0.0005851234476074999,0.0005851234476074999,85.22741287180337,23.261346145901186,108.48875901770455,78.55874990504306,57.46291386904021,100.0,0.08,0.6,0.27,1.0,false
