gross_delta,delta,iota,kappa,lambda,sigmah,sigmal,V0,r,alpha,pi,xi,mu_b,m,c,p,vb,sg_debt,debt,debt_diff,abs_debt_diff,debt_per_diff,abs_debt_per_diff,eq_vb,eq_min_val,sg_equity,equity,eq_negative,firm_value,leverage,ROE,cvml_vb,cvmh_vb,eq_deriv
0.02,0.0198,0.0002,0.005,NaN,NaN,0.3,100.0,0.08,0.6,0.27,1.0,1.0,1.0,2.166091609160916,25.484133059846517,27.188384872578737,25.484096798650114,25.484095724361186,-3.73354853309138e-5,3.73354853309138e-5,-1.4650482809533194e-6,1.4650482809533194e-6,-1.7763568394002505e-15,NaN,76.95413876284668,76.95414899645824,false,102.43824472081943,24.87752088471878,3.2721131743905563,NaN,NaN,NaN
