gross_delta,delta,iota,kappa,lambda,sigmah,sigmal,mu_b,m,c,p,vb,debt_diff,eq_deriv,eq_deriv_min_val,eq_min_val,eq_negative,eq_vb,abs_debt_diff,debt_per_diff,abs_debt_per_diff,debt,equity,firm_value,leverage,ROE,V0,r,alpha,pi,xi,opt
0.02,0.02,0.0,0.0025,0.75,0.35,0.15,1.0,7.0,1.0,11.55779525320953,77.69729384601561,-9.654437873695016,-0.8237780800050878,-0.8237780800050878,-2.627637396805709,true,0.0,9.654437873695016,-0.11933118560348804,0.11933118560348804,71.25012889877169,0.7825122569389762,72.03264115571066,98.91366990799708,-97.2782060337462,100.0,0.08,0.6,0.27,1.0,false
0.02,0.02,0.0,0.0025,0.75,0.35,0.15,1.0,7.0,1.0,11.875370431780018,74.51322584768448,-9.794228969917015,-0.8591342084978381,-0.8591342084978381,-2.4510843465521384,true,0.0,9.794228969917015,-0.117821635558132,0.117821635558132,73.33336405254312,3.416470670339782,76.7498347228829,95.54856283055791,-87.18822022743518,100.0,0.08,0.6,0.27,1.0,false
0.02,0.02,0.0,0.0025,0.75,0.35,0.15,1.0,7.0,1.0,12.192945610350508,50.84392962790094,-7.538308743116104,-1.6823447950128887,-1.6823447950128887,-3.541137942924935,true,0.0,7.538308743116104,-0.08832166429926598,0.08832166429926598,77.81231052933745,36.69770181263605,114.51001234197349,67.95240777457803,65.39668026794416,100.0,0.08,0.6,0.27,1.0,false
0.02,0.02,0.0,0.0025,0.75,0.35,0.15,1.0,7.0,1.0,12.510520788920996,50.91750874848524,-4.96257237581186,-1.5262470095496317,-1.5262470095496317,-2.8759914792212067,true,0.0,4.96257237581186,-0.056667417990950805,0.056667417990950805,82.6110731466351,37.891510874550804,120.50258402118591,68.5554370619231,117.90597656817737,100.0,0.08,0.6,0.27,1.0,false
0.02,0.02,0.0,0.0025,0.75,0.35,0.15,1.0,7.0,1.0,12.668112695702096,53.790690901578174,-4.492419300963229,-1.3539336978113192,-1.3539336978113192,-2.4414342468308403,true,0.0,4.492419300963229,-0.05056951254788192,0.05056951254788192,84.18436956895144,34.19541660635163,118.37978617530307,71.11380438235186,116.21279502852234,100.0,0.08,0.6,0.27,1.0,false
0.02,0.02,0.0,0.0025,0.75,0.35,0.15,1.0,7.0,1.0,12.828095967491484,52.00441903894571,-5.116254074691653,-1.4008361655482202,-1.4008361655482202,-2.4814708352262307,true,0.0,5.116254074691653,-0.05697598779225456,0.05697598779225456,84.68041769774874,36.32246309300922,121.00288079075796,69.98215013093846,137.09826009858972,100.0,0.08,0.6,0.27,1.0,false
