gross_delta,delta,iota,kappa,lambda,sigmah,sigmal,mu_b,m,c,p,vb,debt_diff,eq_deriv,eq_deriv_min_val,eq_min_val,eq_negative,eq_vb,abs_debt_diff,debt_per_diff,abs_debt_per_diff,debt,equity,firm_value,leverage,ROE,V0,r,alpha,pi,xi,opt
0.02,0.02,0.0,0.0025,0.75,0.275,0.15,1.0,1.0,5.0,55.2459377516699,62.05251280553966,0.2144530519278618,-7.752045533271357e-18,0.013969073854596383,0.03732801078646603,false,-3.659117475943313e-7,0.2144530519278618,0.0038817886102653692,0.0038817886102653692,55.46039080359776,46.963811406995546,102.42420221059331,54.14774009131772,5.44280081107924,100.0,0.08,0.6,0.27,1.0,false
0.02,0.02,0.0,0.0025,0.75,0.275,0.15,1.0,1.0,5.0,56.44185207994483,63.45240612815132,0.16775226526808495,8.256199543477116e-17,0.014326438282829517,0.03892472857160761,false,-2.6627866597561176e-8,0.16775226526808495,0.002972125454538219,0.002972125454538219,56.609604345212915,45.09568889420021,101.70529323941312,55.660430782058256,3.930116823502594,100.0,0.08,0.6,0.27,1.0,false
0.02,0.02,0.0,0.0025,0.75,0.275,0.15,1.0,1.0,5.0,57.63776640821976,64.85182814629216,0.12135178741772279,-8.100074430639204e-16,0.014777652730149662,0.0402325836150523,false,-4.2653478768272205e-7,0.12135178741772279,0.002105421409952776,0.002105421409952776,57.759118195637484,43.19463516471178,100.95375336034925,57.21344305988235,2.2578916907240343,100.0,0.08,0.6,0.27,1.0,false
0.02,0.02,0.0,0.0025,0.75,0.275,0.15,1.0,1.0,5.0,58.8336807364947,66.25402992713008,0.07291146146658889,-1.7642137750684128e-15,0.027749766244967174,0.05111184621828794,false,1.9642325265820372e-6,0.07291146146658889,0.0012392809790899536,0.0012392809790899536,58.90659219796129,41.25633895989104,100.16293115785233,58.81077112762117,0.39648976944726133,100.0,0.08,0.6,0.27,1.0,false
0.02,0.02,0.0,0.0025,0.75,0.275,0.15,1.0,1.0,5.0,60.02959506476963,67.65263178196072,0.0024397598385448305,1.1969591984239969e-15,0.02185440553583555,0.010207843145376183,false,0.0,0.0024397598385448305,4.0642616961057676e-5,4.0642616961057676e-5,60.032034824608175,39.277567202933184,99.30960202754136,60.449376091507844,-1.727378337698604,100.0,0.08,0.6,0.27,1.0,true
