gross_delta,delta,iota,kappa,lambda,sigmah,sigmal,mu_b,m,c,p,vb,debt_diff,eq_deriv,eq_deriv_min_val,eq_min_val,eq_negative,eq_vb,abs_debt_diff,debt_per_diff,abs_debt_per_diff,debt,equity,firm_value,leverage,ROE,V0,r,alpha,pi,xi,opt
0.02,0.02,0.0,0.0025,0.75,0.275,0.15,1.0,1.0,10.5,60.79494923176528,65.77900685184953,2.6681744991407683,-1.0798653637955624e-15,-0.0066177471380758765,0.02067353454130077,false,0.0,2.6681744991407683,0.04388809486408208,0.04388809486408208,63.46312373090605,48.06138919804601,111.52451292895205,56.9050893513751,31.542140724001854,100.0,0.08,0.6,0.27,1.0,false
0.02,0.02,0.0,0.0025,0.75,0.275,0.15,1.0,1.0,10.5,68.17986667087762,74.39415886539265,1.2535282220365076,-2.059713077179337e-16,-0.001091254659463464,0.009469329672448462,false,0.0,1.2535282220365076,0.018385606825657527,0.018385606825657527,69.43339489291412,33.12586937712768,102.55926427004181,67.70075369309765,8.372746208078308,100.0,0.08,0.6,0.27,1.0,false
0.02,0.02,0.0,0.0025,0.75,0.275,0.15,1.0,1.0,10.5,71.31767561967155,78.03548779691891,3.9085202925170925e-5,4.783260751503516e-16,0.002301971853805807,-0.010289866151377235,true,0.0,3.9085202925170925e-5,0.00015110596348901894,0.00015110596348901894,71.31771470487446,26.42724530128697,97.74496000616143,72.96306090910353,-7.86213500993872,100.0,0.08,0.6,0.27,1.0,true
0.02,0.02,0.0,0.0025,0.75,0.275,0.15,1.0,1.0,10.5,77.41101346976802,85.16950929818522,-3.1096066411211183,1.1796119636642288e-15,-0.0024789956642628647,-0.0062662981239643145,true,0.0,3.1096066411211183,-0.04017008048002807,0.04017008048002807,74.3014068286469,14.31979720995454,88.62120403860145,83.84156775423955,-44.27789445720632,100.0,0.08,0.6,0.27,1.0,false
0.02,0.02,0.0,0.0025,0.75,0.275,0.15,1.0,1.0,10.5,79.2572428295461,87.32527293985355,-4.1373342354328315,1.0443035325380379e-15,-0.009005436626900034,0.016333404036252244,false,0.0,4.1373342354328315,-0.05220133943254566,0.05220133943254566,75.11990859411327,11.144414889155476,86.26432348326874,87.08108469509186,-55.20750021634301,100.0,0.08,0.6,0.27,1.0,false
0.02,0.02,0.0,0.0025,0.75,0.275,0.15,1.0,1.0,10.5,94.02707770777077,77.77012463873085,-0.810111881432249,-5.412337245047638e-16,-0.10515605363920105,-0.0745723189786425,true,0.0,0.810111881432249,-0.008615729651303394,0.008615729651303394,93.21696582633852,1.2090557897543908,94.42602161609291,98.71957351473513,-82.1752956155056,100.0,0.08,0.6,0.27,1.0,false
