gross_delta,delta,iota,kappa,lambda,sigmah,sigmal,mu_b,m,c,p,vb,debt_diff,eq_deriv,eq_deriv_min_val,eq_min_val,eq_negative,eq_vb,abs_debt_diff,debt_per_diff,abs_debt_per_diff,debt,equity,firm_value,leverage,ROE,V0,r,alpha,pi,xi,opt
0.02,0.02,0.0,0.005,0.2,0.35,0.15,1.0,3.0,3.0,24.396309367778883,82.64400406215661,-0.6710959875289859,-0.36383482060979544,-0.36383482060979544,-0.3915776249239597,true,0.0,0.6710959875289859,-0.009169364887834599,0.009169364887834599,72.51783211580766,7.454204816991985,79.97203693279965,90.67898592697377,-72.87621250112652,100.0,0.08,0.6,0.27,1.0,false
0.02,0.02,0.0,0.005,0.2,0.35,0.15,1.0,3.0,3.0,25.892282649317565,77.7192083404096,-0.37266175906383125,-0.8092711778394324,-0.8092711778394324,-1.4004118932307095,true,0.0,0.37266175906383125,-0.004797591160155378,0.004797591160155378,77.30418618888886,10.561600236818666,87.86578642570753,87.97984896459245,-53.4645449389083,100.0,0.08,0.6,0.27,1.0,false
0.02,0.02,0.0,0.005,0.2,0.35,0.15,1.0,3.0,3.0,26.640269290086902,74.62015698910498,-0.2566446195013441,-1.106575188683758,-1.106575188683758,-2.192841033614863,true,0.0,0.2566446195013441,-0.0032112365520374575,0.0032112365520374575,79.66416325075936,13.183764858572163,92.84792810933152,85.80069030399059,-35.16979398910421,100.0,0.08,0.6,0.27,1.0,false
0.02,0.02,0.0,0.005,0.2,0.35,0.15,1.0,3.0,3.0,27.388255930856243,70.03684514996746,-0.14747546374493936,-1.573489810898498,-1.573489810898498,-3.4859775532237247,true,0.0,0.14747546374493936,-0.001794874709769186,0.001794874709769186,82.01729232882379,18.113265788364167,100.13055811718795,81.91035171584156,0.7260203500789819,100.0,0.08,0.6,0.27,1.0,false
0.02,0.02,0.0,0.005,0.2,0.35,0.15,1.0,3.0,3.0,28.136242571625584,54.277630305357654,-0.021998451278420816,-2.5551964187585705,-2.5551964187585705,-4.840000762695264,true,0.0,0.021998451278420816,-0.0002606182070736705,0.0002606182070736705,84.38672926359833,46.02438881681336,130.41111808041168,64.7082323238463,194.77736980189206,100.0,0.08,0.6,0.27,1.0,false
0.02,0.02,0.0,0.005,0.2,0.35,0.15,1.0,3.0,3.0,28.136242571625584,54.277630305357654,-0.021998451278420816,-2.5551964187585705,-2.5551964187585705,-4.840000762695264,true,0.0,0.021998451278420816,-0.0002606182070736705,0.0002606182070736705,84.38672926359833,46.02438881681336,130.41111808041168,64.7082323238463,194.77736980189206,100.0,0.08,0.6,0.27,1.0,false
