gross_delta,delta,iota,kappa,lambda,sigmah,sigmal,mu_b,m,c,p,vb,debt_diff,eq_deriv,eq_deriv_min_val,eq_min_val,eq_negative,eq_vb,abs_debt_diff,debt_per_diff,abs_debt_per_diff,debt,equity,firm_value,leverage,ROE,V0,r,alpha,pi,xi,opt
0.02,0.02,0.0,0.005,0.2,0.35,0.15,1.0,3.0,1.0,11.312293071412403,43.34261577660474,0.16033817234324488,-1.1935402030593956e-6,-1.1935402030593956e-6,0.0002843907804362777,false,0.0,0.16033817234324488,0.004724599788067129,0.004724599788067129,34.09721738658045,37.63827945269034,71.7354968392708,47.53186203335015,-42.88817867756286,100.0,0.08,0.6,0.27,1.0,false
0.02,0.02,0.0,0.005,0.2,0.35,0.15,1.0,3.0,1.0,11.51405535290371,44.11630143219734,0.08240129273936248,7.342329944315384e-7,7.342329944315384e-7,0.00032220379755549264,false,0.0,0.08240129273936248,0.0023855276649213442,0.0023855276649213442,34.624567351450494,36.943480514157606,71.5680478656081,48.37992425959305,-43.490269941674676,100.0,0.08,0.6,0.27,1.0,false
0.02,0.02,0.0,0.005,0.2,0.35,0.15,1.0,3.0,1.0,11.71398964984486,44.895988510113085,2.2015605851549713e-7,0.0008223951359914439,0.0008223951359914439,0.0006508559469056985,false,0.0,2.2015605851549713e-7,6.688693519689946e-8,6.688693519689946e-8,35.14196916969064,36.238327699284284,71.38029686897492,49.23203000149599,-44.1266914283968,100.0,0.08,0.6,0.27,1.0,false
0.02,0.02,0.0,0.005,0.2,0.35,0.15,1.0,3.0,1.0,11.715817634395018,44.89001487605008,-0.0006092672149478062,-3.819479047033336e-7,-3.819479047033336e-7,0.00035831277095044515,false,0.0,0.0006092672149478062,-1.7334605060174774e-5,1.7334605060174774e-5,35.14684363597011,36.24992663746205,71.39677027343217,49.22749796855837,-44.10460697705118,100.0,0.08,0.6,0.27,1.0,false
0.02,0.02,0.0,0.005,0.2,0.35,0.15,1.0,3.0,1.0,11.917579915886325,43.1629310447402,-0.053810567062193115,-0.15810634758379102,-0.15810634758379102,-0.05615831651359101,true,0.0,0.053810567062193115,-0.0015050753436515738,0.0015050753436515738,35.698929180596785,38.99268083998362,74.69161002058041,47.79509930333589,-39.3592045309806,100.0,0.08,0.6,0.27,1.0,false
0.02,0.02,0.0,0.005,0.2,0.35,0.15,1.0,3.0,1.0,12.119342197377632,43.86387075539817,-0.12482939046527974,-0.16012997621611386,-0.16012997621611386,-0.058761353779786626,true,0.0,0.12482939046527974,-0.003433337894424946,0.003433337894424946,36.233197201667615,38.343915157614845,74.57711235928247,48.584875513965564,-39.868531155810736,100.0,0.08,0.6,0.27,1.0,false
