gross_delta,delta,iota,kappa,lambda,sigmah,sigmal,mu_b,m,c,p,vb,debt_diff,eq_deriv,eq_deriv_min_val,eq_min_val,eq_negative,eq_vb,abs_debt_diff,debt_per_diff,abs_debt_per_diff,debt,equity,firm_value,leverage,ROE,V0,r,alpha,pi,xi,opt
0.02,0.02,0.0,0.005,0.2,0.35,0.15,1.0,3.0,2.0,20.12539280243814,77.0527317983031,-0.06375688827255743,-1.1395323748671082e-7,-1.1395323748671082e-7,0.001059904659006384,false,0.0,0.06375688827255743,-0.0010559941015550176,0.0010559941015550176,60.312421519041855,11.871681277514853,72.18410279655672,83.55360693340756,-70.08716144470539,100.0,0.08,0.6,0.27,1.0,false
0.02,0.02,0.0,0.005,0.2,0.35,0.15,1.0,3.0,2.0,20.704413862438876,73.59085462051115,-0.09473243882341364,-0.21255860396289983,-0.21255860396289983,-0.1528148643614365,true,0.0,0.09473243882341364,-0.0015251568973459885,0.0015251568973459885,62.018509148493216,14.316696420151013,76.33520556864423,81.244962513035,-62.30612306366841,100.0,0.08,0.6,0.27,1.0,false
0.02,0.02,0.0,0.005,0.2,0.35,0.15,1.0,3.0,2.0,21.28343492243961,67.91945756445428,-0.05902286730650985,-0.5688995549994277,-0.5688995549994277,-0.7582012597329534,true,0.0,0.05902286730650985,-0.0009243944491979957,0.0009243944491979957,63.79128190001232,19.463069606902792,83.25435150691511,76.62215937711534,-46.24755962595258,100.0,0.08,0.6,0.27,1.0,false
0.02,0.02,0.0,0.005,0.2,0.35,0.15,1.0,3.0,2.0,21.39783904751581,65.27473408169188,-0.0572465795215567,-0.7864769317537712,-0.7864769317537712,-1.2013751045412724,true,0.0,0.0572465795215567,-0.0008910147674559964,0.0008910147674559964,64.13627056302586,23.13188184625319,87.26815240927905,73.49332922992693,-35.500623584325,100.0,0.08,0.6,0.27,1.0,false
0.02,0.02,0.0,0.005,0.2,0.35,0.15,1.0,3.0,2.0,21.86245598244035,50.10335756912747,-0.0897375460104115,-2.118919082114509,-2.118919082114509,-3.979992632377714,true,0.0,0.0897375460104115,-0.0013682138621950433,0.0013682138621950433,65.49763040131063,46.12350066951048,111.62113107082111,58.6785224024955,33.68212446272836,100.0,0.08,0.6,0.27,1.0,false
0.02,0.02,0.0,0.005,0.2,0.35,0.15,1.0,3.0,2.0,23.59951916244256,48.308092377752864,-1.001550088817524,-2.6005582337331106,-2.6005582337331106,-5.00423652851047,true,0.0,1.001550088817524,-0.014146475922151274,0.014146475922151274,69.79700739851016,52.10852218994653,121.90552958845669,57.254997073667845,72.52767921870146,100.0,0.08,0.6,0.27,1.0,false
