gross_delta,delta,iota,kappa,lambda,sigmah,sigmal,mu_b,m,c,p,vb,debt_diff,eq_deriv,eq_deriv_min_val,eq_min_val,eq_negative,eq_vb,abs_debt_diff,debt_per_diff,abs_debt_per_diff,debt,equity,firm_value,leverage,ROE,V0,r,alpha,pi,xi,opt
0.02,0.02,0.0,0.003,0.5,0.225,0.15,1.0,3.0,9.0,32.3570185965965,91.21193104058273,-1.4312990864401343,-0.5776648547479765,-0.5776648547479765,-0.47571091421993644,true,0.0,1.4312990864401343,-0.014744859575233825,0.014744859575233825,95.63975670334935,4.624490078733162,100.26424678208251,95.38769778145925,6.060367830517466,100.0,0.08,0.6,0.27,1.0,false
0.02,0.02,0.0,0.003,0.5,0.225,0.15,1.0,3.0,9.0,33.898896468594224,89.67512072073687,-1.850229576465793,-0.8714698064212995,-0.8714698064212995,-0.9830717913986543,true,0.0,1.850229576465793,-0.018193606766127288,0.018193606766127288,99.84645982931688,5.25508022028674,105.10154004960363,94.99999693838306,3322.6093385896183,100.0,0.08,0.6,0.27,1.0,false
0.02,0.02,0.0,0.003,0.5,0.225,0.15,1.0,3.0,9.0,34.21237879357333,88.46621682046832,1.767464287924514e-5,-0.8577001137943215,-0.8577001137943215,-0.9331377151134403,true,0.0,1.767464287924514e-5,-0.0001559599778091314,0.0001559599778091314,102.63715405536288,6.964041070365774,109.60119512572865,93.64601721507051,-364.07410883728176,100.0,0.08,0.6,0.27,1.0,false
0.02,0.02,0.0,0.003,0.5,0.225,0.15,1.0,3.0,9.0,34.66983540459309,87.35669301330417,2.007250952272372,-0.8223037191158032,-0.8223037191158032,-0.8427013337886022,true,0.0,2.007250952272372,0.019298725908252122,0.019298725908252122,106.01675716605163,8.58159958277467,114.5983567488263,92.51158583226146,-242.62831864305002,100.0,0.08,0.6,0.27,1.0,false
0.02,0.02,0.0,0.003,0.5,0.225,0.15,1.0,3.0,9.0,35.44077434059195,88.0512995446062,2.2090957780391847,-0.7594038731316151,-0.7594038731316151,-0.7281189622451598,true,0.0,2.2090957780391847,0.020777346800320947,0.020777346800320947,108.53141879981503,7.668963550436733,116.20038235025176,93.40022520122102,-189.89083446006669,100.0,0.08,0.6,0.27,1.0,false
0.02,0.02,0.0,0.003,0.5,0.225,0.15,1.0,3.0,9.0,36.211713276590814,89.10613457217484,2.567290826980326,-0.7086726480228237,-0.7086726480228237,-0.644390997487546,true,0.0,2.567290826980326,0.023632231992366217,0.023632231992366217,111.20243065675277,6.327929599975056,117.53036025672782,94.61591916662843,-156.48711243002083,100.0,0.08,0.6,0.27,1.0,false
