gross_delta,delta,iota,kappa,lambda,sigmah,sigmal,mu_b,m,c,p,vb,debt_diff,eq_deriv,eq_deriv_min_val,eq_min_val,eq_negative,eq_vb,abs_debt_diff,debt_per_diff,abs_debt_per_diff,debt,equity,firm_value,leverage,ROE,V0,r,alpha,pi,xi,opt
0.02,0.02,0.0,0.001,0.2,0.275,0.15,1.0,10.0,2.0,8.876148141129901,95.82961835683966,-9.70800644556644,-1.4486639763063827,-1.4486639763063827,-6.2142049914575015,true,0.0,9.70800644556644,-0.10937183890140263,0.10937183890140263,79.05347496573258,-4.191179418664115,74.86229554706846,105.59851843713366,-120.00894855737438,100.0,0.08,0.6,0.27,1.0,false
0.02,0.02,0.0,0.001,0.2,0.275,0.15,1.0,10.0,2.0,9.08236218358678,95.08967461058882,-8.408860095684375,-1.506429450307772,-1.506429450307772,-6.492580808700515,true,0.0,8.408860095684375,-0.09258450528300306,0.09258450528300306,82.41476174018342,-4.856209589062456,77.55855215112096,106.261346369128,-127.61526183105072,100.0,0.08,0.6,0.27,1.0,false
0.02,0.02,0.0,0.001,0.2,0.275,0.15,1.0,10.0,2.0,9.288576226043656,94.38104720037985,-7.244956902213815,-1.5653453599613871,-1.5653453599613871,-6.777841299366371,true,0.0,7.244956902213815,-0.07799857293413962,0.07799857293413962,85.64080535822275,-5.472220130072983,80.16858522814977,106.82589085799596,-138.10951983443329,100.0,0.08,0.6,0.27,1.0,false
0.02,0.02,0.0,0.001,0.2,0.275,0.15,1.0,10.0,2.0,9.907218353414287,91.68808402905486,-6.840040357041161,-1.785348684781866,-1.785348684781866,-7.823230855356618,true,0.0,6.840040357041161,-0.06904097712436008,0.06904097712436008,92.2321431771017,-7.4539881573638525,84.77815501973785,108.79234533427677,-195.9593917255373,100.0,0.08,0.6,0.27,1.0,false
0.02,0.02,0.0,0.001,0.2,0.275,0.15,1.0,10.0,2.0,10.732074523241796,88.22081898604905,-5.6794112312586265,-2.0885879520627446,-2.0885879520627446,-9.249150923559345,true,0.0,5.6794112312586265,-0.05291997571354051,0.05291997571354051,101.64133400115932,-9.240787459258396,92.40054654190092,110.00079307438726,463.0046933001667,100.0,0.08,0.6,0.27,1.0,false
0.02,0.02,0.0,0.001,0.2,0.275,0.15,1.0,10.0,2.0,10.732074523241796,88.22081898604905,-5.6794112312586265,-2.0885879520627446,-2.0885879520627446,-9.249150923559345,true,0.0,5.6794112312586265,-0.05291997571354051,0.05291997571354051,101.64133400115932,-9.240787459258396,92.40054654190092,110.00079307438726,463.0046933001667,100.0,0.08,0.6,0.27,1.0,false
