gross_delta,delta,iota,kappa,lambda,sigmah,sigmal,mu_b,m,c,p,vb,debt_diff,eq_deriv,eq_deriv_min_val,eq_min_val,eq_negative,eq_vb,abs_debt_diff,debt_per_diff,abs_debt_per_diff,debt,equity,firm_value,leverage,ROE,V0,r,alpha,pi,xi,opt
0.02,0.02,0.0,0.003,0.75,0.225,0.15,1.0,7.0,2.0,11.042179217921792,91.21193104058273,-5.801140939446356,-0.7562441661380009,-0.7562441661380009,-2.112360686107601,true,0.0,5.801140939446356,-0.07505170886701845,0.07505170886701845,71.4941135860062,-1.902226660455897,69.5918869255503,102.73340290728272,-106.67310124242294,100.0,0.08,0.6,0.27,1.0,false
0.02,0.02,0.0,0.003,0.75,0.225,0.15,1.0,7.0,2.0,11.042179217921792,91.21193104058273,-5.8011409394463564,-0.7562441661380009,-0.7562441661380009,-2.1123606861076016,true,0.0,5.8011409394463564,-0.07505170886701847,0.07505170886701847,71.4941135860062,-1.9022266604558973,69.5918869255503,102.73340290728272,-106.67310124242294,100.0,0.08,0.6,0.27,1.0,false
0.02,0.02,0.0,0.003,0.75,0.225,0.15,1.0,7.0,2.0,11.333222795963806,91.21193104058273,-6.989852968186327,-0.7866839597600477,-0.7866839597600477,-2.2296667247726223,true,0.0,6.989852968186327,-0.08810824970124474,0.08810824970124474,72.34270660356032,-2.035071963329768,70.30763464023055,102.8945248602707,-107.35817469250892,100.0,0.08,0.6,0.27,1.0,false
0.02,0.02,0.0,0.003,0.75,0.225,0.15,1.0,7.0,2.0,11.624266374005822,91.21193104058273,-8.218131091519098,-0.8169803322443564,-0.8169803322443564,-2.347347896806126,true,0.0,8.218131091519098,-0.10099723196168416,0.10099723196168416,73.15173352652165,-2.167720055439654,70.984013471082,103.05381444277275,-108.07396655415724,100.0,0.08,0.6,0.27,1.0,false
0.02,0.02,0.0,0.003,0.75,0.225,0.15,1.0,7.0,2.0,11.915309952047837,91.21193104058273,-9.488419688176393,-0.8474101577969834,-0.8474101577969834,-2.466456614986439,true,0.0,9.488419688176393,-0.11376024059276607,0.11376024059276607,73.91874997615847,-2.300483807284559,71.6182661688739,103.21214674739554,-108.82045072679274,100.0,0.08,0.6,0.27,1.0,false
0.02,0.02,0.0,0.003,0.75,0.225,0.15,1.0,7.0,2.0,12.206353530089851,91.21193104058273,-10.798748458438197,-0.8778399835257631,-0.8778399835257631,-2.586387978141581,true,0.0,10.798748458438197,-0.1263832271777648,0.1263832271777648,74.64572625219076,-2.4332475604632995,72.21247869172745,103.36956659644763,-109.59699175242021,100.0,0.08,0.6,0.27,1.0,false
