gross_delta,delta,iota,kappa,lambda,sigmah,sigmal,mu_b,m,c,p,vb,debt_diff,eq_deriv,eq_deriv_min_val,eq_min_val,eq_negative,eq_vb,abs_debt_diff,debt_per_diff,abs_debt_per_diff,debt,equity,firm_value,leverage,ROE,V0,r,alpha,pi,xi,opt
0.02,0.02,0.0,0.001,0.1,0.2,0.15,1.0,7.0,9.0,8.608326622135896,100.0,-0.2582839707654543,-0.3025574602746428,-0.3025574602746428,-0.11706831716552629,true,0.0,0.2582839707654543,-0.004286281379527344,0.004286281379527344,60.00000238418582,0.04118305376000087,60.04118543794582,99.93140865980642,-99.89704235946324,100.0,0.08,0.6,0.27,1.0,false
0.02,0.02,0.0,0.001,0.1,0.2,0.15,1.0,7.0,9.0,9.47602128633916,100.0,-6.332146620188297,-0.3987472427627845,-0.3987472427627845,-0.20025416357165268,true,0.0,6.332146620188297,-0.09546120117065314,0.09546120117065314,60.00000238418582,0.05482889476581923,60.05483127895164,99.9087019418785,-99.8629277549153,100.0,0.08,0.6,0.27,1.0,false
0.02,0.02,0.0,0.001,0.1,0.2,0.15,1.0,7.0,9.0,9.692536408733476,99.38239946545919,0.0003466146978165774,-0.3997158972250574,-0.3997158972250574,-0.19745850254024438,true,0.0,0.0003466146978165774,-0.0077965930655288845,0.0077965930655288845,67.84810147583217,0.19296646941235754,68.04106794524452,99.7163970595411,-99.39982869357681,100.0,0.08,0.6,0.27,1.0,false
0.02,0.02,0.0,0.001,0.1,0.2,0.15,1.0,7.0,9.0,10.632947505276842,96.76192664626288,27.11065744470301,-0.34349808578941843,-0.34349808578941843,-0.13559728244459124,true,0.0,27.11065744470301,0.36424058913174934,0.36424058913174934,101.5412899816409,0.7979225883812564,102.33921257002216,99.22031588054745,-151.76979010346682,100.0,0.08,0.6,0.27,1.0,false
0.02,0.02,0.0,0.001,0.1,0.2,0.15,1.0,7.0,9.0,11.500642169480106,97.01107945141001,19.011999765880816,-0.2558670998892881,-0.2558670998892881,-0.07377912673486278,true,0.0,19.011999765880816,0.23616072272572766,0.23616072272572766,99.51649495224156,0.8614012559696446,100.3778962082112,99.14184169173772,78.1576552226605,100.0,0.08,0.6,0.27,1.0,false
0.02,0.02,0.0,0.001,0.1,0.2,0.15,1.0,7.0,9.0,12.368336833683367,96.90605840195568,15.077938524780876,-0.14087207514418398,-0.14087207514418398,-0.02157543882279321,true,0.0,15.077938524780876,0.1741536672869191,0.1741536672869191,101.65629636056444,1.2898086000247733,102.94610496058921,98.74710305890781,-177.87305646105668,100.0,0.08,0.6,0.27,1.0,false
