gross_delta,delta,iota,kappa,lambda,sigmah,sigmal,mu_b,m,c,p,vb,debt_diff,eq_deriv,eq_deriv_min_val,eq_min_val,eq_negative,eq_vb,abs_debt_diff,debt_per_diff,abs_debt_per_diff,debt,equity,firm_value,leverage,ROE,V0,r,alpha,pi,xi,opt
0.02,0.02,0.0,0.001,0.1,0.2,0.15,1.0,7.0,1.0,9.906603818276565,75.21487782812254,1.270955533207399,0.8210635360214159,0.8210635360214159,0.055252671729062154,false,0.0,1.270955533207399,0.01832768116127936,0.01832768116127936,70.61718226114336,25.099470804428712,95.71665306557207,73.77732087306275,-14.577726930400948,100.0,0.08,0.6,0.27,1.0,false
0.02,0.02,0.0,0.001,0.1,0.2,0.15,1.0,7.0,1.0,11.060824503502982,64.45182703806277,0.6410507173404199,2.0985567725957666e-6,2.0985567725957666e-6,0.00034969700357633015,false,0.0,0.6410507173404199,0.00827955220488049,0.00827955220488049,78.06682224186129,33.17481189130896,111.24163413317025,70.17770176623391,51.25401461262873,100.0,0.08,0.6,0.27,1.0,false
0.02,0.02,0.0,0.001,0.1,0.2,0.15,1.0,7.0,1.0,11.291668640548265,65.71276740858107,0.009474935980463783,-2.287445717735412e-6,-2.287445717735412e-6,0.00041950306650169467,false,0.0,0.009474935980463783,0.0001198726535476581,0.0001198726535476581,79.05115541981831,31.549437648359735,110.60059306817806,71.4744408025809,50.60228036732188,100.0,0.08,0.6,0.27,1.0,false
0.02,0.02,0.0,0.001,0.1,0.2,0.15,1.0,7.0,1.0,11.295708453344686,65.72688019890846,8.057180576480597e-6,-0.0002776464316943981,-0.0002776464316943981,0.0014873237632296332,false,0.0,8.057180576480597e-6,-1.5083874702198338e-8,1.5083874702198338e-8,79.06996723059339,31.527252172436114,110.5972194030295,71.49363036194696,50.63164267243501,100.0,0.08,0.6,0.27,1.0,false
0.02,0.02,0.0,0.001,0.1,0.2,0.15,1.0,7.0,1.0,11.52251277759355,64.7452799632821,-0.3567622681472358,-0.12064067301849407,-0.12064067301849407,-0.034638047370705104,true,0.0,0.3567622681472358,-0.004423170474226378,0.004423170474226378,80.30082717500761,32.371729077780785,112.6725562527884,71.26919797119659,64.3303978566587,100.0,0.08,0.6,0.27,1.0,false
0.02,0.02,0.0,0.001,0.1,0.2,0.15,1.0,7.0,1.0,11.753356914638832,55.516442078704586,-0.13162408822674365,-0.7835053296775512,-0.7835053296775512,-0.9169175881180907,true,0.0,0.13162408822674365,-0.0015998358011088188,0.0015998358011088188,82.14187431424509,43.80300722888585,125.94488154313095,65.22049432085485,145.28334047859613,100.0,0.08,0.6,0.27,1.0,false
