gross_delta,delta,iota,kappa,lambda,sigmah,sigmal,mu_b,m,c,p,vb,debt_diff,eq_deriv,eq_deriv_min_val,eq_min_val,eq_negative,eq_vb,abs_debt_diff,debt_per_diff,abs_debt_per_diff,debt,equity,firm_value,leverage,ROE,V0,r,alpha,pi,xi,opt
0.02,0.02,0.0,0.001,0.1,0.2,0.15,1.0,7.0,6.0,10.997085234839272,98.63962143112249,-4.881988848542505,-1.2503558148059535e-6,-1.2503558148059535e-6,0.001871947781109086,false,0.0,4.881988848542505,-0.06341925732772666,0.06341925732772666,72.0976077953324,0.20811878367686099,72.30572657900926,99.71216832535464,-99.25411849224152,100.0,0.08,0.6,0.27,1.0,false
0.02,0.02,0.0,0.001,0.1,0.2,0.15,1.0,7.0,6.0,12.137009753606938,99.43416761354908,-19.577832906835766,-0.22033650714685907,-0.22033650714685907,-0.08313239103028428,true,0.0,19.577832906835766,-0.2304384135123507,0.2304384135123507,65.3812353684128,-0.06909628457892904,65.31213908383387,100.10579393899539,-100.19959199964023,100.0,0.08,0.6,0.27,1.0,false
0.02,0.02,0.0,0.001,0.1,0.2,0.15,1.0,7.0,6.0,14.131877661450353,97.87091705907048,-18.18345050122285,-0.5420009507984258,-0.5420009507984258,-0.45984659252181614,true,0.0,18.18345050122285,-0.18381391688486945,0.18381391688486945,80.73969312892963,-0.4525432960637384,80.2871498328659,100.56365594868643,-102.34961622934198,100.0,0.08,0.6,0.27,1.0,false
0.02,0.02,0.0,0.001,0.1,0.2,0.15,1.0,7.0,6.0,14.41685879114227,97.15915301660053,-13.554265160639815,-0.5648913608242857,-0.5648913608242857,-0.4877156863860569,true,0.0,13.554265160639815,-0.134309673308779,0.134309673308779,87.36374637735607,-0.37966101994874707,86.98408535740732,100.43647181940094,-103.00453782653113,100.0,0.08,0.6,0.27,1.0,false
0.02,0.02,0.0,0.001,0.1,0.2,0.15,1.0,7.0,6.0,14.610590900427926,95.34008799323841,0.0009856293747230183,-0.569440929888301,-0.569440929888301,-0.4735985086693811,true,0.0,0.0009856293747230183,-0.0005610704783911291,0.0005610704783911291,102.27512193237021,0.7626207721838554,103.03774270455406,99.2598626948083,-133.51999562455805,100.0,0.08,0.6,0.27,1.0,false
0.02,0.02,0.0,0.001,0.1,0.2,0.15,1.0,7.0,6.0,14.701839920834185,93.82695804907723,11.47866151615645,-0.567030160342141,-0.567030160342141,-0.4518902964028333,true,0.0,11.47866151615645,0.11153765765729456,0.11153765765729456,114.39154096199574,1.847061228947967,116.23860219094371,98.41097432855067,-112.83435341514551,100.0,0.08,0.6,0.27,1.0,false
