gross_delta,delta,iota,kappa,lambda,sigmah,sigmal,mu_b,m,c,p,vb,debt_diff,eq_deriv,eq_deriv_min_val,eq_min_val,eq_negative,eq_vb,abs_debt_diff,debt_per_diff,abs_debt_per_diff,debt,equity,firm_value,leverage,ROE,V0,r,alpha,pi,xi,opt
0.02,0.02,0.0,0.003,0.1,0.25,0.15,1.0,7.0,3.0,13.485982808807195,91.21193104058273,-0.160822547842983,-0.3832407997104679,-0.3832407997104679,-0.3524339268638518,true,0.0,0.160822547842983,-0.0017035947633605778,0.0017035947633605778,94.24105711380739,2.644415094056175,96.88547220786356,97.27057624451405,-54.08158847353206,100.0,0.08,0.6,0.27,1.0,false
0.02,0.02,0.0,0.003,0.1,0.25,0.15,1.0,7.0,3.0,13.485982808807195,91.21193104058273,-0.1608225478429828,-0.3832407997104678,-0.3832407997104678,-0.35243392686385167,true,0.0,0.1608225478429828,-0.0017035947633605758,0.0017035947633605758,94.24105711380739,2.644415094056175,96.88547220786356,97.27057624451405,-54.08158847353206,100.0,0.08,0.6,0.27,1.0,false
0.02,0.02,0.0,0.003,0.1,0.25,0.15,1.0,7.0,3.0,13.788748611703275,91.21193104058273,-1.775541223471535,-0.4500753563583669,-0.4500753563583669,-0.47638145864053466,true,0.0,1.775541223471535,-0.018395341981572826,0.018395341981572826,94.7456990584514,2.2754453039372047,97.0211443623886,97.65469133672752,-56.69366240627702,100.0,0.08,0.6,0.27,1.0,false
0.02,0.02,0.0,0.003,0.1,0.25,0.15,1.0,7.0,3.0,15.302577626183671,88.82415130835736,-2.456420428846741,-0.8726866122164523,-0.8726866122164523,-1.5311127989593811,true,0.0,2.456420428846741,-0.02293190158503242,0.02293190158503242,104.66162295443895,1.8641865890431777,106.52580954348213,98.25001415428602,-139.99007657339675,100.0,0.08,0.6,0.27,1.0,false
0.02,0.02,0.0,0.003,0.1,0.25,0.15,1.0,7.0,3.0,15.605343429079749,88.46702066376712,-2.529080560454389,-0.9421374680479974,-0.9421374680479974,-1.743036744623296,true,0.0,2.529080560454389,-0.023152148144897404,0.023152148144897404,106.70832344310385,1.7527692266180417,108.46109266972189,98.38396499290722,-126.12827543996686,100.0,0.08,0.6,0.27,1.0,false
0.02,0.02,0.0,0.003,0.1,0.25,0.15,1.0,7.0,3.0,15.908109231975828,88.15018154344385,-2.447227810560733,-1.004748102459463,-1.004748102459463,-1.9403321867365722,true,0.0,2.447227810560733,-0.02197646293718753,0.02197646293718753,108.90953681327007,1.6523091630530045,110.56184597632307,98.50553403078413,-118.54539913446473,100.0,0.08,0.6,0.27,1.0,false
