gross_delta,delta,iota,kappa,lambda,sigmah,sigmal,mu_b,m,c,p,vb,debt_diff,eq_deriv,eq_deriv_min_val,eq_min_val,eq_negative,eq_vb,abs_debt_diff,debt_per_diff,abs_debt_per_diff,debt,equity,firm_value,leverage,ROE,V0,r,alpha,pi,xi,opt
0.02,0.02,0.0,0.003,0.1,0.25,0.15,1.0,7.0,1.0,9.986761834078145,74.86349235674662,0.48941563137282174,0.3794588700274192,0.3794588700274192,0.03507913056157322,false,0.0,0.48941563137282174,0.007000919810560377,0.007000919810560377,70.39674846991983,19.59770290980419,89.99445137972401,78.22343199014202,-33.79881635674121,100.0,0.08,0.6,0.27,1.0,false
0.02,0.02,0.0,0.003,0.1,0.25,0.15,1.0,7.0,1.0,10.514085619088224,69.1946355421225,0.33911149843291355,0.013045571715651304,0.013045571715651304,0.0017999166341166638,false,0.0,0.33911149843291355,0.004607580871148697,0.004607580871148697,73.93771083205048,23.61524998633347,97.55296081838395,75.79238006901873,-9.389195115774129,100.0,0.08,0.6,0.27,1.0,false
0.02,0.02,0.0,0.003,0.1,0.25,0.15,1.0,7.0,1.0,10.777747511593263,69.64748709819463,-0.3329577209992749,-0.03272380323092324,-0.03272380323092324,-0.0033691017927554826,false,0.0,0.3329577209992749,-0.004413295882374088,0.004413295882374088,75.11127486015357,22.948462649332345,98.05973750948591,76.59746677670599,-7.79574879634054,100.0,0.08,0.6,0.27,1.0,false
0.02,0.02,0.0,0.003,0.1,0.25,0.15,1.0,7.0,1.0,11.041409404098305,64.04106642514631,-0.15771568909472933,-0.38703619322199934,-0.38703619322199934,-0.3541450633197154,true,0.0,0.15771568909472933,-0.002040573979573258,0.002040573979573258,77.1321501395934,28.29335111843077,105.42550125802418,73.16270657401564,23.72545425627397,100.0,0.08,0.6,0.27,1.0,false
0.02,0.02,0.0,0.003,0.1,0.25,0.15,1.0,7.0,1.0,11.182137709887002,57.58453895571523,-4.310555554599277e-7,-0.8396091206492655,-0.8396091206492655,-1.1376838261224858,true,0.0,4.310555554599277e-7,6.403285758512612e-5,6.403285758512612e-5,78.27496353815346,36.82249604491332,115.09745958306678,68.00755101085596,69.49336821404606,100.0,0.08,0.6,0.27,1.0,false
0.02,0.02,0.0,0.003,0.1,0.25,0.15,1.0,7.0,1.0,11.305071296603344,49.68027958703151,-0.03201002231719485,-1.4510532216698189,-1.4510532216698189,-2.413827216773315,true,0.0,0.03201002231719485,-0.0004044963725617344,0.0004044963725617344,79.10348905390622,49.10820948171129,128.2116985356175,61.69755954986517,135.00674159621448,100.0,0.08,0.6,0.27,1.0,false
