gross_delta,delta,iota,kappa,lambda,sigmah,sigmal,V0,r,alpha,pi,xi,mu_b,m,c,p,vb,sg_debt,debt,debt_diff,abs_debt_diff,debt_per_diff,abs_debt_per_diff,eq_vb,eq_min_val,sg_equity,equity,eq_negative,firm_value,leverage,ROE,cvml_vb,cvmh_vb,eq_deriv
0.02,0.018000000000000002,0.002,0.01,NaN,NaN,0.25,100.0,0.08,0.6,0.27,1.0,1.0,1.0,2.7504750475047506,30.561254999708883,35.2826149576566,30.561222318507788,30.561221483414556,-3.3516294326574325e-5,3.3516294326574325e-5,-1.0966923422121764e-6,1.0966923422121764e-6,1.6697754290362354e-13,NaN,63.15250091131969,63.15247638002658,false,93.71369786344113,32.61126407363428,-9.053013706249724,NaN,NaN,NaN
