gross_delta,delta,iota,kappa,lambda,sigmah,sigmal,mu_b,m,c,p,vb,debt_diff,eq_deriv,eq_deriv_min_val,eq_min_val,eq_negative,eq_vb,abs_debt_diff,debt_per_diff,abs_debt_per_diff,debt,equity,firm_value,leverage,ROE,V0,r,alpha,pi,xi,opt
0.02,0.02,0.0,0.005,0.2,0.25,0.15,1.0,10.0,1.0,7.161318763455292,92.20220962998592,-1.879172415583085,-0.07920529733785603,-0.07920529733785603,-0.04176415727788154,true,0.0,1.879172415583085,-0.026240591679463177,0.026240591679463177,69.73401521896984,1.144373763482479,70.87838898245232,98.3854404989851,-96.21894423141407,100.0,0.08,0.6,0.27,1.0,false
0.02,0.02,0.0,0.005,0.2,0.25,0.15,1.0,10.0,1.0,8.205811370610745,83.36602222359652,-1.0413903774144018,-0.4092213951821678,-0.4092213951821678,-0.6983102767340896,true,0.0,1.0413903774144018,-0.012690888571289359,0.012690888571289359,81.01672332869305,3.8137737028906855,84.83049703158373,95.50424218135754,-79.90982395228339,100.0,0.08,0.6,0.27,1.0,false
0.02,0.02,0.0,0.005,0.2,0.25,0.15,1.0,10.0,1.0,8.623608413472926,78.49395802878384,-0.6648203981585397,-0.6078020828389379,-0.6078020828389379,-1.23090515123237,true,0.0,0.6648203981585397,-0.0077093064327906,0.0077093064327906,85.57126373657071,6.601255571822568,92.17251930839328,92.83815217230213,-54.24924642531623,100.0,0.08,0.6,0.27,1.0,false
0.02,0.02,0.0,0.005,0.2,0.25,0.15,1.0,10.0,1.0,8.832506934904016,74.59639637523851,-0.377826398302048,-0.772355640190416,-0.772355640190416,-1.685176923060426,true,0.0,0.377826398302048,-0.004277680177175586,0.004277680177175586,87.94724295073812,9.627715521963546,97.57495847270167,90.13300577047431,-20.120222430326418,100.0,0.08,0.6,0.27,1.0,false
0.02,0.02,0.0,0.005,0.2,0.25,0.15,1.0,10.0,1.0,8.96037290954652,71.31058526718525,-0.30201744327039326,-0.927833416592664,-0.927833416592664,-2.1142226274908773,true,0.0,0.30201744327039326,-0.0033552907429760708,0.0033552907429760708,89.3017116521948,12.765225625182147,102.06693727737695,87.49328042391299,19.320261430427642,100.0,0.08,0.6,0.27,1.0,false
0.02,0.02,0.0,0.005,0.2,0.25,0.15,1.0,10.0,1.0,9.041405456335108,68.74973153167785,-0.34189660875915706,-1.0586415464771854,-1.0586415464771854,-2.4744062065122545,true,0.0,0.34189660875915706,-0.0037814542264510203,0.0037814542264510203,90.07215795459192,15.497924002282392,105.5700819568743,85.31977647927437,56.10566658290694,100.0,0.08,0.6,0.27,1.0,false
