gross_delta,delta,iota,kappa,lambda,sigmah,sigmal,V0,r,alpha,pi,xi,mu_b,m,c,p,vb,sg_debt,debt,debt_diff,abs_debt_diff,debt_per_diff,abs_debt_per_diff,eq_vb,eq_min_val,sg_equity,equity,eq_negative,firm_value,leverage,ROE,cvml_vb,cvmh_vb,eq_deriv
0.02,0.0175,0.0025,0.015000000000000001,NaN,NaN,0.15,100.0,0.08,0.6,0.27,1.0,1.0,10.0,0.6885938593859386,6.700655082178028,63.61763844311577,67.0039862616155,67.84307416626567,0.8365233444853857,0.8365233444853857,0.012484202428361322,0.012484202428361322,5.329070518200751e-15,NaN,27.868995631803408,27.882022522342638,false,95.7250966886083,70.87281863705789,-13.293880557783588,NaN,NaN,NaN
