gross_delta,delta,iota,kappa,lambda,sigmah,sigmal,mu_b,m,c,p,vb,debt_diff,eq_deriv,eq_deriv_min_val,eq_min_val,eq_negative,eq_vb,abs_debt_diff,debt_per_diff,abs_debt_per_diff,debt,equity,firm_value,leverage,ROE,V0,r,alpha,pi,xi,opt
0.02,0.02,0.0,0.0025,0.3,0.275,0.15,1.0,7.0,5.0,11.402442875866534,91.21193104058273,24.79089105262662,-2.3990005184041268,-2.3990005184041268,-9.367782476684344,true,0.0,24.79089105262662,0.3105962382987868,0.3105962382987868,104.60799118369235,-9.249781418274106,95.35820976541824,109.70003677819523,100.73348775078004,100.0,0.08,0.6,0.27,1.0,false
0.02,0.02,0.0,0.0025,0.3,0.275,0.15,1.0,7.0,5.0,11.715834741368873,91.21193104058273,23.908178121032236,-2.4412306829655424,-2.4412306829655424,-9.659150259114739,true,0.0,23.908178121032236,0.2915245983481036,0.2915245983481036,105.91902131061435,-9.512035349480792,96.40698596113356,109.86654157336231,60.70284005268274,100.0,0.08,0.6,0.27,1.0,false
0.02,0.02,0.0,0.0025,0.3,0.275,0.15,1.0,7.0,5.0,12.029226606871212,91.21193104058273,23.605598950902092,-2.4721921883363236,-2.4721921883363236,-9.90097383509806,true,0.0,23.605598950902092,0.28033626198638506,0.28033626198638506,107.81018519900057,-9.723179769169219,98.08700542983135,109.91281131130557,24.493587814197326,100.0,0.08,0.6,0.27,1.0,false
0.02,0.02,0.0,0.0025,0.3,0.275,0.15,1.0,7.0,5.0,12.030912671968267,91.21193104058275,23.605590103784824,-2.4723271116231107,-2.4723271116231107,-9.902122377292628,true,0.0,23.605590103784824,0.28029687000522,0.28029687000522,107.8219788075627,-9.724159360750791,98.09781944681191,109.91271713845094,24.31840586615963,100.0,0.08,0.6,0.27,1.0,false
0.02,0.02,0.0,0.0025,0.3,0.275,0.15,1.0,7.0,5.0,12.342618472373552,91.21193104058273,23.910898205851367,-2.4915992569479544,-2.4915992569479544,-10.083753690735499,true,0.0,23.910898205851367,0.27675185848785494,0.27675185848785494,110.30922751246624,-9.874826878628603,100.43440063383764,109.83211610395338,-4.213706927239135,100.0,0.08,0.6,0.27,1.0,false
0.02,0.02,0.0,0.0025,0.3,0.275,0.15,1.0,7.0,5.0,12.656010337875891,91.21193104058273,24.85200750363738,-2.500623333661721,-2.500623333661721,-10.200901612210853,true,0.0,24.85200750363738,0.2805217988491127,0.2805217988491127,113.44407986876861,-9.965198922397388,103.47888094637122,109.63017654545561,-25.876675684238304,100.0,0.08,0.6,0.27,1.0,false
