gross_delta,delta,iota,kappa,lambda,sigmah,sigmal,mu_b,m,c,p,vb,debt_diff,eq_deriv,eq_deriv_min_val,eq_min_val,eq_negative,eq_vb,abs_debt_diff,debt_per_diff,abs_debt_per_diff,debt,equity,firm_value,leverage,ROE,V0,r,alpha,pi,xi,opt
0.02,0.02,0.0,0.001,0.2,0.35,0.15,1.0,7.0,2.0,12.396351477252988,88.54306276977515,-2.1020374812443805,-0.9002184705344396,-0.9002184705344396,-2.5367410430637807,true,0.0,2.1020374812443805,-0.02422414928297445,0.02422414928297445,84.67242285952653,-1.7346213829560386,82.9378014765705,102.09147258798035,-111.31699659416921,100.0,0.08,0.6,0.27,1.0,false
0.02,0.02,0.0,0.001,0.2,0.35,0.15,1.0,7.0,2.0,13.87622051678852,81.54513713174279,-0.7989197874834559,-1.4617381274684347,-1.4617381274684347,-4.7573389623557,true,0.0,0.7989197874834559,-0.008224962847328444,0.008224962847328444,96.33462383003618,-0.9000687391082632,95.43455509092792,100.94312666753747,-124.55597181222322,100.0,0.08,0.6,0.27,1.0,false
0.02,0.02,0.0,0.001,0.2,0.35,0.15,1.0,7.0,2.0,14.616155036556286,76.70500066144203,-0.6142458907363562,-1.8907750729165842,-1.8907750729165842,-6.408685515837116,true,0.0,0.6142458907363562,-0.00600359073524245,0.00600359073524245,101.69883936515765,1.2821629006966957,102.98100226585434,98.75495200815129,-175.47287442198578,100.0,0.08,0.6,0.27,1.0,false
0.02,0.02,0.0,0.001,0.2,0.35,0.15,1.0,7.0,2.0,14.986122296440168,73.39166319349042,-0.571251716011588,-2.1787869152640655,-2.1787869152640655,-7.462988063709146,true,0.0,0.571251716011588,-0.005445530630765011,0.005445530630765011,104.33160435906959,3.7180825073305988,108.04968686640018,96.55891413000772,-185.83615213022892,100.0,0.08,0.6,0.27,1.0,false
0.02,0.02,0.0,0.001,0.2,0.35,0.15,1.0,7.0,2.0,15.356089556324052,68.84521973258383,-0.3691614669902066,-2.474444921899857,-2.474444921899857,-8.344500931473483,true,0.0,0.3691614669902066,-0.0034342957061912747,0.0034342957061912747,107.12346542727816,8.541614116376236,115.6650795436544,92.61521787727432,-219.90812903600965,100.0,0.08,0.6,0.27,1.0,false
0.02,0.02,0.0,0.001,0.2,0.35,0.15,1.0,7.0,2.0,15.356089556324052,68.84521973258383,-0.3691614669902066,-2.474444921899857,-2.474444921899857,-8.344500931473483,true,0.0,0.3691614669902066,-0.0034342957061912747,0.0034342957061912747,107.12346542727816,8.541614116376236,115.6650795436544,92.61521787727432,-219.90812903600965,100.0,0.08,0.6,0.27,1.0,false
