gross_delta,delta,iota,kappa,lambda,sigmah,sigmal,mu_b,m,c,p,vb,debt_diff,eq_deriv,eq_deriv_min_val,eq_min_val,eq_negative,eq_vb,abs_debt_diff,debt_per_diff,abs_debt_per_diff,debt,equity,firm_value,leverage,ROE,V0,r,alpha,pi,xi,opt
0.02,0.02,0.0,0.001,0.2,0.35,0.15,1.0,7.0,3.0,13.978922892289228,90.546062614734,-2.881545638337954,-1.615843212916392,-1.615843212916392,-5.711576757822282,true,0.0,2.881545638337954,-0.02944786090296612,0.02944786090296612,94.97091460768664,-5.691153872400903,89.27976073528573,106.37451738840917,-213.16478899124425,100.0,0.08,0.6,0.27,1.0,false
0.02,0.02,0.0,0.001,0.2,0.35,0.15,1.0,7.0,3.0,16.07913291329133,84.65296090664486,-2.3473967743115622,-2.346262361322559,-2.346262361322559,-9.157894916499043,true,0.0,2.3473967743115622,-0.020855751248440926,0.020855751248440926,110.20653361872773,-7.7457702052792925,102.46076341344843,107.55974281981841,-24.10968802310357,100.0,0.08,0.6,0.27,1.0,false
0.02,0.02,0.0,0.001,0.2,0.35,0.15,1.0,7.0,3.0,16.42916791679168,83.8383174749115,-1.914135978877468,-2.430860763136818,-2.430860763136818,-9.571870155554134,true,0.0,1.914135978877468,-0.016644056373847988,0.016644056373847988,113.09003943866429,-7.798142038379659,105.29189740028463,107.40621285295462,-40.42690188276941,100.0,0.08,0.6,0.27,1.0,false
0.02,0.02,0.0,0.001,0.2,0.35,0.15,1.0,7.0,3.0,16.77920292029203,83.10291670057973,-1.2760468038734984,-2.4938869639208674,-2.4938869639208674,-9.846177712350995,true,0.0,1.2760468038734984,-0.01086418713804936,0.01086418713804936,116.17837363817071,-7.705648862298298,108.47272477587241,107.10376629537038,-52.37068302021504,100.0,0.08,0.6,0.27,1.0,false
0.02,0.02,0.0,0.001,0.2,0.35,0.15,1.0,7.0,3.0,16.911328453968608,82.94080684687219,-1.1904342178383516,-2.5108824446963913,-2.5108824446963913,-9.920929968863163,true,0.0,1.1904342178383516,-0.01003281799522222,0.01003281799522222,117.18886495994192,-7.706920303582231,109.48194465635969,107.03944410904703,-55.16329716044107,100.0,0.08,0.6,0.27,1.0,false
0.02,0.02,0.0,0.001,0.2,0.35,0.15,1.0,7.0,3.0,17.129237923792378,82.93420095924222,-1.5082389599091215,-2.5294831341825557,-2.5294831341825557,-10.021624012718844,true,0.0,1.5082389599091215,-0.012578651164578075,0.012578651164578075,118.39642650663752,-7.849625342589124,110.5468011640484,107.10072590064411,-57.33070583160844,100.0,0.08,0.6,0.27,1.0,false
