gross_delta,delta,iota,kappa,lambda,sigmah,sigmal,V0,r,alpha,pi,xi,mu_b,m,c,p,vb,sg_debt,debt,debt_diff,abs_debt_diff,debt_per_diff,abs_debt_per_diff,eq_vb,eq_min_val,sg_equity,equity,eq_negative,firm_value,leverage,ROE,cvml_vb,cvmh_vb,eq_deriv
0.02,0.0185,0.0015,0.0025,NaN,NaN,0.25,100.0,0.08,0.6,0.27,1.0,1.0,10.0,0.7045204520452045,6.894815370331474,52.67649312508821,68.94764683342564,69.02058039350685,0.07242669019210268,0.07242669019210268,0.0010504514813225623,0.0010504514813225623,-9.059419880941277e-14,NaN,35.24034678822181,35.143923735005515,false,104.16450412851236,66.26113278315337,13.442808746615453,NaN,NaN,NaN
