gross_delta,delta,iota,kappa,lambda,sigmah,sigmal,mu_b,m,c,p,vb,debt_diff,eq_deriv,eq_deriv_min_val,eq_min_val,eq_negative,eq_vb,abs_debt_diff,debt_per_diff,abs_debt_per_diff,debt,equity,firm_value,leverage,ROE,V0,r,alpha,pi,xi,opt
0.02,0.02,0.0,0.004,0.1,0.275,0.15,1.0,10.0,1.0,8.55182097157084,84.43698000731477,-3.2883352424205725,-0.16549480515774878,-0.16549480515774878,-0.11815401572715184,true,0.0,3.2883352424205725,-0.038451871868601044,0.038451871868601044,82.22987447328784,5.91584651709627,88.1457209903841,93.28856074846601,-66.70903360697406,100.0,0.08,0.6,0.27,1.0,false
0.02,0.02,0.0,0.004,0.1,0.275,0.15,1.0,10.0,1.0,8.776132876445539,81.39515930924671,-2.0786122899567943,-0.3241529524272438,-0.3241529524272438,-0.3920785089339717,true,0.0,2.0786122899567943,-0.023684831567849535,0.023684831567849535,85.68271647449859,7.311570473260097,92.99428694775868,92.13761327363314,-48.931859453387226,100.0,0.08,0.6,0.27,1.0,false
0.02,0.02,0.0,0.004,0.1,0.275,0.15,1.0,10.0,1.0,9.224756686194935,76.68223436635087,-1.4737416160982804,-0.6240491159479129,-0.6240491159479129,-1.151034401418424,true,0.0,1.4737416160982804,-0.01597594024679013,0.01597594024679013,90.77382524585107,9.807033219369197,100.58085846522027,90.24960278822797,6.295766996599128,100.0,0.08,0.6,0.27,1.0,false
0.02,0.02,0.0,0.004,0.1,0.275,0.15,1.0,10.0,1.0,9.673380495944329,70.26344315966826,-1.0252171774996697,-1.0669217316885438,-1.0669217316885438,-2.5022836919948124,true,0.0,1.0252171774996697,-0.010598334035650756,0.010598334035650756,95.70858778194362,14.721118830157177,110.4297066121008,86.6692402961215,243.0366993927353,100.0,0.08,0.6,0.27,1.0,false
0.02,0.02,0.0,0.004,0.1,0.275,0.15,1.0,10.0,1.0,9.897692400819027,63.70632172125078,-0.48702036570159635,-1.5192718224498567,-1.5192718224498567,-3.866750939120042,true,0.0,0.48702036570159635,-0.004920544567148761,0.004920544567148761,98.48990364248867,22.08149979369128,120.57140343617995,81.68595606886228,1362.2576687809544,100.0,0.08,0.6,0.27,1.0,false
0.02,0.02,0.0,0.004,0.1,0.275,0.15,1.0,10.0,1.0,9.897692400819027,63.70632172125078,-0.48702036570159635,-1.5192718224498567,-1.5192718224498567,-3.866750939120042,true,0.0,0.48702036570159635,-0.004920544567148761,0.004920544567148761,98.48990364248867,22.08149979369128,120.57140343617995,81.68595606886228,1362.2576687809544,100.0,0.08,0.6,0.27,1.0,false
