gross_delta,delta,iota,kappa,lambda,sigmah,sigmal,mu_b,m,c,p,vb,debt_diff,eq_deriv,eq_deriv_min_val,eq_min_val,eq_negative,eq_vb,abs_debt_diff,debt_per_diff,abs_debt_per_diff,debt,equity,firm_value,leverage,ROE,V0,r,alpha,pi,xi,opt
0.02,0.02,0.0,0.004,0.1,0.275,0.15,1.0,10.0,4.0,5.95311504834694,100.0,0.4688519007161034,-1.4116567949640604,-1.4116567949640604,-3.921962924055698,true,0.0,0.4688519007161034,0.007875740631726814,0.007875740631726814,60.00000238418551,0.26057398594986214,60.26057637013537,99.56758796273478,-99.3485649962968,100.0,0.08,0.6,0.27,1.0,false
0.02,0.02,0.0,0.004,0.1,0.275,0.15,1.0,10.0,4.0,5.999997151015562,100.0,3.087402988085448e-5,-1.4207460428780727,-1.4207460428780727,-3.9662972125173237,true,0.0,3.087402988085448e-5,8.747152254847865e-7,8.747152254847865e-7,60.00000238418551,0.26197070995693755,60.26197309414245,99.56528023145262,-99.34507318607098,100.0,0.08,0.6,0.27,1.0,false
0.02,0.02,0.0,0.004,0.1,0.275,0.15,1.0,10.0,4.0,6.0645893536722095,100.0,-0.645891152536592,-1.4329382248154812,-1.4329382248154812,-4.02617772164906,true,0.0,0.645891152536592,-0.010650204240877318,0.010650204240877318,60.00000238418551,0.26445869442928,60.26446107861479,99.56116973470601,-99.33885322451938,100.0,0.08,0.6,0.27,1.0,false
0.02,0.02,0.0,0.004,0.1,0.275,0.15,1.0,10.0,4.0,6.399012269648018,100.0,-3.990120312294671,-1.491859768528456,-1.491859768528456,-4.320878692189216,true,0.0,3.990120312294671,-0.062355253344656435,0.062355253344656435,60.00000238418551,0.28027143946187155,60.28027382364738,99.53505280967731,-99.29932135958163,100.0,0.08,0.6,0.27,1.0,false
0.02,0.02,0.0,0.004,0.1,0.275,0.15,1.0,10.0,4.0,6.510486574973287,100.0,-5.104863365547359,-1.5106665302617384,-1.5106665302617384,-4.415994958200579,true,0.0,5.104863365547359,-0.0784098593363324,0.0784098593363324,60.00000238418551,0.28376862613750836,60.283771010323015,99.52927857467823,-99.29057839237142,100.0,0.08,0.6,0.27,1.0,false
0.02,0.02,0.0,0.004,0.1,0.275,0.15,1.0,10.0,4.0,6.844909490949095,100.0,-8.449092525305446,-1.5632924966489732,-1.5632924966489732,-4.684660868755401,true,0.0,8.449092525305446,-0.12343614676684234,0.12343614676684234,60.00000238418551,0.293557922589457,60.293560306774964,99.51311894488263,-99.26610514978282,100.0,0.08,0.6,0.27,1.0,false
