gross_delta,delta,iota,kappa,lambda,sigmah,sigmal,mu_b,m,c,p,vb,debt_diff,eq_deriv,eq_deriv_min_val,eq_min_val,eq_negative,eq_vb,abs_debt_diff,debt_per_diff,abs_debt_per_diff,debt,equity,firm_value,leverage,ROE,V0,r,alpha,pi,xi,opt
0.02,0.02,0.0,0.003,0.75,0.35,0.15,1.0,10.0,3.0,7.25588348308515,100.0,-12.558832446666003,-2.049194010113889,-2.049194010113889,-10.583727622353956,true,0.0,12.558832446666003,-0.1730848142192889,0.1730848142192889,60.00000238418551,0.45812627670399625,60.4581286608895,99.24224204941302,-98.85468423997388,100.0,0.08,0.6,0.27,1.0,false
0.02,0.02,0.0,0.003,0.75,0.35,0.15,1.0,10.0,3.0,7.25588348308515,100.0,-12.558832446666003,-2.049194010113889,-2.049194010113889,-10.583727622353953,true,0.0,12.558832446666003,-0.1730848142192889,0.1730848142192889,60.00000238418549,0.4581262767039962,60.458128660889486,99.24224204941302,-98.85468423997388,100.0,0.08,0.6,0.27,1.0,false
0.02,0.02,0.0,0.003,0.75,0.35,0.15,1.0,10.0,3.0,7.5412909712023835,100.0,-15.412907327838326,-2.07986095549115,-2.07986095549115,-10.761427710952416,true,0.0,15.412907327838326,-0.20438022331580838,0.20438022331580838,60.00000238418551,0.4719748782566015,60.47197726244211,99.21951472463306,-98.82006273402877,100.0,0.08,0.6,0.27,1.0,false
0.02,0.02,0.0,0.003,0.75,0.35,0.15,1.0,10.0,3.0,7.969402203378232,100.0,-19.69401964959681,-2.126368219699721,-2.126368219699721,-11.032201839800676,true,0.0,19.69401964959681,-0.24712041313774463,0.24712041313774463,60.00000238418551,0.4825172275730365,60.48251961175854,99.20222035941897,-98.79370685916675,100.0,0.08,0.6,0.27,1.0,false
0.02,0.02,0.0,0.003,0.75,0.35,0.15,1.0,10.0,3.0,8.540217179612698,100.0,-25.402169411941472,-2.188377905423422,-2.188377905423422,-11.393518369002521,true,0.0,25.402169411941472,-0.297441726336677,0.297441726336677,60.00000238418551,0.49657369335350243,60.49657607753901,99.1791705819565,-98.758565692621,100.0,0.08,0.6,0.27,1.0,false
0.02,0.02,0.0,0.003,0.75,0.35,0.15,1.0,10.0,3.0,9.111032155847164,100.0,-31.110319174286133,-2.250145188786466,-2.250145188786466,-11.754157596945324,true,0.0,31.110319174286133,-0.34145768165597506,0.34145768165597506,60.00000238418551,0.5181505756552003,60.518152959840705,99.14380966649951,-98.70462348365156,100.0,0.08,0.6,0.27,1.0,false
