gross_delta,delta,iota,kappa,lambda,sigmah,sigmal,mu_b,m,c,p,vb,debt_diff,eq_deriv,eq_deriv_min_val,eq_min_val,eq_negative,eq_vb,abs_debt_diff,debt_per_diff,abs_debt_per_diff,debt,equity,firm_value,leverage,ROE,V0,r,alpha,pi,xi,opt
0.02,0.02,0.0,0.003,0.75,0.35,0.15,1.0,10.0,2.0,7.292029202920292,100.0,-12.92028964501742,-1.2658885252292758,-1.2658885252292758,-6.08621089641901,true,0.0,12.92028964501742,-0.17718373425936276,0.17718373425936276,60.00000238418551,0.25763743268781825,60.25763981687332,99.57244021924724,-99.35590637988949,100.0,0.08,0.6,0.27,1.0,false
0.02,0.02,0.0,0.003,0.75,0.35,0.15,1.0,10.0,2.0,7.292029202920292,100.00000000000001,-12.920289645017423,-1.265888525229276,-1.265888525229276,-6.086210896419012,true,0.0,12.920289645017423,-0.1771837342593628,0.1771837342593628,60.000002384185514,0.25763743268781825,60.25763981687333,99.57244021924724,-99.35590637988949,100.0,0.08,0.6,0.27,1.0,false
0.02,0.02,0.0,0.003,0.75,0.35,0.15,1.0,10.0,2.0,7.715239945047136,100.0,-17.152397066285857,-1.3116471109932017,-1.3116471109932017,-6.3462592340195325,true,0.0,17.152397066285857,-0.22231838787200628,0.22231838787200628,60.00000238418551,0.27134184163257674,60.27134422581808,99.54979958532874,-99.32164535548547,100.0,0.08,0.6,0.27,1.0,false
0.02,0.02,0.0,0.003,0.75,0.35,0.15,1.0,10.0,2.0,8.13845068717398,100.0,-21.384504487554295,-1.3576493609093643,-1.3576493609093643,-6.608505987904796,true,0.0,21.384504487554295,-0.26275891210173213,0.26275891210173213,60.00000238418551,0.28084383981526756,60.280846224000776,99.53410766867528,-99.29789035861283,100.0,0.08,0.6,0.27,1.0,false
0.02,0.02,0.0,0.003,0.75,0.35,0.15,1.0,10.0,2.0,8.350056058237403,100.0,-23.500558198188514,-1.3806504858691666,-1.3806504858691666,-6.740113394078511,true,0.0,23.500558198188514,-0.28144192127913936,0.28144192127913936,60.00000238418551,0.2855948389069657,60.28559722309247,99.52626356532541,-99.28601286017565,100.0,0.08,0.6,0.27,1.0,false
0.02,0.02,0.0,0.003,0.75,0.35,0.15,1.0,10.0,2.0,8.773266800364247,100.0,-27.732665619456967,-1.4263947577613805,-1.4263947577613805,-7.001148684728139,true,0.0,27.732665619456967,-0.3161042089624536,0.3161042089624536,60.00000238418551,0.299836280520975,60.299838664706485,99.50275774005267,-99.25040925401848,100.0,0.08,0.6,0.27,1.0,false
