gross_delta,delta,iota,kappa,lambda,sigmah,sigmal,mu_b,m,c,p,vb,debt_diff,eq_deriv,eq_deriv_min_val,eq_min_val,eq_negative,eq_vb,abs_debt_diff,debt_per_diff,abs_debt_per_diff,debt,equity,firm_value,leverage,ROE,V0,r,alpha,pi,xi,opt
0.02,0.02,0.0,0.003,0.5,0.225,0.15,1.0,7.0,4.0,11.180722019570378,63.50880608733711,-6.364898871255434,-2.240173649133138,-2.240173649133138,-5.533164488126042,true,0.0,6.364898871255434,-0.08132491495009406,0.08132491495009406,71.90015526573721,23.74116362623196,95.64131889196918,75.17687553739343,-15.511406376976133,100.0,0.08,0.6,0.27,1.0,false
0.02,0.02,0.0,0.003,0.5,0.225,0.15,1.0,7.0,4.0,11.471004995236365,64.38568156351022,-3.979366964172357,-2.214426718554156,-2.214426718554156,-5.4907623529471925,true,0.0,3.979366964172357,-0.04955808101538112,0.04955808101538112,76.3176680024822,21.761393745778605,98.0790617482608,77.81239608344389,-8.111271524867314,100.0,0.08,0.6,0.27,1.0,false
0.02,0.02,0.0,0.003,0.5,0.225,0.15,1.0,7.0,4.0,11.761287970902353,64.6723216419538,-6.776906708480638,-2.160627188156033,-2.160627188156033,-5.194499346987185,true,0.0,6.776906708480638,-0.0823149243669672,0.0823149243669672,75.55210908783583,21.278648903036018,96.83075799087185,78.02490722520015,-12.963253233231987,100.0,0.08,0.6,0.27,1.0,false
0.02,0.02,0.0,0.003,0.5,0.225,0.15,1.0,7.0,4.0,12.051570946568342,64.9986389532716,-5.005259280967451,-2.1146734729779264,-2.1146734729779264,-4.948890184755815,true,0.0,5.005259280967451,-0.05933143847456771,0.05933143847456771,79.35573734501094,20.68586140585899,100.04159875086992,79.32274007598353,0.2015027204658848,100.0,0.08,0.6,0.27,1.0,false
0.02,0.02,0.0,0.003,0.5,0.225,0.15,1.0,7.0,4.0,12.30143451650854,64.48729275111134,-3.229107201281668,-2.0461121093317347,-2.0461121093317347,-4.473457331622558,true,0.0,3.229107201281668,-0.03725515345205753,0.03725515345205753,82.8809344142781,22.202867827797824,105.08380224207593,78.87127477872349,29.69672740967857,100.0,0.08,0.6,0.27,1.0,false
0.02,0.02,0.0,0.003,0.5,0.225,0.15,1.0,7.0,4.0,12.341853922234328,64.26456996949355,-3.3021784751031333,-2.0293432895422363,-2.0293432895422363,-4.346419220241885,true,0.0,3.3021784751031333,-0.03822276500192025,0.03822276500192025,83.09079898053717,22.806994012337956,105.89779299287513,78.46320176486358,34.87919379565392,100.0,0.08,0.6,0.27,1.0,false
