gross_delta,delta,iota,kappa,lambda,sigmah,sigmal,mu_b,m,c,p,vb,debt_diff,eq_deriv,eq_deriv_min_val,eq_min_val,eq_negative,eq_vb,abs_debt_diff,debt_per_diff,abs_debt_per_diff,debt,equity,firm_value,leverage,ROE,V0,r,alpha,pi,xi,opt
0.02,0.02,0.0,0.004,0.3,0.25,0.15,1.0,3.0,10.0,32.970020686279156,91.21193104058273,-1.2660059708009186,-0.7870663056963662,-0.7870663056963662,-0.8120395911109503,true,0.0,1.2660059708009186,-0.012799567045543097,0.012799567045543097,97.64405608803655,3.888504083775129,101.53256017181168,96.17019005805126,65.05079191526416,100.0,0.08,0.6,0.27,1.0,false
0.02,0.02,0.0,0.004,0.3,0.25,0.15,1.0,3.0,10.0,33.79708760349719,91.21193104058273,-2.4550435762444778,-0.8840862376493956,-0.8840862376493956,-1.0032960650149245,true,0.0,2.4550435762444778,-0.024213561486389135,0.024213561486389135,98.93621923424709,3.356552799087225,102.29277203333432,96.718680379496,215.53050282043463,100.0,0.08,0.6,0.27,1.0,false
0.02,0.02,0.0,0.004,0.3,0.25,0.15,1.0,3.0,10.0,34.183174571993426,90.26516335429832,4.3372524120649514e-5,-0.9129989266046101,-0.9129989266046101,-1.0449341032737296,true,0.0,4.3372524120649514e-5,-0.00022078329483859907,0.00022078329483859907,102.54956708850438,4.432561775797023,106.9821288643014,95.85672689181631,-273.8554672980678,100.0,0.08,0.6,0.27,1.0,false
0.02,0.02,0.0,0.004,0.3,0.25,0.15,1.0,3.0,10.0,34.62415452071523,89.37734538128672,2.6386253694180795,-0.9241154916321814,-0.9241154916321814,-1.0498256622806208,true,0.0,2.6386253694180795,0.02540254923134099,0.02540254923134099,106.51108893156378,5.501631812265936,112.01272074382972,95.08838659061945,-184.49633955382947,100.0,0.08,0.6,0.27,1.0,false
0.02,0.02,0.0,0.004,0.3,0.25,0.15,1.0,3.0,10.0,35.45122143793327,89.50536194535964,3.8046808360173685,-0.8757970961777387,-0.8757970961777387,-0.9423399889955493,true,0.0,3.8046808360173685,0.03577385753998601,0.03577385753998601,110.15834514981718,5.463630938959432,115.6219760887766,95.27457398344035,-153.7846554569743,100.0,0.08,0.6,0.27,1.0,false
0.02,0.02,0.0,0.004,0.3,0.25,0.15,1.0,3.0,10.0,36.278288355151304,89.6333965693974,6.470991836627036,-0.7883670694678405,-0.7883670694678405,-0.7597040666396331,true,0.0,6.470991836627036,0.05945697486495108,0.05945697486495108,115.30585690208095,5.7503745178292744,121.05623141991022,95.249831875335,-137.56976531674923,100.0,0.08,0.6,0.27,1.0,false
