gross_delta,delta,iota,kappa,lambda,sigmah,sigmal,mu_b,m,c,p,vb,debt_diff,eq_deriv,eq_deriv_min_val,eq_min_val,eq_negative,eq_vb,abs_debt_diff,debt_per_diff,abs_debt_per_diff,debt,equity,firm_value,leverage,ROE,V0,r,alpha,pi,xi,opt
0.02,0.02,0.0,0.004,0.3,0.25,0.15,1.0,3.0,8.0,30.352270753391124,91.21193104058273,-0.22931567358982363,-0.335549889635055,-0.335549889635055,-0.18794599996761907,true,0.0,0.22931567358982363,-0.0025183802056962874,0.0025183802056962874,90.82749658658355,4.993515380911716,95.82101196749527,94.78870523449947,-45.55995069341927,100.0,0.08,0.6,0.27,1.0,false
0.02,0.02,0.0,0.004,0.3,0.25,0.15,1.0,3.0,8.0,33.47575678620493,88.63377670693313,-1.8630981921854186,-0.9179097230391599,-0.9179097230391599,-1.15815953828358,true,0.0,1.8630981921854186,-0.018551715938633986,0.018551715938633986,98.56417216642939,5.425040503143793,103.98921266957318,94.78307377864095,277.83363550299873,100.0,0.08,0.6,0.27,1.0,false
0.02,0.02,0.0,0.004,0.3,0.25,0.15,1.0,3.0,8.0,34.25662829440839,86.35803817907826,1.6850719051173684,-0.9523020509242072,-0.9523020509242072,-1.1794724809500627,true,0.0,1.6850719051173684,0.016396553397253225,0.016396553397253225,104.45495678834253,8.385978047555207,112.84093483589774,92.56831923649801,-288.2392679879443,100.0,0.08,0.6,0.27,1.0,false
0.02,0.02,0.0,0.004,0.3,0.25,0.15,1.0,3.0,8.0,35.03749980261183,86.66009577853575,1.981275276696067,-0.9209933732416039,-0.9209933732416039,-1.1019677650083322,true,0.0,1.981275276696067,0.018849092999004217,0.018849092999004217,107.09377468453157,8.009013178259622,115.10278786279119,93.04185995233513,-212.90199554440025,100.0,0.08,0.6,0.27,1.0,false
0.02,0.02,0.0,0.004,0.3,0.25,0.15,1.0,3.0,8.0,36.30920081430668,89.40439301850945,-7.319551875717423e-7,-0.8224393744322243,-0.8224393744322243,-0.9117621653652906,true,0.0,7.319551875717423e-7,-0.001879737743733045,0.001879737743733045,108.92760171096484,4.545033002884166,113.472634713849,95.99459991887413,-150.90989887353484,100.0,0.08,0.6,0.27,1.0,false
0.02,0.02,0.0,0.004,0.3,0.25,0.15,1.0,3.0,8.0,37.38011432722219,89.0250160467733,2.7439689538301195,-0.8149193082381053,-0.8149193082381053,-0.8765502355723046,true,0.0,2.7439689538301195,0.02446906154263075,0.02446906154263075,114.88431193549668,5.33030817198865,120.21462010748533,95.56600672428797,-135.81158601813982,100.0,0.08,0.6,0.27,1.0,false
