gross_delta,delta,iota,kappa,lambda,sigmah,sigmal,mu_b,m,c,p,vb,debt_diff,eq_deriv,eq_deriv_min_val,eq_min_val,eq_negative,eq_vb,abs_debt_diff,debt_per_diff,abs_debt_per_diff,debt,equity,firm_value,leverage,ROE,V0,r,alpha,pi,xi,opt
0.02,0.02,0.0,0.001,0.1,0.275,0.15,1.0,3.0,9.0,31.814597249198602,89.79778609236223,3.1668730235791713,4.023006822655856e-7,4.023006822655856e-7,0.0042517957380867255,false,0.0,3.1668730235791713,0.033180503054133365,0.033180503054133365,98.61066477117498,10.73854744479965,109.34921221597463,90.17958408004802,672.9270245224689,100.0,0.08,0.6,0.27,1.0,false
0.02,0.02,0.0,0.001,0.1,0.275,0.15,1.0,3.0,9.0,34.66550093584533,89.50482331938605,-3.583437028498171e-5,-0.419261385265304,-0.419261385265304,-0.23612090361577387,true,0.0,3.583437028498171e-5,-0.001388754196604427,0.001388754196604427,103.99646697316572,8.935440040220648,112.93190701338636,92.0877630808435,-323.58348261646245,100.0,0.08,0.6,0.27,1.0,false
0.02,0.02,0.0,0.001,0.1,0.275,0.15,1.0,3.0,9.0,36.1437735878851,89.92994908238701,-2.1979964419607683,-0.5457547101993708,-0.5457547101993708,-0.3797670142020277,true,0.0,2.1979964419607683,-0.020270862943297347,0.020270862943297347,106.23332432169452,7.470988516728177,113.70431283842271,93.42945897985005,-219.85560402698883,100.0,0.08,0.6,0.27,1.0,false
0.02,0.02,0.0,0.001,0.1,0.275,0.15,1.0,3.0,9.0,37.0096088556224,90.02700388643584,-2.371443713344746,-0.5906957464727035,-0.5906957464727035,-0.43677444897278517,true,0.0,2.371443713344746,-0.021358810920302233,0.021358810920302233,108.65738285352246,7.0805420075084875,115.73792486103095,93.88226286585815,-181.7861717254147,100.0,0.08,0.6,0.27,1.0,false
0.02,0.02,0.0,0.001,0.1,0.275,0.15,1.0,3.0,9.0,39.6071146588343,89.42458990283399,2.0239189378399374,-0.6219853856327279,-0.6219853856327279,-0.44926096788156805,true,0.0,2.0239189378399374,0.017033294441107908,0.017033294441107908,120.84526291434284,8.32621588966067,129.1714788040035,93.55413751800866,-139.9429641347038,100.0,0.08,0.6,0.27,1.0,false
0.02,0.02,0.0,0.001,0.1,0.275,0.15,1.0,3.0,9.0,41.3387851943089,89.57988539731005,2.1855391696126105,-0.6128851167048561,-0.6128851167048561,-0.4191453242067189,true,0.0,2.1855391696126105,0.017622991413831654,0.017622991413831654,126.2018947525393,8.549931047757857,134.75182580029715,93.65505365364854,-132.63096477757304,100.0,0.08,0.6,0.27,1.0,false
