gross_delta,delta,iota,kappa,lambda,sigmah,sigmal,mu_b,m,c,p,vb,debt_diff,eq_deriv,eq_deriv_min_val,eq_min_val,eq_negative,eq_vb,abs_debt_diff,debt_per_diff,abs_debt_per_diff,debt,equity,firm_value,leverage,ROE,V0,r,alpha,pi,xi,opt
0.02,0.02,0.0,0.004,0.75,0.2,0.15,1.0,5.0,2.0,14.658732978561014,87.7301543658492,1.2878226380477855,-3.0735852602555786e-7,-3.0735852602555786e-7,0.00033747714190626667,false,0.0,1.2878226380477855,0.017570722380048507,0.017570722380048507,74.58148753085285,4.782601682178485,79.36408921303133,93.9738466986739,-81.18457290534377,100.0,0.08,0.6,0.27,1.0,false
0.02,0.02,0.0,0.004,0.75,0.2,0.15,1.0,5.0,2.0,14.840287225925618,89.08281032883431,-5.629570729609413e-5,0.01068729334056361,0.01068729334056361,0.005937184086910623,false,0.0,5.629570729609413e-5,0.00041800310041200484,0.00041800310041200484,74.2013798339208,3.950644530733457,78.15202436465425,94.94492361157543,-84.68660530950457,100.0,0.08,0.6,0.27,1.0,false
0.02,0.02,0.0,0.004,0.75,0.2,0.15,1.0,5.0,2.0,15.37423873966344,89.2164031896659,-1.309612887461327,-0.020044713063770776,-0.020044713063770776,-0.0017494695101846283,false,0.0,1.309612887461327,-0.017036458320146993,0.017036458320146993,75.56158081085587,3.850331612844782,79.41191242370066,95.15144328435082,-84.24475992884535,100.0,0.08,0.6,0.27,1.0,false
0.02,0.02,0.0,0.004,0.75,0.2,0.15,1.0,5.0,2.0,16.089744500765864,85.48048627776132,-0.6516073475517317,-0.1308016006502771,-0.1308016006502771,-0.06134034009856946,true,0.0,0.6516073475517317,-0.008099660594619331,0.008099660594619331,79.79711515627758,6.229303417802644,86.02641857408022,92.75884836186877,-69.1662677583481,100.0,0.08,0.6,0.27,1.0,false
0.02,0.02,0.0,0.004,0.75,0.2,0.15,1.0,5.0,2.0,16.447497381317078,83.73604512154958,-0.6247480591842134,-0.19284203569126734,-0.19284203569126734,-0.12099267407130897,true,0.0,0.6247480591842134,-0.007596876834209108,0.007596876834209108,81.61273884740118,7.555090435890886,89.16782928329206,91.52711185568074,-58.911278992613525,100.0,0.08,0.6,0.27,1.0,false
0.02,0.02,0.0,0.004,0.75,0.2,0.15,1.0,5.0,2.0,16.80525026186829,80.08247178073817,-0.19620946300571518,-0.30899405763702176,-0.30899405763702176,-0.26341893754444456,true,0.0,0.19620946300571518,-0.0023350971862754273,0.0023350971862754273,83.83004184633575,10.748795990816074,94.57883783715182,88.63509402671703,-33.526136006849825,100.0,0.08,0.6,0.27,1.0,false
