gross_delta,delta,iota,kappa,lambda,sigmah,sigmal,mu_b,m,c,p,vb,debt_diff,eq_deriv,eq_deriv_min_val,eq_min_val,eq_negative,eq_vb,abs_debt_diff,debt_per_diff,abs_debt_per_diff,debt,equity,firm_value,leverage,ROE,V0,r,alpha,pi,xi,opt
0.02,0.02,0.0,0.0025,0.75,0.35,0.15,1.0,3.0,9.0,30.635797790305343,91.21193104058273,-0.9997400750486065,-1.487579965039682,-1.487579965039682,-3.3490760067178282,true,0.0,0.9997400750486065,-0.010877689360788388,0.010877689360788388,90.90765329586742,-2.562315272605398,88.34533802326202,102.90034010841718,-128.1810115252292,100.0,0.08,0.6,0.27,1.0,false
0.02,0.02,0.0,0.0025,0.75,0.35,0.15,1.0,3.0,9.0,31.562391765492336,88.18158941941358,-0.7279927779899253,-1.8705493855224735,-1.8705493855224735,-4.583262002006566,true,0.0,0.7279927779899253,-0.007688398937981747,0.007688398937981747,93.95918251848708,-2.317161757690999,91.64202076079609,102.52849264830077,-138.35841365481326,100.0,0.08,0.6,0.27,1.0,false
0.02,0.02,0.0,0.0025,0.75,0.35,0.15,1.0,3.0,9.0,32.47744026429373,85.86379247373534,3.144451736934728e-5,-1.972526151150429,-1.972526151150429,-4.874472443545245,true,0.0,3.144451736934728e-5,-0.0002659571598506655,0.0002659571598506655,97.43235223739858,-1.3857243843548184,96.04662785304376,101.44276214098329,-153.9686324790463,100.0,0.08,0.6,0.27,1.0,false
0.02,0.02,0.0,0.0025,0.75,0.35,0.15,1.0,3.0,9.0,35.2687676662403,84.53409358618961,2.650422120198442,-1.6401856016196306,-1.6401856016196306,-3.762921041099569,true,0.0,2.650422120198442,0.025049756442491744,0.025049756442491744,108.45672511891934,0.10708231351784954,108.56380743243719,99.90136462965847,-101.26623854993566,100.0,0.08,0.6,0.27,1.0,false
0.02,0.02,0.0,0.0025,0.75,0.35,0.15,1.0,3.0,9.0,36.1953616414273,86.32006513983453,3.153953093091488,-1.6284167470224709,-1.6284167470224709,-3.8156572481090185,true,0.0,3.153953093091488,0.0290456470116845,0.0290456470116845,111.74003801737338,-1.3550184113935102,110.38501960597986,101.22753831654899,-88.45814290048891,100.0,0.08,0.6,0.27,1.0,false
0.02,0.02,0.0,0.0025,0.75,0.35,0.15,1.0,3.0,9.0,38.04854959180128,89.3110277881924,8.406741315117785,-1.5357781910949446,-1.5357781910949446,-3.553246505997305,true,0.0,8.406741315117785,0.07364924905424229,0.07364924905424229,122.55239009052164,-2.6795069636838815,119.87288312683776,102.23529032904688,-88.11874505128381,100.0,0.08,0.6,0.27,1.0,false
