gross_delta,delta,iota,kappa,lambda,sigmah,sigmal,mu_b,m,c,p,vb,debt_diff,eq_deriv,eq_deriv_min_val,eq_min_val,eq_negative,eq_vb,abs_debt_diff,debt_per_diff,abs_debt_per_diff,debt,equity,firm_value,leverage,ROE,V0,r,alpha,pi,xi,opt
0.02,0.02,0.0,0.0025,0.75,0.35,0.15,1.0,3.0,11.0,31.514226422642263,91.21193104058273,-0.3950569278200504,-1.9054372555928591,-1.9054372555928591,-4.564678553334816,true,0.0,0.3950569278200504,-0.004178609395027711,0.004178609395027711,94.14762234010674,-3.8412487803696074,90.30637355973712,104.25357439231976,-165.6356955002057,100.0,0.08,0.6,0.27,1.0,false
0.02,0.02,0.0,0.0025,0.75,0.35,0.15,1.0,3.0,11.0,32.4971497149715,90.13432430979354,-1.4987448328441815,-2.1554609679025023,-2.1554609679025023,-5.479695472608386,true,0.0,1.4987448328441815,-0.01537309011189687,0.01537309011189687,95.99270431207032,-4.41656068982303,91.57614362224729,104.82282886691692,-210.2129973369843,100.0,0.08,0.6,0.27,1.0,false
0.02,0.02,0.0,0.0025,0.75,0.35,0.15,1.0,3.0,11.0,32.94533773045501,88.4979864784045,-6.339992052372886e-5,-2.1547906576194014,-2.1547906576194014,-5.489691405344934,true,0.0,6.339992052372886e-5,-0.00021692130872797582,0.00021692130872797582,98.8359497914445,-3.553881326775022,95.28206846466948,103.7298532494525,-405.30309609111646,100.0,0.08,0.6,0.27,1.0,false
0.02,0.02,0.0,0.0025,0.75,0.35,0.15,1.0,3.0,11.0,33.48007300730073,87.17533376142421,1.5626254373071333,-2.1137393358728707,-2.1137393358728707,-5.3800170417552415,true,0.0,1.5626254373071333,0.015557766127196358,0.015557766127196358,102.00284445920933,-2.7939241581799408,99.2089203010294,102.81620256495316,39.497809993838004,100.0,0.08,0.6,0.27,1.0,false
0.02,0.02,0.0,0.0025,0.75,0.35,0.15,1.0,3.0,11.0,34.462996299629964,88.38987312632884,1.672736386661711,-2.0218126102939515,-2.0218126102939515,-5.189106021903317,true,0.0,1.672736386661711,0.01617905740714398,0.01617905740714398,105.0617252855516,-3.634185797893045,101.42753948765856,103.58303653647758,-28.202626715704724,100.0,0.08,0.6,0.27,1.0,false
0.02,0.02,0.0,0.0025,0.75,0.35,0.15,1.0,3.0,11.0,35.445919591959196,89.4675265296628,4.407408171592181,-1.9024557390749581,-1.9024557390749581,-4.8457160872391265,true,0.0,4.407408171592181,0.041447254694181014,0.041447254694181014,110.74516694746977,-3.9663000376906377,106.77886690977913,103.71449908814063,-63.08759038290599,100.0,0.08,0.6,0.27,1.0,false
