gross_delta,delta,iota,kappa,lambda,sigmah,sigmal,mu_b,m,c,p,vb,debt_diff,eq_deriv,eq_deriv_min_val,eq_min_val,eq_negative,eq_vb,abs_debt_diff,debt_per_diff,abs_debt_per_diff,debt,equity,firm_value,leverage,ROE,V0,r,alpha,pi,xi,opt
0.02,0.02,0.0,0.0025,0.75,0.35,0.15,1.0,3.0,3.0,19.38824803532985,44.50623552911344,5.813388583582039,-1.8468699193173619,-1.8468699193173619,-2.7504942727367223,true,0.0,5.813388583582039,0.09994694677911259,0.09994694677911259,63.97813268957158,55.75668098699431,119.73481367656589,53.43319183875188,54.78564869082345,100.0,0.08,0.6,0.27,1.0,false
0.02,0.02,0.0,0.0025,0.75,0.35,0.15,1.0,3.0,3.0,21.39225880187858,87.26184606110178,-9.252526355300449e-7,-0.25063728089126186,-0.25063728089126186,-0.24829043931046338,true,0.0,9.252526355300449e-7,0.0007307293841684427,0.0007307293841684427,64.17677548038318,5.646456910436779,69.82323239081997,91.91321181060195,-84.23799926959457,100.0,0.08,0.6,0.27,1.0,false
0.02,0.02,0.0,0.0025,0.75,0.35,0.15,1.0,3.0,3.0,22.453391391770754,87.65472952308298,-0.5272947229143625,-0.26881160661463416,-0.26881160661463416,-0.31620654045793717,true,0.0,0.5272947229143625,-0.007827989303323651,0.007827989303323651,66.8328794523979,2.291507873243778,69.12438732564168,96.6849501863234,-93.09102558374049,100.0,0.08,0.6,0.27,1.0,false
0.02,0.02,0.0,0.0025,0.75,0.35,0.15,1.0,3.0,3.0,23.219677230880983,84.20665674677332,-0.39160430838168736,-0.42849627119131023,-0.42849627119131023,-0.6410324999956329,true,0.0,0.39160430838168736,-0.005621730576295777,0.005621730576295777,69.26742738426125,3.6413275366107123,72.90875492087197,95.00563747033857,-88.1515694044243,100.0,0.08,0.6,0.27,1.0,false
0.02,0.02,0.0,0.0025,0.75,0.35,0.15,1.0,3.0,3.0,23.98596306999121,79.52318386429806,-0.14320568767170982,-0.658489708679585,-0.658489708679585,-1.164959165207159,true,0.0,0.14320568767170982,-0.0019901318568952826,0.0019901318568952826,71.81468352230192,6.2941285195029355,78.10881204180485,91.94184579822539,-77.66876762060406,100.0,0.08,0.6,0.27,1.0,false
0.02,0.02,0.0,0.0025,0.75,0.35,0.15,1.0,3.0,3.0,24.752248909101436,69.42245504856191,-0.02550662341192833,-1.221616425761208,-1.221616425761208,-2.483491228787235,true,0.0,0.02550662341192833,-0.00034349233619939226,0.00034349233619939226,74.23124010389238,15.440845525491746,89.67208562938413,82.78076681598668,-40.07920603185842,100.0,0.08,0.6,0.27,1.0,false
