gross_delta,delta,iota,kappa,lambda,sigmah,sigmal,mu_b,m,c,p,vb,debt_diff,eq_deriv,eq_deriv_min_val,eq_min_val,eq_negative,eq_vb,abs_debt_diff,debt_per_diff,abs_debt_per_diff,debt,equity,firm_value,leverage,ROE,V0,r,alpha,pi,xi,opt
0.02,0.02,0.0,0.004,0.1,0.275,0.15,1.0,7.0,8.0,8.674880645959332,100.0,-0.724162137529504,-0.7614761416071488,-0.7614761416071488,-0.8385727651203981,true,0.0,0.724162137529504,-0.011925435997897332,0.011925435997897332,60.00000238418582,0.15220811104230111,60.15221049522812,99.74696173292854,-99.61947969971347,100.0,0.08,0.6,0.27,1.0,false
0.02,0.02,0.0,0.004,0.1,0.275,0.15,1.0,7.0,8.0,8.682116540795265,99.92606792875117,0.0016617388814781872,-0.7622171058822882,-0.7622171058822882,-0.8387726925594032,true,0.0,0.0016617388814781872,-0.0005719710349054971,0.0005719710349054971,60.77647752444833,0.1382623896289347,60.914739914077266,99.77302309781842,-99.6475013438298,100.0,0.08,0.6,0.27,1.0,false
0.02,0.02,0.0,0.004,0.1,0.275,0.15,1.0,7.0,8.0,9.319784610039951,96.33228255550031,33.754797224632156,-0.7993385577882809,-0.7993385577882809,-0.8457900081235741,true,0.0,33.754797224632156,0.5174061516441519,0.5174061516441519,98.99328949491182,-0.631471752268774,98.36181774264304,100.64198869720056,-162.7262504043764,100.0,0.08,0.6,0.27,1.0,false
0.02,0.02,0.0,0.004,0.1,0.275,0.15,1.0,7.0,8.0,10.287140556160878,96.89150391630325,22.633961910384613,-0.7846552865807762,-0.7846552865807762,-0.8082662514690243,true,0.0,22.633961910384613,0.31431699726494705,0.31431699726494705,94.64394580351076,-0.7311273576979658,93.91281844581279,100.77851710745944,-113.65048468286973,100.0,0.08,0.6,0.27,1.0,false
0.02,0.02,0.0,0.004,0.1,0.275,0.15,1.0,7.0,8.0,11.899400466362424,96.8556892566997,13.370742108141144,-0.6958716279716693,-0.6958716279716693,-0.6127161491653369,true,0.0,13.370742108141144,0.1605211977568348,0.1605211977568348,96.66654537267812,-0.42966155984137966,96.23688381283674,100.44646246098013,-112.88937777402934,100.0,0.08,0.6,0.27,1.0,false
0.02,0.02,0.0,0.004,0.1,0.275,0.15,1.0,7.0,8.0,12.544304430443043,96.7925937359427,10.195507370398602,-0.6413045711714049,-0.6413045711714049,-0.51198385248973,true,0.0,10.195507370398602,0.11610855436347577,0.11610855436347577,98.0056383834999,-0.23520292067009796,97.7704354628298,100.2405665061802,-111.79339387221334,100.0,0.08,0.6,0.27,1.0,false
