gross_delta,delta,iota,kappa,lambda,sigmah,sigmal,mu_b,m,c,p,vb,debt_diff,eq_deriv,eq_deriv_min_val,eq_min_val,eq_negative,eq_vb,abs_debt_diff,debt_per_diff,abs_debt_per_diff,debt,equity,firm_value,leverage,ROE,V0,r,alpha,pi,xi,opt
0.02,0.02,0.0,0.001,0.2,0.35,0.15,1.0,5.0,1.0,11.27536043077992,65.27097867036173,0.06476713031413794,-0.2019256733848814,-0.2019256733848814,-0.16405197699268553,true,0.0,0.06476713031413794,0.0011488258971719273,0.0011488258971719273,56.441569284213735,17.039798974375465,73.4813682585892,76.81072171327772,-60.880594882863925,100.0,0.08,0.6,0.27,1.0,false
0.02,0.02,0.0,0.001,0.2,0.35,0.15,1.0,5.0,1.0,11.52722255599341,54.2579782384187,1.40549602954676e-6,-0.7741949811458706,-0.7741949811458706,-1.2163261827421215,true,0.0,1.40549602954676e-6,-3.257364738172775e-5,3.257364738172775e-5,57.63611418546309,28.62801480511893,86.26412899058202,66.81353519694794,-32.42353893019085,100.0,0.08,0.6,0.27,1.0,false
0.02,0.02,0.0,0.001,0.2,0.35,0.15,1.0,5.0,1.0,11.569424047667924,53.30776941219976,-0.06952612375347655,-0.8318868638204672,-0.8318868638204672,-1.3308762039257163,true,0.0,0.06952612375347655,-0.0012018942942538457,0.0012018942942538457,57.777594114586144,29.717469063786968,87.49506317837312,66.03526189448769,-29.616826799409935,100.0,0.08,0.6,0.27,1.0,false
0.02,0.02,0.0,0.001,0.2,0.35,0.15,1.0,5.0,1.0,11.86348766455593,49.157235502405044,-0.37637976032244325,-1.2059192710758941,-1.2059192710758941,-2.110557276324648,true,0.0,0.37637976032244325,-0.006345178938347752,0.006345178938347752,58.94105856245721,36.22543492248764,95.16649348494485,61.93467511943326,-11.772116732253524,100.0,0.08,0.6,0.27,1.0,false
0.02,0.02,0.0,0.001,0.2,0.35,0.15,1.0,5.0,1.0,12.157551281443933,43.985347202766455,0.16718642563314035,-1.7956384405269745,-1.7956384405269745,-3.29277838757166,true,0.0,0.16718642563314035,0.002750330584882121,0.002750330584882121,60.9549428328528,46.5087617882689,107.4637046211217,56.7214233380079,19.115619652368476,100.0,0.08,0.6,0.27,1.0,false
0.02,0.02,0.0,0.001,0.2,0.35,0.15,1.0,5.0,1.0,12.451614898331938,42.54161916228443,-0.09414375826297317,-2.058767893933209,-2.058767893933209,-3.8554737144136166,true,0.0,0.09414375826297317,-0.001512153387840239,0.001512153387840239,62.16393073339672,50.400411297325334,112.56434203072206,55.225242391973815,33.20731321795154,100.0,0.08,0.6,0.27,1.0,false
