gross_delta,delta,iota,kappa,lambda,sigmah,sigmal,mu_b,m,c,p,vb,debt_diff,eq_deriv,eq_deriv_min_val,eq_min_val,eq_negative,eq_vb,abs_debt_diff,debt_per_diff,abs_debt_per_diff,debt,equity,firm_value,leverage,ROE,V0,r,alpha,pi,xi,opt
0.02,0.02,0.0,0.001,0.2,0.35,0.15,1.0,5.0,6.0,20.696653875913906,91.21193104058273,-0.7124422962006491,-1.8842200069429322,-1.8842200069429322,-5.331495940578476,true,0.0,0.7124422962006491,-0.006884613333846843,0.006884613333846843,102.77082708336889,-5.041493982147279,97.72933310122161,105.15862926939819,81.94906540388016,100.0,0.08,0.6,0.27,1.0,false
0.02,0.02,0.0,0.001,0.2,0.35,0.15,1.0,5.0,6.0,21.239322616472172,91.21193104058273,-1.6879254965983677,-1.9592017288061565,-1.9592017288061565,-5.709830025546722,true,0.0,1.6879254965983677,-0.015894343968289232,0.015894343968289232,104.5086875857625,-5.490619152254811,99.0180684335077,105.5450679245898,21.77865615690573,100.0,0.08,0.6,0.27,1.0,false
0.02,0.02,0.0,0.001,0.2,0.35,0.15,1.0,5.0,6.0,21.78199135703044,91.21193104058273,-2.0924390333234157,-2.0170948372739512,-2.0170948372739512,-6.018782753406804,true,0.0,2.0924390333234157,-0.019212559577552604,0.019212559577552604,106.81751775182877,-5.852915985364551,100.96460176646423,105.79699803987006,-14.148870623849453,100.0,0.08,0.6,0.27,1.0,false
0.02,0.02,0.0,0.001,0.2,0.35,0.15,1.0,5.0,6.0,22.324660097588705,91.21193104058273,-1.8957502664820964,-2.0580571730343786,-2.0580571730343786,-6.24495008635588,true,0.0,1.8957502664820964,-0.016983463651362444,0.016983463651362444,109.72755022146143,-6.116103495214758,103.61144672624667,105.90292259056493,-37.125963310668986,100.0,0.08,0.6,0.27,1.0,false
0.02,0.02,0.0,0.001,0.2,0.35,0.15,1.0,5.0,6.0,22.7827476424316,90.96581802575673,7.017631549577352e-5,-2.0773339122736747,-2.0773339122736747,-6.321242749547851,true,0.0,7.017631549577352e-5,-0.0002892333045146269,0.0002892333045146269,113.91380838847348,-6.134936163185264,107.77887222528823,105.69215100930126,-55.907570437238554,100.0,0.08,0.6,0.27,1.0,false
0.02,0.02,0.0,0.001,0.2,0.35,0.15,1.0,5.0,6.0,23.409997578705237,89.77476183240415,7.660364070944752,-2.076743514993733,-2.076743514993733,-6.160002395250497,true,0.0,7.660364070944752,0.06544523590991702,0.06544523590991702,124.71035196447093,-5.612052279386885,119.09829968508404,104.71211788432421,-77.28865907108077,100.0,0.08,0.6,0.27,1.0,false
