gross_delta,delta,iota,kappa,lambda,sigmah,sigmal,mu_b,m,c,p,vb,debt_diff,eq_deriv,eq_deriv_min_val,eq_min_val,eq_negative,eq_vb,abs_debt_diff,debt_per_diff,abs_debt_per_diff,debt,equity,firm_value,leverage,ROE,V0,r,alpha,pi,xi,opt
0.02,0.02,0.0,0.001,0.2,0.35,0.15,1.0,5.0,2.0,14.580731757386264,88.42056404031698,-1.2315702803804953,-0.18480054640961469,-0.18480054640961469,-0.15562246280051023,true,0.0,1.2315702803804953,-0.016893120329939684,0.016893120329939684,71.67208850655082,2.74853349172743,74.42062199827825,96.30675823726517,-90.29743688530294,100.0,0.08,0.6,0.27,1.0,false
0.02,0.02,0.0,0.001,0.2,0.35,0.15,1.0,5.0,2.0,16.092567151451984,82.50434562268951,-1.0493139583532525,-0.6027975698676478,-0.6027975698676478,-1.1250111961299116,true,0.0,1.0493139583532525,-0.01304097660090952,0.01304097660090952,79.41352179890667,4.377803586893863,83.79132538580053,94.77534987453996,-78.73456768986664,100.0,0.08,0.6,0.27,1.0,false
0.02,0.02,0.0,0.001,0.2,0.35,0.15,1.0,5.0,2.0,16.596512282807225,79.88868293115225,-0.7809849644769855,-0.7916618600455798,-0.7916618600455798,-1.679991442740788,true,0.0,0.7809849644769855,-0.009411434778209743,0.009411434778209743,82.20157644955914,5.576142971439188,87.77771942099832,93.64742783451122,-68.67057941600075,100.0,0.08,0.6,0.27,1.0,false
0.02,0.02,0.0,0.001,0.2,0.35,0.15,1.0,5.0,2.0,17.604402545517708,73.29612331321368,-0.43448464269300757,-1.3056894312796865,-1.3056894312796865,-3.2827020418272546,true,0.0,0.43448464269300757,-0.00493609074854554,0.00493609074854554,87.58752808489552,10.100767341214668,97.68829542611019,89.66020719559518,-18.624046762810742,100.0,0.08,0.6,0.27,1.0,false
0.02,0.02,0.0,0.001,0.2,0.35,0.15,1.0,5.0,2.0,18.10834767687295,65.92702239234306,-0.09579194783698597,-1.9208697592897035,-1.9208697592897035,-5.117670420471466,true,0.0,0.09579194783698597,-0.0010579866208260018,0.0010579866208260018,90.44594643652776,18.15553798844711,108.60148442497487,83.28242188900327,90.02968601579443,100.0,0.08,0.6,0.27,1.0,false
0.02,0.02,0.0,0.001,0.2,0.35,0.15,1.0,5.0,2.0,18.10834767687295,65.92702239234306,-0.09579194783698597,-1.9208697592897035,-1.9208697592897035,-5.117670420471466,true,0.0,0.09579194783698597,-0.0010579866208260018,0.0010579866208260018,90.44594643652776,18.15553798844711,108.60148442497487,83.28242188900327,90.02968601579443,100.0,0.08,0.6,0.27,1.0,false
