gross_delta,delta,iota,kappa,lambda,sigmah,sigmal,mu_b,m,c,p,vb,debt_diff,eq_deriv,eq_deriv_min_val,eq_min_val,eq_negative,eq_vb,abs_debt_diff,debt_per_diff,abs_debt_per_diff,debt,equity,firm_value,leverage,ROE,V0,r,alpha,pi,xi,opt
0.02,0.02,0.0,0.001,0.2,0.35,0.15,1.0,5.0,7.0,19.00522683847332,91.21193104058273,10.362811751336295,-1.817909385413271,-1.817909385413271,-4.672363042074318,true,0.0,10.362811751336295,0.10905222904636201,0.10905222904636201,105.3889459437029,-4.0919566336944255,101.29698931000847,104.0395639214621,-24.067588050758417,100.0,0.08,0.6,0.27,1.0,false
0.02,0.02,0.0,0.001,0.2,0.35,0.15,1.0,5.0,7.0,19.562548360099164,91.21193104058273,9.190367793262368,-1.9026005153496068,-1.9026005153496068,-5.065825188855554,true,0.0,9.190367793262368,0.09395879947837002,0.09395879947837002,107.00310959375818,-4.597984636738154,102.40512495702004,104.4899946547284,-34.34367154790349,100.0,0.08,0.6,0.27,1.0,false
0.02,0.02,0.0,0.001,0.2,0.35,0.15,1.0,5.0,7.0,20.119869881725013,91.21193104058273,8.722149509636438,-1.9662688593630437,-1.9662688593630437,-5.383501797559852,true,0.0,8.722149509636438,0.08670184808261423,0.08670184808261423,109.3214989182615,-5.004259312920266,104.31723960534123,104.79715465233998,-46.31486462851424,100.0,0.08,0.6,0.27,1.0,false
0.02,0.02,0.0,0.001,0.2,0.35,0.15,1.0,5.0,7.0,20.4164236289196,91.28875123190586,8.408388689514727,-1.991701166546592,-1.991701166546592,-5.52403702075233,true,0.0,8.408388689514727,0.08250642838326133,0.08250642838326133,110.49050683411272,-5.216551312398836,105.27395552171389,104.95521545338235,-50.27360074314229,100.0,0.08,0.6,0.27,1.0,false
0.02,0.02,0.0,0.001,0.2,0.35,0.15,1.0,5.0,7.0,20.67719140335086,91.21193104058273,8.996751527103982,-2.0082590837262386,-2.0082590837262386,-5.606869268917816,true,0.0,8.996751527103982,0.08702102090756876,0.08702102090756876,112.38270854385829,-5.292356875820218,107.09035166803807,104.94195489452274,-57.260103013204,100.0,0.08,0.6,0.27,1.0,false
0.02,0.02,0.0,0.001,0.2,0.35,0.15,1.0,5.0,7.0,21.234512924976706,89.62299679077879,17.601421646866797,-2.0207007157712855,-2.0207007157712855,-5.536161358253997,true,0.0,17.601421646866797,0.1657812609976417,0.1657812609976417,123.77398627175033,-4.552148911887284,119.22183735986304,103.81821737753205,-80.8523953036163,100.0,0.08,0.6,0.27,1.0,false
