gross_delta,delta,iota,kappa,lambda,sigmah,sigmal,V0,r,alpha,pi,xi,mu_b,m,c,p,vb,sg_debt,debt,debt_diff,abs_debt_diff,debt_per_diff,abs_debt_per_diff,eq_vb,eq_min_val,sg_equity,equity,eq_negative,firm_value,leverage,ROE,cvml_vb,cvmh_vb,eq_deriv
0.02,0.018000000000000002,0.002,0.005,NaN,NaN,0.3,100.0,0.08,0.6,0.27,1.0,1.0,1.0,2.2604260426042604,26.592417707786844,29.726813580244627,26.592414893072974,26.592418405942876,6.981560325414193e-7,6.981560325414193e-7,2.625395104022392e-8,2.625395104022392e-8,-3.019806626980426e-14,NaN,66.99567347225297,66.99565165148333,false,93.58807005742621,28.414325019872305,-8.734697157075233,NaN,NaN,NaN
