gross_delta,delta,iota,kappa,lambda,sigmah,sigmal,mu_b,m,c,p,vb,debt_diff,eq_deriv,eq_deriv_min_val,eq_min_val,eq_negative,eq_vb,abs_debt_diff,debt_per_diff,abs_debt_per_diff,debt,equity,firm_value,leverage,ROE,V0,r,alpha,pi,xi,opt
0.02,0.02,0.0,0.004,0.3,0.225,0.15,1.0,5.0,1.0,11.15806843842279,69.79704808808539,0.16274401859447352,0.33045705373940476,0.33045705373940476,0.022649771269914465,false,0.0,0.16274401859447352,0.0029170643555844265,0.0029170643555844265,55.95308621070842,20.154559765431976,76.10764597614039,73.51835087403651,-54.24296952597884,100.0,0.08,0.6,0.27,1.0,false
0.02,0.02,0.0,0.004,0.3,0.225,0.15,1.0,5.0,1.0,11.369718550802448,66.02682248209922,0.0688760243750437,0.2145843778871148,0.2145843778871148,0.01456751611991276,false,0.0,0.0688760243750437,0.0012115695576331148,0.0012115695576331148,56.91746877838728,23.901345805165818,80.81881458355309,70.426012892758,-44.521955587476015,100.0,0.08,0.6,0.27,1.0,false
0.02,0.02,0.0,0.004,0.3,0.225,0.15,1.0,5.0,1.0,11.485223521681108,63.70034167936824,2.0017180829556835e-9,0.17359323812383765,0.17359323812383765,0.10367765745594865,false,0.0,2.0017180829556835e-9,1.0135644061488153e-5,1.0135644061488153e-5,57.426117610407246,25.637434718605768,83.06355232901302,69.13515735872164,-39.781308916114085,100.0,0.08,0.6,0.27,1.0,false
0.02,0.02,0.0,0.004,0.3,0.225,0.15,1.0,5.0,1.0,11.581368663182108,59.53767564136471,-0.012733779598519845,-0.008391760350880259,-0.008391760350880259,-0.00018422058681297025,false,0.0,0.012733779598519845,-0.0002199011182331381,0.0002199011182331381,57.894109536312016,31.58607379422937,89.4801833305414,64.70048158311226,-24.98419236265975,100.0,0.08,0.6,0.27,1.0,false
0.02,0.02,0.0,0.004,0.3,0.225,0.15,1.0,5.0,1.0,11.793018775561766,44.15968481542124,0.10250321401563411,-0.8866558610305738,-0.8866558610305738,-0.890999693843581,true,0.0,0.10250321401563411,0.0017383710815087943,0.0017383710815087943,59.06759709182446,58.75795748932798,117.82555458115243,50.13139747298334,43.54876165257353,100.0,0.08,0.6,0.27,1.0,false
0.02,0.02,0.0,0.004,0.3,0.225,0.15,1.0,5.0,1.0,12.004668887941426,44.023642196129714,-0.09164550689447282,-0.9386571962723443,-0.9386571962723443,-0.9714163694389548,true,0.0,0.09164550689447282,-0.001526831064645687,0.001526831064645687,59.93169893281266,59.80529764936068,119.73699658217333,50.05278288543226,49.25838145490107,100.0,0.08,0.6,0.27,1.0,false
