gross_delta,delta,iota,kappa,lambda,sigmah,sigmal,V0,r,alpha,pi,xi,mu_b,m,c,p,vb,sg_debt,debt,debt_diff,abs_debt_diff,debt_per_diff,abs_debt_per_diff,eq_vb,eq_min_val,sg_equity,equity,eq_negative,firm_value,leverage,ROE,cvml_vb,cvmh_vb,eq_deriv
0.02,0.01995,5.0e-5,0.005,NaN,NaN,0.3,100.0,0.08,0.6,0.27,1.0,1.0,7.0,0.8821632163216322,8.491491929887143,43.24703229642427,59.439662241528644,59.48153257125751,0.041089062047511504,0.041089062047511504,0.000691264392082555,0.000691264392082555,-1.4033219031261979e-13,NaN,47.75341706890225,47.71461429984937,false,107.19614687110689,55.48849870768057,17.76016549432018,NaN,NaN,NaN
