gross_delta,delta,iota,kappa,lambda,sigmah,sigmal,V0,r,alpha,pi,xi,mu_b,m,c,p,vb,sg_debt,debt,debt_diff,abs_debt_diff,debt_per_diff,abs_debt_per_diff,eq_vb,eq_min_val,sg_equity,equity,eq_negative,firm_value,leverage,ROE,cvml_vb,cvmh_vb,eq_deriv
0.02,0.01925,0.00075,0.0025,NaN,NaN,0.3,100.0,0.08,0.6,0.27,1.0,1.0,3.0,1.201920192019202,13.97288076538038,36.22364208073585,41.91869435372884,41.929422461305435,0.010780165164298694,0.010780165164298694,0.0002571687577126293,0.0002571687577126293,2.6645352591003757e-13,NaN,60.02851746880963,60.01566500385641,false,101.94508746516185,41.129419282350575,3.3495231967785477,NaN,NaN,NaN
