gross_delta,delta,iota,kappa,lambda,sigmah,sigmal,mu_b,m,c,p,vb,debt_diff,eq_deriv,eq_deriv_min_val,eq_min_val,eq_negative,eq_vb,abs_debt_diff,debt_per_diff,abs_debt_per_diff,debt,equity,firm_value,leverage,ROE,V0,r,alpha,pi,xi,opt
0.02,0.02,0.0,0.003,0.5,0.3,0.15,1.0,5.0,5.0,15.023552355235523,52.42447483241886,5.514511083252941,-0.4815332974807755,-0.5176287247500347,-0.1502090765804135,true,0.0,5.514511083252941,0.07341154678814964,0.07341154678814964,80.63227285943056,44.89936213570279,125.53163499513335,64.23263176852316,131.82566446659817,100.0,0.08,0.6,0.27,1.0,false
0.02,0.02,0.0,0.003,0.5,0.3,0.15,1.0,5.0,5.0,15.426155616191625,67.2927605565447,-7.373214475759346e-5,-0.611881099908924,-0.6362114636405918,-0.76024080953385,true,0.0,7.373214475759346e-5,0.005089734888237703,0.005089734888237703,77.1307043488134,29.807031525493407,106.93773587430681,72.12674152693096,30.336465014596236,100.0,0.08,0.6,0.27,1.0,false
0.02,0.02,0.0,0.003,0.5,0.3,0.15,1.0,5.0,5.0,16.98984898489849,96.51726154007589,-9.539666922053186,-1.0587744389912666,-1.0587744389912666,-2.6554107799315108,true,0.0,9.539666922053186,-0.11229843102822828,0.11229843102822828,75.40957800243926,-2.2426793543665777,73.16689864807269,103.06515568625328,-109.12013366256603,100.0,0.08,0.6,0.27,1.0,false
0.02,0.02,0.0,0.003,0.5,0.3,0.15,1.0,5.0,5.0,19.93929392939294,90.63580027168057,-5.755440286802539,-1.801608944989787,-1.801608944989787,-5.601008227363087,true,0.0,5.755440286802539,-0.057729629817215564,0.057729629817215564,93.94102936016215,-5.452402013798339,88.48862734636381,106.16169803658096,-189.98891623518833,100.0,0.08,0.6,0.27,1.0,false
0.02,0.02,0.0,0.003,0.5,0.3,0.15,1.0,5.0,5.0,20.43086808680868,89.57108451343919,-5.521909481284723,-1.9202833992632637,-1.9202833992632637,-6.12302229739055,true,0.0,5.521909481284723,-0.054054575241959286,0.054054575241959286,96.63243095275868,-5.795053474317227,90.83737747844145,106.37959134794768,-272.08417683564596,100.0,0.08,0.6,0.27,1.0,false
0.02,0.02,0.0,0.003,0.5,0.3,0.15,1.0,5.0,5.0,21.41401640164016,83.87202018643724,7.233098850790043,-1.8743435477856425,-1.8743435477856425,-5.639825075275577,true,0.0,7.233098850790043,0.06755480816981198,0.06755480816981198,114.30318085899086,-2.8747980921764515,111.42838276681441,102.57995137396234,-79.90098761584645,100.0,0.08,0.6,0.27,1.0,false
