gross_delta,delta,iota,kappa,lambda,sigmah,sigmal,V0,r,alpha,pi,xi,mu_b,m,c,p,vb,sg_debt,debt,debt_diff,abs_debt_diff,debt_per_diff,abs_debt_per_diff,eq_vb,eq_min_val,sg_equity,equity,eq_negative,firm_value,leverage,ROE,cvml_vb,cvmh_vb,eq_deriv
0.02,0.0195,0.0005,0.015000000000000001,NaN,NaN,0.3,100.0,0.08,0.6,0.27,1.0,1.0,5.0,0.7216721672167217,7.33135613677622,29.880764052415476,36.656288296639005,36.689840640135806,0.03305995625470359,0.03305995625470359,0.00090187833295576,0.00090187833295576,6.217248937900877e-14,NaN,63.514559084678034,63.51743333080406,false,100.20727397093987,36.61394945318627,0.32739448618614997,NaN,NaN,NaN
