gross_delta,delta,iota,kappa,lambda,sigmah,sigmal,V0,r,alpha,pi,xi,mu_b,m,c,p,vb,sg_debt,debt,debt_diff,abs_debt_diff,debt_per_diff,abs_debt_per_diff,eq_vb,eq_min_val,sg_equity,equity,eq_negative,firm_value,leverage,ROE,cvml_vb,cvmh_vb,eq_deriv
0.02,0.02,0.0,0.015000000000000001,NaN,NaN,0.15,100.0,0.08,0.6,0.27,1.0,1.0,5.0,1.424892489248925,14.326433724479248,64.24448291087968,71.63079185064696,71.6705538288553,0.0383852064590684,0.0383852064590684,0.0005358654805135557,0.0005358654805135557,-1.2434497875801753e-14,NaN,35.82458044335591,35.87191149444848,false,107.54246532330379,66.64395651837893,26.624118515194482,NaN,NaN,NaN
