gross_delta,delta,iota,kappa,lambda,sigmah,sigmal,V0,r,alpha,pi,xi,mu_b,m,c,p,vb,sg_debt,debt,debt_diff,abs_debt_diff,debt_per_diff,abs_debt_per_diff,eq_vb,eq_min_val,sg_equity,equity,eq_negative,firm_value,leverage,ROE,cvml_vb,cvmh_vb,eq_deriv
0.02,0.0185,0.0015,0.005,NaN,NaN,0.3,100.0,0.08,0.6,0.27,1.0,1.0,10.0,0.6726672667266727,6.198108988867566,45.86460153146119,61.97925787499462,61.96179820941162,-0.019291679264043182,0.019291679264043182,-0.00031125104929088856,0.00031125104929088856,9.592326932761353e-14,NaN,38.96980788796742,38.93016394757324,false,100.89196215698486,61.41400849455274,2.344911470566813,NaN,NaN,NaN
