gross_delta,delta,iota,kappa,lambda,sigmah,sigmal,V0,r,alpha,pi,xi,mu_b,m,c,p,vb,sg_debt,debt,debt_diff,abs_debt_diff,debt_per_diff,abs_debt_per_diff,eq_vb,eq_min_val,sg_equity,equity,eq_negative,firm_value,leverage,ROE,cvml_vb,cvmh_vb,eq_deriv
0.02,0.0175,0.0025,0.0025,NaN,NaN,0.2,100.0,0.08,0.6,0.27,1.0,1.0,5.0,1.665016501650165,15.106955498457573,68.68040030527862,75.53534444073249,75.5272954022474,-0.007482090040468847,0.007482090040468847,-9.905490277286871e-5,9.905490277286871e-5,1.1866063687193673e-12,NaN,24.40842156294424,24.429661567609884,false,99.95695696985729,75.55981863775943,-0.17588178687314437,NaN,NaN,NaN
