gross_delta,delta,iota,kappa,lambda,sigmah,sigmal,mu_b,m,c,p,vb,debt_diff,eq_deriv,eq_deriv_min_val,eq_min_val,eq_negative,eq_vb,abs_debt_diff,debt_per_diff,abs_debt_per_diff,debt,equity,firm_value,leverage,ROE,V0,r,alpha,pi,xi,opt
0.02,0.02,0.0,0.0025,0.2,0.275,0.15,1.0,5.0,11.0,17.859782030834662,94.70384704619654,20.25715151393817,-1.0396732395737858,-1.0396732395737858,-1.2605895747699625,true,0.0,20.25715151393817,0.22684657045606135,0.22684657045606135,109.55606166811148,-0.4199181765710464,109.13614349154044,100.38476545270596,-95.60574019763486,100.0,0.08,0.6,0.27,1.0,false
0.02,0.02,0.0,0.0025,0.2,0.275,0.15,1.0,5.0,11.0,18.455469231133637,94.59778934937839,18.931137729508038,-0.9131471647983168,-0.9131471647983168,-0.964127765347339,true,0.0,18.931137729508038,0.2051547700296015,0.2051547700296015,111.20848388517622,0.21859703806135214,111.42708092323757,99.80382054680949,-101.95028194982247,100.0,0.08,0.6,0.27,1.0,false
0.02,0.02,0.0,0.0025,0.2,0.275,0.15,1.0,5.0,11.0,20.838218032329547,94.1489710167842,14.043448676836945,-0.19833660446115087,-0.19833660446115087,-0.041633389951751705,true,0.0,14.043448676836945,0.13478550473988873,0.13478550473988873,118.23453883848468,4.1781818496164975,122.41272068810117,96.58680746075223,-122.91355918910484,100.0,0.08,0.6,0.27,1.0,false
0.02,0.02,0.0,0.0025,0.2,0.275,0.15,1.0,5.0,11.0,21.94295482013989,95.32268159078362,-0.00020901755595326144,-0.01401505647939244,-0.01401505647939244,0.009239020237361825,false,0.0,0.00020901755595326144,0.00027309201448189914,0.00027309201448189914,109.71456508314348,3.413667963059894,113.12823304620338,96.98247919980709,-135.13968905291728,100.0,0.08,0.6,0.27,1.0,false
0.02,0.02,0.0,0.0025,0.2,0.275,0.15,1.0,5.0,11.0,22.0295924329275,95.41404566534702,-1.1028815612448,-1.7793186213679348e-7,-1.7793186213679348e-7,0.008118137879745236,false,0.0,1.1028815612448,-0.010012727785161648,0.010012727785161648,109.0450806033927,3.346900133133621,112.39198073652632,97.02211838317936,-137.0024356872866,100.0,0.08,0.6,0.27,1.0,false
0.02,0.02,0.0,0.0025,0.2,0.275,0.15,1.0,5.0,11.0,23.220966833525456,95.60207820547866,-7.379594508838252,0.31444118193593157,0.31444118193593157,0.06855439683203583,false,0.0,7.379594508838252,-0.06355975237158433,0.06355975237158433,108.72523965878902,4.3300436444683115,113.05528330325734,96.16997674239293,-149.62664423901083,100.0,0.08,0.6,0.27,1.0,false
