gross_delta,delta,iota,kappa,lambda,sigmah,sigmal,mu_b,m,c,p,vb,debt_diff,eq_deriv,eq_deriv_min_val,eq_min_val,eq_negative,eq_vb,abs_debt_diff,debt_per_diff,abs_debt_per_diff,debt,equity,firm_value,leverage,ROE,V0,r,alpha,pi,xi,opt
0.02,0.02,0.0,0.005,0.5,0.35,0.15,1.0,5.0,7.0,17.87926555813476,91.21193104058273,8.26367076061696,-2.5100639418915756,-2.5100639418915756,-9.346586716859656,true,0.0,8.26367076061696,0.0924385930031352,0.0924385930031352,97.65999855129077,-9.258404312423963,88.4015942388668,110.47311916955611,-495.6580589952624,100.0,0.08,0.6,0.27,1.0,false
0.02,0.02,0.0,0.005,0.5,0.35,0.15,1.0,5.0,7.0,18.39354593354072,91.21193104058273,6.355383749314399,-2.5916623676514265,-2.5916623676514265,-9.841648442898169,true,0.0,6.355383749314399,0.06910449754797225,0.06910449754797225,98.323113417018,-9.714389611157404,88.6087238058606,110.96324288841059,-679.3110702741976,100.0,0.08,0.6,0.27,1.0,false
0.02,0.02,0.0,0.005,0.5,0.35,0.15,1.0,5.0,7.0,18.907826308946685,91.21193104058273,5.524275165874883,-2.64342157064685,-2.64342157064685,-10.239756254507878,true,0.0,5.524275165874883,0.058433741410676504,0.058433741410676504,100.0634067106083,-10.063636769365583,89.99976994124272,111.18184721576037,15771.564181169531,100.0,0.08,0.6,0.27,1.0,false
0.02,0.02,0.0,0.005,0.5,0.35,0.15,1.0,5.0,7.0,19.149962216654394,91.29040311295643,5.2787664546332,-2.657781785598535,-2.657781785598535,-10.395334588631066,true,0.0,5.2787664546332,0.0552474397310403,0.0552474397310403,101.02857753790516,-10.180720847046445,90.84785669085872,111.20634125875955,889.7864256087921,100.0,0.08,0.6,0.27,1.0,false
0.02,0.02,0.0,0.005,0.5,0.35,0.15,1.0,5.0,7.0,19.422106684352645,91.21193104058273,5.961284899531037,-2.6623840597198,-2.6623840597198,-10.51419652330642,true,0.0,5.961284899531037,0.0613865941158044,0.0613865941158044,103.07181832129426,-10.281300789382025,92.79051753191223,111.08012010585684,234.69755415255716,100.0,0.08,0.6,0.27,1.0,false
0.02,0.02,0.0,0.005,0.5,0.35,0.15,1.0,5.0,7.0,19.936387059758605,89.47586271847419,14.087893114596298,-2.6197976930714084,-2.6197976930714084,-10.43189502703801,true,0.0,14.087893114596298,0.14132844704878916,0.14132844704878916,113.76982841338932,-10.415695128874194,103.35413328451513,110.07767642944832,-24.35856993870511,100.0,0.08,0.6,0.27,1.0,false
