gross_delta,delta,iota,kappa,lambda,sigmah,sigmal,mu_b,m,c,p,vb,debt_diff,eq_deriv,eq_deriv_min_val,eq_min_val,eq_negative,eq_vb,abs_debt_diff,debt_per_diff,abs_debt_per_diff,debt,equity,firm_value,leverage,ROE,V0,r,alpha,pi,xi,opt
0.02,0.02,0.0,0.005,0.5,0.35,0.15,1.0,5.0,6.0,19.507652080997573,91.21193104058273,-2.728359248642107,-2.3954665333487632,-2.3954665333487632,-9.075428764470844,true,0.0,2.728359248642107,-0.027972195088508935,0.027972195088508935,94.80990115634576,-8.973931222018225,85.83596993432754,110.45474435587333,-272.9048230553518,100.0,0.08,0.6,0.27,1.0,false
0.02,0.02,0.0,0.005,0.5,0.35,0.15,1.0,5.0,6.0,20.010254972865706,90.2167467572421,-1.51115224753147,-2.5020454502383487,-2.5020454502383487,-9.653653560953469,true,0.0,1.51115224753147,-0.015103778033619479,0.015103778033619479,98.54012261679706,-9.634006321336576,88.90611629546049,110.83615697408264,-759.918869364206,100.0,0.08,0.6,0.27,1.0,false
0.02,0.02,0.0,0.005,0.5,0.35,0.15,1.0,5.0,6.0,20.512857864733842,90.26503435181507,-2.0651613844775056,-2.5264455963691517,-2.5264455963691517,-9.925574912632936,true,0.0,2.0651613844775056,-0.020135286834195604,0.020135286834195604,100.49912793919171,-9.882210782079632,90.61691715711208,110.90548110894767,1879.8953346676903,100.0,0.08,0.6,0.27,1.0,false
0.02,0.02,0.0,0.005,0.5,0.35,0.15,1.0,5.0,6.0,20.795574818579205,89.57753311562269,8.964703435990207e-5,-2.525760679221131,-2.525760679221131,-9.986463169611914,true,0.0,8.964703435990207e-5,-0.00019092387398163138,0.00019092387398163138,103.97796373993039,-9.962266276203312,94.01569746372708,110.5963860769601,150.43632691276483,100.0,0.08,0.6,0.27,1.0,false
0.02,0.02,0.0,0.005,0.5,0.35,0.15,1.0,5.0,6.0,21.015460756601975,88.96545195264412,2.0994742548915326,-2.520726875263672,-2.520726875263672,-10.00449003141174,true,0.0,2.0994742548915326,0.019980282889890823,0.019980282889890823,107.17677803790141,-10.003223255636103,97.17355478226531,110.29418268998197,39.38320514871572,100.0,0.08,0.6,0.27,1.0,false
0.02,0.02,0.0,0.005,0.5,0.35,0.15,1.0,5.0,6.0,21.51806364847011,89.51125209675061,2.899342180420689,-2.4931323087772475,-2.4931323087772475,-10.003489695806284,true,0.0,2.899342180420689,0.02694798405456735,0.02694798405456735,110.48966042277124,-9.986285305184317,100.50337511758693,109.93626860142811,-4.7987741957230545,100.0,0.08,0.6,0.27,1.0,false
