gross_delta,delta,iota,kappa,lambda,sigmah,sigmal,mu_b,m,c,p,vb,debt_diff,eq_deriv,eq_deriv_min_val,eq_min_val,eq_negative,eq_vb,abs_debt_diff,debt_per_diff,abs_debt_per_diff,debt,equity,firm_value,leverage,ROE,V0,r,alpha,pi,xi,opt
0.02,0.02,0.0,0.004,0.2,0.35,0.15,1.0,3.0,11.0,32.19950810870561,91.21193104058273,1.9559140498585919,-1.284961685800731,-1.284961685800731,-2.085008585842577,true,0.0,1.9559140498585919,0.020247866760939554,0.020247866760939554,98.55443837597542,0.577204780535249,99.13164315651068,99.41773911724235,-60.07055175356292,100.0,0.08,0.6,0.27,1.0,false
0.02,0.02,0.0,0.004,0.2,0.35,0.15,1.0,3.0,11.0,33.162387291360716,91.21193104058273,0.28295845644072415,-1.436258190566004,-1.436258190566004,-2.539089173210568,true,0.0,0.28295845644072415,0.002844170555381367,0.002844170555381367,99.77012033052287,-0.22677808714380818,99.54334224337906,100.22781843771062,-198.65078006229308,100.0,0.08,0.6,0.27,1.0,false
0.02,0.02,0.0,0.004,0.2,0.35,0.15,1.0,3.0,11.0,34.12526647401582,91.21193104058273,-0.6160495579634215,-1.5445387494976344,-1.5445387494976344,-2.8914595518562036,true,0.0,0.6160495579634215,-0.0060175311102943175,0.0060175311102943175,101.75974986408403,-0.8569022778337044,100.90284758625032,100.84923498031237,-51.305449977702786,100.0,0.08,0.6,0.27,1.0,false
0.02,0.02,0.0,0.004,0.2,0.35,0.15,1.0,3.0,11.0,34.285972616662384,90.99919498609918,8.961988804773342e-6,-1.5581462702587459,-1.5581462702587459,-2.92718944614717,true,0.0,8.961988804773342e-6,-0.00012593186784702975,0.00012593186784702975,102.85792681197597,-0.7269981065354735,102.1309287054405,100.7118295268148,-74.56204604369043,100.0,0.08,0.6,0.27,1.0,false
0.02,0.02,0.0,0.004,0.2,0.35,0.15,1.0,3.0,11.0,35.088145656670925,89.45173965311791,5.136158769276221,-1.6002090986275763,-1.6002090986275763,-2.995672709629141,true,0.0,5.136158769276221,0.04879291541491249,0.04879291541491249,110.400595739289,0.5446486174731738,110.94524435676217,99.50908340359163,-105.23670596498356,100.0,0.08,0.6,0.27,1.0,false
0.02,0.02,0.0,0.004,0.2,0.35,0.15,1.0,3.0,11.0,36.05102483932603,89.5864788651244,6.5278379444514485,-1.5693786832833378,-1.5693786832833378,-2.880429372062006,true,0.0,6.5278379444514485,0.060357395973670055,0.060357395973670055,114.68091246242955,0.5092778200877212,115.19019028251726,99.55788091083221,-103.46897933892755,100.0,0.08,0.6,0.27,1.0,false
