gross_delta,delta,iota,kappa,lambda,sigmah,sigmal,mu_b,m,c,p,vb,debt_diff,eq_deriv,eq_deriv_min_val,eq_min_val,eq_negative,eq_vb,abs_debt_diff,debt_per_diff,abs_debt_per_diff,debt,equity,firm_value,leverage,ROE,V0,r,alpha,pi,xi,opt
0.02,0.02,0.0,0.004,0.2,0.35,0.15,1.0,3.0,1.0,11.44083487296098,43.5926697712079,0.15024118915526685,-8.434609304087959e-7,-8.434609304087959e-7,0.00017221840827778031,false,0.0,0.15024118915526685,0.004377337575551227,0.004377337575551227,34.47274580803821,37.62401221685453,72.09675802489275,47.8145574814,-42.582651019322185,100.0,0.08,0.6,0.27,1.0,false
0.02,0.02,0.0,0.004,0.2,0.35,0.15,1.0,3.0,1.0,11.646019865144408,44.3758318621926,0.10859400353378845,-2.488353178994873e-7,-2.488353178994873e-7,0.0002142238943937066,false,0.0,0.10859400353378845,0.0031081864531475826,0.0031081864531475826,35.04665359896701,36.91955800517492,71.96621160414193,48.69876129056923,-43.15988313022812,100.0,0.08,0.6,0.27,1.0,false
0.02,0.02,0.0,0.004,0.2,0.35,0.15,1.0,3.0,1.0,11.851204857327838,45.17057764003519,0.00500041544375307,-4.3677347329027947e-7,-4.3677347329027947e-7,0.0005732028340046467,false,0.0,0.00500041544375307,0.000140644362154205,0.000140644362154205,35.55861498742727,36.147610104430605,71.70622509185787,49.58929987162982,-43.90621787942938,100.0,0.08,0.6,0.27,1.0,false
0.02,0.02,0.0,0.004,0.2,0.35,0.15,1.0,3.0,1.0,11.863700748310718,45.12423717164674,-4.032568954055933e-7,-0.005921413126955264,-0.005921413126955264,-0.0014754726107402297,false,0.0,4.032568954055933e-7,-8.265263716740303e-7,8.265263716740303e-7,35.59110184167527,36.234082659905205,71.82518450158048,49.55239877022815,-43.74366943704343,100.0,0.08,0.6,0.27,1.0,false
0.02,0.02,0.0,0.004,0.2,0.35,0.15,1.0,3.0,1.0,12.056389849511268,43.50182984654908,-0.052794528276024266,-0.15341382373779583,-0.15341382373779583,-0.05306775393153909,true,0.0,0.052794528276024266,-0.0014596555280369829,0.0014596555280369829,36.11637502025778,38.8522324796802,74.96860749993797,48.17533128154696,-39.18279920402073,100.0,0.08,0.6,0.27,1.0,false
0.02,0.02,0.0,0.004,0.2,0.35,0.15,1.0,3.0,1.0,12.261574841694696,44.21250829939814,-0.12423687589886612,-0.1554321423681411,-0.1554321423681411,-0.055625762745472304,true,0.0,0.12423687589886612,-0.0033774040040492085,0.0033774040040492085,36.66048764918522,38.19543710548684,74.85592475467206,48.97473081701137,-39.69729843523889,100.0,0.08,0.6,0.27,1.0,false
