gross_delta,delta,iota,kappa,lambda,sigmah,sigmal,mu_b,m,c,p,vb,debt_diff,eq_deriv,eq_deriv_min_val,eq_min_val,eq_negative,eq_vb,abs_debt_diff,debt_per_diff,abs_debt_per_diff,debt,equity,firm_value,leverage,ROE,V0,r,alpha,pi,xi,opt
0.02,0.02,0.0,0.004,0.75,0.2,0.15,1.0,3.0,9.0,32.768258404787844,91.21193104058273,-1.2719796239787229,-0.4458004003991,-0.4458004003991,-0.27969209889533264,true,0.0,1.2719796239787229,-0.012939143812750116,0.012939143812750116,97.03279559038481,5.717289498677261,102.75008508906207,94.43573258968924,92.68269756375562,100.0,0.08,0.6,0.27,1.0,false
0.02,0.02,0.0,0.004,0.75,0.2,0.15,1.0,3.0,9.0,33.481302077576174,90.12753726850598,-1.4326542284135542,-0.6281072881637522,-0.6281072881637522,-0.5204626174314282,true,0.0,1.4326542284135542,-0.0142632269308015,0.0142632269308015,99.01125200431497,6.5091603460941645,105.52041235040913,93.83137328493493,558.3234933977734,100.0,0.08,0.6,0.27,1.0,false
0.02,0.02,0.0,0.004,0.75,0.2,0.15,1.0,3.0,9.0,33.80472053042731,88.5649740760025,5.593421053346273e-5,-0.6658987522163894,-0.6658987522163894,-0.5601974403667311,true,0.0,5.593421053346273e-5,-0.00011982530788338952,0.00011982530788338952,101.41421752549249,8.686015770529734,110.10023329602222,92.11081074898726,-714.1923441024323,100.0,0.08,0.6,0.27,1.0,false
0.02,0.02,0.0,0.004,0.75,0.2,0.15,1.0,3.0,9.0,34.194345750364505,87.10459571632113,1.415515663312263,-0.6705465338621651,-0.6705465338621651,-0.5526424161119972,true,0.0,1.415515663312263,0.013798730289565235,0.013798730289565235,103.99855291440578,10.795201975274816,114.7937548896806,90.59600238214243,-369.9777195990686,100.0,0.08,0.6,0.27,1.0,false
0.02,0.02,0.0,0.004,0.75,0.2,0.15,1.0,3.0,9.0,34.90738942315284,87.33494204231647,1.2086555032326771,-0.5833504107881651,-0.5833504107881651,-0.42224113456251006,true,0.0,1.2086555032326771,0.011541543908093171,0.011541543908093171,105.93082377269121,10.498351832899235,116.42917560559044,90.98305748684254,-277.0133835579375,100.0,0.08,0.6,0.27,1.0,false
0.02,0.02,0.0,0.004,0.75,0.2,0.15,1.0,3.0,9.0,35.62043309594117,88.02102969234986,1.8503332186292454,-0.4982471161987207,-0.4982471161987207,-0.31199696397039006,true,0.0,1.8503332186292454,0.01731527906698477,0.01731527906698477,108.71163250645277,9.589301111397356,118.30093361785013,91.89414587176981,-210.074674342547,100.0,0.08,0.6,0.27,1.0,false
