gross_delta,delta,iota,kappa,lambda,sigmah,sigmal,mu_b,m,c,p,vb,debt_diff,eq_deriv,eq_deriv_min_val,eq_min_val,eq_negative,eq_vb,abs_debt_diff,debt_per_diff,abs_debt_per_diff,debt,equity,firm_value,leverage,ROE,V0,r,alpha,pi,xi,opt
0.02,0.02,0.0,0.004,0.75,0.2,0.15,1.0,3.0,6.0,28.04605328953948,87.85656780378008,4.519162740707557,2.915229947654703e-7,2.915229947654703e-7,0.0010011149368478992,false,0.0,4.519162740707557,0.053711214361761905,0.053711214361761905,88.65732260932599,10.066792385592159,98.72411499491815,89.80310698545097,-11.248534725415805,100.0,0.08,0.6,0.27,1.0,false
0.02,0.02,0.0,0.004,0.75,0.2,0.15,1.0,3.0,6.0,28.696951274074774,89.90220909610413,1.5121929984936173,-7.518592009900932e-7,-7.518592009900932e-7,0.0010471163092504536,false,0.0,1.5121929984936173,0.017565083064645427,0.017565083064645427,87.60304682071794,7.434885718260993,95.03793253897894,92.17692818053291,-40.02650804000565,100.0,0.08,0.6,0.27,1.0,false
0.02,0.02,0.0,0.004,0.75,0.2,0.15,1.0,3.0,6.0,29.154296298399053,90.65196011111234,4.520295430654464e-5,-0.01374525485797836,-0.01374525485797836,0.005435288291981478,false,0.0,4.520295430654464e-5,-7.768028857798323e-5,7.768028857798323e-5,87.46293409815148,6.430200079126117,93.8931341772776,93.15157584687141,-48.710486732162586,100.0,0.08,0.6,0.27,1.0,false
0.02,0.02,0.0,0.004,0.75,0.2,0.15,1.0,3.0,6.0,30.64964522768066,90.09915308432527,-2.3808500760413267,-0.1762479934497318,-0.1762479934497318,-0.05896275408935642,true,0.0,2.3808500760413267,-0.025893177102651595,0.025893177102651595,89.56808560700065,6.528212137210521,96.09629774421117,93.20659350000425,-37.420765822316596,100.0,0.08,0.6,0.27,1.0,false
0.02,0.02,0.0,0.004,0.75,0.2,0.15,1.0,3.0,6.0,31.300543212215956,88.81707824988219,-2.604997141786555,-0.3209757753482046,-0.3209757753482046,-0.18076497878269118,true,0.0,2.604997141786555,-0.027741767122323492,0.027741767122323492,91.29663249486131,7.610934178616019,98.90756667347733,92.30500311089249,-12.551846464919091,100.0,0.08,0.6,0.27,1.0,false
0.02,0.02,0.0,0.004,0.75,0.2,0.15,1.0,3.0,6.0,31.95144119675125,86.86724752867654,-2.5348048210354506,-0.5192241554745728,-0.5192241554745728,-0.4264267484763435,true,0.0,2.5348048210354506,-0.026444345190634506,0.026444345190634506,93.3195187692183,9.568410934562445,102.88792970378076,90.70016185366899,43.22936632879109,100.0,0.08,0.6,0.27,1.0,false
