gross_delta,delta,iota,kappa,lambda,sigmah,sigmal,V0,r,alpha,pi,xi,mu_b,m,c,p,vb,sg_debt,debt,debt_diff,abs_debt_diff,debt_per_diff,abs_debt_per_diff,eq_vb,eq_min_val,sg_equity,equity,eq_negative,firm_value,leverage,ROE,cvml_vb,cvmh_vb,eq_deriv
0.02,0.0175,0.0025,0.0025,NaN,NaN,0.25,100.0,0.08,0.6,0.27,1.0,1.0,10.0,0.7020702070207021,6.770564824792381,54.40515015927204,67.70404934706328,67.74874425885396,0.04309601093014237,0.04309601093014237,0.0006365201729157641,0.0006365201729157641,-3.623767952376511e-13,NaN,31.352550361884926,31.26620953942497,false,99.01495379827892,68.42273985894802,-3.0542879000656997,NaN,NaN,NaN
