gross_delta,delta,iota,kappa,lambda,sigmah,sigmal,mu_b,m,c,p,vb,debt_diff,eq_deriv,eq_deriv_min_val,eq_min_val,eq_negative,eq_vb,abs_debt_diff,debt_per_diff,abs_debt_per_diff,debt,equity,firm_value,leverage,ROE,V0,r,alpha,pi,xi,opt
0.02,0.02,0.0,0.001,0.2,0.225,0.15,1.0,3.0,7.0,32.980267763618464,88.37692303841493,-1.7724186047877453,-0.36117498266132386,-0.36117498266132386,-0.19657966982580152,true,0.0,1.7724186047877453,-0.017913929802827477,0.017913929802827477,97.16838468606765,9.64626431310915,106.8146489991768,90.96915600669765,240.66295183695354,100.0,0.08,0.6,0.27,1.0,false
0.02,0.02,0.0,0.001,0.2,0.225,0.15,1.0,3.0,7.0,35.210872403029775,86.89275750492452,-1.9328839412141576,-0.6086213920385228,-0.6086213920385228,-0.5027881073935055,true,0.0,1.9328839412141576,-0.018298173351022868,0.018298173351022868,103.69973326787516,10.636570356370058,114.33630362424522,90.69711892092815,-387.4955999862898,100.0,0.08,0.6,0.27,1.0,false
0.02,0.02,0.0,0.001,0.2,0.225,0.15,1.0,3.0,7.0,35.90060456090372,86.14257042753525,-9.904767014307092e-5,-0.6047105178233367,-0.6047105178233367,-0.47899307016232207,true,0.0,9.904767014307092e-5,-0.0002699547653495871,0.0002699547653495871,107.70171463504103,11.9956445654454,119.69735920048643,89.9783548730149,-255.75290872071497,100.0,0.08,0.6,0.27,1.0,false
0.02,0.02,0.0,0.001,0.2,0.225,0.15,1.0,3.0,7.0,36.69794216263732,85.72786039610428,1.87033121274564,-0.5857185918597401,-0.5857185918597401,-0.43634918671204415,true,0.0,1.87033121274564,0.016988520359504426,0.016988520359504426,111.9641577006576,12.90080465402703,124.86496235468462,89.66819481562673,-207.82877471865783,100.0,0.08,0.6,0.27,1.0,false
0.02,0.02,0.0,0.001,0.2,0.225,0.15,1.0,3.0,7.0,38.92854680204863,87.52989692434524,2.069574130677367,-0.5362213779249949,-0.5362213779249949,-0.36261901839984145,true,0.0,2.069574130677367,0.017721135265260358,0.017721135265260358,118.85521453682325,10.480903945655827,129.3361184824791,91.89638279806915,-155.58623544265257,100.0,0.08,0.6,0.27,1.0,false
0.02,0.02,0.0,0.001,0.2,0.225,0.15,1.0,3.0,7.0,40.415616561656165,87.89175318390309,1.7650328640895765,-0.47535851516928024,-0.47535851516928024,-0.2755571733557317,true,0.0,1.7650328640895765,0.014557350303744802,0.014557350303744802,123.01188254905807,10.754513539665112,133.76639608872318,91.96022778954742,-146.73460989876867,100.0,0.08,0.6,0.27,1.0,false
