gross_delta,delta,iota,kappa,lambda,sigmah,sigmal,mu_b,m,c,p,vb,debt_diff,eq_deriv,eq_deriv_min_val,eq_min_val,eq_negative,eq_vb,abs_debt_diff,debt_per_diff,abs_debt_per_diff,debt,equity,firm_value,leverage,ROE,V0,r,alpha,pi,xi,opt
0.02,0.02,0.0,0.003,0.75,0.2,0.15,1.0,5.0,3.0,15.78947894789479,87.43813675519908,2.167294782923676,-0.12036872875912152,-0.12036872875912152,0.32399219654317046,false,0.0,2.167294782923676,0.02745239143198758,0.02745239143198758,81.11468952239763,3.5732382409220316,84.68792776331966,95.78069940392415,-81.07927192851912,100.0,0.08,0.6,0.27,1.0,false
0.02,0.02,0.0,0.003,0.75,0.2,0.15,1.0,5.0,3.0,16.54094428539624,76.75376085074384,2.6820400297746004e-5,-0.2656411512866574,-0.2656411512866574,0.1762890961140385,false,0.0,2.6820400297746004e-5,0.00034655506347445184,0.00034655506347445184,82.70474824738152,18.548936580596305,101.25368482797782,81.68072933631056,7.248722631562821,100.0,0.08,0.6,0.27,1.0,false
0.02,0.02,0.0,0.003,0.75,0.2,0.15,1.0,5.0,3.0,17.351672009306192,90.45745838287601,-0.8510593040830798,-0.35313976814854064,-0.35313976814854064,-0.36275761957674696,true,0.0,0.8510593040830798,-0.009809536552173563,0.009809536552173563,85.90730074244787,2.156847050050735,88.0641477924986,97.55082277621898,-84.69528788890528,100.0,0.08,0.6,0.27,1.0,false
0.02,0.02,0.0,0.003,0.75,0.2,0.15,1.0,5.0,3.0,18.523316805364747,85.7137366331115,-0.37004345756591306,-0.6025542363157297,-0.6025542363157297,-0.8378971240832326,true,0.0,0.37004345756591306,-0.003995434094813307,0.003995434094813307,92.24654056925782,4.832129259327177,97.07866982858499,95.02246037377786,-37.67776432584452,100.0,0.08,0.6,0.27,1.0,false
0.02,0.02,0.0,0.003,0.75,0.2,0.15,1.0,5.0,3.0,18.9138650707176,67.94165302757214,-0.057567954395594256,-0.7492916261810783,-0.7492916261810783,-0.774334883465246,true,0.0,0.057567954395594256,-0.0006087381313163836,0.0006087381313163836,94.5117573991924,24.761661603541658,119.27341900273406,79.2395809472234,351.1765132229756,100.0,0.08,0.6,0.27,1.0,false
0.02,0.02,0.0,0.003,0.75,0.2,0.15,1.0,5.0,3.0,19.30441333607045,70.65293937015063,-0.1252421179253389,-0.8100128977881793,-0.8100128977881793,-0.978569113194777,true,0.0,0.1252421179253389,-0.0012975490707228382,0.0012975490707228382,96.39682456242691,20.986298743090096,117.38312330551702,82.12153659562426,482.43899323496146,100.0,0.08,0.6,0.27,1.0,false
