gross_delta,delta,iota,kappa,lambda,sigmah,sigmal,mu_b,m,c,p,vb,debt_diff,eq_deriv,eq_deriv_min_val,eq_min_val,eq_negative,eq_vb,abs_debt_diff,debt_per_diff,abs_debt_per_diff,debt,equity,firm_value,leverage,ROE,V0,r,alpha,pi,xi,opt
0.02,0.02,0.0,0.003,0.75,0.2,0.15,1.0,5.0,9.0,15.825607560756074,63.37261504435913,20.520111670100363,1.0656163897043762,-0.7247298175211306,0.09729422690656624,false,0.0,20.520111670100363,0.25932794796435615,0.25932794796435615,99.64814947388074,42.443254374066825,142.09140384794756,70.12961148621947,11962.86511553492,100.0,0.08,0.6,0.27,1.0,false
0.02,0.02,0.0,0.003,0.75,0.2,0.15,1.0,5.0,9.0,15.904026065463173,61.68663532942624,19.963520000561136,1.1793026134734343,-0.9103883094428836,0.0890491129872381,false,0.0,19.963520000561136,0.2526052478221476,0.2526052478221476,99.483650327877,44.51330251982037,143.99695284769737,69.08733022503526,8520.767073754801,100.0,0.08,0.6,0.27,1.0,false
0.02,0.02,0.0,0.003,0.75,0.2,0.15,1.0,5.0,9.0,16.281657113079728,64.55054936521262,28.842207406854243,1.0521947981041684,-0.7427434909423126,0.0993202065379735,false,0.0,28.842207406854243,0.35429080967052307,0.35429080967052307,110.25049297225289,39.67399509698308,149.92448806923596,73.53734829585584,-487.0447519390221,100.0,0.08,0.6,0.27,1.0,false
0.02,0.02,0.0,0.003,0.75,0.2,0.15,1.0,5.0,9.0,16.73770666540338,78.76310861231087,43.580856904731846,-6.637100584905298e-6,-0.025182369975386754,-0.5987602546782157,true,0.0,43.580856904731846,0.5207506353879758,0.5207506353879758,127.26939023174874,18.621673243682274,145.89106347543103,87.23590547626772,-168.28782413330882,100.0,0.08,0.6,0.27,1.0,false
0.02,0.02,0.0,0.003,0.75,0.2,0.15,1.0,5.0,9.0,17.649805770050687,91.21193104058273,25.74503708787583,-2.0525131326194876,-2.0525131326194876,-4.98312961691327,true,0.0,25.74503708787583,0.29173167595488947,0.29173167595488947,113.99406593812927,-4.215440949618085,109.77862498851118,103.83994693872258,-69.87693949524432,100.0,0.08,0.6,0.27,1.0,false
0.02,0.02,0.0,0.003,0.75,0.2,0.15,1.0,5.0,9.0,18.10585532237434,91.21193104058273,25.151249599160423,-2.0883980439952285,-2.0883980439952285,-5.175645100495486,true,0.0,25.151249599160423,0.277824484415047,0.277824484415047,115.68052621103212,-4.506211221637118,111.174314989395,104.05328444980026,-71.26237244215217,100.0,0.08,0.6,0.27,1.0,false
