gross_delta,delta,iota,kappa,lambda,sigmah,sigmal,mu_b,m,c,p,vb,debt_diff,eq_deriv,eq_deriv_min_val,eq_min_val,eq_negative,eq_vb,abs_debt_diff,debt_per_diff,abs_debt_per_diff,debt,equity,firm_value,leverage,ROE,V0,r,alpha,pi,xi,opt
0.02,0.02,0.0,0.003,0.75,0.2,0.15,1.0,5.0,4.0,18.747447113132367,63.81297900253009,-0.06411889485055156,-0.24606594286001152,-0.5673909233855965,-0.05941339505686181,true,0.0,0.06411889485055156,-0.0006840280115326959,0.0006840280115326959,93.67311667081128,33.75420095993006,127.42731763074134,73.51101664264571,433.50440025038813,100.0,0.08,0.6,0.27,1.0,false
0.02,0.02,0.0,0.003,0.75,0.2,0.15,1.0,5.0,4.0,19.55279343723846,64.02618644975263,-0.8943684367181817,-0.15793519671409872,-0.8111918184024067,-0.023414617519742387,true,0.0,0.8943684367181817,-0.009148242061564968,0.009148242061564968,96.86959874947412,34.33427359456183,131.20387234403594,73.83135651321915,996.8010439171014,100.0,0.08,0.6,0.27,1.0,false
0.02,0.02,0.0,0.003,0.75,0.2,0.15,1.0,5.0,4.0,19.95546659929151,64.52072103555243,-0.4124915396269273,-0.14427183994323767,-0.887983375947653,-0.01973538901341637,true,0.0,0.4124915396269273,-0.004134120718997092,0.004134120718997092,99.36484145683062,33.7728586197788,133.1377000766094,74.6331365192989,5217.232836270356,100.0,0.08,0.6,0.27,1.0,false
0.02,0.02,0.0,0.003,0.75,0.2,0.15,1.0,5.0,4.0,20.240320442666267,66.94840715777707,-8.323275641598273e-6,-0.25287445361893557,-0.9231066054504486,-0.22664533094218556,true,0.0,8.323275641598273e-6,-5.161106710309236e-6,5.161106710309236e-6,101.20159389005575,30.009093312067638,131.21068720212338,77.12907846764026,-2597.4405712628404,100.0,0.08,0.6,0.27,1.0,false
0.02,0.02,0.0,0.003,0.75,0.2,0.15,1.0,5.0,4.0,21.16348608545065,81.23969514815742,1.2492316189716632,-0.9533597723127979,-0.9533597723127979,-1.5171444089516888,true,0.0,1.2492316189716632,0.011805537272335088,0.011805537272335088,107.0666620462249,7.6771125123393125,114.74377455856421,93.30934288864536,-208.63845564031914,100.0,0.08,0.6,0.27,1.0,false
0.02,0.02,0.0,0.003,0.75,0.2,0.15,1.0,5.0,4.0,22.37150557160979,84.77220174508491,1.8070864562063065,-0.9102237038551623,-0.9102237038551623,-1.4578468100702775,true,0.0,1.8070864562063065,0.016155251155734116,0.016155251155734116,113.66461431425526,4.4274141592174905,118.09202847347275,96.25087805125472,-132.40057902401756,100.0,0.08,0.6,0.27,1.0,false
