gross_delta,delta,iota,kappa,lambda,sigmah,sigmal,mu_b,m,c,p,vb,debt_diff,eq_deriv,eq_deriv_min_val,eq_min_val,eq_negative,eq_vb,abs_debt_diff,debt_per_diff,abs_debt_per_diff,debt,equity,firm_value,leverage,ROE,V0,r,alpha,pi,xi,opt
0.02,0.02,0.0,0.0025,0.75,0.3,0.15,1.0,1.0,10.0,60.73656312999721,50.55651168675357,2.4347555509986165,1.3877787807814457e-17,-0.10949890165883651,0.03846783282118729,false,0.0,2.4347555509986165,0.04008714727218594,0.04008714727218594,63.171318680995824,45.33210433485714,108.50342301585297,58.22057675707257,23.089132467702743,100.0,0.08,0.6,0.27,1.0,false
0.02,0.02,0.0,0.0025,0.75,0.3,0.15,1.0,1.0,10.0,70.14563386289507,77.57495749375207,2.999003529502442e-5,1.4487115541056372e-15,0.007246714124130675,0.044102618572665724,false,0.0,2.999003529502442e-5,-3.896250117563574e-6,3.896250117563574e-6,70.14566385293035,25.86297300002421,96.00863685295457,73.06182667749405,-13.369458719105399,100.0,0.08,0.6,0.27,1.0,true
0.02,0.02,0.0,0.0025,0.75,0.3,0.15,1.0,1.0,10.0,70.24611276917165,77.7093720162555,-0.046567716865027364,1.4589024432964948e-15,0.007250252562194894,0.0437295260509517,false,0.0,0.046567716865027364,-0.0006629223316320525,0.0006629223316320525,70.19954505230662,25.658074279816802,95.85761933212342,73.23314050715385,-13.900394054880728,100.0,0.08,0.6,0.27,1.0,false
0.02,0.02,0.0,0.0025,0.75,0.3,0.15,1.0,1.0,10.0,74.04993262484142,82.15714716367414,-1.9183423899971643,8.178679088144403e-16,0.00015588231517292957,0.011876501632202673,false,0.0,1.9183423899971643,-0.02590606529942501,0.02590606529942501,72.13159023484425,18.171373135817028,90.30296337066127,79.87732355888471,-34.795801809484864,100.0,0.08,0.6,0.27,1.0,false
0.02,0.02,0.0,0.0025,0.75,0.3,0.15,1.0,1.0,10.0,75.95184255267631,84.38099604677305,-2.8811536383752667,-2.3592239273284576e-16,-0.004921962970072469,-0.008593945604865415,true,0.0,2.8811536383752667,-0.03793395316745668,0.03793395316745668,73.07068891430104,14.70093324265227,87.77162215695331,83.25092680141647,-45.409174427565176,100.0,0.08,0.6,0.27,1.0,false
0.02,0.02,0.0,0.0025,0.75,0.3,0.15,1.0,1.0,10.0,77.8537524805112,86.60793345714426,-3.887560480994253,-3.41740524767431e-16,-0.008202982470866562,0.028388483785625734,false,0.0,3.887560480994253,-0.04993414391897692,0.04993414391897692,73.96619199951695,11.497847471555923,85.46403947107288,86.54656678678566,-55.834937895591054,100.0,0.08,0.6,0.27,1.0,false
