gross_delta,delta,iota,kappa,lambda,sigmah,sigmal,mu_b,m,c,p,vb,debt_diff,eq_deriv,eq_deriv_min_val,eq_min_val,eq_negative,eq_vb,abs_debt_diff,debt_per_diff,abs_debt_per_diff,debt,equity,firm_value,leverage,ROE,V0,r,alpha,pi,xi,opt
0.02,0.02,0.0,0.0025,0.75,0.3,0.15,1.0,1.0,9.0,59.26857817360684,49.25403495241335,2.0059753369124493,9.71445146547012e-16,-0.0844674114095582,-0.025363069384616743,true,0.0,2.0059753369124493,0.03384551137765845,0.03384551137765845,61.27455351051929,46.00577786327192,107.28033137379121,57.11629776480051,18.79986425919924,100.0,0.08,0.6,0.27,1.0,false
0.02,0.02,0.0,0.0025,0.75,0.3,0.15,1.0,1.0,9.0,64.8641772071944,53.7920810773599,1.7786713233614506,-2.0816681711721685e-16,-0.18495281725274731,-0.021806511056522232,true,0.0,1.7786713233614506,0.027421473607533397,0.027421473607533397,66.64284853055585,37.031367856401445,103.6742163869573,64.28102459131762,11.014778615982724,100.0,0.08,0.6,0.27,1.0,false
0.02,0.02,0.0,0.0025,0.75,0.3,0.15,1.0,1.0,9.0,69.1340909648852,74.38732702256719,-1.5715730459664456e-5,-9.006736917273439e-16,-0.05367400036561638,0.02683130846918299,false,0.0,1.5715730459664456e-5,8.173948252689772e-5,8.173948252689772e-5,69.13407524915472,26.922150941049214,96.05622619020393,71.97250817688817,-12.777112111919031,100.0,0.08,0.6,0.27,1.0,true
0.02,0.02,0.0,0.0025,0.75,0.3,0.15,1.0,1.0,9.0,70.45977624078198,78.40715230378648,-0.6209371069726899,-2.671474153004283e-16,-0.020543086604462742,0.02258249268983622,false,0.0,0.6209371069726899,-0.008812646592160092,0.008812646592160092,69.83883913380929,24.021922604498318,93.8607617383076,74.40685313051941,-20.354781067376628,100.0,0.08,0.6,0.27,1.0,false
0.02,0.02,0.0,0.0025,0.75,0.3,0.15,1.0,1.0,9.0,72.3249759186445,80.58858534201885,-1.4717545716129337,9.020562075079397e-16,6.722316238313986e-6,0.0017551699484093936,false,0.0,1.4717545716129337,-0.020349188546823053,0.020349188546823053,70.85322134703156,20.41034280338051,91.26356415041207,77.63582543221511,-29.973932809546245,100.0,0.08,0.6,0.27,1.0,false
0.02,0.02,0.0,0.0025,0.75,0.3,0.15,1.0,1.0,9.0,74.19017559650702,82.77344113960525,-2.381778182838275,-1.304512053934559e-15,-0.010682278195266588,0.02609765692291328,false,0.0,2.381778182838275,-0.03210368709452701,0.03210368709452701,71.80839741366874,16.933032613029912,88.74143002669865,80.91868408258077,-39.93589913458868,100.0,0.08,0.6,0.27,1.0,false
