gross_delta,delta,iota,kappa,lambda,sigmah,sigmal,V0,r,alpha,pi,xi,mu_b,m,c,p,vb,sg_debt,debt,debt_diff,abs_debt_diff,debt_per_diff,abs_debt_per_diff,eq_vb,eq_min_val,sg_equity,equity,eq_negative,firm_value,leverage,ROE,cvml_vb,cvmh_vb,eq_deriv
0.02,0.0195,0.0005,0.005,NaN,NaN,0.25,100.0,0.08,0.6,0.27,1.0,1.0,3.0,1.3587358735873587,15.583795658118358,41.82391796440899,46.75149617582739,46.75680417193262,0.005417197577550326,0.005417197577550326,0.00011587244631954697,0.00011587244631954697,3.019806626980426e-14,NaN,57.41895834195891,57.43543601393634,false,104.19224018586897,44.87551480659497,7.873757614788035,NaN,NaN,NaN
