gross_delta,delta,iota,kappa,lambda,sigmah,sigmal,mu_b,m,c,p,vb,debt_diff,eq_deriv,eq_deriv_min_val,eq_min_val,eq_negative,eq_vb,abs_debt_diff,debt_per_diff,abs_debt_per_diff,debt,equity,firm_value,leverage,ROE,V0,r,alpha,pi,xi,opt
0.02,0.02,0.0,0.004,0.75,0.225,0.15,1.0,7.0,3.0,11.237273727372738,97.25899370258783,-7.97524152081732,-1.1300199251825667,-1.1300199251825667,-3.830495149653568,true,0.0,7.97524152081732,-0.1013876003113069,0.1013876003113069,70.68567457079185,-2.2963427771301825,68.38933179366167,103.35774998366485,-107.83351737932934,100.0,0.08,0.6,0.27,1.0,false
0.02,0.02,0.0,0.004,0.75,0.225,0.15,1.0,7.0,3.0,11.237273727372738,97.25899370258784,-7.975241520817323,-1.1300199251825669,-1.1300199251825669,-3.830495149653569,true,0.0,7.975241520817323,-0.1013876003113069,0.1013876003113069,70.68567457079185,-2.296342777130183,68.38933179366167,103.35774998366485,-107.83351737932935,100.0,0.08,0.6,0.27,1.0,false
0.02,0.02,0.0,0.004,0.75,0.225,0.15,1.0,7.0,3.0,11.523194424705629,97.31812323480372,-9.93696516434568,-1.1562567532098875,-1.1562567532098875,-3.948252134368073,true,0.0,9.93696516434568,-0.12319209411288283,0.12319209411288283,70.72539580859373,-2.3118941138415243,68.41350169475221,103.37929510487088,-107.89726856331056,100.0,0.08,0.6,0.27,1.0,false
0.02,0.02,0.0,0.004,0.75,0.225,0.15,1.0,7.0,3.0,11.80911512203852,96.50298128601696,-8.64780855753385,-1.2064482608078293,-1.2064482608078293,-4.134697352488874,true,0.0,8.64780855753385,-0.10461420773172864,0.10461420773172864,74.01599729673579,-2.928951031248795,71.08704626548699,104.12023172310482,-111.27213179854252,100.0,0.08,0.6,0.27,1.0,false
0.02,0.02,0.0,0.004,0.75,0.225,0.15,1.0,7.0,3.0,12.095035819371411,96.58178017877971,-10.617844755300936,-1.2326549874566697,-1.2326549874566697,-4.2541173542281445,true,0.0,10.617844755300936,-0.12540971252136582,0.12540971252136582,74.04740598029893,-2.952141843575526,71.0952641367234,104.15237481627224,-111.37513206323231,100.0,0.08,0.6,0.27,1.0,false
0.02,0.02,0.0,0.004,0.75,0.225,0.15,1.0,7.0,3.0,16.669766976697666,88.13632043197823,-12.801574487865068,-1.9819276949117106,-1.9819276949117106,-6.979456037467837,true,0.0,12.801574487865068,-0.10970737371228605,0.10970737371228605,103.88679434901859,-6.3360483419535285,97.55074600706506,106.49513058720703,63.01475645485017,100.0,0.08,0.6,0.27,1.0,false
