gross_delta,delta,iota,kappa,lambda,sigmah,sigmal,mu_b,m,c,p,vb,debt_diff,eq_deriv,eq_deriv_min_val,eq_min_val,eq_negative,eq_vb,abs_debt_diff,debt_per_diff,abs_debt_per_diff,debt,equity,firm_value,leverage,ROE,V0,r,alpha,pi,xi,opt
0.02,0.02,0.0,0.004,0.75,0.225,0.15,1.0,7.0,2.0,10.977147714771476,95.80342410376716,-7.586010683134774,-0.6452071015532145,-0.6452071015532145,-1.7817517855440312,true,0.0,7.586010683134774,-0.09872471793543293,0.09872471793543293,69.25402332026556,-1.6052236673326983,67.64879965293287,102.37287827066876,-105.2209226724313,100.0,0.08,0.6,0.27,1.0,false
0.02,0.02,0.0,0.004,0.75,0.225,0.15,1.0,7.0,2.0,11.14332359416256,95.06503035424963,-7.032202655758154,-0.6782180010280083,-0.6782180010280083,-1.895925006562743,true,0.0,7.032202655758154,-0.09021115228818792,0.09021115228818792,70.97106250337976,-1.8055159016462081,69.16554660173355,102.61042670860776,-106.21971059690496,100.0,0.08,0.6,0.27,1.0,false
0.02,0.02,0.0,0.004,0.75,0.225,0.15,1.0,7.0,2.0,11.264925176728198,94.85344217820368,-7.268317687605787,-0.6951496201516345,-0.6951496201516345,-1.9579445089326326,true,0.0,7.268317687605787,-0.09217381224816733,0.09217381224816733,71.5861585494916,-1.8890582588252334,69.69710029066637,102.71038285803435,-106.64837333633899,100.0,0.08,0.6,0.27,1.0,false
0.02,0.02,0.0,0.004,0.75,0.225,0.15,1.0,7.0,2.0,11.55270263868492,94.95259315400217,-9.023315563109094,-0.7218312502048368,-0.7218312502048368,-2.0651212766619254,true,0.0,9.023315563109094,-0.11157952565382503,0.11157952565382503,71.84560290768535,-1.9698818031048513,69.87572110458049,102.81912196677956,-106.9967110169181,100.0,0.08,0.6,0.27,1.0,false
0.02,0.02,0.0,0.004,0.75,0.225,0.15,1.0,7.0,2.0,11.840480100641642,95.05179192239629,-10.79544096318621,-0.748326915891875,-0.748326915891875,-2.1725836768040065,true,0.0,10.79544096318621,-0.13024859116989448,0.13024859116989448,72.08791974130529,-2.046398574443825,70.04152116686146,102.92169350458373,-107.33158745416821,100.0,0.08,0.6,0.27,1.0,false
0.02,0.02,0.0,0.004,0.75,0.225,0.15,1.0,7.0,2.0,12.128257562598364,94.18110037160116,-10.430293107848328,-0.7977778392581101,-0.7977778392581101,-2.349475166730852,true,0.0,10.430293107848328,-0.12285704396193033,0.12285704396193033,74.46750983034022,-2.308301293615717,72.1592085367245,103.1989005151587,-109.04064303276877,100.0,0.08,0.6,0.27,1.0,false
