gross_delta,delta,iota,kappa,lambda,sigmah,sigmal,mu_b,m,c,p,vb,debt_diff,eq_deriv,eq_deriv_min_val,eq_min_val,eq_negative,eq_vb,abs_debt_diff,debt_per_diff,abs_debt_per_diff,debt,equity,firm_value,leverage,ROE,V0,r,alpha,pi,xi,opt
0.02,0.02,0.0,0.004,0.75,0.225,0.15,1.0,7.0,8.0,6.937968796879687,87.22626467087717,3.8547912896161307,-3.68681214799394,-3.68681214799394,-14.031744223584758,true,0.0,3.8547912896161307,0.07937257806533071,0.07937257806533071,52.42057286777394,-13.10417405765131,39.316398810122635,133.33004663254516,-127.54168103208563,100.0,0.08,0.6,0.27,1.0,false
0.02,0.02,0.0,0.004,0.75,0.225,0.15,1.0,7.0,8.0,6.937968796879687,87.22626467087717,3.854791289616131,-3.686812147993941,-3.686812147993941,-14.03174422358476,true,0.0,3.854791289616131,0.07937257806533073,0.07937257806533073,52.42057286777395,-13.10417405765131,39.316398810122635,133.33004663254516,-127.54168103208563,100.0,0.08,0.6,0.27,1.0,false
0.02,0.02,0.0,0.004,0.75,0.225,0.15,1.0,7.0,8.0,7.233039093383022,85.71916775559505,5.637721019560857,-3.809836893455947,-3.809836893455947,-14.307141299104057,true,0.0,5.637721019560857,0.11134859174436283,0.11134859174436283,56.26899467324201,-12.241982500323854,44.02701217291816,127.80561727024057,-127.9938281977553,100.0,0.08,0.6,0.27,1.0,false
0.02,0.02,0.0,0.004,0.75,0.225,0.15,1.0,7.0,8.0,7.528109389886357,84.7767297121502,6.444003258197682,-3.900544186901006,-3.900544186901006,-14.525979517101502,true,0.0,6.444003258197682,0.12228460644647156,0.12228460644647156,59.14076898740218,-11.533810410272306,47.60695857712987,124.22715240585246,-128.22816319454512,100.0,0.08,0.6,0.27,1.0,false
0.02,0.02,0.0,0.004,0.75,0.225,0.15,1.0,7.0,8.0,8.118249982893026,83.25846055440388,6.740099785845224,-4.065474680592478,-4.065474680592478,-14.942141025853806,true,0.0,6.740099785845224,0.11860578326694488,0.11860578326694488,63.56784966609641,-10.107672083052165,53.46017758304424,118.9069182708027,-127.74382513909977,100.0,0.08,0.6,0.27,1.0,false
0.02,0.02,0.0,0.004,0.75,0.225,0.15,1.0,7.0,8.0,8.413320279396359,82.68237336150668,7.617506649997068,-4.137359163931416,-4.137359163931416,-15.130054871063681,true,0.0,7.617506649997068,0.12934432537637144,0.12934432537637144,66.51074860577158,-9.477369922557266,57.033378683214316,116.61723387491784,-128.2997365661945,100.0,0.08,0.6,0.27,1.0,false
