gross_delta,delta,iota,kappa,lambda,sigmah,sigmal,V0,r,alpha,pi,xi,mu_b,m,c,p,vb,sg_debt,debt,debt_diff,abs_debt_diff,debt_per_diff,abs_debt_per_diff,eq_vb,eq_min_val,sg_equity,equity,eq_negative,firm_value,leverage,ROE,cvml_vb,cvmh_vb,eq_deriv
0.02,0.02,0.0,0.005,NaN,NaN,0.3,100.0,0.08,0.6,0.27,1.0,1.0,10.0,0.6665416541654166,6.2906152155799795,43.29503806148878,62.90498119985182,62.90783936844903,0.001687212649237324,0.001687212649237324,2.68211071797652e-5,2.68211071797652e-5,2.042810365310288e-13,NaN,45.547917295740746,45.49626724177672,false,108.40410661022575,58.03086371500519,22.657366050219064,NaN,NaN,NaN
