gross_delta,delta,iota,kappa,lambda,sigmah,sigmal,V0,r,alpha,pi,xi,mu_b,m,c,p,vb,sg_debt,debt,debt_diff,abs_debt_diff,debt_per_diff,abs_debt_per_diff,eq_vb,eq_min_val,sg_equity,equity,eq_negative,firm_value,leverage,ROE,cvml_vb,cvmh_vb,eq_deriv
0.02,0.0198,0.0002,0.005,NaN,NaN,0.25,100.0,0.08,0.6,0.27,1.0,1.0,5.0,1.2031453145314532,12.375663967023552,49.934226270568395,61.878363838935336,61.857978538344646,-0.020341296773118245,0.020341296773118245,-0.00032873059299800124,0.00032873059299800124,5.3290705182007514e-14,NaN,45.41146771560348,45.37015737570614,false,107.2281359140508,57.688197235777,18.950584256047676,NaN,NaN,NaN
