gross_delta,delta,iota,kappa,lambda,sigmah,sigmal,mu_b,m,c,p,vb,debt_diff,eq_deriv,eq_deriv_min_val,eq_min_val,eq_negative,eq_vb,abs_debt_diff,debt_per_diff,abs_debt_per_diff,debt,equity,firm_value,leverage,ROE,V0,r,alpha,pi,xi,opt
0.02,0.02,0.0,0.004,0.1,0.35,0.15,1.0,7.0,1.0,9.870459414362488,76.3573162783837,-0.39431627300062644,-0.09449975448669254,-0.09449975448669254,-0.041805634036778234,true,0.0,0.39431627300062644,-0.005707018668348876,0.005707018668348876,68.69889962753679,11.028899124396068,79.72779875193285,86.16680844442769,-64.7651392661626,100.0,0.08,0.6,0.27,1.0,false
0.02,0.02,0.0,0.004,0.1,0.35,0.15,1.0,7.0,1.0,10.184634252898972,72.16845718800624,-0.3327618184960528,-0.3360763087722162,-0.3360763087722162,-0.4123046748969199,true,0.0,0.3327618184960528,-0.004667561098599307,0.004667561098599307,70.95967795179675,13.185763696665179,84.14544164846193,84.32979441506538,-54.594981161784354,100.0,0.08,0.6,0.27,1.0,false
0.02,0.02,0.0,0.004,0.1,0.35,0.15,1.0,7.0,1.0,10.498809091435458,65.87253204830263,-0.15529809210649148,-0.7133121473528456,-0.7133121473528456,-1.3268558271057376,true,0.0,0.15529809210649148,-0.002113138884256582,0.002113138884256582,73.33636554794171,17.713100964451254,91.04946651239297,80.5456290487542,-33.56831756638526,100.0,0.08,0.6,0.27,1.0,false
0.02,0.02,0.0,0.004,0.1,0.35,0.15,1.0,7.0,1.0,10.812983929971944,49.9593685916698,-0.06560985283873322,-1.9887944614449995,-1.9887944614449995,-4.584731107485163,true,0.0,0.06560985283873322,-0.0008668130999287771,0.0008668130999287771,75.62527765696487,37.23199058355507,112.85726824051994,67.00966524884623,52.74836800015403,100.0,0.08,0.6,0.27,1.0,false
0.02,0.02,0.0,0.004,0.1,0.35,0.15,1.0,7.0,1.0,10.961505286606863,42.390251690447556,4.114529832621727e-6,-2.642148601542787,-2.642148601542787,-6.245546956638801,true,0.0,4.114529832621727e-6,-4.281047468896013e-5,4.281047468896013e-5,76.73054112077787,47.420658279330766,124.15119940010864,61.80410780688014,103.78926095988352,100.0,0.08,0.6,0.27,1.0,false
0.02,0.02,0.0,0.004,0.1,0.35,0.15,1.0,7.0,1.0,11.441333607044914,44.611059874889726,0.7914151309421982,-2.7573882133680208,-2.7573882133680208,-6.375527055044921,true,0.0,0.7914151309421982,0.00988165438604977,0.00988165438604977,80.8807503802566,48.45856511794095,129.33931549819755,62.533770237390605,153.45432525709822,100.0,0.08,0.6,0.27,1.0,false
