gross_delta,delta,iota,kappa,lambda,sigmah,sigmal,mu_b,m,c,p,vb,debt_diff,eq_deriv,eq_deriv_min_val,eq_min_val,eq_negative,eq_vb,abs_debt_diff,debt_per_diff,abs_debt_per_diff,debt,equity,firm_value,leverage,ROE,V0,r,alpha,pi,xi,opt
0.02,0.02,0.0,0.005,0.5,0.3,0.15,1.0,7.0,1.0,8.056793837278466,68.95868606702511,0.8580342534840995,-0.5130968727933796,-0.5130968727933796,-1.132024345287092,true,0.0,0.8580342534840995,0.015214032331216435,0.015214032331216435,57.255591114433365,8.195016794807074,65.45060790924043,87.47908223225215,-80.8278626176668,100.0,0.08,0.6,0.27,1.0,false
0.02,0.02,0.0,0.005,0.5,0.3,0.15,1.0,7.0,1.0,8.344660781867661,70.90218666752028,0.7745791379951328,-0.4925358428689566,-0.4925358428689566,-1.0876941023600162,true,0.0,0.7745791379951328,0.013260474627222315,0.013260474627222315,59.187204611068765,7.002988418820955,66.19019302988971,89.41990029299569,-82.84119391459222,100.0,0.08,0.6,0.27,1.0,false
0.02,0.02,0.0,0.005,0.5,0.3,0.15,1.0,7.0,1.0,8.632527726456857,72.84645486893106,0.7302027574708276,-0.4719960206575634,-0.4719960206575634,-1.040514123516973,true,0.0,0.7302027574708276,0.012083909017631927,0.012083909017631927,61.157896842668826,5.964486065407579,67.1223829080764,91.11401322927422,-84.6442762348675,100.0,0.08,0.6,0.27,1.0,false
0.02,0.02,0.0,0.005,0.5,0.3,0.15,1.0,7.0,1.0,8.920394671046052,74.78997430810689,0.29044490612427865,-0.45206278937525235,-0.45206278937525235,-0.9929229155395619,true,0.0,0.29044490612427865,0.004651378215473054,0.004651378215473054,62.733207603446644,5.038056180029469,67.77126378347612,92.56608789807186,-86.48111131642385,100.0,0.08,0.6,0.27,1.0,false
0.02,0.02,0.0,0.005,0.5,0.3,0.15,1.0,7.0,1.0,9.035369878467051,75.5337771965886,4.762791711998213e-6,-0.44526884761406765,-0.44526884761406765,-0.9760385818018699,true,0.0,4.762791711998213e-6,-0.00012028546273059823,0.00012028546273059823,63.24759391206109,4.723594025082393,67.97118793714348,93.05059368765109,-87.1475243994092,100.0,0.08,0.6,0.27,1.0,false
0.02,0.02,0.0,0.005,0.5,0.3,0.15,1.0,7.0,1.0,11.799064116938009,54.07800170079684,-5.721567609714455,-1.4960287610754284,-1.4960287610754284,-3.142605971468513,true,0.0,5.721567609714455,-0.06927386725650707,0.06927386725650707,76.8718812088516,34.59104176493147,111.46292297378307,68.96632454805842,49.56271228669997,100.0,0.08,0.6,0.27,1.0,false
