gross_delta,delta,iota,kappa,lambda,sigmah,sigmal,mu_b,m,c,p,vb,debt_diff,eq_deriv,eq_deriv_min_val,eq_min_val,eq_negative,eq_vb,abs_debt_diff,debt_per_diff,abs_debt_per_diff,debt,equity,firm_value,leverage,ROE,V0,r,alpha,pi,xi,opt
0.02,0.02,0.0,0.001,0.75,0.2,0.15,1.0,7.0,9.0,6.872937293729373,87.65740688200768,3.675559241508303,-3.919399180318486,-3.919399180318486,-14.143858647659545,true,0.0,3.675559241508303,0.07639817871219454,0.07639817871219454,51.78612029761391,-12.913243561694381,38.87287673591953,133.21916113751934,-126.78324922492249,100.0,0.08,0.6,0.27,1.0,false
0.02,0.02,0.0,0.001,0.75,0.2,0.15,1.0,7.0,9.0,6.872937293729373,87.65740688200768,3.6755592415083025,-3.919399180318485,-3.919399180318485,-14.143858647659544,true,0.0,3.6755592415083025,0.07639817871219454,0.07639817871219454,51.786120297613905,-12.913243561694381,38.872876735919526,133.21916113751934,-126.78324922492249,100.0,0.08,0.6,0.27,1.0,false
0.02,0.02,0.0,0.001,0.75,0.2,0.15,1.0,7.0,9.0,7.162168848463794,86.54758916488169,8.067600226010818,-4.018381337751315,-4.018381337751315,-14.362164864338425,true,0.0,8.067600226010818,0.16091694323134353,0.16091694323134353,58.202782165257375,-12.157848842768985,46.04493332248839,126.4043141459629,-129.0876988292344,100.0,0.08,0.6,0.27,1.0,false
0.02,0.02,0.0,0.001,0.75,0.2,0.15,1.0,7.0,9.0,8.897558176870318,82.14464436853305,8.536630499138681,-4.4991503114569396,-4.4991503114569396,-15.461219873123568,true,0.0,8.536630499138681,0.13706217127124853,0.13706217127124853,70.8195377372309,-6.8260187411748845,63.99351899605602,110.66673445727461,-123.3924283985182,100.0,0.08,0.6,0.27,1.0,false
0.02,0.02,0.0,0.001,0.75,0.2,0.15,1.0,7.0,9.0,9.76525284107358,81.0753022551833,7.474787971821996,-4.6739164228476575,-4.6739164228476575,-15.919605009237868,true,0.0,7.474787971821996,0.10934963697263902,0.10934963697263902,75.83155785933707,-5.0597022176497335,70.77185564168734,107.14931404832258,-120.93516076957597,100.0,0.08,0.6,0.27,1.0,false
0.02,0.02,0.0,0.001,0.75,0.2,0.15,1.0,7.0,9.0,10.054484395808,81.26523578563207,13.74971392951899,-4.691521670288894,-4.691521670288894,-16.02334500775963,true,0.0,13.74971392951899,0.19536007713066728,0.19536007713066728,84.13110470017499,-5.504618694587501,78.62648600558748,107.00097254021543,-134.68810267245382,100.0,0.08,0.6,0.27,1.0,false
