gross_delta,delta,iota,kappa,lambda,sigmah,sigmal,mu_b,m,c,p,vb,debt_diff,eq_deriv,eq_deriv_min_val,eq_min_val,eq_negative,eq_vb,abs_debt_diff,debt_per_diff,abs_debt_per_diff,debt,equity,firm_value,leverage,ROE,V0,r,alpha,pi,xi,opt
0.02,0.02,0.0,0.001,0.75,0.2,0.15,1.0,7.0,5.0,13.544775530184598,90.42882185313299,-0.22297779363360348,-2.4148571992300933,-2.4148571992300933,-8.382633911012984,true,0.0,0.22297779363360348,-0.002351753297653363,0.002351753297653363,94.59045091765859,-8.272381712465782,86.3180692051928,109.58360374442681,-252.92183482482145,100.0,0.08,0.6,0.27,1.0,false
0.02,0.02,0.0,0.001,0.75,0.2,0.15,1.0,7.0,5.0,13.555757921183993,90.1278100999205,0.00021528883399565482,-2.4294090795513275,-2.4294090795513275,-8.411798109820724,true,0.0,0.00021528883399565482,-2.5019538362310202e-5,2.5019538362310202e-5,94.89052073712196,-8.140036868664215,86.75048386845775,109.38327546507658,-259.3124553377508,100.0,0.08,0.6,0.27,1.0,false
0.02,0.02,0.0,0.001,0.75,0.2,0.15,1.0,7.0,5.0,13.828996057500486,85.63769814201461,2.8645322501769783,-2.660256109404154,-2.660256109404154,-8.893230611645865,true,0.0,2.8645322501769783,0.029591366660378492,0.029591366660378492,99.66750465268038,-5.945689680049041,93.72181497263134,106.3439762469232,-1888.2023697412997,100.0,0.08,0.6,0.27,1.0,false
0.02,0.02,0.0,0.001,0.75,0.2,0.15,1.0,7.0,5.0,14.113216584816376,84.5302309093302,2.875561941870245,-2.744349222538926,-2.744349222538926,-9.10299387536964,true,0.0,2.875561941870245,0.02910708275860173,0.02910708275860173,101.66807803558488,-4.9961565234813685,96.67192151210351,105.16815683947675,199.51575507254665,100.0,0.08,0.6,0.27,1.0,false
0.02,0.02,0.0,0.001,0.75,0.2,0.15,1.0,7.0,5.0,14.681657639448156,83.106394718907,3.4916728014635225,-2.8770077029259964,-2.8770077029259964,-9.452849501568355,true,0.0,3.4916728014635225,0.033975073691190065,0.033975073691190065,106.26327627760061,-3.5709566025944772,102.69231967500613,103.47733561175325,-42.985804165061204,100.0,0.08,0.6,0.27,1.0,false
0.02,0.02,0.0,0.001,0.75,0.2,0.15,1.0,7.0,5.0,15.818539748711713,81.46858120338405,3.379870119587011,-3.0886578112090644,-3.0886578112090644,-10.056857749338473,true,0.0,3.379870119587011,0.030523587902717336,0.030523587902717336,114.109648360569,-1.6694716785633932,112.4401766820056,101.48476436788681,-88.16787182855018,100.0,0.08,0.6,0.27,1.0,false
