gross_delta,delta,iota,kappa,lambda,sigmah,sigmal,mu_b,m,c,p,vb,debt_diff,eq_deriv,eq_deriv_min_val,eq_min_val,eq_negative,eq_vb,abs_debt_diff,debt_per_diff,abs_debt_per_diff,debt,equity,firm_value,leverage,ROE,V0,r,alpha,pi,xi,opt
0.02,0.02,0.0,0.001,0.75,0.2,0.15,1.0,7.0,10.0,6.0713979292666105,84.86441200386089,9.439906168446896,-4.544283400548603,-4.544283400548603,-16.144742390911134,true,0.0,9.439906168446896,0.2221165602674869,0.2221165602674869,51.93969167331317,-11.840912695565535,40.098778977747635,129.5293597396981,-124.63761284067863,100.0,0.08,0.6,0.27,1.0,false
0.02,0.02,0.0,0.001,0.75,0.2,0.15,1.0,7.0,10.0,6.464024528326196,83.74553474581697,7.804448565323885,-4.667186633716573,-4.667186633716573,-16.412374616219058,true,0.0,7.804448565323885,0.17515947987430933,0.17515947987430933,53.05262026360728,-10.37188208859505,42.68073817501223,124.30108412386211,-122.09256863073652,100.0,0.08,0.6,0.27,1.0,false
0.02,0.02,0.0,0.001,0.75,0.2,0.15,1.0,7.0,10.0,6.940032161110848,82.81831439622894,9.0542697728998,-4.785626334270132,-4.785626334270132,-16.683889613246404,true,0.0,9.0542697728998,0.18637768246411412,0.18637768246411412,57.63449490067573,-9.017562722567972,48.61693217810776,118.54819364070978,-121.28515333743017,100.0,0.08,0.6,0.27,1.0,false
0.02,0.02,0.0,0.001,0.75,0.2,0.15,1.0,7.0,10.0,7.229576905058927,82.38009192188817,10.042055630374662,-4.849789957044407,-4.849789957044407,-16.839559719070323,true,0.0,10.042055630374662,0.19843199603616582,0.19843199603616582,60.64909396578715,-8.318798247764125,52.330295718023024,115.89671553279423,-121.14004246949617,100.0,0.08,0.6,0.27,1.0,false
0.02,0.02,0.0,0.001,0.75,0.2,0.15,1.0,7.0,10.0,7.808666392955085,81.5943176440286,9.96646023155975,-4.974946027332681,-4.974946027332681,-17.157142937666986,true,0.0,9.96646023155975,0.18233331550243803,0.18233331550243803,64.62712498224535,-7.002350502063044,57.6247744801823,112.15163194169413,-119.79581953275884,100.0,0.08,0.6,0.27,1.0,false
0.02,0.02,0.0,0.001,0.75,0.2,0.15,1.0,7.0,10.0,8.387755880851243,80.90875973161394,7.989582254485228,-5.092132206599299,-5.092132206599299,-17.45173832808758,true,0.0,7.989582254485228,0.13607559753897563,0.13607559753897563,66.70387342044393,-5.73106222152263,60.9728111989213,109.39937344011459,-117.2123991895247,100.0,0.08,0.6,0.27,1.0,false
