gross_delta,delta,iota,kappa,lambda,sigmah,sigmal,mu_b,m,c,p,vb,debt_diff,eq_deriv,eq_deriv_min_val,eq_min_val,eq_negative,eq_vb,abs_debt_diff,debt_per_diff,abs_debt_per_diff,debt,equity,firm_value,leverage,ROE,V0,r,alpha,pi,xi,opt
0.02,0.02,0.0,0.001,0.3,0.3,0.15,1.0,10.0,1.0,6.67061706170617,70.90753243805278,3.091101448570754,-1.2763256364825664,-1.2763256364825664,-4.822474970738032,true,0.0,3.091101448570754,0.046339063087817704,0.046339063087817704,69.79727206563246,2.8741415306948057,72.67141359632726,96.04501771953964,-90.48383464917309,100.0,0.08,0.6,0.27,1.0,false
0.02,0.02,0.0,0.001,0.3,0.3,0.15,1.0,10.0,1.0,6.915957385212205,71.65123942239731,2.5339406533477984,-1.285241370406424,-1.285241370406424,-4.8958947395225385,true,0.0,2.5339406533477984,0.03663904376805307,0.03663904376805307,71.69351450546985,2.1906402142284183,73.88415471969827,97.03503380049582,-92.26099540103017,100.0,0.08,0.6,0.27,1.0,false
0.02,0.02,0.0,0.001,0.3,0.3,0.15,1.0,10.0,1.0,7.161297708718239,85.82460774983363,1.00488923690871,-0.8295545323132034,-0.8295545323132034,-3.288312843108164,true,0.0,1.00488923690871,0.014032222619167853,0.014032222619167853,72.6178663240911,-2.8776527426816094,69.74021358140949,104.12624595610458,-110.50923487826442,100.0,0.08,0.6,0.27,1.0,false
0.02,0.02,0.0,0.001,0.3,0.3,0.15,1.0,10.0,1.0,7.28397400404068,87.99194552459667,-1.1694032503615712e-5,-0.7740050942491096,-0.7740050942491096,-3.099694027867136,true,0.0,1.1694032503615712e-5,6.58285645374759e-5,6.58285645374759e-5,72.83972834637429,-3.5272362412252023,69.31249210514909,105.08888965624593,-112.98674875644825,100.0,0.08,0.6,0.27,1.0,false
0.02,0.02,0.0,0.001,0.3,0.3,0.15,1.0,10.0,1.0,7.406638032224274,86.78682174985141,-0.8169460561799298,-0.8330357274226812,-0.8330357274226812,-3.3260118207789913,true,0.0,0.8169460561799298,-0.011029917387964945,0.011029917387964945,73.2494342660628,-3.0815572672489346,70.16787699881387,104.3916923228289,-111.51959662422955,100.0,0.08,0.6,0.27,1.0,false
0.02,0.02,0.0,0.001,0.3,0.3,0.15,1.0,10.0,1.0,7.651978355730309,82.67511404446951,-0.3732393452361151,-0.9855163663582045,-0.9855163663582045,-3.9388739715527823,true,0.0,0.3732393452361151,-0.004877684278296589,0.004877684278296589,76.14654421206697,-2.7929720563718865,73.35357215569509,103.80754743674065,-111.70887808124135,100.0,0.08,0.6,0.27,1.0,false
