gross_delta,delta,iota,kappa,lambda,sigmah,sigmal,V0,r,alpha,pi,xi,mu_b,m,c,p,vb,sg_debt,debt,debt_diff,abs_debt_diff,debt_per_diff,abs_debt_per_diff,eq_vb,eq_min_val,sg_equity,equity,eq_negative,firm_value,leverage,ROE,cvml_vb,cvmh_vb,eq_deriv
0.02,0.0185,0.0015,0.015000000000000001,NaN,NaN,0.15,100.0,0.08,0.6,0.27,1.0,1.0,1.0,4.571007100710071,48.11328334993265,56.23196078412244,48.11334689884504,48.113354863781865,7.151384921399995e-5,7.151384921399995e-5,1.4863639360023026e-6,1.4863639360023026e-6,2.5934809855243657e-13,NaN,49.816278275704676,49.815890132933404,false,97.92924499671527,49.13073195386698,-3.9909209736886497,NaN,NaN,NaN
