gross_delta,delta,iota,kappa,lambda,sigmah,sigmal,V0,r,alpha,pi,xi,mu_b,m,c,p,vb,sg_debt,debt,debt_diff,abs_debt_diff,debt_per_diff,abs_debt_per_diff,eq_vb,eq_min_val,sg_equity,equity,eq_negative,firm_value,leverage,ROE,cvml_vb,cvmh_vb,eq_deriv
0.02,0.019,0.001,0.015000000000000001,NaN,NaN,0.15,100.0,0.08,0.6,0.27,1.0,1.0,7.0,1.061031103110311,10.461278893171714,66.31450924463358,73.2304568621188,73.25949503663884,0.03054278443683245,0.03054278443683245,0.00041708618650779645,0.00041708618650779645,5.329070518200751e-15,NaN,29.569699908646147,29.525937921492755,false,102.7854329581316,71.27419997975804,10.41653088431984,NaN,NaN,NaN
