gross_delta,delta,iota,kappa,lambda,sigmah,sigmal,mu_b,m,c,p,vb,debt_diff,eq_deriv,eq_deriv_min_val,eq_min_val,eq_negative,eq_vb,abs_debt_diff,debt_per_diff,abs_debt_per_diff,debt,equity,firm_value,leverage,ROE,V0,r,alpha,pi,xi,opt
0.02,0.02,0.0,0.0025,0.3,0.3,0.15,1.0,3.0,6.0,24.336771835078242,90.10373363142482,5.215878891705742,2.933827704140572e-7,2.933827704140572e-7,0.002302896336096827,false,0.0,5.215878891705742,0.07144030067000288,0.07144030067000288,78.22619439694047,5.652785727698982,83.87898012463945,93.26078390640986,-74.03859559164667,100.0,0.08,0.6,0.27,1.0,false
0.02,0.02,0.0,0.0025,0.3,0.3,0.15,1.0,3.0,6.0,29.99657992115001,89.62623634112141,-3.0708522257457673,-0.6949966941692934,-0.6949966941692934,-0.9153029527969083,true,0.0,3.0708522257457673,-0.034124470565399016,0.034124470565399016,86.91888753770425,2.8257295209934195,89.74461705869767,96.85136600544494,-78.39840052489312,100.0,0.08,0.6,0.27,1.0,false
0.02,0.02,0.0,0.0025,0.3,0.3,0.15,1.0,3.0,6.0,32.422211958037906,86.04103907395822,-3.215317570408473,-1.2759279590293775,-1.2759279590293775,-2.4420336731396906,true,0.0,3.215317570408473,-0.03305673668584429,0.03305673668584429,94.05131830370524,3.7387597386764395,97.79007804238168,96.1767494069735,-37.14977654620193,100.0,0.08,0.6,0.27,1.0,false
0.02,0.02,0.0,0.0025,0.3,0.3,0.15,1.0,3.0,6.0,33.33243948215533,81.50230804799793,-0.00011173295510765596,-1.3800256685136743,-1.3800256685136743,-2.5133412854785044,true,0.0,0.00011173295510765596,-0.0005255498829237299,0.0005255498829237299,99.99720671351088,9.424477261205336,109.42168397471622,91.38701131360487,337297.4455504329,100.0,0.08,0.6,0.27,1.0,false
0.02,0.02,0.0,0.0025,0.3,0.3,0.15,1.0,3.0,6.0,34.03929998262984,77.79844522670072,2.925819172349307,-1.4123735199033962,-1.4123735199033962,-2.4056173800932195,true,0.0,2.925819172349307,0.028651384075096962,0.028651384075096962,105.04371912023883,14.439696213205561,119.4834153334444,87.91489498947745,-386.290649200977,100.0,0.08,0.6,0.27,1.0,false
0.02,0.02,0.0,0.0025,0.3,0.3,0.15,1.0,3.0,6.0,36.46493201951774,78.6745354144752,3.643128071551615,-1.2776918406394162,-1.2776918406394162,-1.8816735316092557,true,0.0,3.643128071551615,0.03330257199439032,0.03330257199439032,113.03792413010484,14.028580539702348,127.06650466980719,88.95965496481014,-207.59826794290097,100.0,0.08,0.6,0.27,1.0,false
