gross_delta,delta,iota,kappa,lambda,sigmah,sigmal,mu_b,m,c,p,vb,debt_diff,eq_deriv,eq_deriv_min_val,eq_min_val,eq_negative,eq_vb,abs_debt_diff,debt_per_diff,abs_debt_per_diff,debt,equity,firm_value,leverage,ROE,V0,r,alpha,pi,xi,opt
0.02,0.02,0.0,0.0025,0.3,0.3,0.15,1.0,3.0,11.0,25.522527252725272,95.56507325015562,1.8548837307102701,1.1277031014126672e-6,1.1277031014126672e-6,0.004253288601953859,false,0.0,1.8548837307102701,0.024225444869978636,0.024225444869978636,78.42246548888609,2.0442344496077656,80.46669993849386,97.45952741796256,-90.52609811118668,100.0,0.08,0.6,0.27,1.0,false
0.02,0.02,0.0,0.0025,0.3,0.3,0.15,1.0,3.0,11.0,26.45867349892884,98.97412096479775,-14.377198594323986,-8.928204239290471e-10,-8.928204239290471e-10,0.004072374126764439,false,0.0,14.377198594323986,-0.1811277323345536,0.1811277323345536,64.99882190246252,0.08909594226871398,65.08791784473124,99.86311446852355,-99.74544873312426,100.0,0.08,0.6,0.27,1.0,false
0.02,0.02,0.0,0.0025,0.3,0.3,0.15,1.0,3.0,11.0,32.07555097615025,94.92603438824305,-9.160293532935526,-0.9003305970692154,-0.9003305970692154,-1.140501134481516,true,0.0,9.160293532935526,-0.09519497201826875,0.09519497201826875,87.0663593955152,-0.5570109280250356,86.50934846749017,100.64387368289378,-104.30668320744809,100.0,0.08,0.6,0.27,1.0,false
0.02,0.02,0.0,0.0025,0.3,0.3,0.15,1.0,3.0,11.0,33.23077635768173,91.35266363786023,0.00022624198092047187,-1.1418688528048955,-1.1418688528048955,-1.6272582545145668,true,0.0,0.00022624198092047187,0.0014588607222679726,0.0014588607222679726,99.6925553150261,1.719456010232487,101.41201132525859,98.30448485562752,459.27329183734196,100.0,0.08,0.6,0.27,1.0,false
0.02,0.02,0.0,0.0025,0.3,0.3,0.15,1.0,3.0,11.0,34.88398971476095,88.18546638811574,9.647542363358,-1.3051577818872904,-1.3051577818872904,-1.976339002452423,true,0.0,9.647542363358,0.09218691671302437,0.09218691671302437,114.29951150764084,4.072116717374046,118.37162822501489,96.55988788999905,-128.4773134746466,100.0,0.08,0.6,0.27,1.0,false
0.02,0.02,0.0,0.0025,0.3,0.3,0.15,1.0,3.0,11.0,35.82013596096452,88.83792509125402,11.580435698068925,-1.2132882413882917,-1.2132882413882917,-1.724502518073427,true,0.0,11.580435698068925,0.10776467283363433,0.10776467283363433,119.04084358096249,3.668634493335628,122.70947807429812,97.01030877898906,-119.26718465879117,100.0,0.08,0.6,0.27,1.0,false
