gross_delta,delta,iota,kappa,lambda,sigmah,sigmal,mu_b,m,c,p,vb,debt_diff,eq_deriv,eq_deriv_min_val,eq_min_val,eq_negative,eq_vb,abs_debt_diff,debt_per_diff,abs_debt_per_diff,debt,equity,firm_value,leverage,ROE,V0,r,alpha,pi,xi,opt
0.02,0.02,0.0,0.0025,0.3,0.3,0.15,1.0,3.0,1.0,11.761272179849565,43.42874272761893,0.11371454252343227,-4.7443212419957803e-7,-4.7443212419957803e-7,0.0019455713486107285,false,0.0,0.11371454252343227,0.003222852675134297,0.003222852675134297,35.39753108207213,40.54035021542974,75.93788129750186,46.6137986433875,-37.2464382639417,100.0,0.08,0.6,0.27,1.0,false
0.02,0.02,0.0,0.0025,0.3,0.3,0.15,1.0,3.0,1.0,11.959544638674394,44.159219813658694,0.056419893750678796,3.327873319156611e-7,3.327873319156611e-7,0.00044215717478342947,false,0.0,0.056419893750678796,0.0015725206785390457,0.0015725206785390457,35.93505380977386,39.8640684816543,75.79912229142816,47.40827165730601,-37.775537400301396,100.0,0.08,0.6,0.27,1.0,false
0.02,0.02,0.0,0.0025,0.3,0.3,0.15,1.0,3.0,1.0,12.122163387416242,43.72358966262412,1.1008910500050206e-6,-0.05732172172461886,-0.05732172172461886,-0.00883777522398796,true,0.0,1.1008910500050206e-6,2.3187846213057126e-7,2.3187846213057126e-7,36.36649126313977,40.876567229521136,77.24305849266091,47.080594648637664,-35.76251248606216,100.0,0.08,0.6,0.27,1.0,false
0.02,0.02,0.0,0.0025,0.3,0.3,0.15,1.0,3.0,1.0,12.157817097499224,43.72643104716369,-0.012535522628219553,-0.06423202980833638,-0.06423202980833638,-0.009341121480379223,true,0.0,0.012535522628219553,-0.0003436889623548737,0.0003436889623548737,36.46091576986945,40.94431951722892,77.40523528709838,47.10394023690362,-35.56041920759551,100.0,0.08,0.6,0.27,1.0,false
0.02,0.02,0.0,0.0025,0.3,0.3,0.15,1.0,3.0,1.0,12.356089556324054,44.41972289510499,-0.08043586761050392,-0.06525631528283855,-0.06525631528283855,-0.009802454075335832,true,0.0,0.08043586761050392,-0.0021699386159308924,0.0021699386159308924,36.98783280136166,40.29867087513814,77.2865036764998,47.85807487964862,-36.046207158529576,100.0,0.08,0.6,0.27,1.0,false
0.02,0.02,0.0,0.0025,0.3,0.3,0.15,1.0,3.0,1.0,12.554362015148884,42.804978429940675,-0.14833621259239038,-0.20417140583163407,-0.20417140583163407,-0.07979985390241048,true,0.0,0.14833621259239038,-0.003938503934951017,0.003938503934951017,37.514749832854264,43.40473759962091,80.91948743247517,46.36058757065061,-30.536026528637016,100.0,0.08,0.6,0.27,1.0,false
