gross_delta,delta,iota,kappa,lambda,sigmah,sigmal,mu_b,m,c,p,vb,debt_diff,eq_deriv,eq_deriv_min_val,eq_min_val,eq_negative,eq_vb,abs_debt_diff,debt_per_diff,abs_debt_per_diff,debt,equity,firm_value,leverage,ROE,V0,r,alpha,pi,xi,opt
0.02,0.02,0.0,0.0025,0.3,0.3,0.15,1.0,3.0,9.0,27.6717698085598,96.35306034848774,-8.655919069511555,-0.19956594405478914,-0.19956594405478914,-0.07915078409230288,true,0.0,8.655919069511555,-0.10426894905765406,0.10426894905765406,74.35939035616785,0.6473896567112709,75.00678001287912,99.13689181617967,-97.47513937576363,100.0,0.08,0.6,0.27,1.0,false
0.02,0.02,0.0,0.0025,0.3,0.3,0.15,1.0,3.0,9.0,32.952953190055844,91.38383902147652,-4.963130072830154,-1.1860948498494959,-1.1860948498494959,-1.9581152929586394,true,0.0,4.963130072830154,-0.05020420116527289,0.05020420116527289,93.89572949733738,0.31737580475120947,94.2131053020886,99.6631298758983,-94.80075785283805,100.0,0.08,0.6,0.27,1.0,false
0.02,0.02,0.0,0.0025,0.3,0.3,0.15,1.0,3.0,9.0,34.713347650554525,84.97112611090877,7.8033334942073935,-1.329322674916362,-1.329322674916362,-2.125909259568353,true,0.0,7.8033334942073935,0.07493115302275512,0.07493115302275512,111.94337644587097,7.0546557336841005,118.99803217955507,94.0716198373437,-159.06751550247768,100.0,0.08,0.6,0.27,1.0,false
0.02,0.02,0.0,0.0025,0.3,0.3,0.15,1.0,3.0,9.0,35.59354488080386,85.71370582377328,8.52323544564787,-1.2642285319563613,-1.2642285319563613,-1.9372754134356425,true,0.0,8.52323544564787,0.07982004859018299,0.07982004859018299,115.30387008805945,6.284266275920675,121.58813636398013,94.83151361321272,-141.0632489674873,100.0,0.08,0.6,0.27,1.0,false
0.02,0.02,0.0,0.0025,0.3,0.3,0.15,1.0,3.0,9.0,40.37757909319109,99.08302362539041,1.770575997106505e-5,-0.5093302258115365,-0.5093302258115365,-0.21134544631274557,true,0.0,1.770575997106505e-5,-0.027217220967967415,0.027217220967967415,121.1327549853333,-5.690198722252502,115.4425562630808,104.9290304255609,-73.07403258022131,100.0,0.08,0.6,0.27,1.0,false
0.02,0.02,0.0,0.0025,0.3,0.3,0.15,1.0,3.0,9.0,41.75492549254925,89.72614122727694,17.683313159475986,-0.6551690640308582,-0.6551690640308582,-0.4940069947855097,true,0.0,17.683313159475986,0.1411674826453021,0.1411674826453021,142.94808963712373,6.260390253080786,149.2084798902045,95.80426644806816,-114.57664428377599,100.0,0.08,0.6,0.27,1.0,false
