gross_delta,delta,iota,kappa,lambda,sigmah,sigmal,V0,r,alpha,pi,xi,mu_b,m,c,p,vb,sg_debt,debt,debt_diff,abs_debt_diff,debt_per_diff,abs_debt_per_diff,eq_vb,eq_min_val,sg_equity,equity,eq_negative,firm_value,leverage,ROE,cvml_vb,cvmh_vb,eq_deriv
0.02,0.0199,0.0001,0.005,NaN,NaN,0.25,100.0,0.08,0.6,0.27,1.0,1.0,7.0,0.951995199519952,9.447787590397951,50.44203895524208,66.13529130682859,66.18019346892332,0.04568033613766431,0.04568033613766431,0.0006907185669598382,0.0006907185669598382,-1.1191048088221578e-13,NaN,42.725270865404916,42.71194342936975,false,108.89213689829307,60.77591583195455,26.292690025066157,NaN,NaN,NaN
