gross_delta,delta,iota,kappa,lambda,sigmah,sigmal,mu_b,m,c,p,vb,debt_diff,eq_deriv,eq_deriv_min_val,eq_min_val,eq_negative,eq_vb,abs_debt_diff,debt_per_diff,abs_debt_per_diff,debt,equity,firm_value,leverage,ROE,V0,r,alpha,pi,xi,opt
0.02,0.02,0.0,0.0025,0.3,0.275,0.15,1.0,5.0,5.0,16.29704944178628,98.19502019354576,-13.445986918164891,-0.4161880463810873,-0.4161880463810873,-0.4462335375591075,true,0.0,13.445986918164891,-0.16501130423877647,0.16501130423877647,68.03926029076652,-0.41634831889368235,67.62291197187284,100.61569120103384,-101.30268674217638,100.0,0.08,0.6,0.27,1.0,false
0.02,0.02,0.0,0.0025,0.3,0.275,0.15,1.0,5.0,5.0,17.75535543714536,94.23635154242119,-3.719304283206457,-0.7296700423265007,-0.7296700423265007,-1.161524832237084,true,0.0,3.719304283206457,-0.04789708475543644,0.04789708475543644,85.05747290252008,-0.5988703102244808,84.45860259229559,100.70906964103514,-104.00782482318857,100.0,0.08,0.6,0.27,1.0,false
0.02,0.02,0.0,0.0025,0.3,0.275,0.15,1.0,5.0,5.0,19.18542248961738,93.24263609623306,-6.943552616168802,-1.016600513768588,-1.016600513768588,-1.9990536095728506,true,0.0,6.943552616168802,-0.0723836300183273,0.0723836300183273,88.9835598319181,-1.6194794489512767,87.36408038296682,101.8537131528795,-114.7005695509827,100.0,0.08,0.6,0.27,1.0,false
0.02,0.02,0.0,0.0025,0.3,0.275,0.15,1.0,5.0,5.0,19.66681799758923,92.74479745421228,-7.65474021055131,-1.132279946531423,-1.132279946531423,-2.380143095611486,true,0.0,7.65474021055131,-0.07784421670541347,0.07784421670541347,90.67934977739485,-1.9439886517301996,88.73536112566465,102.19077110530623,-120.85679223339471,100.0,0.08,0.6,0.27,1.0,false
0.02,0.02,0.0,0.0025,0.3,0.275,0.15,1.0,5.0,5.0,20.62960901353293,91.22532340019359,-6.6529778813154365,-1.373234518110099,-1.373234518110099,-3.2190048356260643,true,0.0,6.6529778813154365,-0.06449931142127913,0.06449931142127913,96.49506718634922,-2.416174701920486,94.07889248442874,102.56824313946977,-168.93640564264533,100.0,0.08,0.6,0.27,1.0,false
0.02,0.02,0.0,0.0025,0.3,0.275,0.15,1.0,5.0,5.0,21.111004521504782,90.90426024027306,-6.696978803256485,-1.4403285478895607,-1.4403285478895607,-3.483915701205584,true,0.0,6.696978803256485,-0.06344538268119444,0.06344538268119444,98.85804380426742,-2.637156836305596,96.22088696796183,102.7407322042081,-330.9332745126739,100.0,0.08,0.6,0.27,1.0,false
