gross_delta,delta,iota,kappa,lambda,sigmah,sigmal,mu_b,m,c,p,vb,debt_diff,eq_deriv,eq_deriv_min_val,eq_min_val,eq_negative,eq_vb,abs_debt_diff,debt_per_diff,abs_debt_per_diff,debt,equity,firm_value,leverage,ROE,V0,r,alpha,pi,xi,opt
0.02,0.02,0.0,0.0025,0.3,0.275,0.15,1.0,5.0,2.0,15.222143266958275,88.10177896906899,-2.037801586094247,-0.11688365863828724,-0.11688365863828724,-0.05822189981896902,true,0.0,2.037801586094247,-0.02677417431115067,0.02677417431115067,74.07291474869713,3.869813545073605,77.94272829377074,95.03505505928909,-85.0742437587382,100.0,0.08,0.6,0.27,1.0,false
0.02,0.02,0.0,0.0025,0.3,0.275,0.15,1.0,5.0,2.0,16.53787747195772,81.99153425048362,-1.3419356878421098,-0.45186258242933475,-0.45186258242933475,-0.6053996977245205,true,0.0,1.3419356878421098,-0.01622863260557528,0.01622863260557528,81.3474516719465,7.108502116446728,88.45595378839323,91.9637946209343,-61.88991449626475,100.0,0.08,0.6,0.27,1.0,false
0.02,0.02,0.0,0.0025,0.3,0.275,0.15,1.0,5.0,2.0,16.97645554029087,78.23785467195759,-0.6871827460865063,-0.6507066518636215,-0.6507066518636215,-1.049765512444907,true,0.0,0.6871827460865063,-0.00809571520339554,0.00809571520339554,84.19509495536785,10.04500148199791,94.24009643736576,89.34105347751414,-36.44377202120862,100.0,0.08,0.6,0.27,1.0,false
0.02,0.02,0.0,0.0025,0.3,0.275,0.15,1.0,5.0,2.0,17.41503360862402,73.65529714752705,-0.3520027910527972,-0.9331700613029819,-0.9331700613029819,-1.745080236941527,true,0.0,0.3520027910527972,-0.00404251635642533,0.00404251635642533,86.7231652520673,14.52735233454697,101.25051758661428,85.65207104040765,9.418793035809902,100.0,0.08,0.6,0.27,1.0,false
0.02,0.02,0.0,0.0025,0.3,0.275,0.15,1.0,5.0,2.0,17.85361167695717,64.35144467898198,-0.09568028495164072,-1.4727276189650953,-1.4727276189650953,-3.0354629300685505,true,0.0,0.09568028495164072,-0.0010718311418762493,0.0010718311418762493,89.1723780998342,27.25780612833973,116.43018422817394,76.58871167383771,151.74323946352754,100.0,0.08,0.6,0.27,1.0,false
0.02,0.02,0.0,0.0025,0.3,0.275,0.15,1.0,5.0,2.0,17.85361167695717,64.35144467898198,-0.09568028495164072,-1.4727276189650953,-1.4727276189650953,-3.0354629300685505,true,0.0,0.09568028495164072,-0.0010718311418762493,0.0010718311418762493,89.1723780998342,27.25780612833973,116.43018422817394,76.58871167383771,151.74323946352754,100.0,0.08,0.6,0.27,1.0,false
