gross_delta,delta,iota,kappa,lambda,sigmah,sigmal,mu_b,m,c,p,vb,debt_diff,eq_deriv,eq_deriv_min_val,eq_min_val,eq_negative,eq_vb,abs_debt_diff,debt_per_diff,abs_debt_per_diff,debt,equity,firm_value,leverage,ROE,V0,r,alpha,pi,xi,opt
0.02,0.02,0.0,0.005,0.3,0.275,0.15,1.0,3.0,9.0,31.0994520504682,91.21193104058273,-0.12986736512785058,-0.7296713714155474,-0.7296713714155474,-0.7944290114223707,true,0.0,0.12986736512785058,-0.0013919576987734036,0.0013919576987734036,93.16848878627675,3.070863541592688,96.23935232786944,96.80913943484279,-55.04854715858638,100.0,0.08,0.6,0.27,1.0,false
0.02,0.02,0.0,0.005,0.3,0.275,0.15,1.0,3.0,9.0,31.927122975455436,91.21193104058273,-2.2163706628931408,-0.8737718282611471,-0.8737718282611471,-1.10085629029905,true,0.0,2.2163706628931408,-0.023139893360649463,0.023139893360649463,93.56499826347317,2.37504477816836,95.94004304164153,97.52444891322646,-63.0917771989562,100.0,0.08,0.6,0.27,1.0,false
0.02,0.02,0.0,0.005,0.3,0.275,0.15,1.0,3.0,9.0,33.58246482542991,89.72500802210398,-1.682904314094813,-1.163607616795571,-1.163607616795571,-1.790956235070942,true,0.0,1.682904314094813,-0.016704196896038578,0.016704196896038578,99.06449016219491,2.525669826735017,101.59015998892993,97.51386371769645,169.97790131857954,100.0,0.08,0.6,0.27,1.0,false
0.02,0.02,0.0,0.005,0.3,0.275,0.15,1.0,3.0,9.0,33.99904404447742,88.84470725802313,-7.704672266244626e-5,-1.1832380819545052,-1.1832380819545052,-1.8159022412256929,true,0.0,7.704672266244626e-5,-0.00011132316486744998,0.00011132316486744998,101.9970550867096,3.4373836542160436,105.43443874092564,96.73979043729496,-272.1226258149732,100.0,0.08,0.6,0.27,1.0,false
0.02,0.02,0.0,0.005,0.3,0.275,0.15,1.0,3.0,9.0,34.41013575041714,87.96222512110869,1.932251919842912,-1.179515954734349,-1.179515954734349,-1.7779862484194113,true,0.0,1.932251919842912,0.018717856214012833,0.018717856214012833,105.16265917109433,4.475205603199777,109.63786477429412,95.9181933974976,-186.68411868551,100.0,0.08,0.6,0.27,1.0,false
0.02,0.02,0.0,0.005,0.3,0.275,0.15,1.0,3.0,9.0,36.06547760039162,89.20478897801219,2.5915205570303073,-1.1072352077730012,-1.1072352077730012,-1.5896365928119707,true,0.0,2.5915205570303073,0.02395199628986444,0.02395199628986444,110.78795335820516,3.181390582786488,113.96934394099165,97.20855585127025,-129.4902144748964,100.0,0.08,0.6,0.27,1.0,false
