gross_delta,delta,iota,kappa,lambda,sigmah,sigmal,mu_b,m,c,p,vb,debt_diff,eq_deriv,eq_deriv_min_val,eq_min_val,eq_negative,eq_vb,abs_debt_diff,debt_per_diff,abs_debt_per_diff,debt,equity,firm_value,leverage,ROE,V0,r,alpha,pi,xi,opt
0.02,0.02,0.0,0.005,0.3,0.275,0.15,1.0,3.0,11.0,31.93562250961938,91.21193104058273,2.5118110100622033,-0.959407789030508,-0.959407789030508,-1.1635354592829223,true,0.0,2.5118110100622033,0.026217442181852114,0.026217442181852114,98.31867853892035,2.938483725832381,101.25716226475274,97.09799913397804,74.77227251625374,100.0,0.08,0.6,0.27,1.0,false
0.02,0.02,0.0,0.005,0.3,0.275,0.15,1.0,3.0,11.0,32.81255362378343,91.21193104058273,0.913763332482759,-1.0864790579493817,-1.0864790579493817,-1.4564346077065988,true,0.0,0.913763332482759,0.009282659953459992,0.009282659953459992,99.35142420383305,2.2667822362591763,101.61820644009222,97.7693148544247,249.50151542128722,100.0,0.08,0.6,0.27,1.0,false
0.02,0.02,0.0,0.005,0.3,0.275,0.15,1.0,3.0,11.0,33.55055992159345,91.33873929638884,1.3187559387173309e-5,-1.1512183050621032,-1.1512183050621032,-1.6235439588322498,true,0.0,1.3187559387173309e-5,0.00010227575284750198,0.00010227575284750198,100.65169295233973,1.6979440736503275,102.34963702599006,98.34103556887148,-360.5435684940757,100.0,0.08,0.6,0.27,1.0,false
0.02,0.02,0.0,0.005,0.3,0.275,0.15,1.0,3.0,11.0,33.68948473794748,91.21193104058273,0.39936359229507445,-1.1551746934695568,-1.1551746934695568,-1.6302628539692683,true,0.0,0.39936359229507445,0.0039514168431832725,0.0039514168431832725,101.46781780613752,1.8129425492194358,103.28076035535696,98.24464639591956,-223.51277805997563,100.0,0.08,0.6,0.27,1.0,false
0.02,0.02,0.0,0.005,0.3,0.275,0.15,1.0,3.0,11.0,34.566415852111525,89.46017359064696,6.829758589861385,-1.116374905807043,-1.116374905807043,-1.4800074009434863,true,0.0,6.829758589861385,0.06586121645821125,0.06586121645821125,110.52900614619595,4.025865216476446,114.5548713626724,96.48564467963055,-138.23594706449057,100.0,0.08,0.6,0.27,1.0,false
0.02,0.02,0.0,0.005,0.3,0.275,0.15,1.0,3.0,11.0,35.44334696627558,89.59324484553557,9.570053539854214,-1.0211528161125838,-1.0211528161125838,-1.2397803336127042,true,0.0,9.570053539854214,0.0900032903115324,0.0900032903115324,115.90009443868094,4.300739245550199,120.20083368423114,96.42203875486564,-127.04851384459441,100.0,0.08,0.6,0.27,1.0,false
