gross_delta,delta,iota,kappa,lambda,sigmah,sigmal,mu_b,m,c,p,vb,debt_diff,eq_deriv,eq_deriv_min_val,eq_min_val,eq_negative,eq_vb,abs_debt_diff,debt_per_diff,abs_debt_per_diff,debt,equity,firm_value,leverage,ROE,V0,r,alpha,pi,xi,opt
0.02,0.02,0.0,0.005,0.3,0.275,0.15,1.0,3.0,10.0,32.398920155173414,91.21193104058273,-0.916242610359177,-0.9940215916900204,-0.9940215916900204,-1.3088832708406728,true,0.0,0.916242610359177,-0.009426678481575593,0.009426678481575593,96.28051785516107,2.273614340395791,98.55413219555686,97.6930299219881,-38.87282552086977,100.0,0.08,0.6,0.27,1.0,false
0.02,0.02,0.0,0.005,0.3,0.275,0.15,1.0,3.0,10.0,33.25124354540717,91.21193104058273,-2.323155695681578,-1.105776519263674,-1.105776519263674,-1.5851224012885816,true,0.0,2.323155695681578,-0.023288910408309264,0.023288910408309264,97.43057494053994,1.6712418915081944,99.10181683204813,98.31361124858033,-34.95658161521199,100.0,0.08,0.6,0.27,1.0,false
0.02,0.02,0.0,0.005,0.3,0.275,0.15,1.0,3.0,10.0,34.103566935640934,91.21193104058273,-2.766051328517875,-1.1682454435507028,-1.1682454435507028,-1.7518959522750597,true,0.0,2.766051328517875,-0.027035796907870578,0.027035796907870578,99.54464947840492,1.260645986866015,100.80529546527093,98.74942483820176,176.85177178451661,100.0,0.08,0.6,0.27,1.0,false
0.02,0.02,0.0,0.005,0.3,0.275,0.15,1.0,3.0,10.0,34.55204694191419,90.36946234600744,3.560854916984102e-5,-1.1639244041346732,-1.1639244041346732,-1.714264904190039,true,0.0,3.560854916984102e-5,-0.00022156008014970609,0.00022156008014970609,103.65617643429175,2.1821404642464572,105.83831689853821,97.93823208060049,-159.68367510330955,100.0,0.08,0.6,0.27,1.0,false
0.02,0.02,0.0,0.005,0.3,0.275,0.15,1.0,3.0,10.0,34.95589032587469,89.47853614245349,3.2571740506841707,-1.1414130760985965,-1.1414130760985965,-1.6246770864675484,true,0.0,3.2571740506841707,0.031059849239706713,0.031059849239706713,108.12484502830824,3.2639804742658987,111.38882550257414,97.06974154764701,-140.17283360967102,100.0,0.08,0.6,0.27,1.0,false
0.02,0.02,0.0,0.005,0.3,0.275,0.15,1.0,3.0,10.0,35.808213716108455,89.60794227372881,5.6223037026526725,-1.065750618606531,-1.065750618606531,-1.4147417175353498,true,0.0,5.6223037026526725,0.05233718858683214,0.05233718858683214,113.04694485097804,3.4758982471241944,116.52284309810223,97.0169812590328,-126.64147267291952,100.0,0.08,0.6,0.27,1.0,false
