gross_delta,delta,iota,kappa,lambda,sigmah,sigmal,V0,r,alpha,pi,xi,mu_b,m,c,p,vb,sg_debt,debt,debt_diff,abs_debt_diff,debt_per_diff,abs_debt_per_diff,eq_vb,eq_min_val,sg_equity,equity,eq_negative,firm_value,leverage,ROE,cvml_vb,cvmh_vb,eq_deriv
0.02,0.01975,0.00025,0.01,NaN,NaN,0.2,100.0,0.08,0.6,0.27,1.0,1.0,1.0,3.5504800480048004,39.44769164520675,43.86160874458444,39.44776362054356,39.4477643316772,7.268647044611498e-5,7.268647044611498e-5,1.8426038993576203e-6,1.8426038993576203e-6,-2.8421709430404007e-13,NaN,64.68821733390261,64.68818353061292,false,104.13594786229012,37.881024892425344,6.830380111718637,NaN,NaN,NaN
