gross_delta,delta,iota,kappa,lambda,sigmah,sigmal,mu_b,m,c,p,vb,debt_diff,eq_deriv,eq_deriv_min_val,eq_min_val,eq_negative,eq_vb,abs_debt_diff,debt_per_diff,abs_debt_per_diff,debt,equity,firm_value,leverage,ROE,V0,r,alpha,pi,xi,opt
0.02,0.02,0.0,0.001,0.1,0.225,0.15,1.0,5.0,7.0,19.846072765171254,91.21193104058273,12.411140179289148,-0.23359323712928148,-0.23359323712928148,-0.07835754315219984,true,0.0,12.411140179289148,0.12507401666963555,0.12507401666963555,111.64150400514542,7.032365004014973,118.6738690091604,94.07420937504604,-160.40770162434976,100.0,0.08,0.6,0.27,1.0,false
0.02,0.02,0.0,0.001,0.1,0.225,0.15,1.0,5.0,7.0,20.326953748006378,91.21193104058273,11.813952978085865,-0.29431655136131535,-0.29431655136131535,-0.12245557105635162,true,0.0,11.813952978085865,0.11623928626535643,0.11623928626535643,113.44872171811775,6.672364368042562,120.12108608616032,94.44530133264311,-149.6133722438002,100.0,0.08,0.6,0.27,1.0,false
0.02,0.02,0.0,0.001,0.1,0.225,0.15,1.0,5.0,7.0,20.807834730841503,91.21193104058273,11.621587943226984,-0.3439700872491974,-0.3439700872491974,-0.1652330392862913,true,0.0,11.621587943226984,0.11170396241182552,0.11170396241182552,115.6607615974345,6.384511534225666,122.04527313166017,94.76873510099963,-140.76756736576309,100.0,0.08,0.6,0.27,1.0,false
0.02,0.02,0.0,0.001,0.1,0.225,0.15,1.0,5.0,7.0,21.068099739021612,91.28026886253686,11.345796154480926,-0.36542200262721247,-0.36542200262721247,-0.185899583825757,true,0.0,11.345796154480926,0.10781284404508429,0.10781284404508429,116.68629484958896,6.153202814215088,122.83949766380405,94.9908596736079,-136.87578860184567,100.0,0.08,0.6,0.27,1.0,false
0.02,0.02,0.0,0.001,0.1,0.225,0.15,1.0,5.0,7.0,21.28871571367663,91.21193104058273,11.859775882422497,-0.38041177096208434,-0.38041177096208434,-0.20020365069618004,true,0.0,11.859775882422497,0.11141842506547593,0.11141842506547593,118.30335445080564,6.184962485579808,124.48831693638544,95.03169242079129,-133.79141513214574,100.0,0.08,0.6,0.27,1.0,false
0.02,0.02,0.0,0.001,0.1,0.225,0.15,1.0,5.0,7.0,21.769596696511755,89.80837036260642,19.734750339023222,-0.4024880168145079,-0.4024880168145079,-0.21355635229954936,true,0.0,19.734750339023222,0.18130561272350457,0.18130561272350457,128.582733821582,8.376109426741769,136.95884324832377,93.88421424416178,-129.30478756520208,100.0,0.08,0.6,0.27,1.0,false
