gross_delta,delta,iota,kappa,lambda,sigmah,sigmal,mu_b,m,c,p,vb,debt_diff,eq_deriv,eq_deriv_min_val,eq_min_val,eq_negative,eq_vb,abs_debt_diff,debt_per_diff,abs_debt_per_diff,debt,equity,firm_value,leverage,ROE,V0,r,alpha,pi,xi,opt
0.02,0.02,0.0,0.001,0.1,0.25,0.15,1.0,5.0,7.0,19.574157415741574,91.21193104058273,12.880446185698162,-0.3767537944492749,-0.3767537944492749,-0.20497700054251763,true,0.0,12.880446185698162,0.1316066476030246,0.1316066476030246,110.75123326440604,5.935769190948831,116.68700245535487,94.91308452008622,-155.21012375947882,100.0,0.08,0.6,0.27,1.0,false
0.02,0.02,0.0,0.001,0.1,0.25,0.15,1.0,5.0,7.0,20.079757975797577,91.21193104058273,12.274192928398165,-0.43994836182333913,-0.43994836182333913,-0.27586104139428347,true,0.0,12.274192928398165,0.12225439114547523,0.12225439114547523,112.67298280738605,5.562138162493416,118.23512096987946,95.29569715253189,-143.8897317784705,100.0,0.08,0.6,0.27,1.0,false
0.02,0.02,0.0,0.001,0.1,0.25,0.15,1.0,5.0,7.0,20.585358535853583,91.21193104058273,12.0949276009882,-0.49166442382989256,-0.49166442382989256,-0.33994926245846596,true,0.0,12.0949276009882,0.11751000187752306,0.11751000187752306,115.02172028025612,5.263034284000289,120.2847545642564,95.62452091034632,-135.03616220918312,100.0,0.08,0.6,0.27,1.0,false
0.02,0.02,0.0,0.001,0.1,0.25,0.15,1.0,5.0,7.0,20.853521642527156,91.27905054676152,11.839071692212432,-0.5137047384635597,-0.5137047384635597,-0.36969022689643455,true,0.0,11.839071692212432,0.11365786295592964,0.11365786295592964,116.10667990484819,5.038328549347687,121.14500845419587,95.84107623282503,-131.28098763439834,100.0,0.08,0.6,0.27,1.0,false
0.02,0.02,0.0,0.001,0.1,0.25,0.15,1.0,5.0,7.0,21.09095909590959,91.21193104058273,12.36601939104132,-0.5293627749180584,-0.5293627749180584,-0.39002408461388216,true,0.0,12.36601939104132,0.1172636989603721,0.1172636989603721,117.82081487058927,5.058395171868788,122.87921004245806,95.88344100672444,-128.38475798442275,100.0,0.08,0.6,0.27,1.0,false
0.02,0.02,0.0,0.001,0.1,0.25,0.15,1.0,5.0,7.0,21.596559655965596,89.82167757302366,20.196120317801515,-0.5476333054922764,-0.5476333054922764,-0.39860487670696376,true,0.0,20.196120317801515,0.18703090343579573,0.18703090343579573,128.1789185976295,7.1044465301077935,135.28336512773728,94.74846998121342,-125.2119204131043,100.0,0.08,0.6,0.27,1.0,false
