gross_delta,delta,iota,kappa,lambda,sigmah,sigmal,mu_b,m,c,p,vb,debt_diff,eq_deriv,eq_deriv_min_val,eq_min_val,eq_negative,eq_vb,abs_debt_diff,debt_per_diff,abs_debt_per_diff,debt,equity,firm_value,leverage,ROE,V0,r,alpha,pi,xi,opt
0.02,0.02,0.0,0.0025,0.1,0.35,0.15,1.0,1.0,11.0,74.2878893152473,80.69853841226679,0.9962134462611232,-8.049116928532385e-16,3.508700866627912e-6,0.006150014528873796,false,0.0,0.9962134462611232,0.013410172983022876,0.013410172983022876,75.28410276150842,27.633393973504923,102.91749673501334,73.14995520668953,11.804130381598066,100.0,0.08,0.6,0.27,1.0,false
0.02,0.02,0.0,0.0025,0.1,0.35,0.15,1.0,1.0,11.0,76.23587454062147,82.99715883550384,-3.981416226928047e-6,0.003566457901325621,0.0032645073343868193,0.010904997803286789,false,0.0,3.981416226928047e-6,0.0009603925096284995,0.0009603925096284995,76.23587055920522,23.476022990845834,99.71189355005106,76.45614564619426,-1.212358528288282,100.0,0.08,0.6,0.27,1.0,false
0.02,0.02,0.0,0.0025,0.1,0.35,0.15,1.0,1.0,11.0,78.41756017707033,85.51389412990262,-0.9770711748477225,2.1019969619062717e-16,-0.0004476126082950779,0.008398746699167911,false,0.0,0.9770711748477225,-0.01245985175567121,0.01245985175567121,77.4404890022226,18.58997531063396,96.03046431285657,80.64158551803948,-17.595841007079105,100.0,0.08,0.6,0.27,1.0,false
0.02,0.02,0.0,0.0025,0.1,0.35,0.15,1.0,1.0,11.0,88.74173733162789,97.56020197857384,-21.147048063044465,7.979727989493313e-16,7.979727989493313e-16,0.0066173365441049466,false,0.0,21.147048063044465,-0.23829878362667098,0.23829878362667098,67.59468926858342,0.8661222886671595,68.46081155725058,98.73486412304233,-97.32722115876066,100.0,0.08,0.6,0.27,1.0,false
0.02,0.02,0.0,0.0025,0.1,0.35,0.15,1.0,1.0,11.0,90.80657276253939,99.9709232563883,-30.703563945107575,-3.3219954564955856e-16,-3.3219954564955856e-16,0.007544818159739786,false,0.0,30.703563945107575,-0.3381205017548441,0.3381205017548441,60.103008817431814,0.0002910511450203703,60.10329986857683,99.99951574847694,-99.99927049349739,100.0,0.08,0.6,0.27,1.0,false
0.02,0.02,0.0,0.0025,0.1,0.35,0.15,1.0,1.0,11.0,94.93624362436242,100.0,-34.93624362436281,-0.623829432248532,-0.623829432248532,-0.5399016124385025,true,0.0,34.93624362436281,-0.3679969028751156,0.3679969028751156,59.99999999999961,2.3667123217337992e-18,59.99999999999961,100.0,-100.0,100.0,0.08,0.6,0.27,1.0,false
