gross_delta,delta,iota,kappa,lambda,sigmah,sigmal,mu_b,m,c,p,vb,debt_diff,eq_deriv,eq_deriv_min_val,eq_min_val,eq_negative,eq_vb,abs_debt_diff,debt_per_diff,abs_debt_per_diff,debt,equity,firm_value,leverage,ROE,V0,r,alpha,pi,xi,opt
0.02,0.02,0.0,0.003,0.5,0.275,0.15,1.0,3.0,2.0,20.250755338691764,77.42688880443694,0.22875417377122886,0.04802343279841798,0.04802343279841798,0.005667022247124769,false,0.0,0.22875417377122886,0.003765360352331542,0.003765360352331542,60.981020189846525,12.2977558514828,73.27877604132932,83.21784762814973,-68.4826309880027,100.0,0.08,0.6,0.27,1.0,false
0.02,0.02,0.0,0.003,0.5,0.275,0.15,1.0,3.0,2.0,20.53347465490225,77.3054085138832,3.4183973441553406e-6,-0.011707882265834822,-0.011707882265834822,-0.08553045016776063,true,0.0,3.4183973441553406e-6,8.779340029196247e-6,8.779340029196247e-6,61.6004273831041,12.972507284975318,74.57293466807941,82.60426877027794,-66.2170529490024,100.0,0.08,0.6,0.27,1.0,false
0.02,0.02,0.0,0.003,0.5,0.275,0.15,1.0,3.0,2.0,20.773916865370747,77.47176006992858,-0.09275712432408056,-3.3454203066888427e-7,-3.3454203066888427e-7,0.0006378839245496344,false,0.0,0.09275712432408056,-0.0014883587742136844,0.0014883587742136844,62.22899347178816,12.274920326534819,74.50391379832297,83.52446240641507,-67.50173888703108,100.0,0.08,0.6,0.27,1.0,false
0.02,0.02,0.0,0.003,0.5,0.275,0.15,1.0,3.0,2.0,21.29707839204973,73.3134543033432,-0.0898384924640041,-0.174392778423535,-0.174392778423535,-0.09579382978522277,true,0.0,0.0898384924640041,-0.0014061160692279292,0.0014061160692279292,63.80139668368519,16.220256970359422,80.02165365404461,79.73016523691949,-55.19093146047182,100.0,0.08,0.6,0.27,1.0,false
0.02,0.02,0.0,0.003,0.5,0.275,0.15,1.0,3.0,2.0,21.820239918728713,58.56342774562754,-0.008158156657714244,-0.9938720824451797,-0.9938720824451797,-1.3722028321022794,true,0.0,0.008158156657714244,-0.00012462674850047438,0.00012462674850047438,65.45256159952842,36.4860673539261,101.93862895345453,64.20781039679693,5.611498401074111,100.0,0.08,0.6,0.27,1.0,false
0.02,0.02,0.0,0.003,0.5,0.275,0.15,1.0,3.0,2.0,22.86656297208668,50.99621848892791,-0.6271147802001309,-1.5413959170669502,-1.5413959170669502,-2.2360281033562894,true,0.0,0.6271147802001309,-0.00914165632683339,0.00914165632683339,67.9725741360599,53.39965444574384,121.37222858180374,56.0033995670163,66.73102194537242,100.0,0.08,0.6,0.27,1.0,false
