gross_delta,delta,iota,kappa,lambda,sigmah,sigmal,mu_b,m,c,p,vb,debt_diff,eq_deriv,eq_deriv_min_val,eq_min_val,eq_negative,eq_vb,abs_debt_diff,debt_per_diff,abs_debt_per_diff,debt,equity,firm_value,leverage,ROE,V0,r,alpha,pi,xi,opt
0.02,0.02,0.0,0.003,0.5,0.275,0.15,1.0,3.0,1.0,11.538749927624341,46.150070791303804,0.116317147667786,0.13267673311085387,0.13267673311085387,0.008309990276230432,false,0.0,0.116317147667786,0.0033601891711948495,0.0033601891711948495,34.73256693054081,36.14187678862696,70.87444371916777,49.00577007442176,-44.624945261499875,100.0,0.08,0.6,0.27,1.0,false
0.02,0.02,0.0,0.003,0.5,0.275,0.15,1.0,3.0,1.0,11.732525884167362,44.7055889553193,0.10870638937527133,0.04523132112072773,0.04523132112072773,0.00301782403031377,false,0.0,0.10870638937527133,0.003088462235910252,0.003088462235910252,35.30628404187736,38.800870384968505,74.10715442684587,47.642207172763065,-40.02374139385504,100.0,0.08,0.6,0.27,1.0,false
0.02,0.02,0.0,0.003,0.5,0.275,0.15,1.0,3.0,1.0,11.926301840710385,45.98754076042144,0.018046360058491473,0.06795209371092235,0.06795209371092235,0.004531067849859793,false,0.0,0.018046360058491473,0.0005043854694585009,0.0005043854694585009,35.796951882189646,37.27212954621543,73.06908142840507,48.99055959429899,-41.94647974061547,100.0,0.08,0.6,0.27,1.0,false
0.02,0.02,0.0,0.003,0.5,0.275,0.15,1.0,3.0,1.0,11.986206338961079,45.75426311493588,-6.516572627995832e-7,0.04809445782943817,0.04809445782943817,0.003283016185297482,false,0.0,6.516572627995832e-7,-3.835822315795533e-6,3.835822315795533e-6,35.958618365225966,37.788626905149805,73.74724527037577,48.759269900038596,-40.993423407606755,100.0,0.08,0.6,0.27,1.0,false
0.02,0.02,0.0,0.003,0.5,0.275,0.15,1.0,3.0,1.0,12.120077797253408,44.444910908832185,-0.02475489437895817,-0.029574025458251697,-0.029574025458251697,-0.002098715861848088,false,0.0,0.02475489437895817,-0.0006808233080420216,0.0006808233080420216,36.33547849738127,40.17503509981777,76.51051359719904,47.490830722526304,-36.89572441353347,100.0,0.08,0.6,0.27,1.0,false
0.02,0.02,0.0,0.003,0.5,0.275,0.15,1.0,3.0,1.0,12.313853753796431,44.56340107267637,-0.0914855362564495,-0.056687807696967026,-0.056687807696967026,-0.007585760581417949,true,0.0,0.0914855362564495,-0.002476493497638625,0.002476493497638625,36.85007572513285,40.47318441019744,77.32326013533029,47.657167662923506,-35.90936984495286,100.0,0.08,0.6,0.27,1.0,false
