gross_delta,delta,iota,kappa,lambda,sigmah,sigmal,mu_b,m,c,p,vb,debt_diff,eq_deriv,eq_deriv_min_val,eq_min_val,eq_negative,eq_vb,abs_debt_diff,debt_per_diff,abs_debt_per_diff,debt,equity,firm_value,leverage,ROE,V0,r,alpha,pi,xi,opt
0.02,0.02,0.0,0.003,0.1,0.25,0.15,1.0,3.0,5.0,27.371938509640437,86.55454488286323,1.65266471783805,0.39772673188340635,0.39772673188340635,0.04916825883753945,false,0.0,1.65266471783805,0.020126022096875834,0.020126022096875834,83.76848024675935,14.579945705115481,98.34842595187483,85.17521194263959,-10.17510419993437,100.0,0.08,0.6,0.27,1.0,false
0.02,0.02,0.0,0.003,0.1,0.25,0.15,1.0,3.0,5.0,28.110892104665357,87.37087030025644,2.0587592935340446e-5,0.361708934611222,0.361708934611222,0.13950568742904723,false,0.0,2.0587592935340446e-5,0.0008615066307697945,0.0008615066307697945,84.332696901589,13.12473136352283,97.45742826511183,86.5328568615418,-16.228522030355297,100.0,0.08,0.6,0.27,1.0,false
0.02,0.02,0.0,0.003,0.1,0.25,0.15,1.0,3.0,5.0,30.94107173875282,85.46404177792753,-1.3476943003858821,-0.2061361683360395,-0.2061361683360395,-0.07569347741006714,true,0.0,1.3476943003858821,-0.01451893577749962,0.01451893577749962,91.47552091587258,12.985502903453757,104.46102381932633,87.56904496177138,52.331922869430954,100.0,0.08,0.6,0.27,1.0,false
0.02,0.02,0.0,0.003,0.1,0.25,0.15,1.0,3.0,5.0,31.6548983845753,84.48946844126594,-1.155645235852063,-0.37604378785296394,-0.37604378785296394,-0.23510182817397582,true,0.0,1.155645235852063,-0.012169209135893507,0.012169209135893507,93.80904991787384,13.59192225706571,107.40097217493954,87.34469345870858,119.54501452542519,100.0,0.08,0.6,0.27,1.0,false
0.02,0.02,0.0,0.003,0.1,0.25,0.15,1.0,3.0,5.0,34.51020496786521,81.69210609146117,-0.8677223947914001,-0.8664916690114767,-0.8664916690114767,-1.023575588741129,true,0.0,0.8677223947914001,-0.008381312094006157,0.008381312094006157,102.66289250880422,15.524123189512618,118.18701569831684,86.86478112863145,-682.9797161614974,100.0,0.08,0.6,0.27,1.0,false
0.02,0.02,0.0,0.003,0.1,0.25,0.15,1.0,3.0,5.0,36.65168490533264,81.16808664261296,-0.8810185356685309,-1.0671190236525248,-1.0671190236525248,-1.4212938034704834,true,0.0,0.8810185356685309,-0.008012533284114198,0.008012533284114198,109.07403618032937,15.603046743757123,124.67708292408649,87.48523274862188,-271.9526617888222,100.0,0.08,0.6,0.27,1.0,false
