gross_delta,delta,iota,kappa,lambda,sigmah,sigmal,mu_b,m,c,p,vb,debt_diff,eq_deriv,eq_deriv_min_val,eq_min_val,eq_negative,eq_vb,abs_debt_diff,debt_per_diff,abs_debt_per_diff,debt,equity,firm_value,leverage,ROE,V0,r,alpha,pi,xi,opt
0.02,0.02,0.0,0.004,0.2,0.35,0.15,1.0,10.0,1.0,6.955645564556455,53.24142064424761,3.4904067777638517,-2.1699040531568246,-2.1699040531568246,-6.539888821199469,true,0.0,3.4904067777638517,0.05018091772171008,0.05018091772171008,73.0468624233284,22.452979205147084,95.4998416284755,76.48898802105217,-16.69623196454677,100.0,0.08,0.6,0.27,1.0,false
0.02,0.02,0.0,0.004,0.2,0.35,0.15,1.0,10.0,1.0,7.243092714455497,77.33565259509712,-2.016040020251693e-5,-1.125812671098417,-1.125812671098417,-3.5322271161878973,true,0.0,2.016040020251693e-5,0.001418207268827218,0.001418207268827218,72.43090698415477,5.870699263510694,78.30160624766546,92.50245359598135,-78.70550452952321,100.0,0.08,0.6,0.27,1.0,false
0.02,0.02,0.0,0.004,0.2,0.35,0.15,1.0,10.0,1.0,7.717571757175717,84.85891381583603,-0.9501161878192192,-0.7830520261606655,-0.7830520261606655,-2.709093643632709,true,0.0,0.9501161878192192,-0.012311076822004424,0.012311076822004424,76.22560138393796,-1.707808436446684,74.51779294749127,102.29181296022828,-107.18339279165987,100.0,0.08,0.6,0.27,1.0,false
0.02,0.02,0.0,0.004,0.2,0.35,0.15,1.0,10.0,1.0,7.971547154715471,81.7855574457606,-0.6374662744840265,-0.9119896052098625,-0.9119896052098625,-3.202233087988257,true,0.0,0.6374662744840265,-0.007996769787743664,0.007996769787743664,79.07800527267068,-1.1648837409832513,77.91312153168742,101.49510598225677,-105.56774703447194,100.0,0.08,0.6,0.27,1.0,false
0.02,0.02,0.0,0.004,0.2,0.35,0.15,1.0,10.0,1.0,8.225522552255224,78.5032248130227,-0.5707417471637939,-1.0616743214877826,-1.0616743214877826,-3.75645836232978,true,0.0,0.5707417471637939,-0.00693866855920675,0.00693866855920675,81.68448377538846,-0.1680685307884527,81.51641524460001,100.20617752913219,-100.91762923156165,100.0,0.08,0.6,0.27,1.0,false
0.02,0.02,0.0,0.004,0.2,0.35,0.15,1.0,10.0,1.0,8.479497949794979,71.93671510276167,-0.1678662367624213,-1.3694791828197348,-1.3694791828197348,-4.799384862833107,true,0.0,0.1678662367624213,-0.0019796718833628595,0.0019796718833628595,84.62711326118736,3.2686562054004455,87.89576946658781,96.28121327654686,-78.73752496238772,100.0,0.08,0.6,0.27,1.0,false
