gross_delta,delta,iota,kappa,lambda,sigmah,sigmal,mu_b,m,c,p,vb,debt_diff,eq_deriv,eq_deriv_min_val,eq_min_val,eq_negative,eq_vb,abs_debt_diff,debt_per_diff,abs_debt_per_diff,debt,equity,firm_value,leverage,ROE,V0,r,alpha,pi,xi,opt
0.02,0.02,0.0,0.004,0.5,0.225,0.15,1.0,5.0,6.0,18.951446460435516,91.21193104058273,4.747841751959555,-1.2522038581124113,-1.2522038581124113,-2.487046581441852,true,0.0,4.747841751959555,0.05010532322027779,0.05010532322027779,99.50507405413714,-1.0715043424169735,98.43356971172017,101.0885558103349,-316.4979127430668,100.0,0.08,0.6,0.27,1.0,false
0.02,0.02,0.0,0.004,0.5,0.225,0.15,1.0,5.0,6.0,19.395930382511935,91.21193104058273,3.2006905954757485,-1.3120155906278048,-1.3120155906278048,-2.6994193677589697,true,0.0,3.2006905954757485,0.03300373359105893,0.03300373359105893,100.18034250803542,-1.406461753459895,98.77388075457553,101.42392071944053,679.883660697253,100.0,0.08,0.6,0.27,1.0,false
0.02,0.02,0.0,0.004,0.5,0.225,0.15,1.0,5.0,6.0,19.6846566910382,91.40948713396344,2.0866312359976638,-1.3374003442429068,-1.3374003442429068,-2.8050182129482826,true,0.0,2.0866312359976638,0.02136593198985667,0.02136593198985667,100.50991469118864,-1.707445981789669,98.80246870939897,101.72814101114382,234.84934074158824,100.0,0.08,0.6,0.27,1.0,false
0.02,0.02,0.0,0.004,0.5,0.225,0.15,1.0,5.0,6.0,19.840414304588354,91.21193104058273,2.6150331643864035,-1.3460110990671876,-1.3460110990671876,-2.836411636976912,true,0.0,2.6150331643864035,0.02636067094407039,0.02636067094407039,101.81710468732817,-1.650377054502338,100.16672763282583,101.6476300000056,-9.175455546866862,100.0,0.08,0.6,0.27,1.0,false
0.02,0.02,0.0,0.004,0.5,0.225,0.15,1.0,5.0,6.0,20.284898226664772,89.42230967307157,8.806638101174599,-1.347577151209458,-1.347577151209458,-2.8072046104035153,true,0.0,8.806638101174599,0.08682950244826128,0.08682950244826128,110.23112923449847,-0.5806534273504825,109.65047580714798,100.52954939144243,-94.32463989026186,100.0,0.08,0.6,0.27,1.0,false
0.02,0.02,0.0,0.004,0.5,0.225,0.15,1.0,5.0,6.0,20.72938214874119,89.52212003002666,10.957515270219645,-1.3069029080547614,-1.3069029080547614,-2.671120920120688,true,0.0,10.957515270219645,0.10571965137788777,0.10571965137788777,114.6044260139256,-0.5328828240539059,114.0715431898717,100.46714790486082,-96.35122377595812,100.0,0.08,0.6,0.27,1.0,false
