gross_delta,delta,iota,kappa,lambda,sigmah,sigmal,mu_b,m,c,p,vb,debt_diff,eq_deriv,eq_deriv_min_val,eq_min_val,eq_negative,eq_vb,abs_debt_diff,debt_per_diff,abs_debt_per_diff,debt,equity,firm_value,leverage,ROE,V0,r,alpha,pi,xi,opt
0.02,0.02,0.0,0.004,0.5,0.225,0.15,1.0,5.0,4.0,21.236460488154076,82.46180631637705,2.0130882323544625,-1.079194381199005,-1.079194381199005,-1.9320306370210683,true,0.0,2.0130882323544625,0.018958792436031272,0.018958792436031272,108.19539067312485,6.633618536967274,114.82900921009212,94.22304643870056,-180.94328631240126,100.0,0.08,0.6,0.27,1.0,false
0.02,0.02,0.0,0.004,0.5,0.225,0.15,1.0,5.0,4.0,21.658238192240272,83.35006614138287,1.5194004239631766,-1.0616725568612622,-1.0616725568612622,-1.8918458519586514,true,0.0,1.5194004239631766,0.014030692713570289,0.014030692713570289,109.81059138516454,5.7063848852977905,115.51697627046234,95.06013309079584,-158.16555456510926,100.0,0.08,0.6,0.27,1.0,false
0.02,0.02,0.0,0.004,0.5,0.225,0.15,1.0,5.0,4.0,21.757529874476027,83.54611198552874,1.5042755381455997,-1.0571210515684917,-1.0571210515684917,-1.8799474830099063,true,0.0,1.5042755381455997,0.013826689131285269,0.013826689131285269,110.29192491052578,5.515033804615115,115.8069587151409,95.237735395348,-153.58602839178087,100.0,0.08,0.6,0.27,1.0,false
0.02,0.02,0.0,0.004,0.5,0.225,0.15,1.0,5.0,4.0,22.080015896326472,84.19109742077502,1.6284451566728109,-1.0427708551066746,-1.0427708551066746,-1.8426877954864749,true,0.0,1.6284451566728109,0.01475039840839735,0.01475039840839735,112.02852463830517,4.905595229063766,116.93411986736893,95.80482135186217,-140.7830168418308,100.0,0.08,0.6,0.27,1.0,false
0.02,0.02,0.0,0.004,0.5,0.225,0.15,1.0,5.0,4.0,22.923571304498868,86.12257927756683,2.3253930621085033,-1.015303763409291,-1.015303763409291,-1.7895324706061582,true,0.0,2.3253930621085033,0.020288226744600943,0.020288226744600943,116.94324958460284,3.154254036736387,120.09750362133923,97.37358900757707,-118.61658249786282,100.0,0.08,0.6,0.27,1.0,false
0.02,0.02,0.0,0.004,0.5,0.225,0.15,1.0,5.0,4.0,23.345349008585064,87.16587097619836,2.3555227367391183,-1.005300026682667,-1.005300026682667,-1.7775976837900505,true,0.0,2.3555227367391183,0.020179803145139476,0.020179803145139476,119.08226777966443,2.283106736036307,121.36537451570074,98.1188153992464,-111.9645461556166,100.0,0.08,0.6,0.27,1.0,false
