gross_delta,delta,iota,kappa,lambda,sigmah,sigmal,V0,r,alpha,pi,xi,mu_b,m,c,p,vb,sg_debt,debt,debt_diff,abs_debt_diff,debt_per_diff,abs_debt_per_diff,eq_vb,eq_min_val,sg_equity,equity,eq_negative,firm_value,leverage,ROE,cvml_vb,cvmh_vb,eq_deriv
0.02,0.0195,0.0005,0.0025,NaN,NaN,0.2,100.0,0.08,0.6,0.27,1.0,1.0,3.0,1.7274977497749775,20.06458278490123,54.28775587070934,60.192895716438485,60.20791360873453,0.014165254030842789,0.014165254030842789,0.00023532766139385772,0.00023532766139385772,1.7763568394002505e-14,NaN,47.93979761579683,47.92597779650339,false,108.13389140523792,55.679040887469725,20.440977447775488,NaN,NaN,NaN
