gross_delta,delta,iota,kappa,lambda,sigmah,sigmal,mu_b,m,c,p,vb,debt_diff,eq_deriv,eq_deriv_min_val,eq_min_val,eq_negative,eq_vb,abs_debt_diff,debt_per_diff,abs_debt_per_diff,debt,equity,firm_value,leverage,ROE,V0,r,alpha,pi,xi,opt
0.02,0.02,0.0,0.0025,0.2,0.3,0.15,1.0,5.0,7.0,14.777877787778776,100.0,-13.889386554708366,-0.28086443699099006,-0.28086443699099006,-0.16790798785110525,true,0.0,13.889386554708366,-0.1879753879977924,0.1879753879977924,60.00000238418551,0.05699903208272978,60.057001416268236,99.90509177824637,-99.85750241129966,100.0,0.08,0.6,0.27,1.0,false
0.02,0.02,0.0,0.0025,0.2,0.3,0.15,1.0,5.0,7.0,15.82496144351277,100.0,-19.124804833378334,-0.44079584114288006,-0.44079584114288006,-0.3970281175671786,true,0.0,19.124804833378334,-0.24170428347196124,0.24170428347196124,60.00000238418551,0.08729167399599813,60.087294058181506,99.8547252370668,-99.78177080200254,100.0,0.08,0.6,0.27,1.0,false
0.02,0.02,0.0,0.0025,0.2,0.3,0.15,1.0,5.0,7.0,17.39558692711376,97.80399357567273,-12.571142916475452,-0.778987116187589,-0.778987116187589,-1.0981811048982095,true,0.0,12.571142916475452,-0.144532552642778,0.144532552642778,74.40679171909335,-0.9862312910106114,73.42056042808274,101.34326309314494,-103.85348831684527,100.0,0.08,0.6,0.27,1.0,false
0.02,0.02,0.0,0.0025,0.2,0.3,0.15,1.0,5.0,7.0,17.91912875498076,97.88390444673061,-15.367429649620306,-0.8701852625656182,-0.8701852625656182,-1.3434477378662393,true,0.0,15.367429649620306,-0.1715198306764642,0.1715198306764642,74.2282141252835,-1.1265315222105137,73.10168260307299,101.54104732216267,-104.37118144503792,100.0,0.08,0.6,0.27,1.0,false
0.02,0.02,0.0,0.0025,0.2,0.3,0.15,1.0,5.0,7.0,19.489754238581753,96.24746450127337,-11.863350083866536,-1.2642305759238126,-1.2642305759238126,-2.543214159168336,true,0.0,11.863350083866536,-0.1217393502108092,0.1217393502108092,85.58542110904223,-2.458355639214279,83.12706546982795,102.95734683441529,-117.05464764396551,100.0,0.08,0.6,0.27,1.0,false
0.02,0.02,0.0,0.0025,0.2,0.3,0.15,1.0,5.0,7.0,19.489754238581753,96.24746450127337,-11.863350083866536,-1.2642305759238126,-1.2642305759238126,-2.543214159168336,true,0.0,11.863350083866536,-0.1217393502108092,0.1217393502108092,85.58542110904223,-2.458355639214279,83.12706546982795,102.95734683441529,-117.05464764396551,100.0,0.08,0.6,0.27,1.0,false
