gross_delta,delta,iota,kappa,lambda,sigmah,sigmal,mu_b,m,c,p,vb,debt_diff,eq_deriv,eq_deriv_min_val,eq_min_val,eq_negative,eq_vb,abs_debt_diff,debt_per_diff,abs_debt_per_diff,debt,equity,firm_value,leverage,ROE,V0,r,alpha,pi,xi,opt
0.02,0.02,0.0,0.0025,0.2,0.3,0.15,1.0,5.0,9.0,18.435468546854683,98.88389832939635,-22.123656611061293,-1.3382130514310873,-1.3382130514310873,-2.557176940454312,true,0.0,22.123656611061293,-0.2400118722758024,0.2400118722758024,70.05368612321212,-1.061343589394835,68.99234253381728,101.53834983770062,-103.54415436157404,100.0,0.08,0.6,0.27,1.0,false
0.02,0.02,0.0,0.0025,0.2,0.3,0.15,1.0,5.0,9.0,19.0001500150015,98.4119828858497,-20.657042675456665,-1.4179390450532996,-1.4179390450532996,-2.8267247429256934,true,0.0,20.657042675456665,-0.21744083766861813,0.21744083766861813,74.34370739955082,-1.5830062879010756,72.76070111164975,102.1756336369986,-106.17005080411876,100.0,0.08,0.6,0.27,1.0,false
0.02,0.02,0.0,0.0025,0.2,0.3,0.15,1.0,5.0,9.0,19.564831483148314,93.4924086284508,27.223514490874578,-1.3835158221938388,-1.3835158221938388,-2.4804350521384633,true,0.0,27.223514490874578,0.2782903038477268,0.2782903038477268,125.04767190661615,-1.9258961053485089,123.12177580126763,101.5642205392303,-92.31107740260764,100.0,0.08,0.6,0.27,1.0,false
0.02,0.02,0.0,0.0025,0.2,0.3,0.15,1.0,5.0,9.0,21.258875887588758,93.78415459852964,5.648259444362765,-1.1476302874934414,-1.1476302874934414,-1.6769604726112397,true,0.0,5.648259444362765,0.053137893783558904,0.053137893783558904,111.94263888230655,-0.8316942570488116,111.11094462525774,100.74852595291478,-93.03592560032108,100.0,0.08,0.6,0.27,1.0,false
0.02,0.02,0.0,0.0025,0.2,0.3,0.15,1.0,5.0,9.0,22.544674095355813,95.71031718447418,0.00011933694840493558,-0.8856310447529363,-0.8856310447529363,-1.058379870309806,true,0.0,0.00011933694840493558,-0.041596620250758026,0.041596620250758026,112.72348981372744,0.9697831181730566,113.6932729319005,99.14701803091381,-107.62198997579071,100.0,0.08,0.6,0.27,1.0,false
0.02,0.02,0.0,0.0025,0.2,0.3,0.15,1.0,5.0,9.0,22.9529202920292,93.43680933343884,40.42333783261246,-0.7873888285199331,-0.7873888285199331,-0.7483840525635299,true,0.0,40.42333783261246,0.352228276997504,0.352228276997504,155.18793929275847,1.4844525726043887,156.67239186536287,99.0525117061594,-102.68981337521905,100.0,0.08,0.6,0.27,1.0,false
