gross_delta,delta,iota,kappa,lambda,sigmah,sigmal,mu_b,m,c,p,vb,debt_diff,eq_deriv,eq_deriv_min_val,eq_min_val,eq_negative,eq_vb,abs_debt_diff,debt_per_diff,abs_debt_per_diff,debt,equity,firm_value,leverage,ROE,V0,r,alpha,pi,xi,opt
0.02,0.02,0.0,0.0025,0.2,0.3,0.15,1.0,5.0,8.0,16.030549107542335,100.0,-20.15274315352616,-0.6240900897321908,-0.6240900897321908,-0.6954210771642542,true,0.0,20.15274315352616,-0.25142923075597384,0.25142923075597384,60.00000238418551,0.12687284177734373,60.12687522596285,99.78899145964174,-99.68281787665111,100.0,0.08,0.6,0.27,1.0,false
0.02,0.02,0.0,0.0025,0.2,0.3,0.15,1.0,5.0,8.0,17.658958001063265,98.0257092723342,-13.266783459103507,-1.024173468356096,-1.024173468356096,-1.6693046971415435,true,0.0,13.266783459103507,-0.15025556387080935,0.15025556387080935,75.02800654621282,-1.292481561964647,73.73552498424817,101.7528614087182,-105.17572441445853,100.0,0.08,0.6,0.27,1.0,false
0.02,0.02,0.0,0.0025,0.2,0.3,0.15,1.0,5.0,8.0,18.20176096557024,98.10863514626001,-16.28432679614764,-1.1320369690472292,-1.1320369690472292,-1.9998102717930286,true,0.0,16.28432679614764,-0.17893133336879274,0.17893133336879274,74.72447803170357,-1.4225865040016608,73.30189152770191,101.94072277584274,-105.62831701670112,100.0,0.08,0.6,0.27,1.0,false
0.02,0.02,0.0,0.0025,0.2,0.3,0.15,1.0,5.0,8.0,19.296258096054835,95.37938536579836,-0.00023368644196364308,-1.3453993381070153,-1.3453993381070153,-2.605642027785563,true,0.0,0.00023368644196364308,-0.007666096311949082,0.007666096311949082,96.48105679383224,-1.8352346758617244,94.64582211797051,101.93905513713455,-152.15300640956784,100.0,0.08,0.6,0.27,1.0,false
0.02,0.02,0.0,0.0025,0.2,0.3,0.15,1.0,5.0,8.0,20.372972823598147,92.72046045169988,19.784255625398515,-1.4484784665675474,-1.4484784665675474,-2.8528790270559337,true,0.0,19.784255625398515,0.19422060586545606,0.19422060586545606,121.64911974338925,-2.1869342162084116,119.46218552718084,101.83064976298364,-89.898276502091,100.0,0.08,0.6,0.27,1.0,false
0.02,0.02,0.0,0.0025,0.2,0.3,0.15,1.0,5.0,8.0,20.915775788105126,93.10733713151845,19.564030535264465,-1.4172543798206894,-1.4172543798206894,-2.7381313943409844,true,0.0,19.564030535264465,0.18707439526475128,0.18707439526475128,124.14290947579009,-2.215320662047651,121.92758881374245,101.81691500963888,-90.82413549092283,100.0,0.08,0.6,0.27,1.0,false
