gross_delta,delta,iota,kappa,lambda,sigmah,sigmal,mu_b,m,c,p,vb,debt_diff,eq_deriv,eq_deriv_min_val,eq_min_val,eq_negative,eq_vb,abs_debt_diff,debt_per_diff,abs_debt_per_diff,debt,equity,firm_value,leverage,ROE,V0,r,alpha,pi,xi,opt
0.02,0.02,0.0,0.001,0.5,0.25,0.15,1.0,3.0,7.0,31.009454892857708,89.93721397555328,-1.5011378227065535,-0.5992319691910095,-0.5992319691910095,-0.602665481464885,true,0.0,1.5011378227065535,-0.01613634538125236,0.01613634538125236,91.52722685586657,4.313225232669975,95.84045208853655,95.4995775388398,-49.09311084699034,100.0,0.08,0.6,0.27,1.0,false
0.02,0.02,0.0,0.001,0.5,0.25,0.15,1.0,3.0,7.0,31.793301698590913,88.17501091953547,-1.3198403979027375,-0.832728412025029,-0.832728412025029,-1.0537360021376907,true,0.0,1.3198403979027375,-0.013837719764739347,0.013837719764739347,94.06006469787,5.369518330612795,99.4295830284828,94.59967731225964,-9.603083914275224,100.0,0.08,0.6,0.27,1.0,false
0.02,0.02,0.0,0.001,0.5,0.25,0.15,1.0,3.0,7.0,32.83129769563891,85.27585273516092,-4.019631464237394e-5,-0.9963825911476552,-0.9963825911476552,-1.3543278986486305,true,0.0,4.019631464237394e-5,-0.00030875593972562096,0.00030875593972562096,98.49385289060213,8.377164324057988,106.87101721466011,92.16142548055691,456.19828048582923,100.0,0.08,0.6,0.27,1.0,false
0.02,0.02,0.0,0.001,0.5,0.25,0.15,1.0,3.0,7.0,34.144842115790524,82.93224601248994,1.6284396969899575,-1.0106916110016737,-1.0106916110016737,-1.3374885490909894,true,0.0,1.6284396969899575,0.015897371277606757,0.015897371277606757,104.06296604436153,11.309790133133557,115.37275617749509,90.19717435220667,-378.36290064075143,100.0,0.08,0.6,0.27,1.0,false
0.02,0.02,0.0,0.001,0.5,0.25,0.15,1.0,3.0,7.0,35.712535727256935,84.34887545507056,1.760335719596,-0.8774108173570486,-0.8774108173570486,-1.0195122289271852,true,0.0,1.760335719596,0.016430605143247186,0.016430605143247186,108.8979429013668,9.643143674045708,118.5410865754125,91.86514654738633,-208.37497813752472,100.0,0.08,0.6,0.27,1.0,false
0.02,0.02,0.0,0.001,0.5,0.25,0.15,1.0,3.0,7.0,36.49638253299014,85.65357537292326,2.1001931419947226,-0.8532284702744235,-0.8532284702744235,-0.9806098941965304,true,0.0,2.1001931419947226,0.019181747123351172,0.019181747123351172,111.58934074096514,7.94199583400304,119.53133657496818,93.35572071594636,-168.5284522348218,100.0,0.08,0.6,0.27,1.0,false
