gross_delta,delta,iota,kappa,lambda,sigmah,sigmal,mu_b,m,c,p,vb,debt_diff,eq_deriv,eq_deriv_min_val,eq_min_val,eq_negative,eq_vb,abs_debt_diff,debt_per_diff,abs_debt_per_diff,debt,equity,firm_value,leverage,ROE,V0,r,alpha,pi,xi,opt
0.02,0.02,0.0,0.001,0.5,0.25,0.15,1.0,3.0,11.0,32.33073175738626,91.21193104058273,2.853032835740322,-0.9161572294591462,-0.9161572294591462,-1.0393141724502246,true,0.0,2.853032835740322,0.029415076416558578,0.029415076416558578,99.8452281078991,3.4316965050206734,103.27692461291977,96.67718949040881,2117.260807785134,100.0,0.08,0.6,0.27,1.0,false
0.02,0.02,0.0,0.001,0.5,0.25,0.15,1.0,3.0,11.0,33.2173493665156,91.21193104058273,0.16817682156266756,-1.0780842335515137,-1.0780842335515137,-1.3933523891078992,true,0.0,0.16817682156266756,0.001687640392445004,0.001687640392445004,99.82022492110946,2.6527210785949413,102.4729459997044,97.41129616923223,1375.5777580328925,100.0,0.08,0.6,0.27,1.0,false
0.02,0.02,0.0,0.001,0.5,0.25,0.15,1.0,3.0,11.0,34.10396697564493,91.21193104058273,-1.2916981494336142,-1.1794345841823195,-1.1794345841823195,-1.639290579308211,true,0.0,1.2916981494336142,-0.01262510165221219,0.01262510165221219,101.02020277750117,2.0686193710164686,103.08882214851764,97.99336210473308,-302.76551060596375,100.0,0.08,0.6,0.27,1.0,false
0.02,0.02,0.0,0.001,0.5,0.25,0.15,1.0,3.0,11.0,34.376179036120426,90.74762336782848,-5.3150153529409744e-5,-1.1785319253439388,-1.1785319253439388,-1.6277100870173464,true,0.0,5.3150153529409744e-5,-0.00019191124099914654,0.00019191124099914654,103.12848395820775,2.575384380054253,105.70386833826201,97.56358549545907,-182.32052375712487,100.0,0.08,0.6,0.27,1.0,false
0.02,0.02,0.0,0.001,0.5,0.25,0.15,1.0,3.0,11.0,34.99058458477426,89.35918815390079,4.7781351059298345,-1.1241661345558476,-1.1241661345558476,-1.4669612264775571,true,0.0,4.7781351059298345,0.045518293588889085,0.045518293588889085,109.74988886025261,4.349629696009095,114.0995185562617,96.18786323461627,-144.61209515670726,100.0,0.08,0.6,0.27,1.0,false
0.02,0.02,0.0,0.001,0.5,0.25,0.15,1.0,3.0,11.0,35.8772021939036,89.49475643499316,8.04865477789221,-0.9772620462862818,-0.9772620462862818,-1.1259513366975962,true,0.0,8.04865477789221,0.07477965844337653,0.07477965844337653,115.68026135960301,4.667604918142476,120.34786627774548,96.12157235312314,-129.76739233548494,100.0,0.08,0.6,0.27,1.0,false
