gross_delta,delta,iota,kappa,lambda,sigmah,sigmal,mu_b,m,c,p,vb,debt_diff,eq_deriv,eq_deriv_min_val,eq_min_val,eq_negative,eq_vb,abs_debt_diff,debt_per_diff,abs_debt_per_diff,debt,equity,firm_value,leverage,ROE,V0,r,alpha,pi,xi,opt
0.02,0.02,0.0,0.001,0.5,0.25,0.15,1.0,3.0,10.0,32.75051847289992,91.21193104058273,-0.8958030334271001,-0.9443284002037861,-0.9443284002037861,-1.1574970218073304,true,0.0,0.8958030334271001,-0.009117443786102202,0.009117443786102202,97.35575238527265,2.814532568648093,100.17028495392074,97.19025200942295,6.4398263223280905,100.0,0.08,0.6,0.27,1.0,false
0.02,0.02,0.0,0.001,0.5,0.25,0.15,1.0,3.0,10.0,33.60760681331291,90.69036571538953,-1.73222817790095,-1.1106948364498264,-1.1106948364498264,-1.5329680776656545,true,0.0,1.73222817790095,-0.017180913709241623,0.017180913709241623,99.09059226203779,2.626698031538935,101.71729029357672,97.4176484411276,188.8361206849639,100.0,0.08,0.6,0.27,1.0,false
0.02,0.02,0.0,0.001,0.5,0.25,0.15,1.0,3.0,10.0,33.92498122862859,89.64641156699564,-5.123848390884561e-5,-1.1378372512816128,-1.1378372512816128,-1.5761922953272842,true,0.0,5.123848390884561e-5,-0.00021555607438958265,0.00021555607438958265,101.77489244740185,3.754151367132066,105.52904381453392,96.44254204204678,-311.51430176107385,100.0,0.08,0.6,0.27,1.0,false
0.02,0.02,0.0,0.001,0.5,0.25,0.15,1.0,3.0,10.0,34.4646951537259,88.27915766344243,2.6571178855642756,-1.144884294912259,-1.144884294912259,-1.5657655360890181,true,0.0,2.6571178855642756,0.025698935037845733,0.025698935037845733,106.05120334674197,5.29522997531618,111.34643332205815,95.24436498113931,-187.50705722304284,100.0,0.08,0.6,0.27,1.0,false
0.02,0.02,0.0,0.001,0.5,0.25,0.15,1.0,3.0,10.0,35.321783494138884,88.93188497672334,2.7500810711697596,-1.075174341597469,-1.075174341597469,-1.410755678006406,true,0.0,2.7500810711697596,0.025952644507376908,0.025952644507376908,108.71543155358641,4.498201377820243,113.21363293140665,96.02680237233834,-151.61191789716057,100.0,0.08,0.6,0.27,1.0,false
0.02,0.02,0.0,0.001,0.5,0.25,0.15,1.0,3.0,10.0,36.17887183455188,89.51892155818621,4.723525309851368,-0.9732486890030054,-0.9732486890030054,-1.1758589005868072,true,0.0,4.723525309851368,0.04352010874793009,0.04352010874793009,113.26014081350701,4.104036879316933,117.36417769282394,96.50316053842393,-130.9501756959963,100.0,0.08,0.6,0.27,1.0,false
