gross_delta,delta,iota,kappa,lambda,sigmah,sigmal,V0,r,alpha,pi,xi,mu_b,m,c,p,vb,sg_debt,debt,debt_diff,abs_debt_diff,debt_per_diff,abs_debt_per_diff,eq_vb,eq_min_val,sg_equity,equity,eq_negative,firm_value,leverage,ROE,cvml_vb,cvmh_vb,eq_deriv
0.02,0.01985,0.00015000000000000001,0.005,NaN,NaN,0.2,100.0,0.08,0.6,0.27,1.0,1.0,10.0,0.7449494949494949,7.5696250090417845,57.47623290433767,75.6983134959625,76.1270727276112,0.43082263719335856,0.43082263719335856,0.005691466045923655,0.005691466045923655,2.1671553440683056e-13,NaN,36.38666086534527,36.295583304599035,false,112.42265603221024,67.71506332833839,52.03658474919484,NaN,NaN,NaN
