gross_delta,delta,iota,kappa,lambda,sigmah,sigmal,mu_b,m,c,p,vb,debt_diff,eq_deriv,eq_deriv_min_val,eq_min_val,eq_negative,eq_vb,abs_debt_diff,debt_per_diff,abs_debt_per_diff,debt,equity,firm_value,leverage,ROE,V0,r,alpha,pi,xi,opt
0.02,0.02,0.0,0.004,0.5,0.35,0.15,1.0,3.0,11.0,31.236628926050496,91.21193104058273,1.6732852926812853,-1.772872995215143,-1.772872995215143,-3.995660300797268,true,0.0,1.6732852926812853,0.017856016587050372,0.017856016587050372,95.38317207083277,-2.9786185869220625,92.4045534839107,103.22345433706434,-164.5165605610807,100.0,0.08,0.6,0.27,1.0,false
0.02,0.02,0.0,0.004,0.5,0.35,0.15,1.0,3.0,11.0,32.19950810870561,91.21193104058273,-1.2159254415327894,-1.955838609051663,-1.955838609051663,-4.689739819849391,true,0.0,1.2159254415327894,-0.012587412178552774,0.012587412178552774,95.38259888458404,-3.872157381254468,91.51044150332957,104.23138312704303,-183.8601040816365,100.0,0.08,0.6,0.27,1.0,false
0.02,0.02,0.0,0.004,0.5,0.35,0.15,1.0,3.0,11.0,33.162387291360716,90.7044954491416,-1.6461411386519558,-2.1113622908938763,-2.1113622908938763,-5.307710297047832,true,0.0,1.6461411386519558,-0.016546266951864865,0.016546266951864865,97.84102073543019,-4.421919201240264,93.41910153418993,104.73342081931915,-304.815269595531,100.0,0.08,0.6,0.27,1.0,false
0.02,0.02,0.0,0.004,0.5,0.35,0.15,1.0,3.0,11.0,33.579953653374545,89.9140577929106,1.7222095183608288e-5,-2.1222161893509432,-2.1222161893509432,-5.362051912956635,true,0.0,1.7222095183608288e-5,-0.0001780588283478861,0.0001780588283478861,100.73987818221882,-4.102173309267714,96.6377048729511,104.24489935337435,454.4390154830255,100.0,0.08,0.6,0.27,1.0,false
0.02,0.02,0.0,0.004,0.5,0.35,0.15,1.0,3.0,11.0,34.12526647401582,88.84325086803636,2.8436068810305954,-2.0914648662908277,-2.0914648662908277,-5.2680736649532784,true,0.0,2.8436068810305954,0.027776162892831115,0.027776162892831115,105.21940630307805,-3.4830677251622553,101.73633857791579,103.42362205466506,-33.2669747686019,100.0,0.08,0.6,0.27,1.0,false
0.02,0.02,0.0,0.004,0.5,0.35,0.15,1.0,3.0,11.0,35.088145656670925,89.45173965311791,4.2184897827952454,-2.000022192240879,-2.000022192240879,-5.005569080709833,true,0.0,4.2184897827952454,0.04007516597459205,0.04007516597459205,109.48292675280803,-3.722330051936341,105.76059670087169,103.51958117489106,-60.74703360084367,100.0,0.08,0.6,0.27,1.0,false
