gross_delta,delta,iota,kappa,lambda,sigmah,sigmal,mu_b,m,c,p,vb,debt_diff,eq_deriv,eq_deriv_min_val,eq_min_val,eq_negative,eq_vb,abs_debt_diff,debt_per_diff,abs_debt_per_diff,debt,equity,firm_value,leverage,ROE,V0,r,alpha,pi,xi,opt
0.02,0.02,0.0,0.004,0.5,0.35,0.15,1.0,3.0,10.0,31.78195977492486,91.21193104058273,-1.8258409952210428,-1.7521085200716333,-1.7521085200716333,-4.093281507630593,true,0.0,1.8258409952210428,-0.01914965815147313,0.01914965815147313,93.52003832955354,-3.2468596342252845,90.27317869532826,103.59670467036885,-150.1061549334995,100.0,0.08,0.6,0.27,1.0,false
0.02,0.02,0.0,0.004,0.5,0.35,0.15,1.0,3.0,10.0,32.717032229538745,89.58998982684626,-1.1597488623782368,-2.029544299269594,-2.029544299269594,-5.071065336701571,true,0.0,1.1597488623782368,-0.011815954192111915,0.011815954192111915,96.991347826238,-3.5496696603027362,93.44167816593526,103.79880769478389,-217.9820549300735,100.0,0.08,0.6,0.27,1.0,false
0.02,0.02,0.0,0.004,0.5,0.35,0.15,1.0,3.0,10.0,33.113703282221024,88.3727184348349,3.0135172634365714e-5,-2.0838583995126623,-2.0838583995126623,-5.2671510504405346,true,0.0,3.0135172634365714e-5,-9.847271001277259e-5,9.847271001277259e-5,99.3411399818357,-2.997516095039585,96.34362388679611,103.11127604932287,-554.954924020306,100.0,0.08,0.6,0.27,1.0,false
0.02,0.02,0.0,0.004,0.5,0.35,0.15,1.0,3.0,10.0,33.652104684152626,87.14853706661962,1.375332501177155,-2.101021698897211,-2.101021698897211,-5.343152035733604,true,0.0,1.375332501177155,0.013623045909367481,0.013623045909367481,102.33164655363504,-2.3363030964621574,99.99534345717288,102.33641189248254,0.19971049299296606,100.0,0.08,0.6,0.27,1.0,false
0.02,0.02,0.0,0.004,0.5,0.35,0.15,1.0,3.0,10.0,34.587177138766506,87.4102803355152,1.8312995778030228,-2.018175115388731,-2.018175115388731,-5.107996100907271,true,0.0,1.8312995778030228,0.01764911863584302,0.01764911863584302,105.59283099410254,-2.522014368854532,103.07081662524801,102.44687531488592,-54.90630109306156,100.0,0.08,0.6,0.27,1.0,false
0.02,0.02,0.0,0.004,0.5,0.35,0.15,1.0,3.0,10.0,35.522249593380394,88.55701900300906,2.035314638350286,-1.9590806080035261,-1.9590806080035261,-4.976841887408225,true,0.0,2.035314638350286,0.019098965311866292,0.019098965311866292,108.60206341849147,-3.326174416633652,105.27588900185782,103.15948357042603,-61.33283080099683,100.0,0.08,0.6,0.27,1.0,false
