gross_delta,delta,iota,kappa,lambda,sigmah,sigmal,mu_b,m,c,p,vb,debt_diff,eq_deriv,eq_deriv_min_val,eq_min_val,eq_negative,eq_vb,abs_debt_diff,debt_per_diff,abs_debt_per_diff,debt,equity,firm_value,leverage,ROE,V0,r,alpha,pi,xi,opt
0.02,0.02,0.0,0.0025,0.3,0.225,0.15,1.0,3.0,3.0,25.2763460556582,79.98358778681447,0.5973329470651407,0.022018345320712885,0.022018345320712885,0.0029352570274908557,false,0.0,0.5973329470651407,0.007877364153687682,0.007877364153687682,76.42637111403974,16.6677815647729,93.09415267881263,82.09578036304924,-29.294799517694436,100.0,0.08,0.6,0.27,1.0,false
0.02,0.02,0.0,0.0025,0.3,0.225,0.15,1.0,3.0,3.0,25.584536519327326,80.99258088627633,-8.937935801122017e-6,0.023757463276012594,0.023757463276012594,0.004765983868671574,false,0.0,8.937935801122017e-6,6.556052857518383e-5,6.556052857518383e-5,76.75360062004619,15.42151314057453,92.17511376062072,83.2693310467462,-33.66063755287176,100.0,0.08,0.6,0.27,1.0,false
0.02,0.02,0.0,0.0025,0.3,0.225,0.15,1.0,3.0,3.0,25.884426600554793,81.29694911187657,-0.3549480033359771,3.43285187741349e-8,3.43285187741349e-8,0.0008040724042299783,false,0.0,0.3549480033359771,-0.004570933825880324,0.004570933825880324,77.2983317983284,15.00681944518513,92.30515124351354,83.74216471885183,-33.89552119310716,100.0,0.08,0.6,0.27,1.0,false
0.02,0.02,0.0,0.0025,0.3,0.225,0.15,1.0,3.0,3.0,27.708668235244577,75.08161553275477,-0.1962091222264064,-0.5272511339005888,-0.5272511339005888,-0.4838682579574322,true,0.0,0.1962091222264064,-0.0023603819637547504,0.0023603819637547504,82.92979558350733,22.567852580315723,105.49764816382304,78.60819366771949,32.20610620521569,100.0,0.08,0.6,0.27,1.0,false
0.02,0.02,0.0,0.0025,0.3,0.225,0.15,1.0,3.0,3.0,28.31674878014117,71.86259605250679,-0.19183942895207906,-0.777812069834302,-0.777812069834302,-0.9010197707443329,true,0.0,0.19183942895207906,-0.0022582562996146653,0.0022582562996146653,84.75840691147144,27.394288188639344,112.15269510011078,75.5741151256451,79.73375899437569,100.0,0.08,0.6,0.27,1.0,false
0.02,0.02,0.0,0.0025,0.3,0.225,0.15,1.0,3.0,3.0,28.924829325037766,65.28135925820249,-0.0644175330949679,-1.008753531753438,-1.008753531753438,-1.1672896860155362,true,0.0,0.0644175330949679,-0.0007423556692543398,0.0007423556692543398,86.71007044201833,39.45719181340313,126.16726225542146,68.72628357939372,196.8954172500179,100.0,0.08,0.6,0.27,1.0,false
