gross_delta,delta,iota,kappa,lambda,sigmah,sigmal,mu_b,m,c,p,vb,debt_diff,eq_deriv,eq_deriv_min_val,eq_min_val,eq_negative,eq_vb,abs_debt_diff,debt_per_diff,abs_debt_per_diff,debt,equity,firm_value,leverage,ROE,V0,r,alpha,pi,xi,opt
0.02,0.02,0.0,0.0025,0.3,0.225,0.15,1.0,3.0,5.0,27.303013196056447,87.30543101173872,1.5401593102974829,0.08833730805225715,0.08833730805225715,0.010595246175122515,false,0.0,1.5401593102974829,0.018803288599661936,0.018803288599661936,83.44919889846683,10.50306212420329,93.95226102267011,88.82085219676729,-36.54046073195606,100.0,0.08,0.6,0.27,1.0,false
0.02,0.02,0.0,0.0025,0.3,0.225,0.15,1.0,3.0,5.0,30.81033689236624,83.14277715024205,6.629543129327287e-5,-0.45999836521333926,-0.45999836521333926,-0.2926808672552154,true,0.0,6.629543129327287e-5,-0.0007961478729053332,0.0007961478729053332,92.43107697253001,14.640910674665042,107.07198764719504,86.32610545822011,93.4345298733861,100.0,0.08,0.6,0.27,1.0,false
0.02,0.02,0.0,0.0025,0.3,0.225,0.15,1.0,3.0,5.0,31.382758012643365,83.76081302632741,-1.0811731391899428,-0.5970252940727016,-0.5970252940727016,-0.5742375900453351,true,0.0,1.0811731391899428,-0.01148372766509096,0.01148372766509096,93.06710089874015,12.670105946313866,105.73720684505402,88.01736273885078,82.75335846170687,100.0,0.08,0.6,0.27,1.0,false
0.02,0.02,0.0,0.0025,0.3,0.225,0.15,1.0,3.0,5.0,32.742672951505675,81.56506695614165,-0.9675775194729397,-0.7893806097851919,-0.7893806097851919,-0.9041238054317194,true,0.0,0.9675775194729397,-0.0098503210260811,0.0098503210260811,97.26044133504408,15.212618652488377,112.47305998753245,86.47443338504821,455.29450225272467,100.0,0.08,0.6,0.27,1.0,false
0.02,0.02,0.0,0.0025,0.3,0.225,0.15,1.0,3.0,5.0,33.42263042093683,78.23446087470631,0.7619402336531067,-0.7823422428317264,-0.7823422428317264,-0.795740290298567,true,0.0,0.7619402336531067,0.007599045158494438,0.007599045158494438,101.02983149646359,21.056352681735977,122.08618417819956,82.75287836746402,-2144.640579943702,100.0,0.08,0.6,0.27,1.0,false
0.02,0.02,0.0,0.0025,0.3,0.225,0.15,1.0,3.0,5.0,34.10258789036798,77.84739643541297,0.7244788434370264,-0.7504408055315075,-0.7504408055315075,-0.7074755885410172,true,0.0,0.7244788434370264,0.007081367214379352,0.007081367214379352,103.03224251454097,22.000075208838627,125.03231772337959,82.40448900778486,-825.5381158775514,100.0,0.08,0.6,0.27,1.0,false
