gross_delta,delta,iota,kappa,lambda,sigmah,sigmal,mu_b,m,c,p,vb,debt_diff,eq_deriv,eq_deriv_min_val,eq_min_val,eq_negative,eq_vb,abs_debt_diff,debt_per_diff,abs_debt_per_diff,debt,equity,firm_value,leverage,ROE,V0,r,alpha,pi,xi,opt
0.02,0.02,0.0,0.0025,0.3,0.225,0.15,1.0,3.0,10.0,32.968431053631676,91.21193104058273,0.03465623888271807,-0.4385027415657782,-0.4385027415657782,-0.25476218762445646,true,0.0,0.03465623888271807,0.00035039822212892834,0.00035039822212892834,98.93994939977775,6.3055512908945,105.24550069067224,94.00872127595537,494.8349342543132,100.0,0.08,0.6,0.27,1.0,false
0.02,0.02,0.0,0.0025,0.3,0.225,0.15,1.0,3.0,10.0,33.16215671793208,91.06032866662105,1.2969199367347112e-5,-0.4700645897876752,-0.4700645897876752,-0.28851123562620623,true,0.0,1.2969199367347112e-5,-0.0002794025996920159,0.0002794025996920159,99.48648312299561,6.3848593706897026,105.8713424936853,93.96922791352105,1143.3592071863095,100.0,0.08,0.6,0.27,1.0,false
0.02,0.02,0.0,0.0025,0.3,0.225,0.15,1.0,3.0,10.0,33.76581210752654,91.21193104058273,-1.7671516132360239,-0.5619099949908103,-0.5619099949908103,-0.40746025878699377,true,0.0,1.7671516132360239,-0.01744517608134292,0.01744517608134292,99.5302847093436,5.695656200998944,105.22594091034254,94.58721285671191,1112.5762806315386,100.0,0.08,0.6,0.27,1.0,false
0.02,0.02,0.0,0.0025,0.3,0.225,0.15,1.0,3.0,10.0,34.5631931614214,91.21193104058273,-2.8814135099065368,-0.6499545256005533,-0.6499545256005533,-0.5338676318921641,true,0.0,2.8814135099065368,-0.02778884362573595,0.02778884362573595,100.80816597435768,5.213784952300208,106.02195092665788,95.08235331765692,-745.1378946563633,100.0,0.08,0.6,0.27,1.0,false
0.02,0.02,0.0,0.0025,0.3,0.225,0.15,1.0,3.0,10.0,35.36057421531627,89.38120945718352,2.4531541518785076,-0.6768455946029862,-0.6768455946029862,-0.551116483138622,true,0.0,2.4531541518785076,0.023125134949646218,0.023125134949646218,108.53487679782732,7.787052335257969,116.32192913308529,93.30560248330416,-191.23801690072756,100.0,0.08,0.6,0.27,1.0,false
0.02,0.02,0.0,0.0025,0.3,0.225,0.15,1.0,3.0,10.0,36.955336323105996,89.63204013057248,6.267106866786278,-0.533387452797492,-0.533387452797492,-0.3381581539934062,true,0.0,6.267106866786278,0.05652865946063497,0.05652865946063497,117.13311583610427,8.052756336380975,125.18587217248525,93.56736012088838,-147.00112001467687,100.0,0.08,0.6,0.27,1.0,false
