gross_delta,delta,iota,kappa,lambda,sigmah,sigmal,mu_b,m,c,p,vb,debt_diff,eq_deriv,eq_deriv_min_val,eq_min_val,eq_negative,eq_vb,abs_debt_diff,debt_per_diff,abs_debt_per_diff,debt,equity,firm_value,leverage,ROE,V0,r,alpha,pi,xi,opt
0.02,0.02,0.0,0.0025,0.75,0.3,0.15,1.0,5.0,10.0,13.368861886188618,65.28991292866118,33.18798155717286,0.19671682630230655,-0.7520463034113608,0.03684107400001807,false,0.0,33.18798155717286,0.4964967375638668,0.4964967375638668,100.03229098811596,18.133637965104306,118.16592895322026,84.65408927451239,-56256.96212201533,100.0,0.08,0.6,0.27,1.0,false
0.02,0.02,0.0,0.0025,0.75,0.3,0.15,1.0,5.0,10.0,13.95730099325722,68.02057858855416,48.946778311333176,-2.849824279270354e-6,-0.7580454181040045,-0.4255401546637008,true,0.0,48.946778311333176,0.7013788458811541,0.7013788458811541,118.73328327761928,11.699120768253996,130.43240404587328,91.03051051321617,-162.45098947620664,100.0,0.08,0.6,0.27,1.0,false
0.02,0.02,0.0,0.0025,0.75,0.3,0.15,1.0,5.0,10.0,14.545740100325823,91.21193104058273,33.121213253674085,-3.2533409076767077,-3.2533409076767077,-13.025383014257525,true,0.0,33.121213253674085,0.45540774171995796,0.45540774171995796,105.84991375530319,-12.585067655825862,93.26484609947732,113.49390277490245,115.13253326883617,100.0,0.08,0.6,0.27,1.0,false
0.02,0.02,0.0,0.0025,0.75,0.3,0.15,1.0,5.0,10.0,14.663982236921553,92.84112238868143,32.403236565632355,-3.53161737918066,-3.470046178603433,-14.160385640965494,true,0.0,32.403236565632355,0.44067940226822844,0.44067940226822844,105.72314775024012,-14.685461076274166,91.03768667396595,116.13118875578125,156.5976227969658,100.0,0.08,0.6,0.27,1.0,false
0.02,0.02,0.0,0.0025,0.75,0.3,0.15,1.0,5.0,10.0,15.134179207394423,89.26703318332363,39.42559074505162,-3.278091670719093,-3.278091670719093,-13.527657630229008,true,0.0,39.42559074505162,0.5210139275447279,0.5210139275447279,115.09648678202373,-13.429292155420692,101.66719462660303,113.2090712296557,-11.043593457706102,100.0,0.08,0.6,0.27,1.0,false
0.02,0.02,0.0,0.0025,0.75,0.3,0.15,1.0,5.0,10.0,15.722618314463025,89.38684786367702,46.05342277880905,-3.1358247099756986,-3.1358247099756986,-13.3161620530596,true,0.0,46.05342277880905,0.5858238349072574,0.5858238349072574,124.66651435112418,-13.120860983850715,111.54565336727346,111.76277209175439,-46.806991871339406,100.0,0.08,0.6,0.27,1.0,false
