gross_delta,delta,iota,kappa,lambda,sigmah,sigmal,mu_b,m,c,p,vb,debt_diff,eq_deriv,eq_deriv_min_val,eq_min_val,eq_negative,eq_vb,abs_debt_diff,debt_per_diff,abs_debt_per_diff,debt,equity,firm_value,leverage,ROE,V0,r,alpha,pi,xi,opt
0.02,0.02,0.0,0.0025,0.75,0.3,0.15,1.0,5.0,11.0,12.761901190119012,68.64330386809112,59.71269826685708,1.5259216271718522e-5,-0.7732992180628876,-0.6981355073620307,true,0.0,59.71269826685708,0.9357962795244026,0.9357962795244026,123.52220421745214,10.440988415722087,133.96319263317423,92.20607675101309,-144.3877976706599,100.0,0.08,0.6,0.27,1.0,false
0.02,0.02,0.0,0.0025,0.75,0.3,0.15,1.0,5.0,11.0,13.375082245066611,85.02918273325524,55.824113269625855,-3.3578604902722304,-3.3578604902722304,-13.97784071827412,true,0.0,55.824113269625855,0.8347479626185706,0.8347479626185706,122.69952449495891,-13.687491429337944,109.01203306562097,112.55594547172475,-39.701417832000615,100.0,0.08,0.6,0.27,1.0,false
0.02,0.02,0.0,0.0025,0.75,0.3,0.15,1.0,5.0,11.0,13.986534112147382,89.27248453343624,49.49936031191298,-3.485441046558376,-3.485258550723339,-14.579159079377769,true,0.0,49.49936031191298,0.7078226067763274,0.7078226067763274,119.43203087264988,-14.429687141622505,105.00234373102737,113.74225243827453,-25.742773690567,100.0,0.08,0.6,0.27,1.0,false
0.02,0.02,0.0,0.0025,0.75,0.3,0.15,1.0,5.0,11.0,13.988263300014212,89.27580813382438,49.49944016041897,-3.484623251826188,-3.484623251826188,-14.576694663168052,true,0.0,49.49944016041897,0.7077281732374694,0.7077281732374694,119.44075666049004,-14.42471382744063,105.01604283304941,113.7357240268256,-25.801685194916534,100.0,0.08,0.6,0.27,1.0,false
0.02,0.02,0.0,0.0025,0.75,0.3,0.15,1.0,5.0,11.0,14.601444354961812,89.40063090385182,56.76869380511887,-3.3054911231764685,-3.3054911231764685,-14.270682389225849,true,0.0,56.76869380511887,0.7775764153883576,0.7775764153883576,129.77591557992793,-13.986444030937642,115.78947154899028,112.07920188582949,-53.02766091812148,100.0,0.08,0.6,0.27,1.0,false
0.02,0.02,0.0,0.0025,0.75,0.3,0.15,1.0,5.0,11.0,15.214625409909411,89.52545614809678,66.58538138144507,-3.0548231592990613,-3.0548231592990613,-13.495213260784725,true,0.0,66.58538138144507,0.8752812453480119,0.8752812453480119,142.65850843099213,-13.042648742576787,129.61585968841536,110.06254078314961,-69.42544589041213,100.0,0.08,0.6,0.27,1.0,false
