gross_delta,delta,iota,kappa,lambda,sigmah,sigmal,mu_b,m,c,p,vb,debt_diff,eq_deriv,eq_deriv_min_val,eq_min_val,eq_negative,eq_vb,abs_debt_diff,debt_per_diff,abs_debt_per_diff,debt,equity,firm_value,leverage,ROE,V0,r,alpha,pi,xi,opt
0.02,0.02,0.0,0.005,0.75,0.3,0.15,1.0,7.0,4.0,10.297929792979298,91.21193104058273,-5.244290101357791,-2.0869481959031937,-2.0869481959031937,-9.04952532642001,true,0.0,5.244290101357791,-0.07275096211131028,0.07275096211131028,66.84121844949729,-8.752422712634425,58.08879573686286,115.0673165136391,-126.39548953059084,100.0,0.08,0.6,0.27,1.0,false
0.02,0.02,0.0,0.005,0.75,0.3,0.15,1.0,7.0,4.0,14.842101315394697,87.57004521621124,-14.787966529980977,-2.7822159082752376,-2.7822159082752376,-12.081580083730081,true,0.0,14.787966529980977,-0.1423360885529678,0.1423360885529678,89.1067426777819,-12.021978029977586,77.0847646478043,115.59579001752849,-210.36164550576916,100.0,0.08,0.6,0.27,1.0,false
0.02,0.02,0.0,0.005,0.75,0.3,0.15,1.0,7.0,4.0,15.447990851716751,87.54165163457445,-5.042377082502128,-2.856901601099488,-2.856901601099488,-12.445247591669292,true,0.0,5.042377082502128,-0.04662998509832349,0.04662998509832349,103.09355887951513,-12.387162237252598,90.70639664226253,113.65632711230542,300.41785916142345,100.0,0.08,0.6,0.27,1.0,false
0.02,0.02,0.0,0.005,0.75,0.3,0.15,1.0,7.0,4.0,15.750935619877778,88.0778845882367,-0.42021151532316026,-2.86676890032906,-2.86676890032906,-12.570746927277458,true,0.0,0.42021151532316026,-0.0038112159127219516,0.0038112159127219516,109.83633782382128,-12.56183315872996,97.27450466509131,112.91379812416358,27.70843563656562,100.0,0.08,0.6,0.27,1.0,false
0.02,0.02,0.0,0.005,0.75,0.3,0.15,1.0,7.0,4.0,16.0006948726853,89.90095415256957,-1.2326499086723341e-5,-2.809563256475416,-2.809563256475416,-12.544265583943243,true,0.0,1.2326499086723341e-5,8.296109983969499e-5,8.296109983969499e-5,112.00485178229802,-12.309579396732687,99.69527238556533,112.34720473918375,2.5383704852067313,100.0,0.08,0.6,0.27,1.0,false
0.02,0.02,0.0,0.005,0.75,0.3,0.15,1.0,7.0,4.0,16.053880388038802,90.55313632899032,-0.6109522500785971,-2.7849663045587243,-2.7849663045587243,-12.51402031532619,true,0.0,0.6109522500785971,-0.005436622844991391,0.005436622844991391,111.76621046619302,-12.172481758214822,99.59372870797819,112.2221367912694,3.452864396647626,100.0,0.08,0.6,0.27,1.0,false
