gross_delta,delta,iota,kappa,lambda,sigmah,sigmal,V0,r,alpha,pi,xi,mu_b,m,c,p,vb,sg_debt,debt,debt_diff,abs_debt_diff,debt_per_diff,abs_debt_per_diff,eq_vb,eq_min_val,sg_equity,equity,eq_negative,firm_value,leverage,ROE,cvml_vb,cvmh_vb,eq_deriv
0.02,0.018000000000000002,0.002,0.0025,NaN,NaN,0.2,100.0,0.08,0.6,0.27,1.0,1.0,1.0,3.552930293029303,43.060930537209074,49.01098974401657,43.06091742047511,43.06086553637807,-6.500083100746679e-5,6.500083100746679e-5,-1.5095082757512494e-6,1.5095082757512494e-6,-2.4513724383723456e-13,NaN,55.0643605081967,55.06442345874255,false,98.12528899512063,43.88355537838906,-3.292482442066491,NaN,NaN,NaN
