gross_delta,delta,iota,kappa,lambda,sigmah,sigmal,V0,r,alpha,pi,xi,mu_b,m,c,p,vb,sg_debt,debt,debt_diff,abs_debt_diff,debt_per_diff,abs_debt_per_diff,eq_vb,eq_min_val,sg_equity,equity,eq_negative,firm_value,leverage,ROE,cvml_vb,cvmh_vb,eq_deriv
0.02,0.015,0.005,0.0025,NaN,NaN,0.2,100.0,0.08,0.6,0.27,1.0,1.0,3.0,12.5,29.439850798411243,91.96439597793126,88.26915765735508,88.32580134733264,0.0062489520989146286,0.0062489520989146286,7.075389230858308e-5,7.075389230858308e-5,9.969222361405627e-6,NaN,5.288692422968196,5.309403090949729,false,93.63520443828237,94.32969349209964,-54.52019235824277,NaN,NaN,NaN
