gross_delta,delta,iota,kappa,lambda,sigmah,sigmal,mu_b,m,c,p,vb,debt_diff,eq_deriv,eq_deriv_min_val,eq_min_val,eq_negative,eq_vb,abs_debt_diff,debt_per_diff,abs_debt_per_diff,debt,equity,firm_value,leverage,ROE,V0,r,alpha,pi,xi,opt
0.02,0.02,0.0,0.003,0.1,0.225,0.15,1.0,3.0,8.0,30.290235602507618,88.58805094525307,5.2028974509425865,0.40326111667164044,0.40326111667164044,0.04858533140065707,false,0.0,5.2028974509425865,0.05725604690148463,0.05725604690148463,96.07360425846544,15.070609110121882,111.14421336858732,86.44049145397858,283.82807292450354,100.0,0.08,0.6,0.27,1.0,false
0.02,0.02,0.0,0.003,0.1,0.225,0.15,1.0,3.0,8.0,31.789788189345252,88.82441600435918,2.528588379660988,0.16957304523352065,0.16957304523352065,0.02238185538078763,false,0.0,2.528588379660988,0.026513633503944683,0.026513633503944683,97.89795294769675,13.367028217743037,111.26498116543979,87.98631152611475,535.9052811447089,100.0,0.08,0.6,0.27,1.0,false
0.02,0.02,0.0,0.003,0.1,0.225,0.15,1.0,3.0,8.0,32.539564482764064,88.37525247431181,2.2419714637510992,0.022966693352719416,0.022966693352719416,0.005113498117937242,false,0.0,2.2419714637510992,0.022966620270723586,0.022966620270723586,99.86066491204329,13.418095774368172,113.27876068641146,88.15479998804598,9530.09100660782,100.0,0.08,0.6,0.27,1.0,false
0.02,0.02,0.0,0.003,0.1,0.225,0.15,1.0,3.0,8.0,33.85716703697743,88.43906230569954,-6.334366320832896e-5,-0.1801912912275827,-0.1801912912275827,-0.051908900246085035,true,0.0,6.334366320832896e-5,0.0020548614519821586,0.0020548614519821586,101.57143776726905,12.148025895344572,113.71946366261362,89.31754907727519,-873.0516695202163,100.0,0.08,0.6,0.27,1.0,false
0.02,0.02,0.0,0.003,0.1,0.225,0.15,1.0,3.0,8.0,37.787998536695774,89.04848384594717,-2.0508847898768465,-0.4400045893641509,-0.4400045893641509,-0.24499079953580508,true,0.0,2.0508847898768465,-0.018091147712637215,0.018091147712637215,111.31311082021048,9.623750468189415,120.9368612883999,92.04233484674327,-185.0672341244719,100.0,0.08,0.6,0.27,1.0,false
0.02,0.02,0.0,0.003,0.1,0.225,0.15,1.0,3.0,8.0,38.53777483011459,87.90174892183919,2.0353610808475935,-0.4566558020474914,-0.4566558020474914,-0.2506212190021396,true,0.0,2.0353610808475935,0.01760490055813238,0.01760490055813238,117.64868557119138,11.833247130739096,129.48193270193048,90.86108240446224,-167.04888634910554,100.0,0.08,0.6,0.27,1.0,false
