gross_delta,delta,iota,kappa,lambda,sigmah,sigmal,mu_b,m,c,p,vb,debt_diff,eq_deriv,eq_deriv_min_val,eq_min_val,eq_negative,eq_vb,abs_debt_diff,debt_per_diff,abs_debt_per_diff,debt,equity,firm_value,leverage,ROE,V0,r,alpha,pi,xi,opt
0.02,0.02,0.0,0.003,0.1,0.225,0.15,1.0,3.0,5.0,30.607546280943883,85.4286010542389,-0.7156223673885052,-5.375623750815059e-7,-5.375623750815059e-7,0.0016332866720470455,false,0.0,0.7156223673885052,-0.007793528659238395,0.007793528659238395,91.10701647544315,14.869230807313413,105.97624728275656,85.96927973148489,67.20182564438475,100.0,0.08,0.6,0.27,1.0,false
0.02,0.02,0.0,0.003,0.1,0.225,0.15,1.0,3.0,5.0,33.310732389028374,83.08902833757014,-1.1602279804243523,-0.5205523474930628,-0.5205523474930628,-0.40346672492285895,true,0.0,1.1602279804243523,-0.011610151816080544,0.011610151816080544,98.77196918666077,15.884500902759253,114.65647008942003,86.14600563721261,1193.493675420612,100.0,0.08,0.6,0.27,1.0,false
0.02,0.02,0.0,0.003,0.1,0.225,0.15,1.0,3.0,5.0,33.9865289160495,82.45858707071103,-1.0238077985204939,-0.6231711841937295,-0.6231711841937295,-0.55309963857558,true,0.0,1.0238077985204939,-0.010041309808850176,0.010041309808850176,100.935778949628,16.40989162316717,117.34567057279517,86.01576731117035,-1853.6076901164058,100.0,0.08,0.6,0.27,1.0,false
0.02,0.02,0.0,0.003,0.1,0.225,0.15,1.0,3.0,5.0,34.66232544307062,81.93454094680327,-0.9270786037105552,-0.7045003433908077,-0.7045003433908077,-0.6795135453039165,true,0.0,0.9270786037105552,-0.008915333789257622,0.008915333789257622,103.05989772550132,16.928551763914715,119.98844948941603,85.89151552841096,-653.2391368126933,100.0,0.08,0.6,0.27,1.0,false
0.02,0.02,0.0,0.003,0.1,0.225,0.15,1.0,3.0,5.0,37.365511551155116,81.28543111638771,-0.4614788552122775,-0.9484930806788255,-0.9484930806788255,-1.1010027453916982,true,0.0,0.4614788552122775,-0.004116798584709963,0.004116798584709963,111.63505579825306,17.218769962704517,128.8538257609576,86.63697421398429,-247.9904373581931,100.0,0.08,0.6,0.27,1.0,false
0.02,0.02,0.0,0.003,0.1,0.225,0.15,1.0,3.0,5.0,37.365511551155116,81.28543111638771,-0.4614788552122775,-0.9484930806788255,-0.9484930806788255,-1.1010027453916982,true,0.0,0.4614788552122775,-0.004116798584709963,0.004116798584709963,111.63505579825306,17.218769962704517,128.8538257609576,86.63697421398429,-247.9904373581931,100.0,0.08,0.6,0.27,1.0,false
