gross_delta,delta,iota,kappa,lambda,sigmah,sigmal,mu_b,m,c,p,vb,debt_diff,eq_deriv,eq_deriv_min_val,eq_min_val,eq_negative,eq_vb,abs_debt_diff,debt_per_diff,abs_debt_per_diff,debt,equity,firm_value,leverage,ROE,V0,r,alpha,pi,xi,opt
0.02,0.02,0.0,0.003,0.1,0.225,0.15,1.0,3.0,10.0,36.033932340602476,91.21193104058273,-3.0923359771643533,-0.16512579459606808,-0.16512579459606808,-0.03389712273083029,true,0.0,3.0923359771643533,-0.028605777723940472,0.028605777723940472,105.00946104464307,8.575525303085344,113.58498634772842,92.45012428241856,-271.18658527658744,100.0,0.08,0.6,0.27,1.0,false
0.02,0.02,0.0,0.003,0.1,0.225,0.15,1.0,3.0,10.0,36.8272643053779,91.21193104058273,-3.133989879806407,-0.21435926533332403,-0.21435926533332403,-0.05626428539149477,true,0.0,3.133989879806407,-0.028366573324759548,0.028366573324759548,107.3478030363273,8.320619639900542,115.66842267622785,92.80648992405548,-213.2395574400084,100.0,0.08,0.6,0.27,1.0,false
0.02,0.02,0.0,0.003,0.1,0.225,0.15,1.0,3.0,10.0,37.62059627015333,89.75544246408197,2.946045520699357,-0.2335357714967559,-0.2335357714967559,-0.06285046981215411,true,0.0,2.946045520699357,0.026103126237410113,0.026103126237410113,115.80783433115934,11.07263783063778,126.88047216179712,91.27317415991484,-170.04525476846717,100.0,0.08,0.6,0.27,1.0,false
0.02,0.02,0.0,0.003,0.1,0.225,0.15,1.0,3.0,10.0,39.20726019970418,90.00547663851569,3.918413379579306,-0.21681310847466417,-0.21681310847466417,-0.05256376281034049,true,0.0,3.918413379579306,0.03331367166540642,0.03331367166540642,121.54019397869185,10.93737101043974,132.4775649891316,91.74398245368033,-150.77656692070315,100.0,0.08,0.6,0.27,1.0,false
0.02,0.02,0.0,0.003,0.1,0.225,0.15,1.0,3.0,10.0,42.036088141422624,91.35831343469621,-1.7189202603962173e-5,-0.1397061433799107,-0.1397061433799107,-0.020153189844410693,true,0.0,1.7189202603962173e-5,-0.0034538246021681117,0.0034538246021681117,126.10824723506528,9.452791770410478,135.56103900547575,93.02691109498753,-136.20615235217585,100.0,0.08,0.6,0.27,1.0,false
0.02,0.02,0.0,0.003,0.1,0.225,0.15,1.0,3.0,10.0,42.38058805880588,90.50560250095397,2.8003141088697987,-0.13659762616980617,-0.13659762616980617,-0.019619309967686415,true,0.0,2.8003141088697987,0.02202513176539046,0.02202513176539046,129.94207828528744,11.195136680622142,141.13721496590958,92.06790591459082,-137.38931070166583,100.0,0.08,0.6,0.27,1.0,false
