gross_delta,delta,iota,kappa,lambda,sigmah,sigmal,mu_b,m,c,p,vb,debt_diff,eq_deriv,eq_deriv_min_val,eq_min_val,eq_negative,eq_vb,abs_debt_diff,debt_per_diff,abs_debt_per_diff,debt,equity,firm_value,leverage,ROE,V0,r,alpha,pi,xi,opt
0.02,0.02,0.0,0.004,0.3,0.2,0.15,1.0,7.0,3.0,13.69197182876182,92.60000751394652,-5.639970330682203,-0.8142681026973552,-0.8142681026973552,-1.5888217300143965,true,0.0,5.639970330682203,-0.05884543565506123,0.05884543565506123,90.20383247065054,-1.04177530335201,89.16205716729853,101.16840653575017,-110.63451906299923,100.0,0.08,0.6,0.27,1.0,false
0.02,0.02,0.0,0.004,0.3,0.2,0.15,1.0,7.0,3.0,13.69197182876182,92.60000751394652,-5.639970330682204,-0.8142681026973552,-0.8142681026973552,-1.5888217300143965,true,0.0,5.639970330682204,-0.05884543565506123,0.05884543565506123,90.20383247065054,-1.04177530335201,89.16205716729853,101.16840653575017,-110.63451906299923,100.0,0.08,0.6,0.27,1.0,false
0.02,0.02,0.0,0.004,0.3,0.2,0.15,1.0,7.0,3.0,14.23338912838652,91.58276745759318,-6.312444924982316,-0.9415267526985188,-0.9415267526985188,-1.9896205644461473,true,0.0,6.312444924982316,-0.06335650900090789,0.06335650900090789,93.32127897372332,-1.1887712223972269,92.1325077513261,101.29028423453515,-117.79938430906367,100.0,0.08,0.6,0.27,1.0,false
0.02,0.02,0.0,0.004,0.3,0.2,0.15,1.0,7.0,3.0,15.316223727635919,90.01123492191016,-6.599186293323328,-1.1136492214368665,-1.1136492214368665,-2.572702776505362,true,0.0,6.599186293323328,-0.06155178429165602,0.06155178429165602,100.6143798001281,-1.2753249534196014,99.3390548467085,101.28381023494492,107.57924546895596,100.0,0.08,0.6,0.27,1.0,false
0.02,0.02,0.0,0.004,0.3,0.2,0.15,1.0,7.0,3.0,16.399058326885317,90.69839879322704,-8.275486230798222,-1.1357333223338661,-1.1357333223338661,-2.653894714182051,true,0.0,8.275486230798222,-0.07209025635010341,0.07209025635010341,106.51792205739899,-1.7452179886199597,104.77270406877903,101.66571818884648,-73.2243194494965,100.0,0.08,0.6,0.27,1.0,false
0.02,0.02,0.0,0.004,0.3,0.2,0.15,1.0,7.0,3.0,16.669766976697666,91.02605214472821,-8.872313949865216,-1.1326349733588994,-1.1326349733588994,-2.6404028736391743,true,0.0,8.872313949865216,-0.07603426149754178,0.07603426149754178,107.81605488701844,-1.8686638540355909,105.94739103298285,101.76376580472268,-76.09198142736658,100.0,0.08,0.6,0.27,1.0,false
