gross_delta,delta,iota,kappa,lambda,sigmah,sigmal,mu_b,m,c,p,vb,debt_diff,eq_deriv,eq_deriv_min_val,eq_min_val,eq_negative,eq_vb,abs_debt_diff,debt_per_diff,abs_debt_per_diff,debt,equity,firm_value,leverage,ROE,V0,r,alpha,pi,xi,opt
0.02,0.02,0.0,0.003,0.2,0.25,0.15,1.0,10.0,1.0,7.253754322800701,92.06026323563957,-2.078405240996929,-0.09621608506166704,-0.09621608506166704,-0.06034733460443074,true,0.0,2.078405240996929,-0.028652820987662694,0.028652820987662694,70.45913798701008,1.1049737880675974,71.56411177507768,98.45596660021371,-96.25950729676842,100.0,0.08,0.6,0.27,1.0,false
0.02,0.02,0.0,0.003,0.2,0.25,0.15,1.0,10.0,1.0,8.32688137234776,83.37121127069493,-1.2192414713770745,-0.41804633450309414,-0.41804633450309414,-0.7190764560226806,true,0.0,1.2192414713770745,-0.01464223419137422,0.01464223419137422,82.04957225210052,3.8016999786712367,85.85127223077176,95.57176046447849,-78.82111762425214,100.0,0.08,0.6,0.27,1.0,false
0.02,0.02,0.0,0.003,0.2,0.25,0.15,1.0,10.0,1.0,8.541506782257173,80.35399276947723,-0.5530067436832411,-0.5333422168999292,-0.5333422168999292,-1.0244407827749304,true,0.0,0.5530067436832411,-0.00647434647985029,0.00647434647985029,84.86206107888849,5.408314648740863,90.27037572762936,94.00876023263794,-64.27311091077019,100.0,0.08,0.6,0.27,1.0,false
0.02,0.02,0.0,0.003,0.2,0.25,0.15,1.0,10.0,1.0,8.756132192166584,78.5139403687937,-0.8021104135916062,-0.6183311978940771,-0.6183311978940771,-1.2577725153508943,true,0.0,0.8021104135916062,-0.009160556236339039,0.009160556236339039,86.75921150807423,6.596784935278011,93.35599644335224,92.93373196516531,-50.178307437652,100.0,0.08,0.6,0.27,1.0,false
0.02,0.02,0.0,0.003,0.2,0.25,0.15,1.0,10.0,1.0,8.970757602075997,74.6282073867527,-0.49798860655015176,-0.7845015533685883,-0.7845015533685883,-1.7176340304347202,true,0.0,0.49798860655015176,-0.005551243592123235,0.005551243592123235,89.20958741420982,9.627432808460668,98.83702022267049,90.25928464175573,-10.777899066260277,100.0,0.08,0.6,0.27,1.0,false
0.02,0.02,0.0,0.003,0.2,0.25,0.15,1.0,10.0,1.0,8.970757602075997,74.6282073867527,-0.49798860655015176,-0.7845015533685883,-0.7845015533685883,-1.7176340304347202,true,0.0,0.49798860655015176,-0.005551243592123235,0.005551243592123235,89.20958741420982,9.627432808460668,98.83702022267049,90.25928464175573,-10.777899066260277,100.0,0.08,0.6,0.27,1.0,false
