gross_delta,delta,iota,kappa,lambda,sigmah,sigmal,mu_b,m,c,p,vb,debt_diff,eq_deriv,eq_deriv_min_val,eq_min_val,eq_negative,eq_vb,abs_debt_diff,debt_per_diff,abs_debt_per_diff,debt,equity,firm_value,leverage,ROE,V0,r,alpha,pi,xi,opt
0.02,0.02,0.0,0.005,0.2,0.25,0.15,1.0,7.0,11.0,7.710984256320369,98.70645193272657,26.408652399570215,-0.7135906242042566,-0.7135906242042566,-0.5449066054114912,true,0.0,26.408652399570215,0.48925850489420164,0.48925850489420164,80.3855421938128,-0.49649107828081585,79.88905111553198,100.62147574836358,-102.53125058661678,100.0,0.08,0.6,0.27,1.0,false
0.02,0.02,0.0,0.005,0.2,0.25,0.15,1.0,7.0,11.0,7.94171654007506,98.84525977695984,22.782649090160405,-0.642261075370767,-0.642261075370767,-0.44021236035216893,true,0.0,22.782649090160405,0.40981872612975934,0.40981872612975934,78.37466487068582,-0.39711856353239083,77.97754630715343,100.50927296682066,-101.83635796235167,100.0,0.08,0.6,0.27,1.0,false
0.02,0.02,0.0,0.005,0.2,0.25,0.15,1.0,7.0,11.0,8.172448823829752,98.98409752487895,19.114496845821535,-0.571699220385724,-0.571699220385724,-0.3479007267015815,true,0.0,19.114496845821535,0.334127807394003,0.334127807394003,76.3216386126298,-0.30909308360945087,76.01254552902034,100.40663430155941,-101.3053820682639,100.0,0.08,0.6,0.27,1.0,false
0.02,0.02,0.0,0.005,0.2,0.25,0.15,1.0,7.0,11.0,8.403181107584443,99.08163265306122,16.053498708182133,-0.5059069859410321,-0.5059069859410321,-0.2714926745285329,true,0.0,16.053498708182133,0.2729153315810155,0.2729153315810155,74.87576646127323,-0.2416918943097633,74.63407456696346,100.32383585609132,-100.9619871346014,100.0,0.08,0.6,0.27,1.0,false
0.02,0.02,0.0,0.005,0.2,0.25,0.15,1.0,7.0,11.0,8.633913391339133,99.08163265306122,14.5106883598217,-0.42105095912237606,-0.42105095912237606,-0.18686698385205808,true,0.0,14.5106883598217,0.2400945418393883,0.2400945418393883,74.94808209919563,-0.18002024536298672,74.76806185383265,100.24077158200906,-100.71858867682624,100.0,0.08,0.6,0.27,1.0,false
0.02,0.02,0.0,0.005,0.2,0.25,0.15,1.0,7.0,11.0,8.633913391339133,99.08163265306122,14.5106883598217,-0.42105095912237606,-0.42105095912237606,-0.18686698385205808,true,0.0,14.5106883598217,0.2400945418393883,0.2400945418393883,74.94808209919563,-0.18002024536298672,74.76806185383265,100.24077158200906,-100.71858867682624,100.0,0.08,0.6,0.27,1.0,false
