gross_delta,delta,iota,kappa,lambda,sigmah,sigmal,mu_b,m,c,p,vb,debt_diff,eq_deriv,eq_deriv_min_val,eq_min_val,eq_negative,eq_vb,abs_debt_diff,debt_per_diff,abs_debt_per_diff,debt,equity,firm_value,leverage,ROE,V0,r,alpha,pi,xi,opt
0.02,0.02,0.0,0.005,0.2,0.25,0.15,1.0,7.0,3.0,10.933793379337933,99.06684984258295,-12.839814457004636,-0.24718952530032617,-0.24718952530032617,-0.21133602769465878,true,0.0,12.839814457004636,-0.1677605515767107,0.1677605515767107,63.6967391983609,-0.14951465720568996,63.54722454115521,100.2352811759841,-100.41184911190936,100.0,0.08,0.6,0.27,1.0,false
0.02,0.02,0.0,0.005,0.2,0.25,0.15,1.0,7.0,3.0,11.816319789873724,97.37753744196453,-12.01188206813994,-0.4128476195688801,-0.4128476195688801,-0.5276370567930422,true,0.0,12.01188206813994,-0.145221454996671,0.145221454996671,70.70235646097613,-0.524643249506296,70.17771321146984,100.74759239863711,-101.79073531564913,100.0,0.08,0.6,0.27,1.0,false
0.02,0.02,0.0,0.005,0.2,0.25,0.15,1.0,7.0,3.0,14.463899021481096,90.93650051153888,-6.583677664099625,-1.0815423679193845,-1.0815423679193845,-2.5369145336335284,true,0.0,6.583677664099625,-0.06502571534748944,0.06502571534748944,94.66361548626804,-1.7167230701460667,92.94689241612198,101.84699350943367,-132.17015313886162,100.0,0.08,0.6,0.27,1.0,false
0.02,0.02,0.0,0.005,0.2,0.25,0.15,1.0,7.0,3.0,14.883032655709096,90.19763985392942,-6.431922498496833,-1.1720323181293784,-1.1720323181293784,-2.869064252853402,true,0.0,6.431922498496833,-0.06141334335322177,0.06141334335322177,97.74930609146682,-1.861701718438471,95.88760437302835,101.94154576142705,-182.71678842600937,100.0,0.08,0.6,0.27,1.0,false
0.02,0.02,0.0,0.005,0.2,0.25,0.15,1.0,7.0,3.0,15.93477637237408,89.22049726232251,-6.963072899365059,-1.336205035767968,-1.336205035767968,-3.5153665974202957,true,0.0,6.963072899365059,-0.06242476685357416,0.06242476685357416,104.5803617072535,-2.2493452020059705,102.33101650524753,102.1981069658295,-50.89153770445929,100.0,0.08,0.6,0.27,1.0,false
0.02,0.02,0.0,0.005,0.2,0.25,0.15,1.0,7.0,3.0,16.523127312731273,89.36862637577516,-7.310709749789609,-1.376788011150606,-1.376788011150606,-3.6809406699471947,true,0.0,7.310709749789609,-0.0632075930509891,0.0632075930509891,108.3511814393293,-2.562375595040789,105.7888058442885,102.42216137576254,-69.31720842546345,100.0,0.08,0.6,0.27,1.0,false
