gross_delta,delta,iota,kappa,lambda,sigmah,sigmal,mu_b,m,c,p,vb,debt_diff,eq_deriv,eq_deriv_min_val,eq_min_val,eq_negative,eq_vb,abs_debt_diff,debt_per_diff,abs_debt_per_diff,debt,equity,firm_value,leverage,ROE,V0,r,alpha,pi,xi,opt
0.02,0.02,0.0,0.001,0.1,0.35,0.15,1.0,3.0,8.0,23.88951395139514,90.31669177771273,10.789880515394046,0.7024531048627108,0.7024531048627107,0.1372514125644051,false,0.0,10.789880515394046,0.15055253303948615,0.15055253303948615,82.45842236957947,11.615732187689048,94.07415455726851,87.65257871053429,-33.78171318214223,100.0,0.08,0.6,0.27,1.0,false
0.02,0.02,0.0,0.001,0.1,0.35,0.15,1.0,3.0,8.0,27.765294543016015,93.31623848777949,-0.0002347416872468533,0.45904323415504783,0.45904323415504794,0.7360633560396733,false,0.0,0.0002347416872468533,-0.009488540609642288,0.009488540609642288,83.29564888736077,7.292051246611792,90.58770013397256,91.95028548486452,-56.34639623268987,100.0,0.08,0.6,0.27,1.0,false
0.02,0.02,0.0,0.001,0.1,0.35,0.15,1.0,3.0,8.0,31.238912049099646,93.43092059510731,-8.37133307213054,-0.23466498730401708,-0.23466498730401708,-0.09677342866989691,true,0.0,8.37133307213054,-0.08932591355905659,0.08932591355905659,85.3454030751684,2.9645815323122595,88.30998460748067,96.64298261913508,-79.77029632736674,100.0,0.08,0.6,0.27,1.0,false
0.02,0.02,0.0,0.001,0.1,0.35,0.15,1.0,3.0,8.0,34.9136110979519,90.28731226791453,-6.122639438248939,-0.9940272988004772,-0.9940272988004772,-1.377116139165475,true,0.0,6.122639438248939,-0.05845513393111514,0.05845513393111514,98.61819385560676,2.7411691680527603,101.35936302365953,97.29559353346279,98.37581264023324,100.0,0.08,0.6,0.27,1.0,false
0.02,0.02,0.0,0.001,0.1,0.35,0.15,1.0,3.0,8.0,39.50698490901722,85.03391343015359,6.623949645479229,-1.4477253784740383,-1.4477253784740383,-2.2910021654560313,true,0.0,6.623949645479229,0.05588842631865295,0.05588842631865295,125.14490437253089,8.133162082934463,133.27806645546536,93.8975989829113,-132.34517006880884,100.0,0.08,0.6,0.27,1.0,false
0.02,0.02,0.0,0.001,0.1,0.35,0.15,1.0,3.0,8.0,40.42565967123028,85.42301298249218,3.7159492166602206,-1.4696697248086457,-1.4696697248086457,-2.33496054432615,true,0.0,3.7159492166602206,0.030640186182743973,0.030640186182743973,124.99292823035105,7.5661075902740755,132.55903582062513,94.29227321741213,-130.2729937066194,100.0,0.08,0.6,0.27,1.0,false
