gross_delta,delta,iota,kappa,lambda,sigmah,sigmal,V0,r,alpha,pi,xi,mu_b,m,c,p,vb,sg_debt,debt,debt_diff,abs_debt_diff,debt_per_diff,abs_debt_per_diff,eq_vb,eq_min_val,sg_equity,equity,eq_negative,firm_value,leverage,ROE,cvml_vb,cvmh_vb,eq_deriv
0.02,0.01925,0.00075,0.015000000000000001,NaN,NaN,0.25,100.0,0.08,0.6,0.27,1.0,1.0,1.0,2.536078607860786,26.69557833960698,30.232026667993527,26.69557748231681,26.69557713126247,-1.2083445071198184e-6,1.2083445071198184e-6,-4.526384451192257e-8,4.526384451192257e-8,5.861977570020827e-14,NaN,71.97082254221668,71.97082007050602,false,98.66639720176849,27.05640206631968,-1.8192664863067365,NaN,NaN,NaN
