gross_delta,delta,iota,kappa,lambda,sigmah,sigmal,mu_b,m,c,p,vb,debt_diff,eq_deriv,eq_deriv_min_val,eq_min_val,eq_negative,eq_vb,abs_debt_diff,debt_per_diff,abs_debt_per_diff,debt,equity,firm_value,leverage,ROE,V0,r,alpha,pi,xi,opt
0.02,0.02,0.0,0.001,0.2,0.2,0.15,1.0,3.0,6.0,33.25191598107179,86.12044032216781,-1.4623392127970618,-0.3011847178386747,-0.3011847178386747,-0.13679733694410431,true,0.0,1.4623392127970618,-0.014659197519419923,0.014659197519419923,98.2934087304183,13.585905896098009,111.87931462651632,87.85664182744462,696.0843429972592,100.0,0.08,0.6,0.27,1.0,false
0.02,0.02,0.0,0.001,0.2,0.2,0.15,1.0,3.0,6.0,34.5983637837468,85.06586557756287,-1.57620837777597,-0.44446532311995074,-0.44446532311995074,-0.2775111750216406,true,0.0,1.57620837777597,-0.015185769936288356,0.015185769936288356,102.21888297346442,14.62513139853915,116.84401437200357,87.48320016464326,-759.121349500665,100.0,0.08,0.6,0.27,1.0,false
0.02,0.02,0.0,0.001,0.2,0.2,0.15,1.0,3.0,6.0,35.638330072761775,83.85345434169002,-1.813515446802416e-5,-0.4644496288742547,-0.4644496288742547,-0.28321033714922345,true,0.0,1.813515446802416e-5,-0.00021644969443565618,0.00021644969443565618,106.91497208313086,16.837268380773217,123.75224046390409,86.39437288758882,-343.4900412952915,100.0,0.08,0.6,0.27,1.0,false
0.02,0.02,0.0,0.001,0.2,0.2,0.15,1.0,3.0,6.0,36.6180354877593,83.43957889694089,1.2138254711617122,-0.45443431380507715,-0.45443431380507715,-0.2615891702369604,true,0.0,1.2138254711617122,0.011049431926037927,0.011049431926037927,111.06793193443961,17.809121596086612,128.8770535305262,86.18130915611889,-260.90740078253214,100.0,0.08,0.6,0.27,1.0,false
0.02,0.02,0.0,0.001,0.2,0.2,0.15,1.0,3.0,6.0,37.2912593890968,83.92149707902968,1.3040044886665925,-0.44890333955453454,-0.44890333955453454,-0.25348096842066953,true,0.0,1.3040044886665925,0.011656033344262764,0.011656033344262764,113.17778265595699,17.070044138153698,130.2478267941107,86.89418122489123,-229.53654331548123,100.0,0.08,0.6,0.27,1.0,false
0.02,0.02,0.0,0.001,0.2,0.2,0.15,1.0,3.0,6.0,38.63770719177181,85.5886342372666,0.4548360949616779,-0.4516663657130122,-0.4516663657130122,-0.25938817548206333,true,0.0,0.4548360949616779,0.0039239396608445635,0.0039239396608445635,116.36795767027711,14.254254539831818,130.62221221010893,89.0874191313622,-187.08633555251913,100.0,0.08,0.6,0.27,1.0,false
