gross_delta,delta,iota,kappa,lambda,sigmah,sigmal,mu_b,m,c,p,vb,debt_diff,eq_deriv,eq_deriv_min_val,eq_min_val,eq_negative,eq_vb,abs_debt_diff,debt_per_diff,abs_debt_per_diff,debt,equity,firm_value,leverage,ROE,V0,r,alpha,pi,xi,opt
0.02,0.02,0.0,0.004,0.1,0.3,0.15,1.0,1.0,11.0,69.36725777840941,74.49372045407306,2.1517280232869638,7.355227538141662e-16,-9.803830435425875e-5,0.003993000113758907,false,0.0,2.1517280232869638,0.03101936118277246,0.03101936118277246,71.51898580169637,39.58853778785674,111.10752358955311,64.36916555344858,38.999747383345266,100.0,0.08,0.6,0.27,1.0,false
0.02,0.02,0.0,0.004,0.1,0.3,0.15,1.0,1.0,11.0,75.10761734068143,81.19875248998206,0.8022921651574819,6.973588373426765e-16,1.6847017648563556e-6,0.0061190903805527375,false,0.0,0.8022921651574819,0.010681901431093953,0.010681901431093953,75.90990950583891,27.23015696969702,103.14006647553593,73.59885648691548,13.034681112123735,100.0,0.08,0.6,0.27,1.0,false
0.02,0.02,0.0,0.004,0.1,0.3,0.15,1.0,1.0,11.0,77.32804889274752,83.75653876442175,-2.5299165308911853e-5,-0.0048282442575404046,-0.00466015915971079,0.001309241608736236,false,0.0,2.5299165308911853e-5,-0.00024253221457672114,0.00024253221457672114,77.32802359358219,22.24435892705677,99.57238252063895,77.66011180615665,-1.8861058766804106,100.0,0.08,0.6,0.27,1.0,false
0.02,0.02,0.0,0.004,0.1,0.3,0.15,1.0,1.0,11.0,78.93452371552944,85.67076327296918,-1.1363677264584737,6.106226635438361e-16,0.0002565931724193629,0.00394286064843896,false,0.0,1.1363677264584737,-0.014396333479553342,0.014396333479553342,77.79815598907096,18.646674566926194,96.44483055599716,80.66596782903808,-16.012946682504303,100.0,0.08,0.6,0.27,1.0,false
0.02,0.02,0.0,0.004,0.1,0.3,0.15,1.0,1.0,11.0,88.50178965264946,96.85628882348466,-19.025799536539537,7.892991815694472e-16,7.892991815694472e-16,0.011042796121606087,false,0.0,19.025799536539537,-0.21497643845634895,0.21497643845634895,69.47599011610993,1.4117116054302294,70.88770172154015,98.00852394541484,-95.3750781407809,100.0,0.08,0.6,0.27,1.0,false
0.02,0.02,0.0,0.004,0.1,0.3,0.15,1.0,1.0,11.0,94.24214921492148,100.0,-34.242149214921874,-0.46884609752435963,-0.46884609752435963,-0.3090717422217913,true,0.0,34.242149214921874,-0.36334219348958,0.36334219348958,59.99999999999961,-1.2909427617457145e-18,59.99999999999961,100.0,-100.0,100.0,0.08,0.6,0.27,1.0,false
