gross_delta,delta,iota,kappa,lambda,sigmah,sigmal,mu_b,m,c,p,vb,debt_diff,eq_deriv,eq_deriv_min_val,eq_min_val,eq_negative,eq_vb,abs_debt_diff,debt_per_diff,abs_debt_per_diff,debt,equity,firm_value,leverage,ROE,V0,r,alpha,pi,xi,opt
0.02,0.02,0.0,0.0025,0.2,0.225,0.15,1.0,5.0,2.0,14.302972402503409,82.36365280068252,3.700789860359251,0.3152862472121264,0.3152862472121264,0.028831104155280677,false,0.0,3.700789860359251,0.05174854227798849,0.05174854227798849,75.2156518728763,13.383533519771179,88.59918539264747,84.89429280815732,-46.00005837908485,100.0,0.08,0.6,0.27,1.0,false
0.02,0.02,0.0,0.0025,0.2,0.225,0.15,1.0,5.0,2.0,16.263879019480896,81.07610694019046,0.6591068409043004,-8.190491131024671e-7,-8.190491131024671e-7,0.0007638383482903697,false,0.0,0.6591068409043004,0.00810516162982793,0.00810516162982793,81.97850193830878,13.464292279559155,95.44279421786794,85.89281423506512,-25.287607980933824,100.0,0.08,0.6,0.27,1.0,false
0.02,0.02,0.0,0.0025,0.2,0.225,0.15,1.0,5.0,2.0,16.532545521738005,81.36333892417503,-1.651980515532392e-5,-0.023228303308744022,-0.023228303308744022,0.02197492777278945,false,0.0,1.651980515532392e-5,0.00020386061427948176,0.00020386061427948176,82.66271108888486,13.007205469871804,95.66991655875667,86.40407984271283,-24.97555104170449,100.0,0.08,0.6,0.27,1.0,false
0.02,0.02,0.0,0.0025,0.2,0.225,0.15,1.0,5.0,2.0,17.440422989667386,80.41027168044992,-1.347402605263511,-0.20086568371327593,-0.20086568371327593,-0.1075760803664017,true,0.0,1.347402605263511,-0.015451489978904555,0.015451489978904555,85.85471234307342,13.429897438704891,99.2846097817783,86.47333411671457,-5.05744552936952,100.0,0.08,0.6,0.27,1.0,false
0.02,0.02,0.0,0.0025,0.2,0.225,0.15,1.0,5.0,2.0,18.224785636458382,75.6692276814382,-0.9139105340291707,-0.5445181679097008,-0.5445181679097008,-0.6157842005851436,true,0.0,0.9139105340291707,-0.010029314497953905,0.010029314497953905,90.21001764826273,18.299979861344184,108.50999750960692,83.1352130851132,86.9255653775187,100.0,0.08,0.6,0.27,1.0,false
0.02,0.02,0.0,0.0025,0.2,0.225,0.15,1.0,5.0,2.0,19.009148283249377,67.88453674585645,-0.4184943444964233,-0.995852524603666,-0.995852524603666,-1.4879186037313172,true,0.0,0.4184943444964233,-0.0044030835917587665,0.0044030835917587665,94.62724707175046,29.30590860836359,123.93315568011406,76.35345566120695,445.4542391904024,100.0,0.08,0.6,0.27,1.0,false
