gross_delta,delta,iota,kappa,lambda,sigmah,sigmal,mu_b,m,c,p,vb,debt_diff,eq_deriv,eq_deriv_min_val,eq_min_val,eq_negative,eq_vb,abs_debt_diff,debt_per_diff,abs_debt_per_diff,debt,equity,firm_value,leverage,ROE,V0,r,alpha,pi,xi,opt
0.02,0.02,0.0,0.0025,0.2,0.225,0.15,1.0,5.0,6.0,18.28269537480064,96.9882633592212,-14.110085452910809,-0.15128263193374192,-0.15128263193374192,-0.045513245913408974,true,0.0,14.110085452910809,-0.15435454306544963,0.15435454306544963,77.30339142109239,0.5109220954430012,77.81431351653539,99.3434085936716,-97.74890555270972,100.0,0.08,0.6,0.27,1.0,false
0.02,0.02,0.0,0.0025,0.2,0.225,0.15,1.0,5.0,6.0,18.737984324748265,96.36219427027116,-12.72391660315958,-0.24683013907871557,-0.24683013907871557,-0.11654071518254254,true,0.0,12.72391660315958,-0.13580880827565234,0.13580880827565234,80.96600502058175,0.5753319821793492,81.5413370027611,99.29442905484875,-96.97734509859089,100.0,0.08,0.6,0.27,1.0,false
0.02,0.02,0.0,0.0025,0.2,0.225,0.15,1.0,5.0,6.0,20.103851174591142,94.78822312891963,-9.992884360056578,-0.5632795923870979,-0.5632795923870979,-0.5464709721073152,true,0.0,9.992884360056578,-0.09941263764115392,0.09941263764115392,90.52637151289913,0.44037860229611203,90.96675011519524,99.51589058448451,-95.35153185608107,100.0,0.08,0.6,0.27,1.0,false
0.02,0.02,0.0,0.0025,0.2,0.225,0.15,1.0,5.0,6.0,20.985686395649413,92.28235913941016,7.787601752234918e-5,-0.7073211540192987,-0.7073211540192987,-0.7748302487920268,true,0.0,7.787601752234918e-5,-0.002654902138443323,0.002654902138443323,104.92850985426458,2.1760134024552205,107.1045232567198,97.96832725986789,-144.15154817175306,100.0,0.08,0.6,0.27,1.0,false
0.02,0.02,0.0,0.0025,0.2,0.225,0.15,1.0,5.0,6.0,21.92500697438165,89.54946851590083,13.162634685761248,-0.7747629242305221,-0.7747629242305221,-0.8772288076692351,true,0.0,13.162634685761248,0.12006960546139095,0.12006960546139095,122.78766955766949,4.563759406686905,127.35142896435639,96.41640502678284,-120.02731957797286,100.0,0.08,0.6,0.27,1.0,false
0.02,0.02,0.0,0.0025,0.2,0.225,0.15,1.0,5.0,6.0,23.290873824224526,90.04678381785278,17.434769650009883,-0.6924000571708278,-0.6924000571708278,-0.6857869693487519,true,0.0,17.434769650009883,0.14971331502278126,0.14971331502278126,133.8891387711325,4.651407045188317,138.54054581632082,96.64256624818324,-113.72536220705167,100.0,0.08,0.6,0.27,1.0,false
