gross_delta,delta,iota,kappa,lambda,sigmah,sigmal,mu_b,m,c,p,vb,debt_diff,eq_deriv,eq_deriv_min_val,eq_min_val,eq_negative,eq_vb,abs_debt_diff,debt_per_diff,abs_debt_per_diff,debt,equity,firm_value,leverage,ROE,V0,r,alpha,pi,xi,opt
0.02,0.02,0.0,0.004,0.5,0.25,0.15,1.0,3.0,7.0,27.449248872255644,95.32746257302001,-8.240727588071067,-0.07523258305030447,-0.07523258305030447,-0.013144095443649102,true,0.0,8.240727588071067,-0.1000722900946164,0.1000722900946164,74.10701902869586,1.4743776698598356,75.5813966985557,98.04928496394403,-94.3058789890055,100.0,0.08,0.6,0.27,1.0,false
0.02,0.02,0.0,0.004,0.5,0.25,0.15,1.0,3.0,7.0,28.20710097325522,93.66378936831161,-5.5405016871267065,-0.19743367870544254,-0.19743367870544254,-0.08321641156318163,true,0.0,5.5405016871267065,-0.0654740768099491,0.0654740768099491,79.08080123263895,2.289173524169766,81.36997475680872,97.18670980172791,-89.05706882167293,100.0,0.08,0.6,0.27,1.0,false
0.02,0.02,0.0,0.004,0.5,0.25,0.15,1.0,3.0,7.0,28.96495307425479,92.99338337870307,-4.121914617207594,-0.29550216477214425,-0.29550216477214425,-0.1767368900875107,true,0.0,4.121914617207594,-0.04743565561963361,0.04743565561963361,82.77294460555677,2.469854319654825,85.2427989252116,97.10256543567772,-85.66293389611144,100.0,0.08,0.6,0.27,1.0,false
0.02,0.02,0.0,0.004,0.5,0.25,0.15,1.0,3.0,7.0,30.145759083840304,91.91549291929407,-3.4652995459715594,-0.4637849517330252,-0.4637849517330252,-0.39478463956294213,true,0.0,3.4652995459715594,-0.03818940007052564,0.03818940007052564,86.97197770554935,2.7331773850309915,89.70515509058035,96.95315460714475,-79.02078056624757,100.0,0.08,0.6,0.27,1.0,false
0.02,0.02,0.0,0.004,0.5,0.25,0.15,1.0,3.0,7.0,31.23850937725351,90.54617160038846,-3.7759182739163037,-0.6739641731806656,-0.6739641731806656,-0.7663639283909129,true,0.0,3.7759182739163037,-0.04029127668797324,0.04029127668797324,89.93960985784423,3.1491017138644595,93.08871157170869,96.61709603592631,-68.69801598778096,100.0,0.08,0.6,0.27,1.0,false
0.02,0.02,0.0,0.004,0.5,0.25,0.15,1.0,3.0,7.0,31.996361478253085,89.3811879218726,-4.115508210673113,-0.8682480555863297,-0.8682480555863297,-1.1766590459349973,true,0.0,4.115508210673113,-0.04287475221695956,0.04287475221695956,91.87357622408615,3.527917189602646,95.4014934136888,96.30203148465971,-56.58708815974938,100.0,0.08,0.6,0.27,1.0,false
