gross_delta,delta,iota,kappa,lambda,sigmah,sigmal,mu_b,m,c,p,vb,debt_diff,eq_deriv,eq_deriv_min_val,eq_min_val,eq_negative,eq_vb,abs_debt_diff,debt_per_diff,abs_debt_per_diff,debt,equity,firm_value,leverage,ROE,V0,r,alpha,pi,xi,opt
0.02,0.02,0.0,0.004,0.5,0.25,0.15,1.0,3.0,1.0,11.427321679536375,43.86271705178241,0.16623760657688536,0.1553355964387074,0.1553355964387074,0.009020190593535076,false,0.0,0.16623760657688536,0.004849127125287737,0.004849127125287737,34.44820264518601,41.168915032331434,75.61711767751744,45.5560906091349,-37.196359682564726,100.0,0.08,0.6,0.27,1.0,false
0.02,0.02,0.0,0.004,0.5,0.25,0.15,1.0,3.0,1.0,11.616534021823234,44.57871404893288,0.10035669692422289,0.1549470165199786,0.1549470165199786,0.009063666944391235,false,0.0,0.10035669692422289,0.002879708546906482,0.002879708546906482,34.949958762393926,40.546117017293,75.49607577968692,46.29374229249358,-37.66934463701326,100.0,0.08,0.6,0.27,1.0,false
0.02,0.02,0.0,0.004,0.5,0.25,0.15,1.0,3.0,1.0,11.805746364110094,45.29505194103258,0.015270677753896678,0.15458755333951515,0.15458755333951515,0.00910734652883123,false,0.0,0.015270677753896678,0.0004311651090048855,0.0004311651090048855,35.43250977008418,39.923524503799996,75.35603427388418,47.02013596058342,-38.16776157530997,100.0,0.08,0.6,0.27,1.0,false
0.02,0.02,0.0,0.004,0.5,0.25,0.15,1.0,3.0,1.0,11.85555133489655,44.745937679414055,5.527809049121768e-7,0.1227415534267938,0.1227415534267938,0.007373158872904205,false,0.0,5.527809049121768e-7,-2.021974858572649e-6,2.021974858572649e-6,35.56665455747055,40.9796548848833,76.54630944235385,46.464231674363596,-36.399926771713865,100.0,0.08,0.6,0.27,1.0,false
0.02,0.02,0.0,0.004,0.5,0.25,0.15,1.0,3.0,1.0,11.994958706396956,42.421241362497895,-0.03140512238152127,-2.930004239908718e-7,-2.930004239908718e-7,0.0006884308632941427,false,0.0,0.03140512238152127,-0.0008727311517621927,0.0008727311517621927,35.953470996809344,45.233057553586725,81.18652855039608,44.285020727904914,-29.374693277549333,100.0,0.08,0.6,0.27,1.0,false
0.02,0.02,0.0,0.004,0.5,0.25,0.15,1.0,3.0,1.0,12.184171048683815,43.09191015344723,-0.09748306189715805,-2.0122753209041166e-6,-2.0122753209041166e-6,0.0008804882139700433,false,0.0,0.09748306189715805,-0.002666931860680791,0.002666931860680791,36.45503008415429,44.64407072832815,81.09910081248245,44.95121366196859,-29.744131144524143,100.0,0.08,0.6,0.27,1.0,false
