gross_delta,delta,iota,kappa,lambda,sigmah,sigmal,V0,r,alpha,pi,xi,mu_b,m,c,p,vb,sg_debt,debt,debt_diff,abs_debt_diff,debt_per_diff,abs_debt_per_diff,eq_vb,eq_min_val,sg_equity,equity,eq_negative,firm_value,leverage,ROE,cvml_vb,cvmh_vb,eq_deriv
0.02,0.015,0.005,0.01,NaN,NaN,0.25,100.0,0.08,0.6,0.27,1.0,1.0,1.0,2.994274427442744,33.261482918629255,41.81121158427185,33.26155901334065,33.26154467583929,6.17572100338748e-5,6.17572100338748e-5,1.856718480801273e-6,1.856718480801273e-6,-8.526512829121202e-14,NaN,45.77682656569195,45.77687366281662,false,79.0384183386559,42.08275592424377,-31.408550826551064,NaN,NaN,NaN
