gross_delta,delta,iota,kappa,lambda,sigmah,sigmal,mu_b,m,c,p,vb,debt_diff,eq_deriv,eq_deriv_min_val,eq_min_val,eq_negative,eq_vb,abs_debt_diff,debt_per_diff,abs_debt_per_diff,debt,equity,firm_value,leverage,ROE,V0,r,alpha,pi,xi,opt
0.02,0.02,0.0,0.0025,0.5,0.25,0.15,1.0,3.0,6.0,31.42501486990804,85.03970108040404,-0.8733938400016257,-0.9511891679303706,-0.9511891679303706,-1.3625544867534938,true,0.0,0.8733938400016257,-0.009264316379984384,0.009264316379984384,93.4016507697225,8.028667418658841,101.43031818838134,92.08454872068171,21.676909458173377,100.0,0.08,0.6,0.27,1.0,false
0.02,0.02,0.0,0.0025,0.5,0.25,0.15,1.0,3.0,6.0,32.1715697885578,83.56146712446564,-1.0227960963047025,-1.086646717914035,-1.086646717914035,-1.677214215769004,true,0.0,1.0227960963047025,-0.010597307944321201,0.010597307944321201,95.49191326936868,9.379371537216516,104.8712848065852,91.05630148947354,108.0565902489417,100.0,0.08,0.6,0.27,1.0,false
0.02,0.02,0.0,0.0025,0.5,0.25,0.15,1.0,3.0,6.0,32.49021007978961,81.92818464191204,5.7871141902920975e-5,-1.0794211059702368,-1.0794211059702368,-1.6074954912091641,true,0.0,5.7871141902920975e-5,-0.00010742167213201488,0.00010742167213201488,97.47068811051072,11.737248236212164,109.20793634672289,89.25238528549086,364.04906745534504,100.0,0.08,0.6,0.27,1.0,false
0.02,0.02,0.0,0.0025,0.5,0.25,0.15,1.0,3.0,6.0,32.91812470720756,80.01646618760448,1.2159822781347742,-1.0357610290944133,-1.0357610290944133,-1.4312394697110262,true,0.0,1.2159822781347742,0.012313199176749478,0.012313199176749478,99.97035639975745,14.65166409557028,114.62202049532773,87.21740898279879,49326.06152993207,100.0,0.08,0.6,0.27,1.0,false
0.02,0.02,0.0,0.0025,0.5,0.25,0.15,1.0,3.0,6.0,33.66467962585732,79.52880910865741,0.9131329222206688,-0.9212036066354122,-0.9212036066354122,-1.105215053708945,true,0.0,0.9131329222206688,0.009041453657750992,0.009041453657750992,101.90717179979262,15.741630911505965,117.64880271129859,86.61981206036175,-925.3913419450545,100.0,0.08,0.6,0.27,1.0,false
0.02,0.02,0.0,0.0025,0.5,0.25,0.15,1.0,3.0,6.0,38.89056405640564,87.25179230473539,2.9593243711184556,-0.7971723732822064,-0.7971723732822064,-0.8875954512856353,true,0.0,2.9593243711184556,0.02536454487028735,0.02536454487028735,119.63101654033537,5.95930146876119,125.59031800909656,95.25496745033358,-130.3565607849026,100.0,0.08,0.6,0.27,1.0,false
