gross_delta,delta,iota,kappa,lambda,sigmah,sigmal,mu_b,m,c,p,vb,debt_diff,eq_deriv,eq_deriv_min_val,eq_min_val,eq_negative,eq_vb,abs_debt_diff,debt_per_diff,abs_debt_per_diff,debt,equity,firm_value,leverage,ROE,V0,r,alpha,pi,xi,opt
0.02,0.02,0.0,0.0025,0.5,0.25,0.15,1.0,3.0,10.0,32.43905179991683,91.21193104058273,-0.5312681672251074,-0.9372058394428773,-0.9372058394428773,-1.1510954358625103,true,0.0,0.5312681672251074,-0.005459141967752886,0.005459141967752886,96.7858872325254,2.7765332731403363,99.56242050566573,97.21126378904947,-13.614316795676162,100.0,0.08,0.6,0.27,1.0,false
0.02,0.02,0.0,0.0025,0.5,0.25,0.15,1.0,3.0,10.0,33.28054779162127,91.21193104058273,-2.790996309931188,-1.0729684275852258,-1.0729684275852258,-1.4654137636534659,true,0.0,2.790996309931188,-0.027954230475275323,0.027954230475275323,97.0506470649326,2.1065479289112936,99.1571949938439,97.87554707548748,-28.57592918552635,100.0,0.08,0.6,0.27,1.0,false
0.02,0.02,0.0,0.0025,0.5,0.25,0.15,1.0,3.0,10.0,33.75210161603093,89.70049434649997,-2.9183466183468898e-5,-1.137173681648452,-1.137173681648452,-1.5905719291080227,true,0.0,2.9183466183468898e-5,-0.00023260900972670332,0.00023260900972670332,101.2562756646266,3.5614359676571414,104.81771163228375,96.60225746947118,-383.491598853481,100.0,0.08,0.6,0.27,1.0,false
0.02,0.02,0.0,0.0025,0.5,0.25,0.15,1.0,3.0,10.0,34.1220437833257,88.76208316835228,2.02471370318149,-1.1564719897910638,-1.1564719897910638,-1.619088345183917,true,0.0,2.02471370318149,0.019779136678119105,0.019779136678119105,104.3908450531586,4.5166494308128815,108.90749448397148,95.85276527367212,-202.86515183594975,100.0,0.08,0.6,0.27,1.0,false
0.02,0.02,0.0,0.0025,0.5,0.25,0.15,1.0,3.0,10.0,34.963539775030135,88.92390247214205,2.856808346614571,-1.0793554386938946,-1.0793554386938946,-1.4329597100843656,true,0.0,2.856808346614571,0.027236070918414408,0.027236070918414408,107.74742767170497,4.406768161031237,112.1541958327362,96.07079509748937,-156.88040402268697,100.0,0.08,0.6,0.27,1.0,false
0.02,0.02,0.0,0.0025,0.5,0.25,0.15,1.0,3.0,10.0,35.80503576673457,89.51105890698746,4.589814379076273,-0.9850116596229223,-0.9850116596229223,-1.2133970414560973,true,0.0,4.589814379076273,0.04272969132962518,0.04272969132962518,112.00492167927999,3.9773140715308193,115.9822357508108,96.5707558180926,-133.13069570787374,100.0,0.08,0.6,0.27,1.0,false
