gross_delta,delta,iota,kappa,lambda,sigmah,sigmal,mu_b,m,c,p,vb,debt_diff,eq_deriv,eq_deriv_min_val,eq_min_val,eq_negative,eq_vb,abs_debt_diff,debt_per_diff,abs_debt_per_diff,debt,equity,firm_value,leverage,ROE,V0,r,alpha,pi,xi,opt
0.02,0.02,0.0,0.0025,0.75,0.275,0.15,1.0,7.0,4.0,10.565281528152815,99.14450713264858,-9.21306366367287,-1.7351107410287314,-1.7351107410287314,-7.53133076808152,true,0.0,9.21306366367287,-0.1245732968351272,0.1245732968351272,64.74390703339684,-1.1354074495987672,63.60849958379807,101.78499329024886,-103.22045738498109,100.0,0.08,0.6,0.27,1.0,false
0.02,0.02,0.0,0.0025,0.75,0.275,0.15,1.0,7.0,4.0,11.189336038867044,98.36869544830846,-9.135873408408202,-1.8255067958887683,-1.8255067958887683,-7.9398937546351505,true,0.0,9.135873408408202,-0.11664005514681916,0.11664005514681916,69.18947886366111,-2.3819111562081368,66.80756770745298,103.56533135084098,-107.73083696204941,100.0,0.08,0.6,0.27,1.0,false
0.02,0.02,0.0,0.0025,0.75,0.275,0.15,1.0,7.0,4.0,12.125417804938388,98.48821825994074,-15.851459217056018,-1.9190623795229285,-1.9190623795229285,-8.436347894714254,true,0.0,15.851459217056018,-0.18675597082872245,0.18675597082872245,69.0264654175127,-2.3191362202488435,66.70732919726385,103.4765838299279,-107.48747681370567,100.0,0.08,0.6,0.27,1.0,false
0.02,0.02,0.0,0.0025,0.75,0.275,0.15,1.0,7.0,4.0,15.869744869223764,91.73099080907973,-5.334384180126932,-2.58557493183683,-2.58557493183683,-11.113657609828707,true,0.0,5.334384180126932,-0.04801935312477083,0.04801935312477083,105.75382990443941,-10.606236059385513,95.1475938450539,111.1471405957544,84.33350021699783,100.0,0.08,0.6,0.27,1.0,false
0.02,0.02,0.0,0.0025,0.75,0.275,0.15,1.0,7.0,4.0,16.18160362817802,92.54588654310385,-0.0002726913848948853,-2.5846691936529322,-2.5846691936529322,-11.209584106142449,true,0.0,0.0002726913848948853,-2.366735765485563e-6,2.366735765485563e-6,113.27095270586126,-10.287657486200787,102.98329521966048,109.98963711955176,-22.47988735837232,100.0,0.08,0.6,0.27,1.0,false
0.02,0.02,0.0,0.0025,0.75,0.275,0.15,1.0,7.0,4.0,16.181772124580878,92.54645919735188,0.0028338393222213654,-2.584663322451681,-2.584663322451681,-11.209623662186923,true,0.0,0.0028338393222213654,2.5017914340408004e-5,2.5017914340408004e-5,113.27523871138837,-10.287376513478165,102.9878621979102,109.98892130968703,-22.507031797078113,100.0,0.08,0.6,0.27,1.0,false
