gross_delta,delta,iota,kappa,lambda,sigmah,sigmal,mu_b,m,c,p,vb,debt_diff,eq_deriv,eq_deriv_min_val,eq_min_val,eq_negative,eq_vb,abs_debt_diff,debt_per_diff,abs_debt_per_diff,debt,equity,firm_value,leverage,ROE,V0,r,alpha,pi,xi,opt
0.02,0.02,0.0,0.004,0.75,0.3,0.15,1.0,5.0,11.0,12.602935293529352,68.73863053291765,61.14705165570467,1.842620471029146e-5,-0.7733959946561157,-0.6499108298334626,true,0.0,61.14705165570467,0.9703620661624601,0.9703620661624601,124.16172812335144,10.322283328131327,134.48401145148276,92.32452749087184,-142.7216268448746,100.0,0.08,0.6,0.27,1.0,false
0.02,0.02,0.0,0.004,0.75,0.3,0.15,1.0,5.0,11.0,13.198242192640317,91.21193104058273,42.68707783355097,-3.455124558460053,-3.455124558460053,-13.942523425097685,true,0.0,42.68707783355097,0.6468600471258877,0.6468600471258877,108.67828879675255,-13.421374385519398,95.25691441123315,114.08965896961354,54.65461797654998,100.0,0.08,0.6,0.27,1.0,false
0.02,0.02,0.0,0.004,0.75,0.3,0.15,1.0,5.0,11.0,13.212654716793034,91.27411766604335,42.67975698748307,-3.476092002175058,-3.470855051446034,-14.035196131593603,true,0.0,42.67975698748307,0.6459210636487257,0.6459210636487257,108.74303057144827,-13.598532938773722,95.14449763267456,114.29250590115441,55.53569014366537,100.0,0.08,0.6,0.27,1.0,false
0.02,0.02,0.0,0.004,0.75,0.3,0.15,1.0,5.0,11.0,13.793549091751279,87.84568611406857,49.690452134174805,-3.338263706850716,-3.338263706850716,-14.073390317416411,true,0.0,49.690452134174805,0.7204882775802833,0.7204882775802833,118.6581975929312,-14.06397470850807,104.59422288442313,113.44622515533081,-24.62307981004386,100.0,0.08,0.6,0.27,1.0,false
0.02,0.02,0.0,0.004,0.75,0.3,0.15,1.0,5.0,11.0,14.388855990862243,89.41020650146267,57.69249087108483,-3.2588046893303875,-3.2588046893303875,-14.021614279375457,true,0.0,57.69249087108483,0.8019051814504629,0.8019051814504629,129.63677082539604,-13.748767561936388,115.88800326345965,111.8638402377854,-53.60909040010886,100.0,0.08,0.6,0.27,1.0,false
0.02,0.02,0.0,0.004,0.75,0.3,0.15,1.0,5.0,11.0,14.984162889973208,89.5320410440831,67.2660461715601,-3.0168061124320826,-3.0168061124320826,-13.254329339854356,true,0.0,67.2660461715601,0.8978285495891373,0.8978285495891373,142.18686062142615,-12.823707350673898,129.36315327075226,109.91295204735334,-69.60260336565337,100.0,0.08,0.6,0.27,1.0,false
