gross_delta,delta,iota,kappa,lambda,sigmah,sigmal,mu_b,m,c,p,vb,debt_diff,eq_deriv,eq_deriv_min_val,eq_min_val,eq_negative,eq_vb,abs_debt_diff,debt_per_diff,abs_debt_per_diff,debt,equity,firm_value,leverage,ROE,V0,r,alpha,pi,xi,opt
0.02,0.02,0.0,0.004,0.75,0.3,0.15,1.0,5.0,3.0,15.462267279359512,85.18615004351513,5.287302462585771,-0.3369642653050351,-0.3369642653050351,-1.121212076796926,true,0.0,5.287302462585771,0.06838974345817653,0.06838974345817653,82.59863885938333,-0.6458625649583304,81.952776294425,100.78809113511664,-103.71156347908219,100.0,0.08,0.6,0.27,1.0,false
0.02,0.02,0.0,0.004,0.75,0.3,0.15,1.0,5.0,3.0,15.803730972919077,90.6981172893324,-8.111505998586663e-6,-0.7155666008735658,-0.7155666008735658,-1.8783557884470539,true,0.0,8.111505998586663e-6,0.00021829615450402788,0.00021829615450402788,79.01864675308937,-1.6814663979439302,77.33718035514543,102.1742018395581,-108.0140988913168,100.0,0.08,0.6,0.27,1.0,false
0.02,0.02,0.0,0.004,0.75,0.3,0.15,1.0,5.0,3.0,15.933663103152417,91.21193104058273,-0.7111109315571724,-0.784065740738777,-0.784065740738777,-2.035973601897157,true,0.0,0.7111109315571724,-0.008925893900900688,0.008925893900900688,78.95720458420492,-1.8432583375015537,77.11394624670336,102.39030477263424,-108.75956972959007,100.0,0.08,0.6,0.27,1.0,false
0.02,0.02,0.0,0.004,0.75,0.3,0.15,1.0,5.0,3.0,16.405058926945323,89.53587448619535,-0.6100090361972548,-0.8818276208405162,-0.8818276208405162,-2.3595980226428814,true,0.0,0.6100090361972548,-0.007436840536979901,0.007436840536979901,81.41528559852935,-1.8838025783330976,79.53148302019625,102.36862498572388,-110.13630092794983,100.0,0.08,0.6,0.27,1.0,false
0.02,0.02,0.0,0.004,0.75,0.3,0.15,1.0,5.0,3.0,16.87645475073823,87.14243624173847,-0.5727778499287695,-1.0114803801889762,-1.0114803801889762,-2.781074876348393,true,0.0,0.5727778499287695,-0.006787893054419078,0.006787893054419078,83.80949590376238,-1.6616909499029855,82.14780495385939,102.02280627076563,-110.26336758896305,100.0,0.08,0.6,0.27,1.0,false
0.02,0.02,0.0,0.004,0.75,0.3,0.15,1.0,5.0,3.0,17.347850574531133,83.31395576869058,-0.004872493375472686,-1.2075306918659157,-1.2075306918659157,-3.3994370160437346,true,0.0,0.004872493375472686,-5.6174029797399e-5,5.6174029797399e-5,86.7343803792802,-0.6761128849452266,86.05826749433497,100.78564547559563,-105.09673052805762,100.0,0.08,0.6,0.27,1.0,false
