gross_delta,delta,iota,kappa,lambda,sigmah,sigmal,mu_b,m,c,p,vb,debt_diff,eq_deriv,eq_deriv_min_val,eq_min_val,eq_negative,eq_vb,abs_debt_diff,debt_per_diff,abs_debt_per_diff,debt,equity,firm_value,leverage,ROE,V0,r,alpha,pi,xi,opt
0.02,0.02,0.0,0.005,0.2,0.225,0.15,1.0,3.0,7.0,27.19169416941694,86.76317506356054,8.368689230710842,0.26007999462518494,0.26007999462518494,0.029819040150063036,false,0.0,8.368689230710842,0.1025887927219001,0.1025887927219001,89.94377173896167,14.89379431857927,104.83756605754094,85.79345660275564,48.10517354984394,100.0,0.08,0.6,0.27,1.0,false
0.02,0.02,0.0,0.005,0.2,0.225,0.15,1.0,3.0,7.0,30.038678867886787,89.33447791685867,1.0695815602032184,1.2538948761202164e-6,1.2538948761202164e-6,0.0017623819188242983,false,0.0,1.0695815602032184,0.011868936989620932,0.011868936989620932,91.18561816386358,9.585557170413235,100.77117533427682,90.4877985806793,8.749057490511913,100.0,0.08,0.6,0.27,1.0,false
0.02,0.02,0.0,0.005,0.2,0.225,0.15,1.0,3.0,7.0,30.238304313736204,89.72361613143532,0.0001850253874966512,-0.010076093611660168,-0.010076093611660168,0.00629696121340044,false,0.0,0.0001850253874966512,0.000265944684134844,0.000265944684134844,90.7150979665961,8.983608807831535,99.69870677442763,90.98924238991654,-3.2449801245980847,100.0,0.08,0.6,0.27,1.0,false
0.02,0.02,0.0,0.005,0.2,0.225,0.15,1.0,3.0,7.0,31.46217121712171,91.46682725352137,-5.515333903161789,-0.10291484215499509,-0.10291484215499509,-0.018737021245614237,true,0.0,5.515333903161789,-0.05843349531410539,0.05843349531410539,88.87117974820335,6.050990628859011,94.92217037706236,93.62531365978836,-45.62774407393157,100.0,0.08,0.6,0.27,1.0,false
0.02,0.02,0.0,0.005,0.2,0.225,0.15,1.0,3.0,7.0,34.30915591559155,88.73573640470806,-4.8204591555956995,-0.5865276473649003,-0.5865276473649003,-0.5034194224225904,true,0.0,4.8204591555956995,-0.04683355435747377,0.04683355435747377,98.10700859117895,7.424716071540251,105.5317246627192,92.96447007260637,292.22132952860875,100.0,0.08,0.6,0.27,1.0,false
0.02,0.02,0.0,0.005,0.2,0.225,0.15,1.0,3.0,7.0,39.291379137913786,86.52739031073438,6.405269301211646,-0.4975882174188396,-0.4975882174188396,-0.3001683120197169,true,0.0,6.405269301211646,0.054339903915724797,0.054339903915724797,124.279406714953,12.64030072410619,136.91970743905918,90.76809251164067,-152.0618187771507,100.0,0.08,0.6,0.27,1.0,false
