gross_delta,delta,iota,kappa,lambda,sigmah,sigmal,mu_b,m,c,p,vb,debt_diff,eq_deriv,eq_deriv_min_val,eq_min_val,eq_negative,eq_vb,abs_debt_diff,debt_per_diff,abs_debt_per_diff,debt,equity,firm_value,leverage,ROE,V0,r,alpha,pi,xi,opt
0.02,0.02,0.0,0.005,0.2,0.225,0.15,1.0,3.0,9.0,26.678642864286427,89.4213042596166,12.007299010556153,0.48322447411972147,0.48322447411972147,0.05492431337132995,false,0.0,12.007299010556153,0.15002386080427674,0.15002386080427674,92.04322760341543,13.384461389408688,105.42768899282412,87.30460515897327,68.21470719903897,100.0,0.08,0.6,0.27,1.0,false
0.02,0.02,0.0,0.005,0.2,0.225,0.15,1.0,3.0,9.0,28.944883962080418,87.79732589216604,11.27214284897822,0.14615574962881628,0.14615574962881628,0.018978899824333085,false,0.0,11.27214284897822,0.129811574113816,0.129811574113816,98.10679473521948,14.729956700318981,112.83675143553846,86.94578095086871,678.0432990728365,100.0,0.08,0.6,0.27,1.0,false
0.02,0.02,0.0,0.005,0.2,0.225,0.15,1.0,3.0,9.0,31.01328023358873,91.22311249291293,7.214295924562464e-5,0.052397476384969346,0.052397476384969346,0.0447253251069888,false,0.0,7.214295924562464e-5,-0.00025748697753693456,0.00025748697753693456,93.03991284372542,8.725111000696055,101.76502384442148,91.42621829083927,25.35922043490917,100.0,0.08,0.6,0.27,1.0,false
0.02,0.02,0.0,0.005,0.2,0.225,0.15,1.0,3.0,9.0,31.96653875913907,93.23631128721335,-6.67863626667652,-0.040957239116876515,-0.040957239116876515,-0.002641087170884754,false,0.0,6.67863626667652,-0.06964194984218336,0.06964194984218336,89.22098001074069,4.889158297057999,94.11013830779869,94.80485483820307,-54.64190342044295,100.0,0.08,0.6,0.27,1.0,false
0.02,0.02,0.0,0.005,0.2,0.225,0.15,1.0,3.0,9.0,34.23277985693306,92.0624002308564,-7.573045480922502,-0.43035529283036805,-0.43035529283036805,-0.2601574984432776,true,0.0,7.573045480922502,-0.07374068083838613,0.07374068083838613,95.12529408987666,4.73013394255611,99.85542803243277,95.2630177089424,-2.9657577345742037,100.0,0.08,0.6,0.27,1.0,false
0.02,0.02,0.0,0.005,0.2,0.225,0.15,1.0,3.0,9.0,34.98819355619772,86.10866965093857,8.008035667327974,-0.49460282811372613,-0.49460282811372613,-0.29094586813840595,true,0.0,8.008035667327974,0.07629274195465907,0.07629274195465907,112.97261633592113,14.374674352184126,127.34729068810526,88.71222601241662,-210.8078276575613,100.0,0.08,0.6,0.27,1.0,false
