gross_delta,delta,iota,kappa,lambda,sigmah,sigmal,mu_b,m,c,p,vb,debt_diff,eq_deriv,eq_deriv_min_val,eq_min_val,eq_negative,eq_vb,abs_debt_diff,debt_per_diff,abs_debt_per_diff,debt,equity,firm_value,leverage,ROE,V0,r,alpha,pi,xi,opt
0.02,0.02,0.0,0.005,0.2,0.225,0.15,1.0,3.0,4.0,27.55831109426732,83.8569520993397,0.10889442467966148,-1.825990687035449e-7,-1.825990687035449e-7,0.0012679175835946617,false,0.0,0.10889442467966148,0.0013171395531360376,0.0013171395531360376,82.78382770748162,14.058824552902843,96.84265226038447,85.4828175140202,-18.339429264352937,100.0,0.08,0.6,0.27,1.0,false
0.02,0.02,0.0,0.005,0.2,0.225,0.15,1.0,3.0,4.0,27.667507657095825,83.71702502546206,2.050352728387024e-5,-0.02032675670956551,-0.02032675670956551,0.010015844130205431,false,0.0,2.050352728387024e-5,2.092444863296814e-5,2.092444863296814e-5,83.00254347481476,14.289312635523181,97.29185611033793,85.31294066451176,-15.932641955279525,100.0,0.08,0.6,0.27,1.0,false
0.02,0.02,0.0,0.005,0.2,0.225,0.15,1.0,3.0,4.0,31.371889820561,79.57446145009159,-1.4816972793983467,-0.7247852703793766,-0.7247852703793766,-0.8156273673022955,true,0.0,1.4816972793983467,-0.01574336439270174,0.01574336439270174,92.63397218228467,17.518962611233757,110.15293479351843,84.09578224667999,137.83459748957995,100.0,0.08,0.6,0.27,1.0,false
0.02,0.02,0.0,0.005,0.2,0.225,0.15,1.0,3.0,4.0,32.64308272932556,76.47753472010406,-1.0596885429696954,-0.9054500427439155,-0.9054500427439155,-1.1011331860119236,true,0.0,1.0596885429696954,-0.010820960668824976,0.010820960668824976,96.869559645007,22.216762035486546,119.08632168049354,81.3439850001466,609.700857262819,100.0,0.08,0.6,0.27,1.0,false
0.02,0.02,0.0,0.005,0.2,0.225,0.15,1.0,3.0,4.0,33.278679183707844,74.4464465725982,-0.7470790185361693,-0.9699294595824078,-0.9699294595824078,-1.151971142627274,true,0.0,0.7470790185361693,-0.007483059593121461,0.007483059593121461,99.08895853258736,25.94977678868941,125.03873532127676,79.24660968298058,2748.3639567347805,100.0,0.08,0.6,0.27,1.0,false
0.02,0.02,0.0,0.005,0.2,0.225,0.15,1.0,3.0,4.0,33.914275638090125,73.30196983318754,-0.7121599012537985,-1.013783082615855,-1.013783082615855,-1.1813960733977675,true,0.0,0.7121599012537985,-0.006999607961098547,0.006999607961098547,101.03066701301658,28.31438824492162,129.3450552579382,78.10941578829012,-2847.190691788063,100.0,0.08,0.6,0.27,1.0,false
