gross_delta,delta,iota,kappa,lambda,sigmah,sigmal,mu_b,m,c,p,vb,debt_diff,eq_deriv,eq_deriv_min_val,eq_min_val,eq_negative,eq_vb,abs_debt_diff,debt_per_diff,abs_debt_per_diff,debt,equity,firm_value,leverage,ROE,V0,r,alpha,pi,xi,opt
0.02,0.02,0.0,0.003,0.2,0.275,0.15,1.0,7.0,2.0,12.691577052442087,90.27545208732917,-5.2357818966029015,-0.5154820515545415,-0.5154820515545415,-0.8756633488891202,true,0.0,5.2357818966029015,-0.05893427107452501,0.05893427107452501,83.60525747049171,0.6092908690857604,84.21454833957746,99.27650164835069,-96.28362038629689,100.0,0.08,0.6,0.27,1.0,false
0.02,0.02,0.0,0.003,0.2,0.275,0.15,1.0,7.0,2.0,15.27853048462741,74.98356397871947,-1.3153842437230452,-1.58051566377048,-1.58051566377048,-4.243674680437324,true,0.0,1.3153842437230452,-0.012299090871772436,0.012299090871772436,105.63432914866883,9.321068090005124,114.95539723867395,91.89157854793677,-265.433503156402,100.0,0.08,0.6,0.27,1.0,false
0.02,0.02,0.0,0.003,0.2,0.275,0.15,1.0,7.0,2.0,15.601899663650576,72.47929407914182,-1.02070757184336,-1.6864190709748754,-1.6864190709748754,-4.434911767857897,true,0.0,1.02070757184336,-0.009346000842827879,0.009346000842827879,108.19259007371068,12.456327484147971,120.64891755785865,89.67555802713738,-252.04382706903968,100.0,0.08,0.6,0.27,1.0,false
0.02,0.02,0.0,0.003,0.2,0.275,0.15,1.0,7.0,2.0,15.844338428935476,70.60640147541956,-0.8717047095038998,-1.7521790570517486,-1.7521790570517486,-4.469917970158369,true,0.0,0.8717047095038998,-0.007868235299013213,0.007868235299013213,110.03866429304445,15.193094131377874,125.23175842442232,87.86801820678183,-251.3457735797063,100.0,0.08,0.6,0.27,1.0,false
0.02,0.02,0.0,0.003,0.2,0.275,0.15,1.0,7.0,2.0,15.925268842673741,70.14125239646346,-0.8995662534611313,-1.7689549434309304,-1.7689549434309304,-4.472795786723434,true,0.0,0.8995662534611313,-0.008069531889835637,0.008069531889835637,110.57731564525506,15.90780131852404,126.48511696377909,87.42318329588178,-250.39544863786136,100.0,0.08,0.6,0.27,1.0,false
0.02,0.02,0.0,0.003,0.2,0.275,0.15,1.0,7.0,2.0,16.248638021696905,70.20349835748553,-1.8479663281156888,-1.7926692301523162,-1.7926692301523162,-4.530583906555439,true,0.0,1.8479663281156888,-0.016247219574852877,0.016247219574852877,111.89249982376265,15.830144998245173,127.72264482200782,87.60584309829646,-233.11032358911314,100.0,0.08,0.6,0.27,1.0,false
