gross_delta,delta,iota,kappa,lambda,sigmah,sigmal,mu_b,m,c,p,vb,debt_diff,eq_deriv,eq_deriv_min_val,eq_min_val,eq_negative,eq_vb,abs_debt_diff,debt_per_diff,abs_debt_per_diff,debt,equity,firm_value,leverage,ROE,V0,r,alpha,pi,xi,opt
0.02,0.02,0.0,0.003,0.2,0.275,0.15,1.0,7.0,3.0,11.488364625936278,98.15765067865722,-12.869016782964152,-0.4850847582119406,-0.4850847582119406,-0.7563023650187884,true,0.0,12.869016782964152,-0.16002547175813114,0.16002547175813114,67.5495355985898,-0.5837470588268352,66.96578853976297,100.87170937811061,-101.79888660946703,100.0,0.08,0.6,0.27,1.0,false
0.02,0.02,0.0,0.003,0.2,0.275,0.15,1.0,7.0,3.0,13.995678515219943,92.39213118982451,-7.670189712081054,-1.0828168227127128,-1.0828168227127128,-2.722038034712702,true,0.0,7.670189712081054,-0.07829140875510678,0.07829140875510678,90.29955989445855,-2.5414180185518083,87.75814187590674,102.89593417115128,-126.19899706509197,100.0,0.08,0.6,0.27,1.0,false
0.02,0.02,0.0,0.003,0.2,0.275,0.15,1.0,7.0,3.0,15.249335459861776,89.11061886635373,-6.090255327425467,-1.459993883485471,-1.459993883485471,-4.209819118175198,true,0.0,6.090255327425467,-0.05705405836448047,0.05705405836448047,100.65509289160696,-3.269930702217774,97.38516218938918,103.35772989303915,399.15527158241224,100.0,0.08,0.6,0.27,1.0,false
0.02,0.02,0.0,0.003,0.2,0.275,0.15,1.0,7.0,3.0,15.313031272034788,89.00110150831384,-6.085909340150059,-1.4739597987953525,-1.4739597987953525,-4.268351876072827,true,0.0,6.085909340150059,-0.0567584671971899,0.0567584671971899,101.10530956409343,-3.2993316308499487,97.80597793324348,103.37334353233692,198.49842415468837,100.0,0.08,0.6,0.27,1.0,false
0.02,0.02,0.0,0.003,0.2,0.275,0.15,1.0,7.0,3.0,16.18957816834315,88.21150092923132,-6.628888756303581,-1.606155919471694,-1.606155919471694,-4.854372857845079,true,0.0,6.628888756303581,-0.0584934393099313,0.0584934393099313,106.69815842209847,-3.688402443951384,103.00975597814708,103.58063409521507,-44.93408170546315,100.0,0.08,0.6,0.27,1.0,false
0.02,0.02,0.0,0.003,0.2,0.275,0.15,1.0,7.0,3.0,16.816406640664066,88.39275052281961,-7.132690126729074,-1.6522839438854315,-1.6522839438854315,-5.0725493132490405,true,0.0,7.132690126729074,-0.06059295271356675,0.06059295271356675,110.58215635791939,-4.072405980522672,106.50975037739671,103.8235053280032,-61.516293628802806,100.0,0.08,0.6,0.27,1.0,false
