gross_delta,delta,iota,kappa,lambda,sigmah,sigmal,mu_b,m,c,p,vb,debt_diff,eq_deriv,eq_deriv_min_val,eq_min_val,eq_negative,eq_vb,abs_debt_diff,debt_per_diff,abs_debt_per_diff,debt,equity,firm_value,leverage,ROE,V0,r,alpha,pi,xi,opt
0.02,0.02,0.0,0.0025,0.1,0.275,0.15,1.0,5.0,2.0,15.660721335291424,78.41915599229647,2.6036924714460667,-2.0162556310798644e-6,-2.0162556310798644e-6,0.0012070807431346778,false,0.0,2.6036924714460667,0.03325124578493901,0.03325124578493901,80.90729914790319,16.460301745837835,97.36760089374103,83.09468283623292,-13.787463212518091,100.0,0.08,0.6,0.27,1.0,false
0.02,0.02,0.0,0.0025,0.1,0.275,0.15,1.0,5.0,2.0,16.226931283609,81.86420852119296,7.26438056087176e-5,0.08513920376315162,0.08513920376315162,0.3491217553232684,false,0.0,7.26438056087176e-5,0.0021046167665411484,0.0021046167665411484,81.13472906185046,12.483820186760221,93.61854924861069,86.66522789879113,-33.82644634318335,100.0,0.08,0.6,0.27,1.0,false
0.02,0.02,0.0,0.0025,0.1,0.275,0.15,1.0,5.0,2.0,18.29218974529032,76.78711216043462,-1.2323015728331654,-0.6276188856732129,-0.6276188856732129,-0.846068043591005,true,0.0,1.2323015728331654,-0.013473527117227128,0.013473527117227128,90.22864715361843,15.154122752992002,105.38276990661043,85.61992366833638,55.087253435983726,100.0,0.08,0.6,0.27,1.0,false
0.02,0.02,0.0,0.0025,0.1,0.275,0.15,1.0,5.0,2.0,18.73076781362347,74.50729078902587,-1.0369169564488203,-0.8581115958815708,-0.8581115958815708,-1.3986553728775473,true,0.0,1.0369169564488203,-0.011071804068754068,0.011071804068754068,92.61692211166853,17.109018291400186,109.72594040306872,84.40749905760508,131.73287008714897,100.0,0.08,0.6,0.27,1.0,false
0.02,0.02,0.0,0.0025,0.1,0.275,0.15,1.0,5.0,2.0,19.169345881956616,72.36573169983198,-1.0114305786919573,-1.0844079965024387,-1.0844079965024387,-2.000652884304263,true,0.0,1.0114305786919573,-0.010552583118070594,0.010552583118070594,94.83529883109112,19.17422663655527,114.0095254676464,83.18190821520739,271.25529647257645,100.0,0.08,0.6,0.27,1.0,false
0.02,0.02,0.0,0.0025,0.1,0.275,0.15,1.0,5.0,2.0,20.046502018622913,64.99703049356992,-0.5776517562351557,-1.6774573797798311,-1.6774573797798311,-3.476992245066728,true,0.0,0.5776517562351557,-0.005763117731946706,0.005763117731946706,99.65485833687941,29.174889731905957,128.82974806878536,77.3539185093114,8353.018817873866,100.0,0.08,0.6,0.27,1.0,false
