gross_delta,delta,iota,kappa,lambda,sigmah,sigmal,mu_b,m,c,p,vb,debt_diff,eq_deriv,eq_deriv_min_val,eq_min_val,eq_negative,eq_vb,abs_debt_diff,debt_per_diff,abs_debt_per_diff,debt,equity,firm_value,leverage,ROE,V0,r,alpha,pi,xi,opt
0.02,0.02,0.0,0.001,0.2,0.25,0.15,1.0,7.0,4.0,13.959684126307367,91.21193104058273,6.481187010795949,-1.3683681982190892,-1.3683681982190892,-3.3758688674520805,true,0.0,6.481187010795949,0.06632555939717036,0.06632555939717036,104.19897589494752,-2.727218414666672,101.47175748028086,102.68766254018675,-35.05039126449295,100.0,0.08,0.6,0.27,1.0,false
0.02,0.02,0.0,0.001,0.2,0.25,0.15,1.0,7.0,4.0,14.271666640348245,91.21193104058273,5.810669831576419,-1.4060736026913276,-1.4060736026913276,-3.5412481152235893,true,0.0,5.810669831576419,0.058163892917621245,0.058163892917621245,105.71233631401414,-2.9545841089724836,102.75775220504165,102.87529071585465,-48.2771330930924,100.0,0.08,0.6,0.27,1.0,false
0.02,0.02,0.0,0.001,0.2,0.25,0.15,1.0,7.0,4.0,14.583649154389123,91.21193104058273,5.498818676154244,-1.4362341162848529,-1.4362341162848529,-3.6743057483111388,true,0.0,5.498818676154244,0.05386481235586175,0.05386481235586175,107.58436275687811,-3.135177477702659,104.44918527917545,103.00162942326725,-58.6626117684122,100.0,0.08,0.6,0.27,1.0,false
0.02,0.02,0.0,0.001,0.2,0.25,0.15,1.0,7.0,4.0,14.686623132713239,91.21193104058273,5.47799584850936,-1.444659581782656,-1.444659581782656,-3.7112779194725953,true,0.0,5.47799584850936,0.05328455498505286,0.05328455498505286,108.28435777750204,-3.1853032146839,105.09905456281814,103.03076295779618,-61.550390504206874,100.0,0.08,0.6,0.27,1.0,false
0.02,0.02,0.0,0.001,0.2,0.25,0.15,1.0,7.0,4.0,14.895631668430001,91.21193104058273,5.56500363889252,-1.4594611333232599,-1.4594611333232599,-3.7752600500050835,true,0.0,5.56500363889252,0.053371386829248954,0.053371386829248954,109.83442531790253,-3.2721150718163172,106.56231024608621,103.07061198678966,-66.72794834427408,100.0,0.08,0.6,0.27,1.0,false
0.02,0.02,0.0,0.001,0.2,0.25,0.15,1.0,7.0,4.0,15.207614182470879,91.21193104058273,6.026293990145021,-1.4756977513746614,-1.4756977513746614,-3.8409934095685823,true,0.0,6.026293990145021,0.05660974371914352,0.05660974371914352,112.47959326744117,-3.3609666306125967,109.11862663682858,103.08010349305317,-73.06829991502013,100.0,0.08,0.6,0.27,1.0,false
