gross_delta,delta,iota,kappa,lambda,sigmah,sigmal,V0,r,alpha,pi,xi,mu_b,m,c,p,vb,sg_debt,debt,debt_diff,abs_debt_diff,debt_per_diff,abs_debt_per_diff,eq_vb,eq_min_val,sg_equity,equity,eq_negative,firm_value,leverage,ROE,cvml_vb,cvmh_vb,eq_deriv
0.02,0.015,0.005,0.01,NaN,NaN,0.25,100.0,0.08,0.6,0.27,1.0,1.0,3.0,7.790629062906291,25.52877267796638,86.76302154962335,76.60630556198667,76.60614577436347,0.01982774046432212,0.01982774046432212,0.0002588940292905298,0.0002588940292905298,2.4868995751603507e-13,NaN,6.274233103256476,6.274245507917442,false,82.88039128228091,92.42975882371489,-73.17994099047729,NaN,NaN,NaN
