gross_delta,delta,iota,kappa,lambda,sigmah,sigmal,mu_b,m,c,p,vb,debt_diff,eq_deriv,eq_deriv_min_val,eq_min_val,eq_negative,eq_vb,abs_debt_diff,debt_per_diff,abs_debt_per_diff,debt,equity,firm_value,leverage,ROE,V0,r,alpha,pi,xi,opt
0.02,0.02,0.0,0.003,0.3,0.35,0.15,1.0,5.0,6.0,14.604460446044603,100.0,-13.022299846037512,-0.7970509541028522,-0.7970509541028522,-1.565339937011593,true,0.0,13.022299846037512,-0.1783331865514334,0.1783331865514334,60.00000238418551,0.1756967463370123,60.17569913052252,99.70802707924354,-99.56075810797661,100.0,0.08,0.6,0.27,1.0,false
0.02,0.02,0.0,0.003,0.3,0.35,0.15,1.0,5.0,6.0,17.738731767913634,96.81263391391589,-10.982790761066198,-1.3969898924079571,-1.3969898924079571,-3.8371215223972235,true,0.0,10.982790761066198,-0.12382836501234219,0.12382836501234219,77.71086807850197,-2.889537032424187,74.82133104607779,103.86191610336991,-112.96388321717102,100.0,0.08,0.6,0.27,1.0,false
0.02,0.02,0.0,0.003,0.3,0.35,0.15,1.0,5.0,6.0,18.78348887520331,95.51826856218504,-8.715436656672367,-1.637190661004036,-1.637190661004036,-4.872792291815771,true,0.0,8.715436656672367,-0.09279891200806571,0.09279891200806571,85.2020077193442,-4.259030692372767,80.94297702697143,105.26176680029151,-128.78113876258908,100.0,0.08,0.6,0.27,1.0,false
0.02,0.02,0.0,0.003,0.3,0.35,0.15,1.0,5.0,6.0,19.941864454095455,94.13255073718571,-6.291623087865402,-1.9470790187650202,-1.9470790187650202,-6.278657209932924,true,0.0,6.291623087865402,-0.0634452371801654,0.0634452371801654,93.41769918261193,-5.932972726307228,87.4847264563047,106.78172404101936,-190.13524132222042,100.0,0.08,0.6,0.27,1.0,false
0.02,0.02,0.0,0.003,0.3,0.35,0.15,1.0,5.0,6.0,20.350624536137826,93.95058466736381,-6.868763473090468,-2.0372643684901495,-2.0372643684901495,-6.722440755218338,true,0.0,6.868763473090468,-0.06750420323359799,0.06750420323359799,94.88435920759866,-6.354624651486141,88.52973455611252,107.17795516201217,-224.21952418796027,100.0,0.08,0.6,0.27,1.0,false
0.02,0.02,0.0,0.003,0.3,0.35,0.15,1.0,5.0,6.0,20.873003089782664,94.17512905196295,-9.763045085385045,-2.1142895344424812,-2.1142895344424812,-7.157525898617302,true,0.0,9.763045085385045,-0.09354710525735567,0.09354710525735567,94.60197036352827,-6.605262946873283,87.99670741665498,107.50626147362317,-222.3643327603259,100.0,0.08,0.6,0.27,1.0,false
