gross_delta,delta,iota,kappa,lambda,sigmah,sigmal,mu_b,m,c,p,vb,debt_diff,eq_deriv,eq_deriv_min_val,eq_min_val,eq_negative,eq_vb,abs_debt_diff,debt_per_diff,abs_debt_per_diff,debt,equity,firm_value,leverage,ROE,V0,r,alpha,pi,xi,opt
0.02,0.02,0.0,0.003,0.3,0.35,0.15,1.0,5.0,3.0,16.570491259652282,91.59052294028523,-4.049701966740301,-0.726457233028498,-0.726457233028498,-1.6379971711522563,true,0.0,4.049701966740301,-0.04887847805213809,0.04887847805213809,78.80275433152111,-1.2264064928906429,77.57634783863047,101.58090259087955,-105.78568797131203,100.0,0.08,0.6,0.27,1.0,false
0.02,0.02,0.0,0.003,0.3,0.35,0.15,1.0,5.0,3.0,18.613385022712798,84.74128178579133,-2.3860304806962347,-1.3078179311627318,-1.3078179311627318,-3.711740580784493,true,0.0,2.3860304806962347,-0.025637792134904042,0.025637792134904042,90.68089463286776,-0.8666528769072193,89.81424175596054,100.96493925680747,-109.29974329900634,100.0,0.08,0.6,0.27,1.0,false
0.02,0.02,0.0,0.003,0.3,0.35,0.15,1.0,5.0,3.0,19.124108463477928,82.3438614588949,-1.8136530597857217,-1.5166060040855134,-1.5166060040855134,-4.4758219290099,true,0.0,1.8136530597857217,-0.018967190687600704,0.018967190687600704,93.80688925760391,-0.10726156438077837,93.69962769322314,100.11447384266239,-101.73194972352908,100.0,0.08,0.6,0.27,1.0,false
0.02,0.02,0.0,0.003,0.3,0.35,0.15,1.0,5.0,3.0,20.145555345008184,75.34545670127709,-1.0628621477248004,-2.1268912604245416,-2.1268912604245416,-6.647511423112627,true,0.0,1.0628621477248004,-0.010551827730955695,0.010551827730955695,99.66491457731611,4.301759166991273,103.96667374430739,95.86236722589501,1183.7798590389416,100.0,0.08,0.6,0.27,1.0,false
0.02,0.02,0.0,0.003,0.3,0.35,0.15,1.0,5.0,3.0,20.514214532847557,64.4267275486015,3.2784085070569624e-5,-2.156222041628637,-2.156222041628637,-5.104409838978845,true,0.0,3.2784085070569624e-5,-6.421744733319749e-5,6.421744733319749e-5,102.57110544832285,21.667254739455306,124.23836018777816,82.55993180632241,-942.7213576008319,100.0,0.08,0.6,0.27,1.0,false
0.02,0.02,0.0,0.003,0.3,0.35,0.15,1.0,5.0,3.0,20.656278785773313,58.04996284820487,0.6413498889045712,-2.10760778465446,-2.10760778465446,-3.8538488020290798,true,0.0,0.6413498889045712,0.006209733084608549,0.006209733084608549,103.92274381777113,32.489890360060954,136.4126341778321,76.18263839278548,-928.2440013766026,100.0,0.08,0.6,0.27,1.0,false
