gross_delta,delta,iota,kappa,lambda,sigmah,sigmal,mu_b,m,c,p,vb,debt_diff,eq_deriv,eq_deriv_min_val,eq_min_val,eq_negative,eq_vb,abs_debt_diff,debt_per_diff,abs_debt_per_diff,debt,equity,firm_value,leverage,ROE,V0,r,alpha,pi,xi,opt
0.02,0.02,0.0,0.003,0.3,0.35,0.15,1.0,5.0,1.0,10.761930140382459,51.75743283070515,0.22744422505783035,-0.8144637156000188,-0.8144637156000188,-1.309684953948107,true,0.0,0.22744422505783035,0.00422682961310781,0.00422682961310781,54.03709492697013,28.92101515279751,82.95811007976764,65.13780855785075,-37.07748649297672,100.0,0.08,0.6,0.27,1.0,false
0.02,0.02,0.0,0.003,0.3,0.35,0.15,1.0,5.0,1.0,11.04483079886936,60.19987426698494,-0.02537326961409292,-0.47201136598593024,-0.47201136598593024,-0.686779545160052,true,0.0,0.02537326961409292,-0.00045945963457747743,0.00045945963457747743,55.1987807247327,19.337196840520594,74.53597756525329,74.05655970153254,-56.837788896527265,100.0,0.08,0.6,0.27,1.0,false
0.02,0.02,0.0,0.003,0.3,0.35,0.15,1.0,5.0,1.0,11.610632115843162,45.53641959641444,-0.7166743335675321,-1.4983610562855718,-1.4983610562855718,-2.7180679695369716,true,0.0,0.7166743335675321,-0.01234513894535685,0.01234513894535685,57.336486245648274,40.92119098823226,98.25767723388054,58.35318710941184,-4.083870766368247,100.0,0.08,0.6,0.27,1.0,false
0.02,0.02,0.0,0.003,0.3,0.35,0.15,1.0,5.0,1.0,11.845125158580213,42.1050921008882,-1.331886473763394e-5,-1.9138082675729005,-1.9138082675729005,-3.508231998070107,true,0.0,1.331886473763394e-5,-5.113759393583238e-5,5.113759393583238e-5,59.22561247403634,48.75781982147095,107.9834322955073,54.84694384594076,19.579527198106227,100.0,0.08,0.6,0.27,1.0,false
0.02,0.02,0.0,0.003,0.3,0.35,0.15,1.0,5.0,1.0,11.893532774330064,41.88881786135292,0.14040062676892262,-1.968002685437648,-1.968002685437648,-3.6137166384851582,true,0.0,0.14040062676892262,0.002360957495689603,0.002360957495689603,59.60806449841924,49.64134573705977,109.24941023547902,54.56145197483306,22.899150834495252,100.0,0.08,0.6,0.27,1.0,false
0.02,0.02,0.0,0.003,0.3,0.35,0.15,1.0,5.0,1.0,12.176433432816966,42.7811676874742,-0.11641634485563657,-1.9647201817966267,-1.9647201817966267,-3.693157990110303,true,0.0,0.11641634485563657,-0.0019121583589802313,0.0019121583589802313,60.76575081922919,48.28090811460965,109.04665893383884,55.72454159837872,23.05806565115236,100.0,0.08,0.6,0.27,1.0,false
