gross_delta,delta,iota,kappa,lambda,sigmah,sigmal,mu_b,m,c,p,vb,debt_diff,eq_deriv,eq_deriv_min_val,eq_min_val,eq_negative,eq_vb,abs_debt_diff,debt_per_diff,abs_debt_per_diff,debt,equity,firm_value,leverage,ROE,V0,r,alpha,pi,xi,opt
0.02,0.02,0.0,0.001,0.1,0.25,0.15,1.0,7.0,3.0,12.449164653307436,94.27326915504909,-4.009928527069675,-6.480780592716773e-7,-6.480780592716773e-7,0.0015342927468492424,false,0.0,4.009928527069675,-0.04601488922281494,0.04601488922281494,83.13422404608238,2.1800230385907806,85.31424708467316,97.44471396855073,-87.0742796266993,100.0,0.08,0.6,0.27,1.0,true
0.02,0.02,0.0,0.001,0.1,0.25,0.15,1.0,7.0,3.0,12.449164653307436,94.2732691550491,-4.0099285270696745,-6.480780592791748e-7,-6.480780592791748e-7,0.0015342927468492346,false,0.0,4.0099285270696745,-0.04601488922281494,0.04601488922281494,83.1342240460824,2.1800230385907806,85.31424708467317,97.44471396855073,-87.0742796266993,100.0,0.08,0.6,0.27,1.0,true
0.02,0.02,0.0,0.001,0.1,0.25,0.15,1.0,7.0,3.0,14.321193961501413,92.62672066371451,-8.614974539317174,-0.44377568006751106,-0.44377568006751106,-0.46842276463672217,true,0.0,8.614974539317174,-0.0859363159092956,0.0859363159092956,91.63338319119272,1.2997340978504235,92.93311728904314,98.60143064629162,-84.4652369344532,100.0,0.08,0.6,0.27,1.0,false
0.02,0.02,0.0,0.001,0.1,0.25,0.15,1.0,7.0,3.0,15.881218384996394,89.84353619365255,-7.163419188621049,-0.8837618778934655,-0.8837618778934655,-1.5723262161860316,true,0.0,7.163419188621049,-0.06443747410093108,0.06443747410093108,104.0051095063537,0.9867199901219763,104.99182949647567,99.0601935456748,-124.63652962688397,100.0,0.08,0.6,0.27,1.0,false
0.02,0.02,0.0,0.001,0.1,0.25,0.15,1.0,7.0,3.0,16.19322326969539,89.5572409342182,-7.287917049348053,-0.9476586043844061,-0.9476586043844061,-1.7703063084196415,true,0.0,7.287917049348053,-0.06429424146816612,0.06429424146816612,106.06464583851968,0.8355394433688899,106.90018528188857,99.21839289504912,-113.77721742730546,100.0,0.08,0.6,0.27,1.0,false
0.02,0.02,0.0,0.001,0.1,0.25,0.15,1.0,7.0,3.0,16.505228154394388,89.3123123691243,-7.2862263624240455,-1.0065235670423003,-1.0065235670423003,-1.957860309351633,true,0.0,7.2862263624240455,-0.06306422853471211,0.06306422853471211,108.25037071833667,0.6848098654568423,108.93518058379351,99.37136023295056,-108.30035266093965,100.0,0.08,0.6,0.27,1.0,false
