gross_delta,delta,iota,kappa,lambda,sigmah,sigmal,V0,r,alpha,pi,xi,mu_b,m,c,p,vb,sg_debt,debt,debt_diff,abs_debt_diff,debt_per_diff,abs_debt_per_diff,eq_vb,eq_min_val,sg_equity,equity,eq_negative,firm_value,leverage,ROE,cvml_vb,cvmh_vb,eq_deriv
0.02,0.01975,0.00025,0.01,NaN,NaN,0.2,100.0,0.08,0.6,0.27,1.0,1.0,5.0,1.2141714171417142,12.612755458246346,54.10337086271345,63.063391471498946,63.113835040436726,0.050057749204995616,0.050057749204995616,0.0007937638903839583,0.0007937638903839583,-7.105427357601002e-15,NaN,43.686704798454315,43.645945391640645,false,106.75978043207738,59.11761412865677,18.32605921349597,NaN,NaN,NaN
