gross_delta,delta,iota,kappa,lambda,sigmah,sigmal,V0,r,alpha,pi,xi,mu_b,m,c,p,vb,sg_debt,debt,debt_diff,abs_debt_diff,debt_per_diff,abs_debt_per_diff,eq_vb,eq_min_val,sg_equity,equity,eq_negative,firm_value,leverage,ROE,cvml_vb,cvmh_vb,eq_deriv
0.02,0.01975,0.00025,0.015000000000000001,NaN,NaN,0.25,100.0,0.08,0.6,0.27,1.0,1.0,10.0,0.5722072207220722,5.5168459282400875,42.408866930424814,55.16753199366617,55.25354842629956,0.08508914389868494,0.08508914389868494,0.0015423512819729764,0.0015423512819729764,1.4210854715202004e-14,NaN,48.40532785733204,48.360814450805776,false,103.61436287710534,53.32614793166711,8.077429047423434,NaN,NaN,NaN
