gross_delta,delta,iota,kappa,lambda,sigmah,sigmal,mu_b,m,c,p,vb,debt_diff,eq_deriv,eq_deriv_min_val,eq_min_val,eq_negative,eq_vb,abs_debt_diff,debt_per_diff,abs_debt_per_diff,debt,equity,firm_value,leverage,ROE,V0,r,alpha,pi,xi,opt
0.02,0.02,0.0,0.001,0.5,0.35,0.15,1.0,10.0,5.0,5.434210526315789,91.21193104058273,-6.331540270202595,-4.754847064632308,-4.754847064632308,-27.437383270937914,true,0.0,6.331540270202595,-0.11651260545651265,0.11651260545651265,48.010564992955295,-23.347408421755997,24.6631565711993,194.66512672193883,-144.90798643722974,100.0,0.08,0.6,0.27,1.0,false
0.02,0.02,0.0,0.001,0.5,0.35,0.15,1.0,10.0,5.0,5.5131578947368425,91.21193104058273,-5.704532523961369,-4.766439296612789,-4.766439296612789,-27.509156533559484,true,0.0,5.704532523961369,-0.10347123432483628,0.10347123432483628,49.427046423407056,-23.40600895880134,26.021037464605715,189.9503295771301,-146.28167291703232,100.0,0.08,0.6,0.27,1.0,false
0.02,0.02,0.0,0.001,0.5,0.35,0.15,1.0,10.0,5.0,5.592105263157895,91.21193104058273,-5.1037139299157275,-4.7780315286041155,-4.7780315286041155,-27.58092979632354,true,0.0,5.1037139299157275,-0.09126641380555184,0.09126641380555184,50.81733870166322,-23.464609495925487,27.35272920573773,185.78525864615864,-147.7091090162683,100.0,0.08,0.6,0.27,1.0,false
0.02,0.02,0.0,0.001,0.5,0.35,0.15,1.0,10.0,5.0,5.671052631578948,91.21193104058273,-4.520404139483318,-4.78962376060609,-4.78962376060609,-27.65270305922704,true,0.0,4.520404139483318,-0.07971014259877776,0.07971014259877776,52.19012217630616,-23.52321003312676,28.666912143179403,182.057006752726,-149.2015690144036,100.0,0.08,0.6,0.27,1.0,false
0.02,0.02,0.0,0.001,0.5,0.35,0.15,1.0,10.0,5.0,5.75,91.21193104058273,-3.955889594934547,-4.801215992618418,-4.801215992618418,-27.724476322266653,true,0.0,3.955889594934547,-0.06879807991190516,0.06879807991190516,53.54411040506545,-23.581810570403267,29.962299834662186,178.70494154498252,-150.76172424211757,100.0,0.08,0.6,0.27,1.0,false
0.02,0.02,0.0,0.001,0.5,0.35,0.15,1.0,10.0,5.0,5.75,91.21193104058273,-3.955889594934547,-4.801215992618418,-4.801215992618418,-27.724476322266653,true,0.0,3.955889594934547,-0.06879807991190516,0.06879807991190516,53.54411040506545,-23.581810570403267,29.962299834662186,178.70494154498252,-150.76172424211757,100.0,0.08,0.6,0.27,1.0,false
