gross_delta,delta,iota,kappa,lambda,sigmah,sigmal,mu_b,m,c,p,vb,debt_diff,eq_deriv,eq_deriv_min_val,eq_min_val,eq_negative,eq_vb,abs_debt_diff,debt_per_diff,abs_debt_per_diff,debt,equity,firm_value,leverage,ROE,V0,r,alpha,pi,xi,opt
0.02,0.02,0.0,0.005,0.3,0.275,0.15,1.0,7.0,1.0,8.564474868539484,52.584731904084954,1.6761912821215788,-0.8678255252085784,-0.8678255252085784,-1.3504562333736265,true,0.0,1.6761912821215788,0.027959203701507816,0.027959203701507816,61.62751536189797,32.684743768133664,94.31225913003163,65.34411955600591,-14.822446144966882,100.0,0.08,0.6,0.27,1.0,false
0.02,0.02,0.0,0.005,0.3,0.275,0.15,1.0,7.0,1.0,8.839411572736221,53.09602177382834,1.3961907719343714,-0.9005821880628727,-0.9005821880628727,-1.4400049993746387,true,0.0,1.3961907719343714,0.02256437806077989,0.02256437806077989,63.27207178108792,32.572587079462146,95.84465886055006,66.0152297825444,-11.313845732551432,100.0,0.08,0.6,0.27,1.0,false
0.02,0.02,0.0,0.005,0.3,0.275,0.15,1.0,7.0,1.0,9.389284981129691,80.00647331098548,0.19008185488272034,-0.09057480130158607,-0.09057480130158607,-0.0481658818989053,true,0.0,0.19008185488272034,0.002892078656905813,0.002892078656905813,65.91507672279056,6.822410914619662,72.73748763741023,90.62050238986976,-79.98408017781456,100.0,0.08,0.6,0.27,1.0,false
0.02,0.02,0.0,0.005,0.3,0.275,0.15,1.0,7.0,1.0,9.484174834747646,80.80486924566485,-9.06564984430808e-6,-0.07064376851094936,-0.07064376851094936,-0.002426615413132936,false,0.0,9.06564984430808e-6,-1.9952914147592775e-6,1.9952914147592775e-6,66.38921477758369,5.886195295989974,72.27541007357367,91.85588114962191,-82.48718303652053,100.0,0.08,0.6,0.27,1.0,false
0.02,0.02,0.0,0.005,0.3,0.275,0.15,1.0,7.0,1.0,9.664221685326426,78.25899207359475,-0.2502065332971597,-0.15874583994528219,-0.15874583994528219,-0.1303071258326835,true,0.0,0.2502065332971597,-0.0036985689727393194,0.0036985689727393194,67.39934526398783,7.798626393852967,75.1979716578408,89.62920645075695,-76.07831358908798,100.0,0.08,0.6,0.27,1.0,false
0.02,0.02,0.0,0.005,0.3,0.275,0.15,1.0,7.0,1.0,9.939158389523161,72.5768356136336,-0.14653066487893796,-0.32956816891984775,-0.32956816891984775,-0.4181220454986476,true,0.0,0.14653066487893796,-0.0021061091196240447,0.0021061091196240447,69.4275780617832,11.827210904219084,81.25478896600228,85.44429066307994,-61.31411856044491,100.0,0.08,0.6,0.27,1.0,false
