gross_delta,delta,iota,kappa,lambda,sigmah,sigmal,mu_b,m,c,p,vb,debt_diff,eq_deriv,eq_deriv_min_val,eq_min_val,eq_negative,eq_vb,abs_debt_diff,debt_per_diff,abs_debt_per_diff,debt,equity,firm_value,leverage,ROE,V0,r,alpha,pi,xi,opt
0.02,0.02,0.0,0.005,0.3,0.275,0.15,1.0,7.0,5.0,11.122339865565502,91.21193104058273,25.81559350566701,-2.3541969698087377,-2.3541969698087377,-9.122626201155464,true,0.0,25.81559350566701,0.33157968322823705,0.33157968322823705,103.67197256462552,-9.022512209610749,94.64946035501477,109.53255536351583,145.7129526655626,100.0,0.08,0.6,0.27,1.0,false
0.02,0.02,0.0,0.005,0.3,0.275,0.15,1.0,7.0,5.0,11.418730030897825,91.21193104058273,25.017906261999542,-2.3933688827845114,-2.3933688827845114,-9.392406733449677,true,0.0,25.017906261999542,0.31299335383061544,0.31299335383061544,104.94901647828432,-9.266707046006772,95.68230943227755,109.68486975386564,87.24340657720478,100.0,0.08,0.6,0.27,1.0,false
0.02,0.02,0.0,0.005,0.3,0.275,0.15,1.0,7.0,5.0,11.715120196230147,91.21193104058273,24.732307805431063,-2.4226611261052216,-2.4226611261052216,-9.618018294689566,true,0.0,24.732307805431063,0.3015920255333148,0.3015920255333148,106.7381491790421,-9.465568644540237,97.27258053450186,109.73097309902545,40.47727933927805,100.0,0.08,0.6,0.27,1.0,false
0.02,0.02,0.0,0.005,0.3,0.275,0.15,1.0,7.0,5.0,11.727183396591176,91.21193104058274,24.731864197997158,-2.4236483486002647,-2.4236483486002647,-9.626166021450821,true,0.0,24.731864197997158,0.3012763894624669,0.3012763894624669,106.82214797413539,-9.47263532026615,97.34951265386924,109.73054210753632,38.851214546788995,100.0,0.08,0.6,0.27,1.0,false
0.02,0.02,0.0,0.005,0.3,0.275,0.15,1.0,7.0,5.0,12.01151036156247,91.21193104058273,24.982095933761386,-2.442242398830567,-2.442242398830567,-9.792377045870651,true,0.0,24.982095933761386,0.2971209065515018,0.2971209065515018,109.06266846469867,-9.613888021066217,99.44878044363246,109.66717538232191,6.082309625632654,100.0,0.08,0.6,0.27,1.0,false
0.02,0.02,0.0,0.005,0.3,0.275,0.15,1.0,7.0,5.0,12.307900526894793,91.21193104058273,25.790714504424074,-2.451773081615346,-2.451773081615346,-9.907638329902575,true,0.0,25.790714504424074,0.2993514432697357,0.2993514432697357,111.94601819268762,-9.704208229240697,102.24180996344693,109.49142844078182,-18.766169005327438,100.0,0.08,0.6,0.27,1.0,false
