gross_delta,delta,iota,kappa,lambda,sigmah,sigmal,V0,r,alpha,pi,xi,mu_b,m,c,p,vb,sg_debt,debt,debt_diff,abs_debt_diff,debt_per_diff,abs_debt_per_diff,eq_vb,eq_min_val,sg_equity,equity,eq_negative,firm_value,leverage,ROE,cvml_vb,cvmh_vb,eq_deriv
0.02,0.02,0.0,0.0025,NaN,NaN,0.15,100.0,0.08,0.6,0.27,1.0,1.0,7.0,1.2276477647764776,12.867977638731805,70.95424884112758,90.07645942097135,90.00681493791659,-0.06902853320605118,0.06902853320605118,-0.0007663379053250942,0.0007663379053250942,3.1086244689504383e-13,NaN,28.32068582928616,28.153854516540612,false,118.1606694544572,76.17324390042324,181.73054278123217,NaN,NaN,NaN
