gross_delta,delta,iota,kappa,lambda,sigmah,sigmal,mu_b,m,c,p,vb,debt_diff,eq_deriv,eq_deriv_min_val,eq_min_val,eq_negative,eq_vb,abs_debt_diff,debt_per_diff,abs_debt_per_diff,debt,equity,firm_value,leverage,ROE,V0,r,alpha,pi,xi,opt
0.02,0.02,0.0,0.005,0.5,0.35,0.15,1.0,7.0,1.0,8.24918412893921,66.49142044271191,-0.9044131283200798,-0.7623071630770327,-0.7623071630770327,-2.150532226838432,true,0.0,0.9044131283200798,-0.015662382298031165,0.015662382298031165,56.83987577425439,7.017035702743874,63.85691147699826,89.01131366920015,-83.7418547128321,100.0,0.08,0.6,0.27,1.0,false
0.02,0.02,0.0,0.005,0.5,0.35,0.15,1.0,7.0,1.0,11.367443323279694,43.56373054874228,0.6850483078211624,-2.2102477223395796,-2.2102477223395796,-4.5306653030341595,true,0.0,0.6850483078211624,0.008609151696761344,0.008609151696761344,80.25715157077902,50.55529045280955,130.81244202358857,61.35284253489187,156.06887797397923,100.0,0.08,0.6,0.27,1.0,false
0.02,0.02,0.0,0.005,0.5,0.35,0.15,1.0,7.0,1.0,11.679269242713744,44.55120854138375,0.14732865590475797,-2.1608844700765006,-2.1608844700765006,-4.424352685061118,true,0.0,0.14732865590475797,0.0018020777161779408,0.0018020777161779408,81.90221335490097,49.151740603837524,131.05395395873848,62.49503420605483,171.5897892251263,100.0,0.08,0.6,0.27,1.0,false
0.02,0.02,0.0,0.005,0.5,0.35,0.15,1.0,7.0,1.0,11.893449017274765,44.500379502023485,4.0918667224609795e-5,-2.1490880402543,-2.1490880402543,-4.288125810078523,true,0.0,4.0918667224609795e-5,-8.999253465079857e-5,8.999253465079857e-5,83.2541840395906,50.32577334921824,133.57995738880885,62.32535603920287,200.52744797983476,100.0,0.08,0.6,0.27,1.0,false
0.02,0.02,0.0,0.005,0.5,0.35,0.15,1.0,7.0,1.0,11.991095162147792,44.53150930035698,-0.39039099600998384,-2.1426367300793787,-2.1426367300793787,-4.2328427840648395,true,0.0,0.39039099600998384,-0.004650963196688637,0.004650963196688637,83.54727513902456,50.73541550319091,134.28269064221547,62.217456873595864,208.37089863169905,100.0,0.08,0.6,0.27,1.0,false
0.02,0.02,0.0,0.005,0.5,0.35,0.15,1.0,7.0,1.0,12.302921081581841,46.4632417481671,-5.326155431006271,-2.071485771684418,-2.071485771684418,-4.231163878555309,true,0.0,5.326155431006271,-0.061845422094569794,0.061845422094569794,80.79429214006662,47.04826670499889,127.8425588450655,63.19827518313564,144.97022993435286,100.0,0.08,0.6,0.27,1.0,false
