gross_delta,delta,iota,kappa,lambda,sigmah,sigmal,mu_b,m,c,p,vb,debt_diff,eq_deriv,eq_deriv_min_val,eq_min_val,eq_negative,eq_vb,abs_debt_diff,debt_per_diff,abs_debt_per_diff,debt,equity,firm_value,leverage,ROE,V0,r,alpha,pi,xi,opt
0.02,0.02,0.0,0.001,0.75,0.275,0.15,1.0,10.0,2.0,7.845077928845516,100.0,-18.450776904269645,-1.1273872145501773,-1.1273872145501773,-4.56618111318875,true,0.0,18.450776904269645,-0.2351892112687384,0.2351892112687384,60.00000238418551,0.1768553742434296,60.17685775842894,99.70610732957611,-99.55786153803793,100.0,0.08,0.6,0.27,1.0,false
0.02,0.02,0.0,0.001,0.75,0.275,0.15,1.0,10.0,2.0,7.845077928845516,100.0,-18.450776904269652,-1.1273872145501773,-1.1273872145501773,-4.56618111318875,true,0.0,18.450776904269652,-0.23518921126873846,0.23518921126873846,60.00000238418551,0.17685537424342962,60.17685775842894,99.70610732957611,-99.55786153803793,100.0,0.08,0.6,0.27,1.0,false
0.02,0.02,0.0,0.001,0.75,0.275,0.15,1.0,10.0,2.0,8.051291971302392,100.0,-20.512917328838412,-1.1478196480797667,-1.1478196480797667,-4.667878535493411,true,0.0,20.512917328838412,-0.25477795864258296,0.25477795864258296,60.00000238418551,0.18389204647804702,60.18389443066356,99.69444973905783,-99.54026985640283,100.0,0.08,0.6,0.27,1.0,false
0.02,0.02,0.0,0.001,0.75,0.275,0.15,1.0,10.0,2.0,8.25750601375927,100.0,-22.575057753407194,-1.168414763776178,-1.168414763776178,-4.770522647350356,true,0.0,22.575057753407194,-0.27338832954878817,0.27338832954878817,60.00000238418551,0.18718529157271838,60.187187675758224,99.68899478643009,-99.53203674317542,100.0,0.08,0.6,0.27,1.0,false
0.02,0.02,0.0,0.001,0.75,0.275,0.15,1.0,10.0,2.0,8.463720056216147,100.0,-24.63719817797596,-1.1890098794826343,-1.1890098794826343,-4.873607987064499,true,0.0,24.63719817797596,-0.2910918368558429,0.2910918368558429,60.00000238418551,0.19047853666898484,60.19048092085449,99.68354043072118,-99.52380362994403,100.0,0.08,0.6,0.27,1.0,false
0.02,0.02,0.0,0.001,0.75,0.275,0.15,1.0,10.0,2.0,8.669934098673025,100.0,-26.699338602544742,-1.2096049951992716,-1.2096049951992716,-4.976839691092235,true,0.0,26.699338602544742,-0.30795318970914903,0.30795318970914903,60.00000238418551,0.19377178176686777,60.19377416595238,99.67808667183313,-99.51557051670858,100.0,0.08,0.6,0.27,1.0,false
