gross_delta,delta,iota,kappa,lambda,sigmah,sigmal,V0,r,alpha,pi,xi,mu_b,m,c,p,vb,sg_debt,debt,debt_diff,abs_debt_diff,debt_per_diff,abs_debt_per_diff,eq_vb,eq_min_val,sg_equity,equity,eq_negative,firm_value,leverage,ROE,cvml_vb,cvmh_vb,eq_deriv
0.02,0.0195,0.0005,0.015000000000000001,NaN,NaN,0.25,100.0,0.08,0.6,0.27,1.0,1.0,5.0,0.902990299029903,9.182180471583354,39.3356728255398,45.91043415617325,45.91790005649897,0.006997698582203782,0.006997698582203782,0.00015241910358568928,0.00015241910358568928,-1.7763568394002505e-15,NaN,55.29467397449297,55.32217825944838,false,101.24007831594736,45.355456870745996,2.2929551871004428,NaN,NaN,NaN
