gross_delta,delta,iota,kappa,lambda,sigmah,sigmal,mu_b,m,c,p,vb,debt_diff,eq_deriv,eq_deriv_min_val,eq_min_val,eq_negative,eq_vb,abs_debt_diff,debt_per_diff,abs_debt_per_diff,debt,equity,firm_value,leverage,ROE,V0,r,alpha,pi,xi,opt
0.02,0.02,0.0,0.003,0.3,0.35,0.15,1.0,7.0,3.0,13.092751380401198,91.21193104058273,-1.4994562830733145,-1.8192004656130438,-1.8192004656130438,-7.831031644151179,true,0.0,1.4994562830733145,-0.016360811735850817,0.016360811735850817,90.14980337973508,-7.544006795200397,82.60579658453467,109.13253924920419,-176.587372679242,100.0,0.08,0.6,0.27,1.0,false
0.02,0.02,0.0,0.003,0.3,0.35,0.15,1.0,7.0,3.0,14.785321953247957,85.11167956195064,-1.5306204759856854,-2.468463541792245,-2.468463541792245,-10.881154342143985,true,0.0,1.5306204759856854,-0.014788996052258507,0.014788996052258507,101.96663319675001,-10.523476856488054,91.44315634026195,111.50821699256528,435.1011502235795,100.0,0.08,0.6,0.27,1.0,false
0.02,0.02,0.0,0.003,0.3,0.35,0.15,1.0,7.0,3.0,15.80086429695601,81.82785658220689,-1.4053362163409275,-2.750155001470135,-2.750155001470135,-12.245591673076847,true,0.0,1.4053362163409275,-0.01270578069952849,0.01270578069952849,109.20071386235115,-10.813579237050337,98.38713462530082,110.99084679946513,17.529785175680225,100.0,0.08,0.6,0.27,1.0,false
0.02,0.02,0.0,0.003,0.3,0.35,0.15,1.0,7.0,3.0,16.139378411525364,81.09185624247075,-1.3795728583869646,-2.7867223417525597,-2.7867223417525597,-12.393330022614636,true,0.0,1.3795728583869646,-0.012211240847521398,0.012211240847521398,111.59607602229057,-10.677915544930247,100.91816047736033,110.58076712300526,-7.917854932956558,100.0,0.08,0.6,0.27,1.0,false
0.02,0.02,0.0,0.003,0.3,0.35,0.15,1.0,7.0,3.0,16.32070869543842,80.79303324833724,-1.3752714170047922,-2.796046942589646,-2.796046942589646,-12.412886297511351,true,0.0,1.3752714170047922,-0.01203824329891404,0.01203824329891404,112.86968945106413,-10.583239222508228,102.2864502285559,110.34666781265778,-17.76616473342214,100.0,0.08,0.6,0.27,1.0,false
0.02,0.02,0.0,0.003,0.3,0.35,0.15,1.0,7.0,3.0,16.816406640664066,80.34489523825582,-1.417016767461817,-2.802343827121032,-2.802343827121032,-12.329720517609383,true,0.0,1.417016767461817,-0.012037706455715544,0.012037706455715544,116.29782971718664,-10.365650720801908,105.93217899638474,109.78517653371,-36.39858250653485,100.0,0.08,0.6,0.27,1.0,false
