gross_delta,delta,iota,kappa,lambda,sigmah,sigmal,mu_b,m,c,p,vb,debt_diff,eq_deriv,eq_deriv_min_val,eq_min_val,eq_negative,eq_vb,abs_debt_diff,debt_per_diff,abs_debt_per_diff,debt,equity,firm_value,leverage,ROE,V0,r,alpha,pi,xi,opt
0.02,0.02,0.0,0.001,0.5,0.2,0.15,1.0,10.0,5.0,5.434210526315789,91.21193104058273,-0.28249720393174726,-3.656458166533088,-3.656458166533088,-15.954942993517381,true,0.0,0.28249720393174726,-0.005198495762424405,0.005198495762424405,54.05960805922614,-15.50697776144632,38.55263029777982,140.22287880663578,-133.75456130508823,100.0,0.08,0.6,0.27,1.0,false
0.02,0.02,0.0,0.001,0.5,0.2,0.15,1.0,10.0,5.0,5.467959284856007,91.21193104058271,-4.4290982559747755e-6,-3.660341938772978,-3.660341938772978,-15.974159725295161,true,0.0,4.4290982559747755e-6,5.577741217507935e-7,5.577741217507935e-7,54.67958841946181,-15.524189526977828,39.15539889248398,139.64763472236712,-134.25429952106686,100.0,0.08,0.6,0.27,1.0,false
0.02,0.02,0.0,0.001,0.5,0.2,0.15,1.0,10.0,5.0,5.5131578947368425,91.21193104058273,0.37400715414787555,-3.665564079499064,-3.665564079499064,-15.999353381282189,true,0.0,0.37400715414787555,0.0067839006480282914,0.0067839006480282914,55.5055861015163,-15.547515811607463,39.95807028990884,138.90957621027533,-134.94262413947044,100.0,0.08,0.6,0.27,1.0,false
0.02,0.02,0.0,0.001,0.5,0.2,0.15,1.0,10.0,5.0,5.592105263157895,91.21193104058273,1.0058303991586826,-3.6747137464518236,-3.6747137464518236,-16.042618424679834,true,0.0,1.0058303991586826,0.01798661419671997,0.01798661419671997,56.92688303073763,-15.588634526029908,41.33824850470772,137.70995407377896,-136.19109928161038,100.0,0.08,0.6,0.27,1.0,false
0.02,0.02,0.0,0.001,0.5,0.2,0.15,1.0,10.0,5.0,5.671052631578948,91.21193104058273,1.6012414886205946,-3.6838634134399317,-3.6838634134399317,-16.085883468395213,true,0.0,1.6012414886205946,0.02823534875525874,0.02823534875525874,58.311767804410074,-15.629753240711551,42.68201456369852,136.6190616831962,-137.49200294073628,100.0,0.08,0.6,0.27,1.0,false
0.02,0.02,0.0,0.001,0.5,0.2,0.15,1.0,10.0,5.0,5.75,91.21193104058273,2.174718991784424,-3.693013080463989,-3.693013080463989,-16.129148512433968,true,0.0,2.174718991784424,0.037821199857120416,0.037821199857120416,59.674718991784424,-15.670871955657013,44.00384703612741,135.61250438578958,-138.86115995686265,100.0,0.08,0.6,0.27,1.0,false
