gross_delta,delta,iota,kappa,lambda,sigmah,sigmal,V0,r,alpha,pi,xi,mu_b,m,c,p,vb,sg_debt,debt,debt_diff,abs_debt_diff,debt_per_diff,abs_debt_per_diff,eq_vb,eq_min_val,sg_equity,equity,eq_negative,firm_value,leverage,ROE,cvml_vb,cvmh_vb,eq_deriv
0.02,0.0185,0.0015,0.01,NaN,NaN,0.2,100.0,0.08,0.6,0.27,1.0,1.0,5.0,1.2398989898989898,12.614986535875135,57.03043823929353,63.07498821569228,63.11549004625939,0.040557366883717805,0.040557366883717805,0.0006430029357285277,0.0006430029357285277,-7.993605777301127e-14,NaN,37.330949996177566,37.279325164825174,false,100.39481521108456,62.8672804602073,1.0704092628036177,NaN,NaN,NaN
