gross_delta,delta,iota,kappa,lambda,sigmah,sigmal,mu_b,m,c,p,vb,debt_diff,eq_deriv,eq_deriv_min_val,eq_min_val,eq_negative,eq_vb,abs_debt_diff,debt_per_diff,abs_debt_per_diff,debt,equity,firm_value,leverage,ROE,V0,r,alpha,pi,xi,opt
0.02,0.02,0.0,0.004,0.75,0.35,0.15,1.0,5.0,11.0,12.29945494549455,65.85153220511563,45.41054551357213,8.091052546471515e-6,-0.8962876924131788,0.011684586281907501,false,0.0,45.41054551357213,0.7384155755651044,0.7384155755651044,106.90782024104487,8.55247045700436,115.46029069804923,92.59271702392408,-223.8085265477423,100.0,0.08,0.6,0.27,1.0,false
0.02,0.02,0.0,0.004,0.75,0.35,0.15,1.0,5.0,11.0,12.746353667170192,89.03098532542013,40.40585874242693,-3.399153660535547,-3.505491239592405,-15.65830559739576,true,0.0,40.40585874242693,0.634760625005516,0.634760625005516,104.13762707827789,-12.866025616430164,91.27160146184772,114.09641707865536,210.95179369778063,100.0,0.08,0.6,0.27,1.0,false
0.02,0.02,0.0,0.004,0.75,0.35,0.15,1.0,5.0,11.0,12.910734494502082,91.21193104058273,40.91523389251715,-3.8291771598846474,-3.8291771598846474,-17.820668718446424,true,0.0,40.91523389251715,0.6338172922685464,0.6338172922685464,105.46890636502756,-16.155776542038566,89.313129822989,118.08891545292157,195.41146737035308,100.0,0.08,0.6,0.27,1.0,false
0.02,0.02,0.0,0.004,0.75,0.35,0.15,1.0,5.0,11.0,13.522014043509614,87.84661524186191,48.009832448358594,-3.701872728142817,-3.701872728142817,-18.07724006010418,true,0.0,48.009832448358594,0.7100988402153401,0.7100988402153401,115.61990266590666,-17.642908001889626,97.97699466401704,118.00719450764001,12.951459296853018,100.0,0.08,0.6,0.27,1.0,false
0.02,0.02,0.0,0.004,0.75,0.35,0.15,1.0,5.0,11.0,14.133293592517147,89.40601600227343,55.72997646344585,-3.630167269496877,-3.630167269496877,-18.10512550971133,true,0.0,55.72997646344585,0.7886339599278122,0.7886339599278122,126.39644442603158,-16.93377921839788,109.4626652076337,115.46991313090827,-35.84825688986291,100.0,0.08,0.6,0.27,1.0,false
0.02,0.02,0.0,0.004,0.75,0.35,0.15,1.0,5.0,11.0,14.744573141524677,89.52305619869338,64.95104073896437,-3.397052235639081,-3.397052235639081,-17.545596232174823,true,0.0,64.95104073896437,0.8810162236035819,0.8810162236035819,138.67390644658775,-16.021538976471447,122.6523674701163,113.06255990564146,-58.572742066802384,100.0,0.08,0.6,0.27,1.0,false
