gross_delta,delta,iota,kappa,lambda,sigmah,sigmal,mu_b,m,c,p,vb,debt_diff,eq_deriv,eq_deriv_min_val,eq_min_val,eq_negative,eq_vb,abs_debt_diff,debt_per_diff,abs_debt_per_diff,debt,equity,firm_value,leverage,ROE,V0,r,alpha,pi,xi,opt
0.02,0.02,0.0,0.004,0.75,0.35,0.15,1.0,5.0,2.0,12.365516814839378,68.281715709052,3.229046549091109,-0.9241458648494498,-0.9241458648494498,-2.228864655016043,true,0.0,3.229046549091109,0.05222663310305082,0.05222663310305082,65.056630623288,7.281587528986518,72.33821815227452,89.93396891023978,-79.16174753932192,100.0,0.08,0.6,0.27,1.0,false
0.02,0.02,0.0,0.004,0.75,0.35,0.15,1.0,5.0,2.0,13.335824371910874,70.77227201452772,2.159908221185731,-0.9614182614661847,-0.9614182614661847,-2.433107288981834,true,0.0,2.159908221185731,0.03239257148189693,0.03239257148189693,68.8390300807401,5.653578213310321,74.49260829405043,92.41055140532397,-81.85686059208327,100.0,0.08,0.6,0.27,1.0,false
0.02,0.02,0.0,0.004,0.75,0.35,0.15,1.0,5.0,2.0,13.820978150446622,86.47852005787888,0.551764912466723,-0.5538519786130598,-0.5538519786130598,-1.4173828844240999,true,0.0,0.551764912466723,0.007984455318003564,0.007984455318003564,69.65665566469984,-0.38835031708228757,69.26830534761756,100.56064648201422,-101.27985337671068,100.0,0.08,0.6,0.27,1.0,false
0.02,0.02,0.0,0.004,0.75,0.35,0.15,1.0,5.0,2.0,14.023085532582867,88.03808530046565,-6.785051818215555e-6,-0.5278480007464859,-0.5278480007464859,-1.3682630615136235,true,0.0,6.785051818215555e-6,-6.488730279357036e-6,6.488730279357036e-6,70.11542087786253,-1.0576386018908048,69.05778227597173,101.5315270300228,-103.53907812309575,100.0,0.08,0.6,0.27,1.0,false
0.02,0.02,0.0,0.004,0.75,0.35,0.15,1.0,5.0,2.0,14.30613192898237,86.01067645418247,-0.5112140728127059,-0.6124426205690514,-0.6124426205690514,-1.6173881185786543,true,0.0,0.5112140728127059,-0.007146782587361052,0.007146782587361052,71.01944557209914,-0.48561386138232854,70.53383171071681,100.68848359660085,-101.67565414454185,100.0,0.08,0.6,0.27,1.0,false
0.02,0.02,0.0,0.004,0.75,0.35,0.15,1.0,5.0,2.0,14.791285707518119,81.26799293333434,-0.35673878821863525,-0.7889218734869734,-0.7889218734869734,-2.1465458757148417,true,0.0,0.35673878821863525,-0.004823634608549438,0.004823634608549438,73.59968974937196,0.6238709279053739,74.22356067727733,99.15947049398781,-97.63688031700107,100.0,0.08,0.6,0.27,1.0,false
