gross_delta,delta,iota,kappa,lambda,sigmah,sigmal,mu_b,m,c,p,vb,debt_diff,eq_deriv,eq_deriv_min_val,eq_min_val,eq_negative,eq_vb,abs_debt_diff,debt_per_diff,abs_debt_per_diff,debt,equity,firm_value,leverage,ROE,V0,r,alpha,pi,xi,opt
0.02,0.02,0.0,0.004,0.75,0.35,0.15,1.0,5.0,8.0,13.983048304830481,61.847239272445385,-4.870741229400011,-0.1298259234797872,-0.41760569209977494,-0.3631682593214017,true,0.0,4.870741229400011,-0.06966637207020733,0.06966637207020733,65.0445002947524,16.207987131521655,81.25248742627406,80.05231883365013,-53.632511998996044,100.0,0.08,0.6,0.27,1.0,false
0.02,0.02,0.0,0.004,0.75,0.35,0.15,1.0,5.0,8.0,14.524755107089653,61.47547463015195,-7.249738140410997,-0.2860529758330112,-0.8632595768801443,-0.060783050947414964,true,0.0,7.249738140410997,-0.09982596039601853,0.09982596039601853,65.37403739503726,17.504547963345406,82.87858535838267,78.87928722763253,-49.446754266301376,100.0,0.08,0.6,0.27,1.0,false
0.02,0.02,0.0,0.004,0.75,0.35,0.15,1.0,5.0,8.0,15.066461909348828,61.4815380469793,-6.429072786355704,-0.23631000894727816,-1.0189638538936556,-0.039773327682003215,true,0.0,6.429072786355704,-0.08534283397174258,0.08534283397174258,68.90323676038844,17.851564282552225,86.75480104294067,79.42296672005932,-42.59349712701734,100.0,0.08,0.6,0.27,1.0,false
0.02,0.02,0.0,0.004,0.75,0.35,0.15,1.0,5.0,8.0,15.356440460383672,62.051969647538115,0.00022313266926483194,-0.23814442416406872,-1.028730536114607,-0.045558946402099856,true,0.0,0.00022313266926483194,-0.0010350426058560553,0.0010350426058560553,76.78242543458761,16.561796581405762,93.34422201599337,82.25728789236885,-28.666982269206763,100.0,0.08,0.6,0.27,1.0,false
0.02,0.02,0.0,0.004,0.75,0.35,0.15,1.0,5.0,8.0,15.608168711608,62.751689954723005,6.006089005554955,-0.257353485019719,-1.0189603393532913,-0.04775832372214771,true,0.0,6.006089005554955,0.07696084167885946,0.07696084167885946,84.04693256359495,14.945690039604573,98.99262260319952,84.9022183203362,-6.314631344826083,100.0,0.08,0.6,0.27,1.0,false
0.02,0.02,0.0,0.004,0.75,0.35,0.15,1.0,5.0,8.0,16.149875513867173,64.0235205421725,2.307002297271751,-0.27541953013831316,-1.019217142115049,-0.05820579304294888,true,0.0,2.307002297271751,0.028569908112181196,0.028569908112181196,83.05637986660761,12.372354987566606,95.42873485417422,87.03497955152298,-26.97927072159012,100.0,0.08,0.6,0.27,1.0,false
