gross_delta,delta,iota,kappa,lambda,sigmah,sigmal,mu_b,m,c,p,vb,debt_diff,eq_deriv,eq_deriv_min_val,eq_min_val,eq_negative,eq_vb,abs_debt_diff,debt_per_diff,abs_debt_per_diff,debt,equity,firm_value,leverage,ROE,V0,r,alpha,pi,xi,opt
0.02,0.02,0.0,0.004,0.75,0.35,0.15,1.0,5.0,1.0,11.207735247208932,44.2808641286367,0.6393895266293725,-1.3479940762966405,-1.3479940762966405,-2.2526628605268977,true,0.0,0.6393895266293725,0.011409789980337018,0.011409789980337018,56.67806576267403,40.06541828447406,96.74348404714809,58.58592578188717,-7.5170142104276305,100.0,0.08,0.6,0.27,1.0,false
0.02,0.02,0.0,0.004,0.75,0.35,0.15,1.0,5.0,1.0,11.484416862738906,43.74971320384469,0.3855867709829184,-1.4506863425940815,-1.4506863425940815,-2.4299675666631915,true,0.0,0.3855867709829184,0.006714956024174835,0.006714956024174835,57.807671084677445,42.495740754191324,100.30341183886877,57.632806327208385,0.7191161205575947,100.0,0.08,0.6,0.27,1.0,false
0.02,0.02,0.0,0.004,0.75,0.35,0.15,1.0,5.0,1.0,11.76109847826888,44.68969147466801,0.1317840153376082,-1.4317403060408724,-1.4317403060408724,-2.4275385059422923,true,0.0,0.1317840153376082,0.0022410154218350793,0.0022410154218350793,58.937276406682,41.459239137345264,100.39651554402727,58.70450392358091,0.9656338141481369,100.0,0.08,0.6,0.27,1.0,false
0.02,0.02,0.0,0.004,0.75,0.35,0.15,1.0,5.0,1.0,11.904758543285002,43.71461834955341,3.2307440215395902e-6,-1.5378147026590454,-1.5378147026590454,-2.5971044299827057,true,0.0,3.2307440215395902e-6,4.520492085727788e-8,4.520492085727788e-8,59.52379594716903,44.329747583362,103.85354353053103,57.31513237164616,9.520516117324762,100.0,0.08,0.6,0.27,1.0,false
0.02,0.02,0.0,0.004,0.75,0.35,0.15,1.0,5.0,1.0,12.037780093798853,42.49268228173147,-0.12201874030691329,-1.6609940011216335,-1.6609940011216335,-2.7915100951771072,true,0.0,0.12201874030691329,-0.002027263155766902,0.002027263155766902,60.06688172868735,47.70864246665233,107.77552419533967,55.73332366244682,19.47136745623368,100.0,0.08,0.6,0.27,1.0,false
0.02,0.02,0.0,0.004,0.75,0.35,0.15,1.0,5.0,1.0,12.314461709328828,43.3681809077782,-0.3758214959527493,-1.6423662958111065,-1.6423662958111065,-2.7954684612983787,true,0.0,0.3758214959527493,-0.006103742166302657,0.006103742166302657,61.19648705069139,46.58737721875964,107.78386426945103,56.777039369923756,20.05968964619147,100.0,0.08,0.6,0.27,1.0,false
