gross_delta,delta,iota,kappa,lambda,sigmah,sigmal,mu_b,m,c,p,vb,debt_diff,eq_deriv,eq_deriv_min_val,eq_min_val,eq_negative,eq_vb,abs_debt_diff,debt_per_diff,abs_debt_per_diff,debt,equity,firm_value,leverage,ROE,V0,r,alpha,pi,xi,opt
0.02,0.02,0.0,0.004,0.75,0.35,0.15,1.0,5.0,7.0,14.344334433443345,61.486350573868805,-8.196312592253747,-1.1429870994063815,-1.1429870994063815,-2.6680361000473796,true,0.0,8.196312592253747,-0.11427944085219198,0.11427944085219198,63.52535957496298,16.27165516084029,79.79701473580326,79.60869186057467,-55.38912797706141,100.0,0.08,0.6,0.27,1.0,false
0.02,0.02,0.0,0.004,0.75,0.35,0.15,1.0,5.0,7.0,14.869084276848737,61.84928232181075,-7.062796175832986,-0.8149106513509768,-0.8149106513509768,-1.5857631664973493,true,0.0,7.062796175832986,-0.09499974637751979,0.09499974637751979,67.28262520841069,15.66694254612889,82.94956775453959,81.11268934819556,-52.11430426209988,100.0,0.08,0.6,0.27,1.0,false
0.02,0.02,0.0,0.004,0.75,0.35,0.15,1.0,5.0,7.0,15.336646310441713,63.442118638461885,-0.00013563922104475878,-0.8064219729222967,-0.7396575837307351,-1.3856705379525192,true,0.0,0.00013563922104475878,-0.0031853393963364625,0.0031853393963364625,76.68309591298754,12.219554246662682,88.90265015965022,86.2551293749748,-47.593581887790215,100.0,0.08,0.6,0.27,1.0,false
0.02,0.02,0.0,0.004,0.75,0.35,0.15,1.0,5.0,7.0,15.918583963659524,64.07350360015383,2.7472184543237717,-0.818219152405589,-0.818219152405589,-1.117504851902754,true,0.0,2.7472184543237717,0.03451586473514713,0.03451586473514713,82.34013827262139,11.069085250183928,93.40922352280532,88.14990122738631,-37.32065731283052,100.0,0.08,0.6,0.27,1.0,false
0.02,0.02,0.0,0.004,0.75,0.35,0.15,1.0,5.0,7.0,16.443333807064917,62.05320198216433,-6.4512587594935695,-0.6308504397485206,-0.9449439478972312,-0.31537440425703517,true,0.0,6.4512587594935695,-0.07846655471680287,0.07846655471680287,75.76541027583102,16.026391142923238,91.79180141875426,82.54049828501476,-33.8697649709323,100.0,0.08,0.6,0.27,1.0,false
0.02,0.02,0.0,0.004,0.75,0.35,0.15,1.0,5.0,7.0,16.96808365047031,62.67756569687212,-2.47166681412169,-0.5070483639267312,-1.0188937145471935,-0.2093852773985345,true,0.0,2.47166681412169,-0.029133128584655252,0.029133128584655252,82.36875143822985,14.905474645216644,97.2742260834465,84.6768509549179,-15.459902950173376,100.0,0.08,0.6,0.27,1.0,false
