gross_delta,delta,iota,kappa,lambda,sigmah,sigmal,mu_b,m,c,p,vb,debt_diff,eq_deriv,eq_deriv_min_val,eq_min_val,eq_negative,eq_vb,abs_debt_diff,debt_per_diff,abs_debt_per_diff,debt,equity,firm_value,leverage,ROE,V0,r,alpha,pi,xi,opt
0.02,0.02,0.0,0.003,0.3,0.25,0.15,1.0,7.0,11.0,8.305260789236817,98.77965434133976,21.48580623034622,-1.5845181461846953,-1.5845181461846953,-2.8570460245539233,true,0.0,21.48580623034622,0.36957308962859337,0.36957308962859337,79.62263175500394,-1.360636516897285,78.26199523810665,101.7385660980884,-106.67719452550703,100.0,0.08,0.6,0.27,1.0,false
0.02,0.02,0.0,0.003,0.3,0.25,0.15,1.0,7.0,11.0,8.575611508519271,98.94112926751416,17.18796168841324,-1.4802443235124212,-1.4802443235124212,-2.473694664058833,true,0.0,17.18796168841324,0.286326298236045,0.286326298236045,77.21724224804814,-1.0943985842997794,76.12284366374836,101.43767433220701,-104.8036264802316,100.0,0.08,0.6,0.27,1.0,false
0.02,0.02,0.0,0.003,0.3,0.25,0.15,1.0,7.0,11.0,8.845962227801726,99.08163265306122,13.166952076611445,-1.3814457083943037,-1.3814457083943037,-2.1378143260142273,true,0.0,13.166952076611445,0.21263861469924825,0.21263861469924825,75.08868767122352,-0.8731708792922741,74.21551679193125,101.17653412256129,-103.50511794709276,100.0,0.08,0.6,0.27,1.0,false
0.02,0.02,0.0,0.003,0.3,0.25,0.15,1.0,7.0,11.0,9.11631294708418,99.08163265306122,11.359681109137881,-1.2601751157254446,-1.2601751157254446,-1.7572015784862403,true,0.0,11.359681109137881,0.17801183399904538,0.17801183399904538,75.17387173872714,-0.7851716979112819,74.38870004081586,101.05549861401056,-103.16268283821002,100.0,0.08,0.6,0.27,1.0,false
0.02,0.02,0.0,0.003,0.3,0.25,0.15,1.0,7.0,11.0,9.386663666366635,99.08163265306122,9.552410141663302,-1.142525895907148,-1.142525895907148,-1.427330082780643,true,0.0,9.552410141663302,0.1453796651015868,0.1453796651015868,75.25905580622975,-0.6997741607255346,74.55928164550421,100.93854734820628,-102.82840523484037,100.0,0.08,0.6,0.27,1.0,false
0.02,0.02,0.0,0.003,0.3,0.25,0.15,1.0,7.0,11.0,9.386663666366635,99.08163265306122,9.552410141663302,-1.142525895907148,-1.142525895907148,-1.427330082780643,true,0.0,9.552410141663302,0.1453796651015868,0.1453796651015868,75.25905580622975,-0.6997741607255346,74.55928164550421,100.93854734820628,-102.82840523484037,100.0,0.08,0.6,0.27,1.0,false
