gross_delta,delta,iota,kappa,lambda,sigmah,sigmal,mu_b,m,c,p,vb,debt_diff,eq_deriv,eq_deriv_min_val,eq_min_val,eq_negative,eq_vb,abs_debt_diff,debt_per_diff,abs_debt_per_diff,debt,equity,firm_value,leverage,ROE,V0,r,alpha,pi,xi,opt
0.02,0.02,0.0,0.003,0.2,0.275,0.15,1.0,5.0,2.0,14.300670856559341,86.23504858835072,1.1644625340979502,0.1072141704986803,0.1072141704986803,0.013935763330396485,false,0.0,1.1644625340979502,0.016285425289175745,0.016285425289175745,72.66781681689466,7.022842360765875,79.69065917766054,91.1873707242033,-74.30559310349253,100.0,0.08,0.6,0.27,1.0,false
0.02,0.02,0.0,0.003,0.2,0.275,0.15,1.0,5.0,2.0,14.581185980310858,87.98927313730053,3.891167383140187e-5,0.10809954493303445,0.10809954493303445,-0.016649692632070903,true,0.0,3.891167383140187e-5,0.002094149977326464,0.002094149977326464,72.90596881322817,4.712621568688012,77.61859038191618,93.9284885933899,-82.60642155387765,100.0,0.08,0.6,0.27,1.0,false
0.02,0.02,0.0,0.003,0.2,0.275,0.15,1.0,5.0,2.0,17.351612792858234,77.01982937324462,-0.5444848799734388,-0.6704960587417776,-0.6704960587417776,-1.0353327499774876,true,0.0,0.5444848799734388,-0.006275899381497768,0.006275899381497768,86.21357908431773,12.512589650566738,98.72616873488447,87.32596452297508,-9.239753181092336,100.0,0.08,0.6,0.27,1.0,false
0.02,0.02,0.0,0.003,0.2,0.275,0.15,1.0,5.0,2.0,17.787461640900933,73.35016089059471,-0.2623016331422008,-0.9426023250876348,-0.9426023250876348,-1.7100255266560638,true,0.0,0.2623016331422008,-0.0029492868452804743,0.0029492868452804743,88.67500657136246,16.208563770330947,104.8835703416934,84.54613652307401,43.12205894393113,100.0,0.08,0.6,0.27,1.0,false
0.02,0.02,0.0,0.003,0.2,0.275,0.15,1.0,5.0,2.0,18.223310488943632,69.12058238911743,-0.1976317069279503,-1.2660145070622428,-1.2660145070622428,-2.556136565682757,true,0.0,0.1976317069279503,-0.002168998953816394,0.002168998953816394,90.91892073779022,21.427291975850412,112.34621271364063,80.92744609872479,135.95534580364745,100.0,0.08,0.6,0.27,1.0,false
0.02,0.02,0.0,0.003,0.2,0.275,0.15,1.0,5.0,2.0,18.65915933698633,60.5706642542624,-0.03565445117014576,-1.66825332486209,-1.66825332486209,-3.2096057764485684,true,0.0,0.03565445117014576,-0.00038216567559366116,0.00038216567559366116,93.26014223376151,35.84389815292294,129.10404038668446,72.23642416955695,431.81980089362344,100.0,0.08,0.6,0.27,1.0,false
