gross_delta,delta,iota,kappa,lambda,sigmah,sigmal,mu_b,m,c,p,vb,debt_diff,eq_deriv,eq_deriv_min_val,eq_min_val,eq_negative,eq_vb,abs_debt_diff,debt_per_diff,abs_debt_per_diff,debt,equity,firm_value,leverage,ROE,V0,r,alpha,pi,xi,opt
0.02,0.02,0.0,0.003,0.2,0.275,0.15,1.0,5.0,6.0,19.63292645053979,91.21193104058273,3.8342783606492787,-1.1315641231891664,-1.1315641231891664,-2.01519316057044,true,0.0,3.8342783606492787,0.03905967223285613,0.03905967223285613,101.99891061334824,-0.08376753696845814,101.91514307637979,100.08219341546298,-95.8093405273313,100.0,0.08,0.6,0.27,1.0,false
0.02,0.02,0.0,0.003,0.2,0.275,0.15,1.0,5.0,6.0,20.122599102015464,91.21193104058273,2.9547341362984696,-1.1945382507591544,-1.1945382507591544,-2.2218991118096314,true,0.0,2.9547341362984696,0.0293673210038014,0.0293673210038014,103.5677296463758,-0.45805096696476544,103.10967867941103,100.44423663503883,-87.16127587105522,100.0,0.08,0.6,0.27,1.0,false
0.02,0.02,0.0,0.003,0.2,0.275,0.15,1.0,5.0,6.0,20.61227175349114,91.21193104058273,2.6219063117078605,-1.2408667847903407,-1.2408667847903407,-2.380203230072492,true,0.0,2.6219063117078605,0.025440245918199513,0.025440245918199513,105.68326507916356,-0.7511977224403518,104.93206735672321,100.71588956680574,-86.78228602789527,100.0,0.08,0.6,0.27,1.0,false
0.02,0.02,0.0,0.003,0.2,0.275,0.15,1.0,5.0,6.0,20.87318174475032,91.2863365856167,2.35065363665477,-1.2595879368673362,-1.2595879368673362,-2.4487557977663643,true,0.0,2.35065363665477,0.022627954618526017,0.022627954618526017,106.71656236040634,-0.936511932775394,105.78005042763095,100.8853388980147,-86.05667776873382,100.0,0.08,0.6,0.27,1.0,false
0.02,0.02,0.0,0.003,0.2,0.275,0.15,1.0,5.0,6.0,21.10194440496681,91.21193104058273,2.8693683950920104,-1.2718400297633747,-1.2718400297633747,-2.486668162426164,true,0.0,2.8693683950920104,0.027195298594537485,0.027195298594537485,108.37909041992607,-0.9510486042697078,107.42804181565637,100.88528896943096,-88.64973933199185,100.0,0.08,0.6,0.27,1.0,false
0.02,0.02,0.0,0.003,0.2,0.275,0.15,1.0,5.0,6.0,21.591617056442487,89.67383993838745,10.526485074640846,-1.28071240795068,-1.28071240795068,-2.4312980284722503,true,0.0,10.526485074640846,0.09750529612602556,0.09750529612602556,118.48457035685328,0.32806045361389524,118.81263081046718,99.723884193645,-101.77477997746519,100.0,0.08,0.6,0.27,1.0,false
