gross_delta,delta,iota,kappa,lambda,sigmah,sigmal,mu_b,m,c,p,vb,debt_diff,eq_deriv,eq_deriv_min_val,eq_min_val,eq_negative,eq_vb,abs_debt_diff,debt_per_diff,abs_debt_per_diff,debt,equity,firm_value,leverage,ROE,V0,r,alpha,pi,xi,opt
0.02,0.02,0.0,0.005,0.75,0.35,0.15,1.0,3.0,4.0,24.162755749259137,89.32713844102794,-0.5378500491962654,-0.455376189730456,-0.455376189730456,-0.6915616984987261,true,0.0,0.5378500491962654,-0.007419822125942135,0.007419822125942135,71.95041719858115,1.1557458503659335,73.10616304894708,98.41908561171222,-95.87963265426012,100.0,0.08,0.6,0.27,1.0,false
0.02,0.02,0.0,0.005,0.75,0.35,0.15,1.0,3.0,4.0,24.95009237765882,86.63812680365594,-0.4635502066656443,-0.6120177002197229,-0.6120177002197229,-1.0649054692632025,true,0.0,0.4635502066656443,-0.006193032603501477,0.006193032603501477,74.38672692631081,1.9884206921095355,76.37514761842036,97.39650821751084,-92.23675675346581,100.0,0.08,0.6,0.27,1.0,false
0.02,0.02,0.0,0.005,0.75,0.35,0.15,1.0,3.0,4.0,25.737429006058502,84.11486010737292,-0.4681670608350572,-0.7854539050200053,-0.7854539050200053,-1.5125194947816272,true,0.0,0.4681670608350572,-0.006063375129982257,0.006063375129982257,76.74411995734044,3.000552101541273,79.74467205888172,96.23730084522045,-87.0976626296782,100.0,0.08,0.6,0.27,1.0,false
0.02,0.02,0.0,0.005,0.75,0.35,0.15,1.0,3.0,4.0,26.524765634458184,51.6741547954023,-0.18463567157452587,-0.993552129570457,-0.993552129570457,-0.7065563910957329,true,0.0,0.18463567157452587,-0.002320292842784715,0.002320292842784715,79.38966123180002,48.33353877147696,127.72320000327699,62.15758862114566,134.51113208314433,100.0,0.08,0.6,0.27,1.0,false
0.02,0.02,0.0,0.005,0.75,0.35,0.15,1.0,3.0,4.0,27.207952332153848,52.82711121147407,-0.011105073607501053,-1.4953020925369906,-1.4953020925369906,-2.1477747998800236,true,0.0,0.011105073607501053,-0.00011597800243079301,0.00011597800243079301,81.61275192285403,42.473263449267435,124.08601537212147,65.7711118195758,130.99304078057585,100.0,0.08,0.6,0.27,1.0,false
0.02,0.02,0.0,0.005,0.75,0.35,0.15,1.0,3.0,4.0,27.312102262857866,59.60008125351653,-0.016877339325432672,-1.6188979309017915,-1.6188979309017915,-2.7849089362561212,true,0.0,0.016877339325432672,-0.00020598120646299738,0.00020598120646299738,81.91942944924817,31.537000890466455,113.45643033971463,72.20342575908882,74.42481033406922,100.0,0.08,0.6,0.27,1.0,false
