gross_delta,delta,iota,kappa,lambda,sigmah,sigmal,mu_b,m,c,p,vb,debt_diff,eq_deriv,eq_deriv_min_val,eq_min_val,eq_negative,eq_vb,abs_debt_diff,debt_per_diff,abs_debt_per_diff,debt,equity,firm_value,leverage,ROE,V0,r,alpha,pi,xi,opt
0.02,0.02,0.0,0.005,0.75,0.35,0.15,1.0,3.0,2.0,17.230287502434454,47.76609163448932,0.6008167160529396,-1.2786279338895685,-1.2786279338895685,-1.860917813294282,true,0.0,0.6008167160529396,0.011623267380536564,0.011623267380536564,52.291679223356304,40.396387515154004,92.68806673851032,56.41684098437453,-15.326327027358621,100.0,0.08,0.6,0.27,1.0,false
0.02,0.02,0.0,0.005,0.75,0.35,0.15,1.0,3.0,2.0,17.80930856243519,48.47643400219251,0.5147341299025783,-1.345631757705573,-1.345631757705573,-2.040292984831078,true,0.0,0.5147341299025783,0.009634177694173117,0.009634177694173117,53.94265981720815,40.013171035852054,93.9558308530602,57.41278569668591,-13.123139814309216,100.0,0.08,0.6,0.27,1.0,false
0.02,0.02,0.0,0.005,0.75,0.35,0.15,1.0,3.0,2.0,18.38832962243593,49.1373058660429,0.36781477600369783,-1.4181881510725451,-1.4181881510725451,-2.2360824224472298,true,0.0,0.36781477600369783,0.006667540111146011,0.006667540111146011,55.53280364331148,39.66199606566215,95.19479970897363,58.335963532760736,-10.806168782223203,100.0,0.08,0.6,0.27,1.0,false
0.02,0.02,0.0,0.005,0.75,0.35,0.15,1.0,3.0,2.0,19.434509545233887,72.15293941585408,8.91497921284845e-6,-0.4291849586341749,-0.4291849586341749,-0.5876679279884991,true,0.0,8.91497921284845e-6,6.919058737124518e-7,6.919058737124518e-7,58.30353755068087,12.751075727288315,71.05461327796918,82.05454207821037,-69.41928648554565,100.0,0.08,0.6,0.27,1.0,false
0.02,0.02,0.0,0.005,0.75,0.35,0.15,1.0,3.0,2.0,19.5463717424374,75.82620627691409,-0.04660374103001885,-0.26057984264020556,-0.26057984264020556,-0.29829655796357113,true,0.0,0.04660374103001885,-0.0007947551877166172,0.0007947551877166172,58.592511486282184,8.42300302433617,67.01551451061836,87.43126410974345,-79.65826152062874,100.0,0.08,0.6,0.27,1.0,false
0.02,0.02,0.0,0.005,0.75,0.35,0.15,1.0,3.0,2.0,23.59951916244256,48.308092377752864,-2.6944471534344814,-2.0549502575625085,-2.0549502575625085,-3.5630590917334355,true,0.0,2.6944471534344814,-0.03805793859453653,0.03805793859453653,68.1041103338932,50.19909098567698,118.30320131957018,57.567428078235075,57.38420063265872,100.0,0.08,0.6,0.27,1.0,false
