gross_delta,delta,iota,kappa,lambda,sigmah,sigmal,mu_b,m,c,p,vb,debt_diff,eq_deriv,eq_deriv_min_val,eq_min_val,eq_negative,eq_vb,abs_debt_diff,debt_per_diff,abs_debt_per_diff,debt,equity,firm_value,leverage,ROE,V0,r,alpha,pi,xi,opt
0.02,0.02,0.0,0.005,0.75,0.35,0.15,1.0,3.0,11.0,31.05940857243619,91.21193104058273,0.33410547367137156,-1.8705660560307702,-1.8705660560307702,-4.469166730010475,true,0.0,0.33410547367137156,0.00358566039543409,0.00358566039543409,93.51233119097995,-3.7494253700377227,89.76290582094222,104.17703207772375,-157.79310689881018,100.0,0.08,0.6,0.27,1.0,false
0.02,0.02,0.0,0.005,0.75,0.35,0.15,1.0,3.0,11.0,32.00935751469884,90.66949392045665,-1.8368607512697253,-2.083948064883864,-2.083948064883864,-5.270059806364842,true,0.0,1.8368607512697253,-0.019128372595693104,0.019128372595693104,94.19121179282679,-4.465335301996493,89.7258764908303,104.97664160734371,-176.87206251524717,100.0,0.08,0.6,0.27,1.0,false
0.02,0.02,0.0,0.005,0.75,0.35,0.15,1.0,3.0,11.0,32.56288879917871,88.65878965199231,3.53333423679502e-5,-2.1468144697042373,-2.1468144697042373,-5.5013705909961965,true,0.0,3.53333423679502e-5,-0.00020720776431371537,0.00020720776431371537,97.6887017308785,-3.6839539660178127,94.0047477648607,103.91890202740896,-259.3889466900373,100.0,0.08,0.6,0.27,1.0,false
0.02,0.02,0.0,0.005,0.75,0.35,0.15,1.0,3.0,11.0,32.959306456961485,87.64825664912448,1.1877089046779759,-2.152141311564506,-2.152141311564506,-5.542623550181255,true,0.0,1.1877089046779759,0.012011871934956068,0.012011871934956068,100.06562827556243,-3.2605153690987883,96.80511290646365,103.36812309929249,4868.156394719042,100.0,0.08,0.6,0.27,1.0,false
0.02,0.02,0.0,0.005,0.75,0.35,0.15,1.0,3.0,11.0,33.909255399224136,88.35729818936551,1.4720630600720597,-2.0435041475165847,-2.0435041475165847,-5.287255517237329,true,0.0,1.4720630600720597,0.014470612253606541,0.014470612253606541,103.19982925774447,-3.7045420898064583,99.49528716793802,103.72333423547344,15.773117607461252,100.0,0.08,0.6,0.27,1.0,false
0.02,0.02,0.0,0.005,0.75,0.35,0.15,1.0,3.0,11.0,34.85920434148678,89.4421955664757,3.375457259837333,-1.9414674480578944,-1.9414674480578944,-5.020701981732979,true,0.0,3.375457259837333,0.03227705397184601,0.03227705397184601,107.95307028429767,-4.134670835748322,103.81839944854934,103.98259928655267,-48.011639681951415,100.0,0.08,0.6,0.27,1.0,false
