gross_delta,delta,iota,kappa,lambda,sigmah,sigmal,mu_b,m,c,p,vb,debt_diff,eq_deriv,eq_deriv_min_val,eq_min_val,eq_negative,eq_vb,abs_debt_diff,debt_per_diff,abs_debt_per_diff,debt,equity,firm_value,leverage,ROE,V0,r,alpha,pi,xi,opt
0.02,0.02,0.0,0.004,0.1,0.225,0.15,1.0,5.0,7.0,19.291146219885146,96.81785167175086,-14.651523858112029,-0.023244470605784648,-0.023244470605784648,-0.0004922910276668012,false,0.0,14.651523858112029,-0.15189894567290527,0.15189894567290527,81.8042072413137,1.131231140694279,82.93543838200799,98.63600993403601,-93.78300711765223,100.0,0.08,0.6,0.27,1.0,false
0.02,0.02,0.0,0.004,0.1,0.225,0.15,1.0,5.0,7.0,19.747822150636114,96.33515519564317,-13.540859985983033,-0.13058799786863912,-0.13058799786863912,-0.02793410561021277,true,0.0,13.540859985983033,-0.13713775506679715,0.13713775506679715,85.19825076719754,1.1938367785656987,86.39208754576323,98.6181179174154,-91.93448855409594,100.0,0.08,0.6,0.27,1.0,false
0.02,0.02,0.0,0.004,0.1,0.225,0.15,1.0,5.0,7.0,21.117849942889023,95.72821594813733,-15.19126939449032,-0.3542196219665247,-0.3542196219665247,-0.19468261171375859,true,0.0,15.19126939449032,-0.14387136413577603,0.14387136413577603,90.3979803199548,0.940181103708167,91.33816142366297,98.97065904430981,-90.20850680339638,100.0,0.08,0.6,0.27,1.0,false
0.02,0.02,0.0,0.004,0.1,0.225,0.15,1.0,5.0,7.0,22.03876443343049,93.38690762815344,-0.00026212130136848977,-0.42861950522381004,-0.42861950522381004,-0.25954822629126967,true,0.0,0.00026212130136848977,-0.004360081488409325,0.004360081488409325,110.19356004585109,3.4058789531935045,113.5994389990446,97.00185231264905,-133.41206544007892,100.0,0.08,0.6,0.27,1.0,false
0.02,0.02,0.0,0.004,0.1,0.225,0.15,1.0,5.0,7.0,22.944553665892904,90.93845400681646,17.44753875721443,-0.45171422327310196,-0.45171422327310196,-0.26892227787361406,true,0.0,17.44753875721443,0.15208435963738282,0.15208435963738282,132.17030708667895,6.291754456405806,138.46206154308476,95.45597228129668,-119.55764500305652,100.0,0.08,0.6,0.27,1.0,false
0.02,0.02,0.0,0.004,0.1,0.225,0.15,1.0,5.0,7.0,23.857905527394845,90.8730063403667,18.212631192252914,-0.4339550702898512,-0.4339550702898512,-0.24158211562141516,true,0.0,18.212631192252914,0.15267585975927564,0.15267585975927564,137.50215882922714,6.704898434332922,144.20705726356007,95.35050602823222,-117.87869990329061,100.0,0.08,0.6,0.27,1.0,false
