gross_delta,delta,iota,kappa,lambda,sigmah,sigmal,mu_b,m,c,p,vb,debt_diff,eq_deriv,eq_deriv_min_val,eq_min_val,eq_negative,eq_vb,abs_debt_diff,debt_per_diff,abs_debt_per_diff,debt,equity,firm_value,leverage,ROE,V0,r,alpha,pi,xi,opt
0.02,0.02,0.0,0.005,0.75,0.275,0.15,1.0,5.0,10.0,13.383313331333133,65.49844768065749,37.77324035395171,0.3683089696052275,-0.7553614384031926,0.05622919503168034,false,0.0,37.77324035395171,0.5644826422096336,0.5644826422096336,104.68980701061737,22.49188672415965,127.18169373477701,82.31515396306648,-579.5908802481573,100.0,0.08,0.6,0.27,1.0,false
0.02,0.02,0.0,0.005,0.75,0.275,0.15,1.0,5.0,10.0,13.929315299951048,69.0397916446867,55.38469189843933,-8.509127305511913e-6,-0.8332207614287899,-0.8621079265622109,true,0.0,55.38469189843933,0.7952249009487776,0.7952249009487776,125.03126839819457,13.86812337901127,138.89939177720584,90.01570618735633,-155.4031987448608,100.0,0.08,0.6,0.27,1.0,false
0.02,0.02,0.0,0.005,0.75,0.275,0.15,1.0,5.0,10.0,14.475317268568961,91.21193104058273,34.78062621194745,-2.99214273297974,-2.99214273297974,-10.867164283842962,true,0.0,34.78062621194745,0.4805507964577537,0.4805507964577537,107.15721255479225,-10.769631321873506,96.38758123291875,111.17325612295312,50.472425395030186,100.0,0.08,0.6,0.27,1.0,false
0.02,0.02,0.0,0.005,0.75,0.275,0.15,1.0,5.0,10.0,14.600407570482345,92.84835852000028,33.66402885285544,-3.2661973751923576,-3.1939741120317304,-11.839449618235516,true,0.0,33.66402885285544,0.45952065647497403,0.45952065647497403,106.66606670526714,-12.993234795239015,93.67283191002812,113.87086792435068,94.91606324569946,100.0,0.08,0.6,0.27,1.0,false
0.02,0.02,0.0,0.005,0.75,0.275,0.15,1.0,5.0,10.0,15.021319237186876,89.27372199755311,41.252243877558215,-3.008731991464043,-3.008731991464043,-11.244977212107031,true,0.0,41.252243877558215,0.5492492799891223,0.5492492799891223,116.3588400634926,-11.243831975076803,105.11500808841579,110.69669515281704,-31.267547506811077,100.0,0.08,0.6,0.27,1.0,false
0.02,0.02,0.0,0.005,0.75,0.275,0.15,1.0,5.0,10.0,15.56732120580479,89.38947399957654,47.03909527716766,-2.8785138240577415,-2.8785138240577415,-10.994591503132366,true,0.0,47.03909527716766,0.6043312738947992,0.6043312738947992,124.87570130619162,-10.988589605468723,113.8871117007229,109.64866826576916,-55.82601081186949,100.0,0.08,0.6,0.27,1.0,false
