gross_delta,delta,iota,kappa,lambda,sigmah,sigmal,mu_b,m,c,p,vb,debt_diff,eq_deriv,eq_deriv_min_val,eq_min_val,eq_negative,eq_vb,abs_debt_diff,debt_per_diff,abs_debt_per_diff,debt,equity,firm_value,leverage,ROE,V0,r,alpha,pi,xi,opt
0.02,0.02,0.0,0.001,0.5,0.225,0.15,1.0,7.0,1.0,8.852785278527852,69.94076069443292,1.029302863788061,-0.2682528643818216,-0.2682528643818216,-0.2922432096606846,true,0.0,1.029302863788061,0.016609830875722924,0.016609830875722924,62.998799813483025,12.861544038541469,75.8603438520245,83.04576095300914,-65.24019768626819,100.0,0.08,0.6,0.27,1.0,false
0.02,0.02,0.0,0.001,0.5,0.225,0.15,1.0,7.0,1.0,9.102644474973813,70.70899531469529,1.1608503804277603,-0.268897063790238,-0.268897063790238,-0.2927999152057549,true,0.0,1.1608503804277603,0.018218416536916793,0.018218416536916793,64.87936170524445,12.433724104034557,77.313085809279,83.91769779477322,-64.5971009988983,100.0,0.08,0.6,0.27,1.0,false
0.02,0.02,0.0,0.001,0.5,0.225,0.15,1.0,7.0,1.0,9.352503671419774,81.48662420687744,0.7829815801447069,-0.07184546586597076,-0.07184546586597076,-0.032604897785410536,true,0.0,0.7829815801447069,0.01195984683663466,0.01195984683663466,66.25050728008313,5.78329685657765,72.03380413666078,91.97141269173329,-82.86404804785494,100.0,0.08,0.6,0.27,1.0,false
0.02,0.02,0.0,0.001,0.5,0.225,0.15,1.0,7.0,1.0,9.556345839485997,83.68305466579929,1.512460314808707e-5,-0.046225007753425355,-0.046225007753425355,-0.006812624155469253,true,0.0,1.512460314808707e-5,2.7671056945185573e-5,2.7671056945185573e-5,66.89443600100513,4.662011924296008,71.55644792530114,93.48484719481499,-85.91773901076702,100.0,0.08,0.6,0.27,1.0,false
0.02,0.02,0.0,0.001,0.5,0.225,0.15,1.0,7.0,1.0,9.602362867865734,83.33369351641204,-0.15615961913134413,-0.05651114722694513,-0.05651114722694513,-0.02097871006797796,true,0.0,0.15615961913134413,-0.0023232320342130375,0.0023232320342130375,67.0603804559288,4.921907028996272,71.98228748492507,93.1623359009992,-85.05779029289923,100.0,0.08,0.6,0.27,1.0,false
0.02,0.02,0.0,0.001,0.5,0.225,0.15,1.0,7.0,1.0,9.852222064311695,79.4503338440627,-0.09741552527576403,-0.13476035273871337,-0.13476035273871337,-0.09652244949391088,true,0.0,0.09741552527576403,-0.0014125243544026512,0.0014125243544026512,68.8681389249061,7.079647767676748,75.94778669258285,90.67826980089184,-77.2591566222149,100.0,0.08,0.6,0.27,1.0,false
