gross_delta,delta,iota,kappa,lambda,sigmah,sigmal,mu_b,m,c,p,vb,debt_diff,eq_deriv,eq_deriv_min_val,eq_min_val,eq_negative,eq_vb,abs_debt_diff,debt_per_diff,abs_debt_per_diff,debt,equity,firm_value,leverage,ROE,V0,r,alpha,pi,xi,opt
0.02,0.02,0.0,0.001,0.5,0.225,0.15,1.0,7.0,2.0,11.172242224222423,93.67348677455117,-4.190312559019262,-0.6564174920353496,-0.6564174920353496,-1.768477775131625,true,0.0,4.190312559019262,-0.05358065711841095,0.05358065711841095,74.01538301053769,-1.768506492970387,72.2468765175673,102.44786567698931,-106.80597483383181,100.0,0.08,0.6,0.27,1.0,false
0.02,0.02,0.0,0.001,0.5,0.225,0.15,1.0,7.0,2.0,11.744760247474566,90.57924900235213,-0.640387118253691,-0.7886978380084433,-0.7886978380084433,-2.2065432844460853,true,0.0,0.640387118253691,-0.008402001849062693,0.008402001849062693,81.57293461406823,-1.8922727031562543,79.68066191091198,102.37482051199818,-110.26898566605684,100.0,0.08,0.6,0.27,1.0,false
0.02,0.02,0.0,0.001,0.5,0.225,0.15,1.0,7.0,2.0,12.066513230270395,90.06372683672535,-1.1266306232825798,-0.8318037601889883,-0.8318037601889883,-2.3557437848491594,true,0.0,1.1266306232825798,-0.013338337995913737,0.013338337995913737,83.33896198861018,-2.0148145265744484,81.32414746203573,102.4775107879428,-112.09297118941257,100.0,0.08,0.6,0.27,1.0,false
0.02,0.02,0.0,0.001,0.5,0.225,0.15,1.0,7.0,2.0,12.364603565619719,89.29308417303409,-1.6594776574199415,-0.8832375701700059,-0.8832375701700059,-2.5308148050494754,true,0.0,1.6594776574199415,-0.01917313689162305,0.01917313689162305,84.89274730191809,-2.027155412710088,82.865591889208,102.4463174237872,-113.41842526383017,100.0,0.08,0.6,0.27,1.0,false
0.02,0.02,0.0,0.001,0.5,0.225,0.15,1.0,7.0,2.0,12.662693900969044,87.60974464745215,-1.4449904354542298,-0.9654144190875783,-0.9654144190875783,-2.8026493160586066,true,0.0,1.4449904354542298,-0.01630199755907332,0.01630199755907332,87.19386687132908,-1.8158839801856779,85.3779828911434,102.12687617895695,-114.17979933474373,100.0,0.08,0.6,0.27,1.0,false
0.02,0.02,0.0,0.001,0.5,0.225,0.15,1.0,7.0,2.0,12.960784236318368,85.07485106944502,-0.8545666093850315,-1.0826891932106733,-1.0826891932106733,-3.182395694622877,true,0.0,0.8545666093850315,-0.009419255962595971,0.009419255962595971,89.87092304484354,-1.1526286853492527,88.71829435949428,101.29920068196836,-111.37940495913084,100.0,0.08,0.6,0.27,1.0,false
