gross_delta,delta,iota,kappa,lambda,sigmah,sigmal,mu_b,m,c,p,vb,debt_diff,eq_deriv,eq_deriv_min_val,eq_min_val,eq_negative,eq_vb,abs_debt_diff,debt_per_diff,abs_debt_per_diff,debt,equity,firm_value,leverage,ROE,V0,r,alpha,pi,xi,opt
0.02,0.02,0.0,0.004,0.2,0.225,0.15,1.0,3.0,9.0,26.815931593159316,89.40207714364085,11.975533341118393,0.49106468878465254,0.49106468878465254,0.05731021231430355,false,0.0,11.975533341118393,0.14886092743679935,0.14886092743679935,92.42332812059634,13.521217472996794,105.94454559359313,87.2374576744473,78.45853282564231,100.0,0.08,0.6,0.27,1.0,false
0.02,0.02,0.0,0.004,0.2,0.225,0.15,1.0,3.0,9.0,29.10680278554171,87.78087537245521,11.230424854679086,0.1542853449277698,0.1542853449277698,0.01992303607076083,false,0.0,11.230424854679086,0.12861168501197254,0.12861168501197254,98.55083321130422,14.906105415042449,113.45693862634667,86.861882935046,928.5983319047536,100.0,0.08,0.6,0.27,1.0,false
0.02,0.02,0.0,0.004,0.2,0.225,0.15,1.0,3.0,9.0,33.688545170306504,92.39369517853564,-7.752809584126538,-0.31577149485056816,-0.31577149485056816,-0.1435068196615908,true,0.0,7.752809584126538,-0.07671064002055274,0.07671064002055274,93.31282592679298,4.874667017042856,98.18749294383584,95.0353483209606,-27.10423022224281,100.0,0.08,0.6,0.27,1.0,false
0.02,0.02,0.0,0.004,0.2,0.225,0.15,1.0,3.0,9.0,34.452168901100634,92.06491314764718,-7.849195988169555,-0.4281380146841286,-0.4281380146841286,-0.25566714747106734,true,0.0,7.849195988169555,-0.07594293033433955,0.07594293033433955,95.50731071513235,4.7898259013709215,100.29713661650327,95.22436426108023,6.613780692648619,100.0,0.08,0.6,0.27,1.0,false
0.02,0.02,0.0,0.004,0.2,0.225,0.15,1.0,3.0,9.0,34.962702287894224,89.04224093199227,3.341848929139246e-6,-0.4782697620058237,-0.4782697620058237,-0.289977351870137,true,0.0,3.341848929139246e-6,-0.00036887525007386207,0.00036887525007386207,104.88811020553159,9.621818165994343,114.50992837152593,91.59739395279641,-296.84126914949445,100.0,0.08,0.6,0.27,1.0,false
0.02,0.02,0.0,0.004,0.2,0.225,0.15,1.0,3.0,9.0,35.215792631894764,86.11663919997325,7.934676143562257,-0.4871058872192077,-0.4871058872192077,-0.28027958675415604,true,0.0,7.934676143562257,0.07510528232321032,0.07510528232321032,113.58205403924654,14.528030012845836,128.1100840520924,88.65972954405493,-206.9648962584438,100.0,0.08,0.6,0.27,1.0,false
