gross_delta,delta,iota,kappa,lambda,sigmah,sigmal,mu_b,m,c,p,vb,debt_diff,eq_deriv,eq_deriv_min_val,eq_min_val,eq_negative,eq_vb,abs_debt_diff,debt_per_diff,abs_debt_per_diff,debt,equity,firm_value,leverage,ROE,V0,r,alpha,pi,xi,opt
0.02,0.02,0.0,0.004,0.2,0.225,0.15,1.0,3.0,11.0,33.09858354256478,91.21193104058273,2.3362488189980724,-0.2540614200315273,-0.2540614200315273,-0.08124016816690381,true,0.0,2.3362488189980724,0.023528185287180606,0.023528185287180606,101.63199944669242,8.087179131695788,109.71917857838821,92.62920189844664,-595.5381049966722,100.0,0.08,0.6,0.27,1.0,false
0.02,0.02,0.0,0.004,0.2,0.225,0.15,1.0,3.0,11.0,33.906299840510364,91.21193104058273,0.9940334225447458,-0.36437342120673283,-0.36437342120673283,-0.16310508050762423,true,0.0,0.9940334225447458,0.009772357223883811,0.009772357223883811,102.71293294407583,7.5180741112132825,110.23100705528911,93.1797102176138,-377.1197912440234,100.0,0.08,0.6,0.27,1.0,false
0.02,0.02,0.0,0.004,0.2,0.225,0.15,1.0,3.0,11.0,34.26959003273927,91.39634378866894,-1.6043833167556087e-5,-0.4021809920177574,-0.4021809920177574,-0.19805615258151144,true,0.0,1.6043833167556087e-5,0.0001914714301558488,0.0001914714301558488,102.80875405438466,6.975026310145231,109.78378036452989,93.64657849548895,-348.33168640225796,100.0,0.08,0.6,0.27,1.0,false
0.02,0.02,0.0,0.004,0.2,0.225,0.15,1.0,3.0,11.0,34.71401613845595,91.21193104058273,0.3577549490205172,-0.4338890639010272,-0.4338890639010272,-0.22709374736051624,true,0.0,0.3577549490205172,0.003435259383353214,0.003435259383353214,104.49980336438838,7.105747552349917,111.6055509167383,93.63315937784219,-257.9124014303619,100.0,0.08,0.6,0.27,1.0,false
0.02,0.02,0.0,0.004,0.2,0.225,0.15,1.0,3.0,11.0,35.521732436401535,89.46795033643359,6.445308947668423,-0.4432643210513877,-0.4432643210513877,-0.2245504859008012,true,0.0,6.445308947668423,0.06048230670438318,0.06048230670438318,113.01050625687303,10.098511953852066,123.1090182107251,91.79709813251333,-177.61813225766946,100.0,0.08,0.6,0.27,1.0,false
0.02,0.02,0.0,0.004,0.2,0.225,0.15,1.0,3.0,11.0,36.32944873434712,89.59585311220644,7.838520843392786,-0.3956570304985469,-0.3956570304985469,-0.1769974187771976,true,0.0,7.838520843392786,0.07192072470564793,0.07192072470564793,116.82686704643413,10.115383577563382,126.94225062399751,92.03150761244568,-160.1144797165732,100.0,0.08,0.6,0.27,1.0,false
