gross_delta,delta,iota,kappa,lambda,sigmah,sigmal,mu_b,m,c,p,vb,debt_diff,eq_deriv,eq_deriv_min_val,eq_min_val,eq_negative,eq_vb,abs_debt_diff,debt_per_diff,abs_debt_per_diff,debt,equity,firm_value,leverage,ROE,V0,r,alpha,pi,xi,opt
0.02,0.02,0.0,0.004,0.2,0.225,0.15,1.0,3.0,7.0,28.057730773077303,86.2312218155574,8.03353989107407,0.16072660716531836,0.16072660716531836,0.01907307651614881,false,0.0,8.03353989107407,0.09544059895704546,0.09544059895704546,92.20673221030597,15.445223543050457,107.65195575335643,85.65263079991104,98.18674219658573,100.0,0.08,0.6,0.27,1.0,false
0.02,0.02,0.0,0.004,0.2,0.225,0.15,1.0,3.0,7.0,29.497374737473745,86.98744472764,5.251997234110888,-5.721864180571051e-7,-5.721864180571051e-7,0.001888269833420469,false,0.0,5.251997234110888,0.05934988317721601,0.05934988317721601,93.74412144653212,13.420701936368584,107.1648233829007,87.47657905578184,114.52945132588863,100.0,0.08,0.6,0.27,1.0,false
0.02,0.02,0.0,0.004,0.2,0.225,0.15,1.0,3.0,7.0,30.409671844243192,89.28690444639925,2.1709079783660545e-5,-0.019165034469833753,-0.019165034469833753,0.026189586285962442,false,0.0,2.1709079783660545e-5,0.0013496022032826196,0.0013496022032826196,91.22903724180938,9.847515798920222,101.0765530407296,90.25736879357956,12.274057824772777,100.0,0.08,0.6,0.27,1.0,false
0.02,0.02,0.0,0.004,0.2,0.225,0.15,1.0,3.0,7.0,31.656840684068403,91.46963984245991,-5.731019802891566,-0.09972391641476462,-0.09972391641476462,-0.017497847182054972,true,0.0,5.731019802891566,-0.06034524902096705,0.06034524902096705,89.23950224931365,6.1178258879681255,95.35732813728177,93.58431490534156,-43.14551213415846,100.0,0.08,0.6,0.27,1.0,false
0.02,0.02,0.0,0.004,0.2,0.225,0.15,1.0,3.0,7.0,33.816306630663064,88.95934565692683,-4.597468480296939,-0.5190516583729876,-0.5190516583729876,-0.4012205611624648,true,0.0,4.597468480296939,-0.04531806238244606,0.04531806238244606,96.85145141169225,7.5864653320712545,104.43791674376351,92.73590897960507,140.9511912963286,100.0,0.08,0.6,0.27,1.0,false
0.02,0.02,0.0,0.004,0.2,0.225,0.15,1.0,3.0,7.0,34.53612861286128,88.75360341343158,-5.029464458177401,-0.5848852422865853,-0.5848852422865853,-0.4970130345510755,true,0.0,5.029464458177401,-0.048543024944071894,0.048543024944071894,98.57892138040644,7.491957692006736,106.07087907241318,92.93683831271721,427.20219618457884,100.0,0.08,0.6,0.27,1.0,false
