gross_delta,delta,iota,kappa,lambda,sigmah,sigmal,mu_b,m,c,p,vb,debt_diff,eq_deriv,eq_deriv_min_val,eq_min_val,eq_negative,eq_vb,abs_debt_diff,debt_per_diff,abs_debt_per_diff,debt,equity,firm_value,leverage,ROE,V0,r,alpha,pi,xi,opt
0.02,0.02,0.0,0.004,0.5,0.275,0.15,1.0,3.0,6.0,26.985595928013854,93.27278663955393,-3.6861881287393885,-0.2479020682732054,-0.2479020682732054,-0.1521665784404197,true,0.0,3.6861881287393885,-0.045532786436297074,0.045532786436297074,77.27059965530218,1.7880110173321575,79.05861067263433,97.73837283235859,-92.13348794857559,100.0,0.08,0.6,0.27,1.0,false
0.02,0.02,0.0,0.004,0.5,0.275,0.15,1.0,3.0,6.0,28.51557260989257,91.87126912212806,-3.7704349745048518,-0.45328045722920035,-0.45328045722920035,-0.44817522696858497,true,0.0,3.7704349745048518,-0.0440745720018357,0.0440745720018357,81.77628285517285,1.9576671498987415,83.73395000507159,97.66203893429109,-89.25758595603295,100.0,0.08,0.6,0.27,1.0,false
0.02,0.02,0.0,0.004,0.5,0.275,0.15,1.0,3.0,6.0,29.280560950831926,90.38303796375637,-2.7849389034259104,-0.5931882298253434,-0.5931882298253434,-0.7044205794550511,true,0.0,2.7849389034259104,-0.031704070470762666,0.031704070470762666,85.05674394906987,2.548377851600572,87.60512180067045,97.09106294333002,-82.94630137558306,100.0,0.08,0.6,0.27,1.0,false
0.02,0.02,0.0,0.004,0.5,0.275,0.15,1.0,3.0,6.0,30.81804224338136,84.08533772835617,-7.044821089451786e-5,-0.8979209768473846,-0.8979209768473846,-1.2450490190885177,true,0.0,7.044821089451786e-5,-0.0003517383030906433,0.0003517383030906433,92.45405628193318,8.625130829577902,101.07918711151108,91.46695667421363,14.30155261994921,100.0,0.08,0.6,0.27,1.0,false
0.02,0.02,0.0,0.004,0.5,0.275,0.15,1.0,3.0,6.0,32.340514314589356,76.4835398320378,2.8814965319934203,-1.1442488853033244,-1.1442488853033244,-1.6463962672972245,true,0.0,2.8814965319934203,0.029699553775015552,0.029699553775015552,99.90303947576149,17.367306174103565,117.27034564986505,85.1903683937649,17811.728830366104,100.0,0.08,0.6,0.27,1.0,false
0.02,0.02,0.0,0.004,0.5,0.275,0.15,1.0,3.0,6.0,36.16545601928614,79.12403341212335,3.8565247024304625,-0.8220216814729009,-0.8220216814729009,-0.8081758435513328,true,0.0,3.8565247024304625,0.03554519631822029,0.03554519631822029,112.35289276028888,15.038398008461183,127.39129076875007,88.19511293298693,-221.73988959740228,100.0,0.08,0.6,0.27,1.0,false
