gross_delta,delta,iota,kappa,lambda,sigmah,sigmal,mu_b,m,c,p,vb,debt_diff,eq_deriv,eq_deriv_min_val,eq_min_val,eq_negative,eq_vb,abs_debt_diff,debt_per_diff,abs_debt_per_diff,debt,equity,firm_value,leverage,ROE,V0,r,alpha,pi,xi,opt
0.02,0.02,0.0,0.005,0.1,0.225,0.15,1.0,3.0,10.0,33.2272161426669,89.33558874305716,4.9496584526281,4.4065020549886045e-7,4.4065020549886045e-7,0.0028891565568302177,false,0.0,4.9496584526281,0.04965466091989039,0.04965466091989039,104.6313068806288,13.015804407173077,117.64711128780188,88.9365711875982,-381.0395584368165,100.0,0.08,0.6,0.27,1.0,false
0.02,0.02,0.0,0.005,0.1,0.225,0.15,1.0,3.0,10.0,33.756833060011346,90.8393665477951,-5.1049674396104125e-5,-0.005675765292105159,-0.005675765292105159,0.0030885979745764996,false,0.0,5.1049674396104125e-5,0.00016569498050512629,0.00016569498050512629,101.27044813035968,10.039112919956152,111.30956105031584,90.98090691830316,-890.202502570013,100.0,0.08,0.6,0.27,1.0,false
0.02,0.02,0.0,0.005,0.1,0.225,0.15,1.0,3.0,10.0,34.004239897673976,91.21193104058273,-1.3538560712509309,-0.020813949643462004,-0.020813949643462004,0.00038103264685902105,false,0.0,1.3538560712509309,-0.0132714437505928,0.0132714437505928,100.65886362177099,9.225770712944577,109.88463433471557,91.60413030556911,-1500.2549857201395,100.0,0.08,0.6,0.27,1.0,false
0.02,0.02,0.0,0.005,0.1,0.225,0.15,1.0,3.0,10.0,35.558287407688134,91.21193104058273,-2.6354146827182916,-0.18214846350631805,-0.18214846350631805,-0.04145606957160725,true,0.0,2.6354146827182916,-0.024705114473993508,0.024705114473993508,104.0394475403461,8.342341650793333,112.38178919113943,92.57678516169142,-306.5218465512874,100.0,0.08,0.6,0.27,1.0,false
0.02,0.02,0.0,0.005,0.1,0.225,0.15,1.0,3.0,10.0,36.33531116269521,91.21193104058273,-2.715601776571333,-0.23330485313440866,-0.23330485313440866,-0.06687816453815926,true,0.0,2.715601776571333,-0.024912421642333336,0.024912421642333336,106.29033171151431,8.07550800931177,114.36583972082609,92.93888102511679,-228.37968456464282,100.0,0.08,0.6,0.27,1.0,false
0.02,0.02,0.0,0.005,0.1,0.225,0.15,1.0,3.0,10.0,38.66638242771646,89.99668118834911,4.066726783963105,-0.250201399209276,-0.250201399209276,-0.07061624111740171,true,0.0,4.066726783963105,0.03505824723035579,0.03505824723035579,120.06587406711247,10.56311560913835,130.62898967625082,91.91365129951794,-152.6421902868964,100.0,0.08,0.6,0.27,1.0,false
