gross_delta,delta,iota,kappa,lambda,sigmah,sigmal,V0,r,alpha,pi,xi,mu_b,m,c,p,vb,sg_debt,debt,debt_diff,abs_debt_diff,debt_per_diff,abs_debt_per_diff,eq_vb,eq_min_val,sg_equity,equity,eq_negative,firm_value,leverage,ROE,cvml_vb,cvmh_vb,eq_deriv
0.02,0.01925,0.00075,0.005,NaN,NaN,0.2,100.0,0.08,0.6,0.27,1.0,1.0,7.0,1.070832083208321,10.717896598199212,61.100706511707564,75.02512488722905,74.9573103625453,-0.0679658248491819,0.0679658248491819,-0.0009059056934281744,0.0009059056934281744,-1.3322676295501878e-13,NaN,33.19289805240615,33.16419920997773,false,108.12150957252302,69.32691807476785,32.43066016509755,NaN,NaN,NaN
