gross_delta,delta,iota,kappa,lambda,sigmah,sigmal,mu_b,m,c,p,vb,debt_diff,eq_deriv,eq_deriv_min_val,eq_min_val,eq_negative,eq_vb,abs_debt_diff,debt_per_diff,abs_debt_per_diff,debt,equity,firm_value,leverage,ROE,V0,r,alpha,pi,xi,opt
0.02,0.02,0.0,0.0025,0.5,0.275,0.15,1.0,10.0,1.0,7.509722024834062,91.68998643093724,-15.158354852285676,-0.6015815369928599,-0.6015815369928599,-2.0249259340843313,true,0.0,15.158354852285676,-0.20184974626435154,0.20184974626435154,59.93886539605494,-2.0203520928889804,57.918513303165966,103.48826649315693,-105.043172423504,100.0,0.08,0.6,0.27,1.0,false
0.02,0.02,0.0,0.0025,0.5,0.275,0.15,1.0,10.0,1.0,7.723091353931103,93.47123614321379,-7.961088932972472,-0.5917092859855083,-0.5917092859855083,-2.0174301742838385,true,0.0,7.961088932972472,-0.10316203396002777,0.10316203396002777,69.26982460633852,-1.9607225788197118,67.3091020275188,102.9130125343495,-106.38044708076784,100.0,0.08,0.6,0.27,1.0,false
0.02,0.02,0.0,0.0025,0.5,0.275,0.15,1.0,10.0,1.0,7.738843621204225,93.59594252714655,-7.990064864402314,-0.5911249883269769,-0.5911249883269769,-2.0173601353102013,true,0.0,7.990064864402314,-0.10324623749354166,0.10324623749354166,69.39837134763994,-1.9520136940580404,67.4463576535819,102.89417214208063,-106.37879021483876,100.0,0.08,0.6,0.27,1.0,false
0.02,0.02,0.0,0.0025,0.5,0.275,0.15,1.0,10.0,1.0,7.967965217574389,95.50232171627275,-12.4937053307671,-0.5809517130199815,-0.5809517130199815,-2.0088804320270772,true,0.0,12.4937053307671,-0.15679919514722024,0.15679919514722024,67.1859468449768,-1.6597896681282809,65.52615717684851,102.53301847634478,-105.05816718308753,100.0,0.08,0.6,0.27,1.0,false
0.02,0.02,0.0,0.0025,0.5,0.275,0.15,1.0,10.0,1.0,8.197086813944551,97.40851458716125,-17.480690736179255,-0.5712445256692197,-0.5712445256692197,-2.001055970339625,true,0.0,17.480690736179255,-0.21325491766711333,0.21325491766711333,64.49017740326626,-1.1181881404324883,63.37198926283377,101.76448325741335,-103.14895445446506,100.0,0.08,0.6,0.27,1.0,false
0.02,0.02,0.0,0.0025,0.5,0.275,0.15,1.0,10.0,1.0,8.426208410314715,97.08671363339977,-18.974085194338244,-0.6069462374727311,-0.6069462374727311,-2.169869528377686,true,0.0,18.974085194338244,-0.22517939588476868,0.22517939588476868,65.2879989088089,-1.3068621894929058,63.981136719316,102.04257419687006,-103.76487136555359,100.0,0.08,0.6,0.27,1.0,false
