gross_delta,delta,iota,kappa,lambda,sigmah,sigmal,mu_b,m,c,p,vb,debt_diff,eq_deriv,eq_deriv_min_val,eq_min_val,eq_negative,eq_vb,abs_debt_diff,debt_per_diff,abs_debt_per_diff,debt,equity,firm_value,leverage,ROE,V0,r,alpha,pi,xi,opt
0.02,0.02,0.0,0.0025,0.5,0.275,0.15,1.0,10.0,4.0,5.903807486011759,100.0,0.9619275240679173,-2.950216516668653,-2.950216516668653,-15.97247454586505,true,0.0,0.9619275240679173,0.016293341650232822,0.016293341650232822,60.00000238418551,0.5403098895812248,60.54031227376673,99.10752047802808,-98.6492251955345,100.0,0.08,0.6,0.27,1.0,false
0.02,0.02,0.0,0.0025,0.5,0.275,0.15,1.0,10.0,4.0,6.000004374941765,99.99999999999999,-4.1365232147472925e-5,-2.962074320540548,-2.962074320540548,-16.04434431681172,true,0.0,4.1365232147472925e-5,-4.367635066358517e-7,4.367635066358517e-7,60.000002384185514,0.5421633527273549,60.54216573691287,99.10448635900583,-98.64459153739298,100.0,0.08,0.6,0.27,1.0,false
0.02,0.02,0.0,0.0025,0.5,0.275,0.15,1.0,10.0,4.0,6.0233352282596675,100.0,-0.23334989841116993,-2.9649324324917012,-2.9649324324917012,-16.061633603131455,true,0.0,0.23334989841116993,-0.0038740978140542927,0.0038740978140542927,60.00000238418551,0.5430027195134894,60.543005103698995,99.10311237675859,-98.64249312030256,100.0,0.08,0.6,0.27,1.0,false
0.02,0.02,0.0,0.0025,0.5,0.275,0.15,1.0,10.0,4.0,6.381918455003395,100.0,-3.8191821658484386,-3.008625980746963,-3.008625980746963,-16.325557835437134,true,0.0,3.8191821658484386,-0.05984379450749982,0.05984379450749982,60.00000238418551,0.5610449344740897,60.5610473186596,99.07358779394619,-98.59738758021257,100.0,0.08,0.6,0.27,1.0,false
0.02,0.02,0.0,0.0025,0.5,0.275,0.15,1.0,10.0,4.0,6.501446197251304,100.0,-5.014459588327526,-3.0233401688725925,-3.0233401688725925,-16.41476843089001,true,0.0,5.014459588327526,-0.0771283716913254,0.0771283716913254,60.00000238418551,0.5637865022008554,60.56378888638636,99.06910298617795,-98.59053366048714,100.0,0.08,0.6,0.27,1.0,false
0.02,0.02,0.0,0.0025,0.5,0.275,0.15,1.0,10.0,4.0,6.86002942399503,100.0,-8.600291855764794,-3.06748273337102,-3.06748273337102,-16.682400218648393,true,0.0,8.600291855764794,-0.1253681482135145,0.1253681482135145,60.00000238418551,0.572011205403653,60.57201358958916,99.05565099869493,-98.56997190125456,100.0,0.08,0.6,0.27,1.0,false
