gross_delta,delta,iota,kappa,lambda,sigmah,sigmal,mu_b,m,c,p,vb,debt_diff,eq_deriv,eq_deriv_min_val,eq_min_val,eq_negative,eq_vb,abs_debt_diff,debt_per_diff,abs_debt_per_diff,debt,equity,firm_value,leverage,ROE,V0,r,alpha,pi,xi,opt
0.02,0.02,0.0,0.005,0.75,0.2,0.15,1.0,5.0,6.0,16.23024802480248,62.09637778028539,0.9324254856436482,-7.781419709928866e-6,-0.46215243424906016,0.0026879065735707793,false,0.0,0.9324254856436482,0.011489972109098384,0.011489972109098384,82.08366560965605,39.4730108211282,121.55667643078425,67.52707298343701,120.3185649537903,100.0,0.08,0.6,0.27,1.0,false
0.02,0.02,0.0,0.005,0.75,0.2,0.15,1.0,5.0,6.0,18.28309804664677,68.19930445190217,13.394299739480047,-7.196472223900286e-6,-0.5609472967048269,-0.11092560922737597,true,0.0,13.394299739480047,0.14652111699348067,0.14652111699348067,104.8097899727139,27.25571524305666,132.06550521577057,79.36197253133899,-666.6716301060804,100.0,0.08,0.6,0.27,1.0,false
0.02,0.02,0.0,0.005,0.75,0.2,0.15,1.0,5.0,6.0,19.104238055384485,95.09648027626619,-8.059445007154338,-1.170659590794403,-1.170659590794403,-2.4278966807456275,true,0.0,8.059445007154338,-0.08437337290070883,0.08437337290070883,87.46174526976809,-2.426794147033379,85.03495112273471,102.85387845232094,-119.35511918721795,100.0,0.08,0.6,0.27,1.0,false
0.02,0.02,0.0,0.005,0.75,0.2,0.15,1.0,5.0,6.0,19.514808059753342,94.58621581935773,-7.137167201498642,-1.2735002030023024,-1.2735002030023024,-2.7634179332610156,true,0.0,7.137167201498642,-0.07314616858792566,0.07314616858792566,90.43687309726806,-2.750519928825542,87.68635316844252,103.1367708080434,-128.76172152478483,100.0,0.08,0.6,0.27,1.0,false
0.02,0.02,0.0,0.005,0.75,0.2,0.15,1.0,5.0,6.0,19.915392901764328,87.28204540057257,3.8444524940284275e-5,-1.1209010974706026,-1.2584822176642436,-2.630551703805357,true,0.0,3.8444524940284275e-5,0.004632663217447392,0.004632663217447392,99.57700295334655,4.040203767879736,103.61720672122628,96.10083701759152,855.1375830738999,100.0,0.08,0.6,0.27,1.0,false
0.02,0.02,0.0,0.005,0.75,0.2,0.15,1.0,5.0,6.0,21.567658081597635,90.51744206774916,17.41904863977581,-1.2204517435415527,-1.2204517435415527,-2.4869122931628196,true,0.0,17.41904863977581,0.1615293470795368,0.1615293470795368,125.25733904776399,-1.3116196826543287,123.94571936510967,101.05822104173737,-94.80697598359853,100.0,0.08,0.6,0.27,1.0,false
