gross_delta,delta,iota,kappa,lambda,sigmah,sigmal,mu_b,m,c,p,vb,debt_diff,eq_deriv,eq_deriv_min_val,eq_min_val,eq_negative,eq_vb,abs_debt_diff,debt_per_diff,abs_debt_per_diff,debt,equity,firm_value,leverage,ROE,V0,r,alpha,pi,xi,opt
0.02,0.02,0.0,0.003,0.1,0.2,0.15,1.0,7.0,1.0,9.520440201914926,76.4469916561223,1.51821287415747,0.9469045910340517,0.9469045910340516,0.06154992927693864,false,0.0,1.51821287415747,0.022781252636557996,0.022781252636557996,68.16129428756196,24.600524352500106,92.76181864006206,73.47990292433141,-22.73390578534191,100.0,0.08,0.6,0.27,1.0,false
0.02,0.02,0.0,0.003,0.1,0.2,0.15,1.0,7.0,1.0,9.749494686310735,75.11507975784416,1.26968943146764,0.8358555108927349,0.8358555108927349,0.054164714452242996,false,0.0,1.26968943146764,0.018604472368199627,0.018604472368199627,69.51615223564278,25.278303579929222,94.79445581557201,73.33356327388006,-17.076401327900946,100.0,0.08,0.6,0.27,1.0,false
0.02,0.02,0.0,0.003,0.1,0.2,0.15,1.0,7.0,1.0,10.436658139498158,68.34054281056729,0.9891661153591258,0.3344154523966384,0.3344154523966384,0.022148290775326117,false,0.0,0.9891661153591258,0.013539721543288807,0.013539721543288807,74.04577309184623,29.65881514618212,103.70458823802835,71.40067218809295,14.273544926373894,100.0,0.08,0.6,0.27,1.0,false
0.02,0.02,0.0,0.003,0.1,0.2,0.15,1.0,7.0,1.0,11.043411211834625,66.33397158240994,-4.393470432642599e-6,0.0610261543521918,0.0610261543521918,0.027054407986297345,false,0.0,4.393470432642599e-6,3.692417870124003e-5,3.692417870124003e-5,77.30387408937193,30.667846385091615,107.97172047446355,71.59640853148682,35.123705719003674,100.0,0.08,0.6,0.27,1.0,false
0.02,0.02,0.0,0.003,0.1,0.2,0.15,1.0,7.0,1.0,11.123821592685584,65.70948722484154,-0.10596804570440099,-2.7141170161806144e-6,-2.7141170161806144e-6,0.0004122632434980731,false,0.0,0.10596804570440099,-0.001360889521406921,0.001360889521406921,77.76078310309468,31.25226069954553,109.01304380264021,71.33163187689232,40.52770313101455,100.0,0.08,0.6,0.27,1.0,false
0.02,0.02,0.0,0.003,0.1,0.2,0.15,1.0,7.0,1.0,11.35287607708139,62.46402040712721,-0.24259725219549466,-0.2622767022674728,-0.2622767022674728,-0.1493136646221434,true,0.0,0.24259725219549466,-0.003052684630602582,0.003052684630602582,79.22753528737424,34.47541888327083,113.70295417064506,69.6793991548098,65.96691514568435,100.0,0.08,0.6,0.27,1.0,false
