gross_delta,delta,iota,kappa,lambda,sigmah,sigmal,V0,r,alpha,pi,xi,mu_b,m,c,p,vb,sg_debt,debt,debt_diff,abs_debt_diff,debt_per_diff,abs_debt_per_diff,eq_vb,eq_min_val,sg_equity,equity,eq_negative,firm_value,leverage,ROE,cvml_vb,cvmh_vb,eq_deriv
0.02,0.018000000000000002,0.002,0.015000000000000001,NaN,NaN,0.2,100.0,0.08,0.6,0.27,1.0,1.0,3.0,1.4775727572757276,15.433834020062614,47.21139414857358,46.30177017068084,46.30066494277384,-0.000837117414000943,0.000837117414000943,-1.807970317923519e-5,1.807970317923519e-5,1.2434497875801753e-13,NaN,48.198696111065246,48.2031954643891,false,94.50386040716293,48.993411214410536,-10.235023556585855,NaN,NaN,NaN
