gross_delta,delta,iota,kappa,lambda,sigmah,sigmal,V0,r,alpha,pi,xi,mu_b,m,c,p,vb,sg_debt,debt,debt_diff,abs_debt_diff,debt_per_diff,abs_debt_per_diff,eq_vb,eq_min_val,sg_equity,equity,eq_negative,firm_value,leverage,ROE,cvml_vb,cvmh_vb,eq_deriv
0.02,0.0195,0.0005,0.01,NaN,NaN,0.25,100.0,0.08,0.6,0.27,1.0,1.0,10.0,0.6395889588958896,6.200672252694078,47.06605351280419,62.00602849711246,62.134008601936,0.12728607499522582,0.12728607499522582,0.0020527786312189355,0.0020527786312189355,1.2789769243681803e-13,NaN,42.88335679937204,42.80417570078328,false,104.93818430271929,59.2101045151454,13.041212233972477,NaN,NaN,NaN
