gross_delta,delta,iota,kappa,lambda,sigmah,sigmal,mu_b,m,c,p,vb,debt_diff,eq_deriv,eq_deriv_min_val,eq_min_val,eq_negative,eq_vb,abs_debt_diff,debt_per_diff,abs_debt_per_diff,debt,equity,firm_value,leverage,ROE,V0,r,alpha,pi,xi,opt
0.02,0.02,0.0,0.003,0.3,0.3,0.15,1.0,5.0,2.0,15.80675830740969,84.41290824117985,-1.5025095831759927,-0.41469051229372295,-0.41469051229372295,-0.5922121145582884,true,0.0,1.5025095831759927,-0.019010976874007945,0.019010976874007945,77.53128195387245,4.331234911676833,81.86251686554928,94.70913541689607,-80.72326644188178,100.0,0.08,0.6,0.27,1.0,false
0.02,0.02,0.0,0.003,0.3,0.3,0.15,1.0,5.0,2.0,16.262382817229092,81.46759999853069,-0.9935868454154644,-0.5722923255930531,-0.5722923255930531,-0.9672744554596672,true,0.0,0.9935868454154644,-0.012219449715115724,0.012219449715115724,80.31832724073,5.943300250320669,86.26162749105067,93.11014593257325,-69.8028702996223,100.0,0.08,0.6,0.27,1.0,false
0.02,0.02,0.0,0.003,0.3,0.3,0.15,1.0,5.0,2.0,16.718007327048493,78.66196757388754,-0.8468274274651293,-0.7450259717631763,-0.7450259717631763,-1.4176516466029958,true,0.0,0.8468274274651293,-0.010130722051963997,0.010130722051963997,82.74320920777734,7.793245539545595,90.53645474732294,91.39214633343478,-54.83954326514825,100.0,0.08,0.6,0.27,1.0,false
0.02,0.02,0.0,0.003,0.3,0.3,0.15,1.0,5.0,2.0,17.173631836867898,72.86437744849384,-0.25573554903013473,-1.087547966460275,-1.087547966460275,-2.3324055837280953,true,0.0,0.25573554903013473,-0.0029782349063886236,0.0029782349063886236,85.61242363530936,13.019510005326326,98.63193364063568,86.79990392081052,-9.508664452490878,100.0,0.08,0.6,0.27,1.0,false
0.02,0.02,0.0,0.003,0.3,0.3,0.15,1.0,5.0,2.0,17.42085161184856,68.48758595269399,-0.08824567525503325,-1.3687959671275438,-1.3687959671275438,-3.076598600488805,true,0.0,0.08824567525503325,-0.0009492983341586774,0.0009492983341586774,87.01601238398777,18.139057318363005,105.15506970235077,82.75018278271608,39.703285730135754,100.0,0.08,0.6,0.27,1.0,false
0.02,0.02,0.0,0.003,0.3,0.3,0.15,1.0,5.0,2.0,17.6292563466873,64.28458376843645,-0.2596073729574897,-1.6644300480575913,-1.6644300480575913,-3.851177820455162,true,0.0,0.2596073729574897,-0.002945188019870984,0.002945188019870984,87.886674360479,24.04498959493766,111.93166395541667,78.51815228574196,98.50031535921369,100.0,0.08,0.6,0.27,1.0,false
