gross_delta,delta,iota,kappa,lambda,sigmah,sigmal,mu_b,m,c,p,vb,debt_diff,eq_deriv,eq_deriv_min_val,eq_min_val,eq_negative,eq_vb,abs_debt_diff,debt_per_diff,abs_debt_per_diff,debt,equity,firm_value,leverage,ROE,V0,r,alpha,pi,xi,opt
0.02,0.02,0.0,0.003,0.3,0.3,0.15,1.0,5.0,7.0,17.84624515083087,91.21193104058273,13.200342633294028,-1.6557107498054107,-1.6557107498054107,-3.9960832874345207,true,0.0,13.200342633294028,0.14793411747657695,0.14793411747657695,102.43156838744838,-3.2305205015898535,99.20104788585853,103.25653868627165,32.857480721727605,100.0,0.08,0.6,0.27,1.0,false
0.02,0.02,0.0,0.003,0.3,0.3,0.15,1.0,5.0,7.0,18.364865433911813,91.21193104058273,11.53786236936429,-1.7400618947164903,-1.7400618947164903,-4.354093831569716,true,0.0,11.53786236936429,0.12565147739181298,0.12565147739181298,103.36218953892336,-3.7056369379192797,99.65655260100408,103.7184077124919,10.2149921954102,100.0,0.08,0.6,0.27,1.0,false
0.02,0.02,0.0,0.003,0.3,0.3,0.15,1.0,5.0,7.0,18.88348571699275,91.21193104058273,10.751765763573204,-1.801173775676734,-1.801173775676734,-4.642179282055212,true,0.0,10.751765763573204,0.11387479964991816,0.11387479964991816,105.16919434853696,-4.095548064014168,101.0736462845228,104.05204345006528,-20.77008934335518,100.0,0.08,0.6,0.27,1.0,false
0.02,0.02,0.0,0.003,0.3,0.3,0.15,1.0,5.0,7.0,19.166001755158643,91.29400159657193,10.390873212005271,-1.8236450783564049,-1.8236450783564049,-4.7652448881117015,true,0.0,10.390873212005271,0.10856425201090637,0.10856425201090637,106.22088198779849,-4.304368917062233,101.91651307073626,104.22342639810952,-30.807738749831103,100.0,0.08,0.6,0.27,1.0,false
0.02,0.02,0.0,0.003,0.3,0.3,0.15,1.0,5.0,7.0,19.40210600007369,91.21193104058273,10.946017752059802,-1.8349803845323371,-1.8349803845323371,-4.82792395355744,true,0.0,10.946017752059802,0.11283329502496511,0.11283329502496511,107.95654775242825,-4.360571784022046,103.59597596840621,104.20920961770936,-45.19517861636352,100.0,0.08,0.6,0.27,1.0,false
0.02,0.02,0.0,0.003,0.3,0.3,0.15,1.0,5.0,7.0,19.92072628315463,89.53055095900743,19.15964461384776,-1.8290186655596528,-1.8290186655596528,-4.732999823969371,true,0.0,19.15964461384776,0.19235889637266432,0.19235889637266432,118.76327602962091,-3.5097973459192784,115.25347868370163,103.04528538834951,-81.2943254665204,100.0,0.08,0.6,0.27,1.0,false
