gross_delta,delta,iota,kappa,lambda,sigmah,sigmal,V0,r,alpha,pi,xi,mu_b,m,c,p,vb,sg_debt,debt,debt_diff,abs_debt_diff,debt_per_diff,abs_debt_per_diff,eq_vb,eq_min_val,sg_equity,equity,eq_negative,firm_value,leverage,ROE,cvml_vb,cvmh_vb,eq_deriv
0.02,0.02,0.0,0.01,NaN,NaN,0.3,100.0,0.08,0.6,0.27,1.0,1.0,10.0,0.6101860186018602,5.723425674837069,40.243881561472534,57.233488754205986,57.25677048297664,0.02251373460595829,0.02251373460595829,0.00039336117711704537,0.00039336117711704537,2.1316282072803006e-14,NaN,48.74241450356179,48.70325687170633,false,105.96002735468298,54.03619828382966,13.943792787836195,NaN,NaN,NaN
