gross_delta,delta,iota,kappa,lambda,sigmah,sigmal,mu_b,m,c,p,vb,debt_diff,eq_deriv,eq_deriv_min_val,eq_min_val,eq_negative,eq_vb,abs_debt_diff,debt_per_diff,abs_debt_per_diff,debt,equity,firm_value,leverage,ROE,V0,r,alpha,pi,xi,opt
0.02,0.02,0.0,0.003,0.1,0.275,0.15,1.0,10.0,3.0,6.518876887688769,100.0,-5.188766492702186,-0.7094189403652845,-0.7094189403652845,-1.3375877432599312,true,0.0,5.188766492702186,-0.07959601910110368,0.07959601910110368,60.00000238418551,0.1221883172986535,60.12219070148416,99.79676669151107,-99.69452918854589,100.0,0.08,0.6,0.27,1.0,false
0.02,0.02,0.0,0.003,0.1,0.275,0.15,1.0,10.0,3.0,6.518876887688769,99.99999999999997,-5.188766492702185,-0.7094189403652843,-0.7094189403652843,-1.337587743259931,true,0.0,5.188766492702185,-0.07959601910110366,0.07959601910110366,60.000002384185485,0.12218831729865348,60.122190701484136,99.79676669151107,-99.69452918854589,100.0,0.08,0.6,0.27,1.0,false
0.02,0.02,0.0,0.003,0.1,0.275,0.15,1.0,10.0,3.0,6.973228901837552,100.0,-9.732286634190018,-0.8081332281842066,-0.8081332281842066,-1.6882338283896041,true,0.0,9.732286634190018,-0.1395664300023969,0.1395664300023969,60.00000238418551,0.14165200166206887,60.14165438584757,99.76446939628019,-99.64586997473704,100.0,0.08,0.6,0.27,1.0,false
0.02,0.02,0.0,0.003,0.1,0.275,0.15,1.0,10.0,3.0,8.48773561566683,98.83687216427892,-16.126504015634666,-1.2001309020044157,-1.2001309020044157,-3.299902587496321,true,0.0,16.126504015634666,-0.18999771842407587,0.18999771842407587,68.75085214103363,-1.0616868971161002,67.68916524391753,101.56847391054436,-103.39749071529153,100.0,0.08,0.6,0.27,1.0,false
0.02,0.02,0.0,0.003,0.1,0.275,0.15,1.0,10.0,3.0,8.790636958432685,98.32496932208089,-15.274361388996326,-1.2873903920076524,-1.2873903920076524,-3.6919759159222036,true,0.0,15.274361388996326,-0.17375716300448435,0.17375716300448435,72.63200819533053,-1.6373856115882577,70.99462258374227,102.30635159678026,-105.98284895462768,100.0,0.08,0.6,0.27,1.0,false
0.02,0.02,0.0,0.003,0.1,0.275,0.15,1.0,10.0,3.0,9.09353830119854,97.85943985177823,-14.736076903514785,-1.3679608259617488,-1.3679608259617488,-4.067606066249662,true,0.0,14.736076903514785,-0.16204997895673404,0.16204997895673404,76.19930610847062,-2.1717843011508116,74.02752180731981,102.93375253976969,-109.12487808569205,100.0,0.08,0.6,0.27,1.0,false
