gross_delta,delta,iota,kappa,lambda,sigmah,sigmal,mu_b,m,c,p,vb,debt_diff,eq_deriv,eq_deriv_min_val,eq_min_val,eq_negative,eq_vb,abs_debt_diff,debt_per_diff,abs_debt_per_diff,debt,equity,firm_value,leverage,ROE,V0,r,alpha,pi,xi,opt
0.02,0.02,0.0,0.0025,0.1,0.25,0.15,1.0,7.0,3.0,15.064731473147315,89.22289602864333,-2.47381530554604,-0.7966680076267737,-0.7966680076267737,-1.3054970614426002,true,0.0,2.47381530554604,-0.023458910445002746,0.023458910445002746,102.97930500648516,2.002813320316994,104.98211832680215,98.0922338468325,-167.22417865768682,100.0,0.08,0.6,0.27,1.0,false
0.02,0.02,0.0,0.0025,0.1,0.25,0.15,1.0,7.0,3.0,15.36971197119712,88.82651785097761,-2.6341017340958217,-0.8715663970505689,-0.8715663970505689,-1.522882595413816,true,0.0,2.6341017340958217,-0.024483233546156374,0.024483233546156374,104.95388206428402,1.8972395419414037,106.85112160622542,98.2244083979453,-138.2980361123234,100.0,0.08,0.6,0.27,1.0,false
0.02,0.02,0.0,0.0025,0.1,0.25,0.15,1.0,7.0,3.0,15.674692469246924,88.47059496787222,-2.7036823430195653,-0.9411112667035584,-0.9411112667035584,-1.7342323526505972,true,0.0,2.7036823430195653,-0.024641015157067212,0.024641015157067212,107.01916494170891,1.7856491565105883,108.8048140982195,98.35885096508812,-125.43962382049179,100.0,0.08,0.6,0.27,1.0,false
0.02,0.02,0.0,0.0025,0.1,0.25,0.15,1.0,7.0,3.0,15.979672967296729,88.15483837535938,-2.6135932423502624,-1.003731722576879,-1.003731722576879,-1.9310624736214064,true,0.0,2.6135932423502624,-0.023365338199162,0.023365338199162,109.24411752872685,1.6856306909319916,110.92974821965883,98.48045207170743,-118.23463067938889,100.0,0.08,0.6,0.27,1.0,false
0.02,0.02,0.0,0.0025,0.1,0.25,0.15,1.0,7.0,3.0,16.284653465346533,87.87954653543129,-2.336052071880488,-1.058157851383143,-1.058157851383143,-2.103545495263685,true,0.0,2.336052071880488,-0.02049301971727612,0.02049301971727612,111.65652218554524,1.6071380706235026,113.26366025616875,98.58106468836638,-113.78745774289733,100.0,0.08,0.6,0.27,1.0,false
0.02,0.02,0.0,0.0025,0.1,0.25,0.15,1.0,7.0,3.0,16.284653465346533,87.87954653543129,-2.336052071880488,-1.058157851383143,-1.058157851383143,-2.103545495263685,true,0.0,2.336052071880488,-0.02049301971727612,0.02049301971727612,111.65652218554524,1.6071380706235026,113.26366025616875,98.58106468836638,-113.78745774289733,100.0,0.08,0.6,0.27,1.0,false
