gross_delta,delta,iota,kappa,lambda,sigmah,sigmal,mu_b,m,c,p,vb,debt_diff,eq_deriv,eq_deriv_min_val,eq_min_val,eq_negative,eq_vb,abs_debt_diff,debt_per_diff,abs_debt_per_diff,debt,equity,firm_value,leverage,ROE,V0,r,alpha,pi,xi,opt
0.02,0.02,0.0,0.0025,0.75,0.25,0.15,1.0,3.0,10.0,32.43905179991683,91.21193104058273,-1.4670330113190317,-1.08669732896989,-1.08669732896989,-1.5300224005190783,true,0.0,1.4670330113190317,-0.015074762566711777,0.015074762566711777,95.85012238843147,1.7728866575780358,97.62300904600951,98.18394590076353,-57.27857967098122,100.0,0.08,0.6,0.27,1.0,false
0.02,0.02,0.0,0.0025,0.75,0.25,0.15,1.0,3.0,10.0,33.28054779162127,90.16725005697367,-1.4833752914356921,-1.265197116071131,-1.265197116071131,-1.9635726856829299,true,0.0,1.4833752914356921,-0.01485728040218885,0.01485728040218885,98.3582680834281,2.0651194182508505,100.42338750167895,97.94358717662625,25.789076608989035,100.0,0.08,0.6,0.27,1.0,false
0.02,0.02,0.0,0.0025,0.75,0.25,0.15,1.0,3.0,10.0,33.62005274452395,88.9663148795131,4.644809650415779e-5,-1.2417185970261628,-1.2417185970261628,-1.8793844554001908,true,0.0,4.644809650415779e-5,-0.0001680739965525174,0.0001680739965525174,100.86020468166834,3.414936894924614,104.27514157659294,96.72507095814754,-496.99120078043154,100.0,0.08,0.6,0.27,1.0,false
0.02,0.02,0.0,0.0025,0.75,0.25,0.15,1.0,3.0,10.0,34.1220437833257,87.78214401946009,1.8412720393904607,-1.178862955958111,-1.178862955958111,-1.6971549104481838,true,0.0,1.8412720393904607,0.01798712147375561,0.01798712147375561,104.20740338936757,4.822526092808265,109.02992948217583,95.57687864633844,-214.62000779376558,100.0,0.08,0.6,0.27,1.0,false
0.02,0.02,0.0,0.0025,0.75,0.25,0.15,1.0,3.0,10.0,34.963539775030135,88.92390247214205,2.0510298514480922,-1.103799805981284,-1.103799805981284,-1.5388748954519913,true,0.0,2.0510298514480922,0.01955398742657128,0.01955398742657128,106.94164917653849,3.4989342165778887,110.44058339311638,96.8318401541548,-150.40494164417944,100.0,0.08,0.6,0.27,1.0,false
0.02,0.02,0.0,0.0025,0.75,0.25,0.15,1.0,3.0,10.0,35.80503576673457,89.51105890698746,5.528071806216701,-0.9627895504002003,-0.9627895504002003,-1.19974407615013,true,0.0,5.528071806216701,0.051464565321960226,0.051464565321960226,112.94317910642042,3.304308402918903,116.24748750933932,97.15752273557445,-125.52934156091382,100.0,0.08,0.6,0.27,1.0,false
