gross_delta,delta,iota,kappa,lambda,sigmah,sigmal,mu_b,m,c,p,vb,debt_diff,eq_deriv,eq_deriv_min_val,eq_min_val,eq_negative,eq_vb,abs_debt_diff,debt_per_diff,abs_debt_per_diff,debt,equity,firm_value,leverage,ROE,V0,r,alpha,pi,xi,opt
0.02,0.02,0.0,0.0025,0.75,0.25,0.15,1.0,3.0,4.0,24.05651354609145,88.64555220165572,1.7265531322372993,2.420884992519745e-6,4.295299487443172e-6,0.0009450346859155444,false,0.0,1.7265531322372993,0.02392357103796834,0.02392357103796834,73.89609377051164,5.541072876303351,79.43716664681499,93.02458394451621,-78.77301263807077,100.0,0.08,0.6,0.27,1.0,false
0.02,0.02,0.0,0.0025,0.75,0.25,0.15,1.0,3.0,4.0,24.898432318840847,88.18280235257566,1.6359886728423026e-5,-0.7309353823016046,-0.7309344720924904,-1.531344953002732,true,0.0,1.6359886728423026e-5,0.000890094333306465,0.000890094333306465,74.69531331640924,3.9023995247638092,78.59771284117305,95.03497063247933,-84.57835272351195,100.0,0.08,0.6,0.27,1.0,false
0.02,0.02,0.0,0.0025,0.75,0.25,0.15,1.0,3.0,4.0,27.49075170674962,84.96923668351167,-0.8258557080579862,-0.4007623994043818,-0.4007623994043818,-0.36704390283546545,true,0.0,0.8258557080579862,-0.010013739855347054,0.010013739855347054,81.64639941219087,7.702246625999994,89.34864603819086,91.3795597722793,-58.03413837437434,100.0,0.08,0.6,0.27,1.0,false
0.02,0.02,0.0,0.0025,0.75,0.25,0.15,1.0,3.0,4.0,28.177599338881254,82.16512968752663,-0.5056746949555588,-0.5833384725862277,-0.5833384725862277,-0.6727104335581497,true,0.0,0.5056746949555588,-0.0059819940522493524,0.0059819940522493524,84.02712332168821,10.31050631448133,94.33762963616954,89.07063241439742,-35.44990973053033,100.0,0.08,0.6,0.27,1.0,false
0.02,0.02,0.0,0.0025,0.75,0.25,0.15,1.0,3.0,4.0,28.86444697101289,76.66240412209542,-0.19854599818468444,-0.9842586407080054,-0.9842586407080054,-1.4780158962448013,true,0.0,0.19854599818468444,-0.002292855271447191,0.002292855271447191,86.39479491485399,16.790175601139783,103.18497051599377,83.72808024542945,23.409941239850053,100.0,0.08,0.6,0.27,1.0,false
0.02,0.02,0.0,0.0025,0.75,0.25,0.15,1.0,3.0,4.0,29.551294603144523,61.76764568787272,-0.020362306044248157,-0.4624221647993823,-0.4624221647993823,-0.19731749045864766,true,0.0,0.020362306044248157,-0.00022968318103263317,0.00022968318103263317,88.63352150338932,44.293317446490626,132.92683894987994,66.67842416444476,289.6837306268449,100.0,0.08,0.6,0.27,1.0,false
