gross_delta,delta,iota,kappa,lambda,sigmah,sigmal,mu_b,m,c,p,vb,debt_diff,eq_deriv,eq_deriv_min_val,eq_min_val,eq_negative,eq_vb,abs_debt_diff,debt_per_diff,abs_debt_per_diff,debt,equity,firm_value,leverage,ROE,V0,r,alpha,pi,xi,opt
0.02,0.02,0.0,0.0025,0.75,0.25,0.15,1.0,3.0,3.0,22.843622520146752,83.99799630455448,1.4559597134847877,2.561905664555386e-7,0.05638188013166236,-0.009954270413612243,true,0.0,1.4559597134847877,0.02124531273736927,0.02124531273736927,69.98682727392504,8.40889776094907,78.39572503487412,89.27378022563298,-71.98264296248975,100.0,0.08,0.6,0.27,1.0,false
0.02,0.02,0.0,0.0025,0.75,0.25,0.15,1.0,3.0,3.0,23.4897331838447,85.82571482719982,0.1870243729827905,-3.451597348456281e-7,-0.0004043723558842422,0.0008466203883379721,false,0.0,0.1870243729827905,0.0026539874749963582,0.0026539874749963582,70.6562239245169,7.048007551900923,77.70423147641782,90.92969917083616,-75.9812522636118,100.0,0.08,0.6,0.27,1.0,false
0.02,0.02,0.0,0.0025,0.75,0.25,0.15,1.0,3.0,3.0,23.681668736958343,85.81551906309333,-9.621851935672637e-7,-0.014213790152226822,-0.02059200797069752,-0.0015608955296973577,false,0.0,9.621851935672637e-7,-4.817452395505392e-5,4.817452395505392e-5,71.04500524868988,7.046743844975435,78.09174909366531,90.97632729864536,-75.66311475619732,100.0,0.08,0.6,0.27,1.0,false
0.02,0.02,0.0,0.0025,0.75,0.25,0.15,1.0,3.0,3.0,24.7819545112406,83.19811248456455,-0.22697202944024752,-0.1692146794703873,-0.1692146794703873,-0.08511670199931855,true,0.0,0.22697202944024752,-0.003052920749750893,0.003052920749750893,74.11889150428155,9.03770066512374,83.15659216940529,89.13170870841812,-65.07993208011604,100.0,0.08,0.6,0.27,1.0,false
0.02,0.02,0.0,0.0025,0.75,0.25,0.15,1.0,3.0,3.0,25.428065174938546,80.82511814070138,-0.22218359328584825,-0.30050835049499364,-0.30050835049499364,-0.2314781481619592,true,0.0,0.22218359328584825,-0.0029125769991710905,0.0029125769991710905,76.06201193152978,11.216739930734482,87.27875186226426,87.1483726664243,-53.14251181573382,100.0,0.08,0.6,0.27,1.0,false
0.02,0.02,0.0,0.0025,0.75,0.25,0.15,1.0,3.0,3.0,26.074175838636496,76.07915723011747,-0.041212968402277284,-0.5463111838699969,-0.5463111838699969,-0.6010476857861203,true,0.0,0.041212968402277284,-0.0005268682783728137,0.0005268682783728137,78.18131454750721,16.509424943756976,94.6907394912642,82.56490018722467,-24.333548967906438,100.0,0.08,0.6,0.27,1.0,false
