gross_delta,delta,iota,kappa,lambda,sigmah,sigmal,mu_b,m,c,p,vb,debt_diff,eq_deriv,eq_deriv_min_val,eq_min_val,eq_negative,eq_vb,abs_debt_diff,debt_per_diff,abs_debt_per_diff,debt,equity,firm_value,leverage,ROE,V0,r,alpha,pi,xi,opt
0.02,0.02,0.0,0.0025,0.75,0.25,0.15,1.0,3.0,1.0,11.05375011185329,44.78618920806585,0.36556302748390834,0.17520499417538465,0.17520499417538465,0.01018874290833424,false,0.0,0.36556302748390834,0.011023801086652737,0.011023801086652737,33.52681336304378,37.77772607011739,71.30453943316117,47.01918507512534,-43.168474415946534,100.0,0.08,0.6,0.27,1.0,false
0.02,0.02,0.0,0.0025,0.75,0.25,0.15,1.0,3.0,1.0,11.63145393486717,44.88313548515111,0.1677226964938825,0.105780705458149,0.105780705458149,0.0062914104926914,false,0.0,0.1677226964938825,0.004806584440004429,0.004806584440004429,35.0620845010954,39.267675651486506,74.32976015258191,47.170991039283585,-39.53043403102632,100.0,0.08,0.6,0.27,1.0,false
0.02,0.02,0.0,0.0025,0.75,0.25,0.15,1.0,3.0,1.0,11.824021875871798,45.61658853395451,0.009215741310732994,0.10580841168072586,0.10580841168072586,0.006336715376627091,false,0.0,0.009215741310732994,0.0002598027813626517,0.0002598027813626517,35.481281368926126,38.64095432096413,74.12223568989026,47.86860655063258,-40.10892475729726,100.0,0.08,0.6,0.27,1.0,false
0.02,0.02,0.0,0.0025,0.75,0.25,0.15,1.0,3.0,1.0,12.016589816876424,46.92126714171729,-0.0016263302720957995,0.12416330761669762,0.12416330761669762,0.007467758804773745,false,0.0,0.0016263302720957995,-4.511347220467206e-5,4.511347220467206e-5,36.048143120357174,37.14563460012563,73.19377772048281,49.2502836211299,-41.916253237128686,100.0,0.08,0.6,0.27,1.0,false
0.02,0.02,0.0,0.0025,0.75,0.25,0.15,1.0,3.0,1.0,12.03459702511185,46.887217754266594,3.840912589075235e-7,0.12013636149787385,0.12013636149787385,0.0071664884759352135,false,0.0,3.840912589075235e-7,3.150928134875564e-6,3.150928134875564e-6,36.10379145942681,37.26179239253708,73.36558385196389,49.21080098302845,-41.68387570464941,100.0,0.08,0.6,0.27,1.0,false
0.02,0.02,0.0,0.0025,0.75,0.25,0.15,1.0,3.0,1.0,12.209157757881052,43.023623807505395,-0.030117634496647838,-0.047269379913787275,-0.047269379913787275,-0.004721792981717771,false,0.0,0.030117634496647838,-0.000822268963835959,0.000822268963835959,36.59735563914651,44.14026857054715,80.73762420969365,45.32874975871843,-30.381029031968033,100.0,0.08,0.6,0.27,1.0,false
