gross_delta,delta,iota,kappa,lambda,sigmah,sigmal,mu_b,m,c,p,vb,debt_diff,eq_deriv,eq_deriv_min_val,eq_min_val,eq_negative,eq_vb,abs_debt_diff,debt_per_diff,abs_debt_per_diff,debt,equity,firm_value,leverage,ROE,V0,r,alpha,pi,xi,opt
0.02,0.02,0.0,0.003,0.75,0.35,0.15,1.0,7.0,2.0,9.712646264626462,89.83755004996048,-4.977739227715112,-0.9961915697325231,-0.9961915697325231,-4.019096625732716,true,0.0,4.977739227715112,-0.07321440363262834,0.07321440363262834,63.01078462467013,-4.019123618619772,58.99166100605036,106.81303687686903,-110.86566335035141,100.0,0.08,0.6,0.27,1.0,false
0.02,0.02,0.0,0.003,0.75,0.35,0.15,1.0,7.0,2.0,9.712646264626462,89.83755004996048,-4.977739227715114,-0.996191569732523,-0.996191569732523,-4.0190966257327165,true,0.0,4.977739227715114,-0.07321440363262834,0.07321440363262834,63.01078462467013,-4.019123618619773,58.99166100605036,106.81303687686903,-110.86566335035141,100.0,0.08,0.6,0.27,1.0,false
0.02,0.02,0.0,0.003,0.75,0.35,0.15,1.0,7.0,2.0,10.073665261262969,91.21193104058273,-5.7476800086481035,-1.003179184591827,-1.003179184591827,-4.116646816075741,true,0.0,5.7476800086481035,-0.08150927421124599,0.08150927421124599,64.76797682019267,-4.046862314288171,60.7211145059045,106.66467067875485,-111.48631826686457,100.0,0.08,0.6,0.27,1.0,false
0.02,0.02,0.0,0.003,0.75,0.35,0.15,1.0,7.0,2.0,10.434684257899475,91.21193104058273,-7.2732589934896765,-1.046950299105949,-1.046950299105949,-4.341111240496667,true,0.0,7.2732589934896765,-0.09957531760324814,0.09957531760324814,65.76953081180665,-4.25597281566308,61.51355799614357,106.91875572524987,-112.43328799340861,100.0,0.08,0.6,0.27,1.0,false
0.02,0.02,0.0,0.003,0.75,0.35,0.15,1.0,7.0,2.0,10.79570325453598,91.21193104058273,-8.82128941980774,-1.0907462596209565,-1.0907462596209565,-4.566738830406144,true,0.0,8.82128941980774,-0.11673016320638413,0.11673016320638413,66.74863336194412,-4.465237184630141,62.283396177313975,107.16922560214618,-113.42873281941957,100.0,0.08,0.6,0.27,1.0,false
0.02,0.02,0.0,0.003,0.75,0.35,0.15,1.0,7.0,2.0,11.156722251172486,91.21193104058273,-10.39496532030006,-1.134542220713566,-1.134542220713566,-4.793098803425979,true,0.0,10.39496532030006,-0.1331031652778745,0.1331031652778745,67.70209043790734,-4.6745015579361935,63.02758887997115,107.41659587651091,-114.47307773572612,100.0,0.08,0.6,0.27,1.0,false
