gross_delta,delta,iota,kappa,lambda,sigmah,sigmal,mu_b,m,c,p,vb,debt_diff,eq_deriv,eq_deriv_min_val,eq_min_val,eq_negative,eq_vb,abs_debt_diff,debt_per_diff,abs_debt_per_diff,debt,equity,firm_value,leverage,ROE,V0,r,alpha,pi,xi,opt
0.02,0.02,0.0,0.003,0.75,0.35,0.15,1.0,7.0,8.0,6.562231223122312,85.57599135354442,6.471555075123042,-4.6168050256958555,-4.6168050256958555,-22.02591047252548,true,0.0,6.471555075123042,0.14088315946825766,0.14088315946825766,52.40717363697923,-21.936769737492554,30.470403899486676,171.99369529152227,-146.09259717035263,100.0,0.08,0.6,0.27,1.0,false
0.02,0.02,0.0,0.003,0.75,0.35,0.15,1.0,7.0,8.0,6.562231223122312,85.57599135354444,6.471555075123044,-4.616805025695857,-4.616805025695857,-22.025910472525485,true,0.0,6.471555075123044,0.14088315946825772,0.14088315946825772,52.40717363697924,-21.93676973749256,30.470403899486676,171.99369529152227,-146.09259717035266,100.0,0.08,0.6,0.27,1.0,false
0.02,0.02,0.0,0.003,0.75,0.35,0.15,1.0,7.0,8.0,6.891998410367353,84.68903250123137,6.76892667168331,-4.723569474791949,-4.723569474791949,-22.343424864104254,true,0.0,6.76892667168331,0.14030611543258398,0.14030611543258398,55.01291554425478,-22.037707676627047,32.97520786762773,166.83114103508595,-148.98674351369897,100.0,0.08,0.6,0.27,1.0,false
0.02,0.02,0.0,0.003,0.75,0.35,0.15,1.0,7.0,8.0,7.221765597612393,83.9144502231953,6.773848545321954,-4.824257136929844,-4.824257136929844,-22.64996778088862,true,0.0,6.773848545321954,0.1339966849175552,0.1339966849175552,57.32620772860871,-22.051879838487718,35.274327890120986,162.51537919355687,-151.6754632404006,100.0,0.08,0.6,0.27,1.0,false
0.02,0.02,0.0,0.003,0.75,0.35,0.15,1.0,7.0,8.0,7.551532784857433,83.25353196838846,7.155750342489469,-4.917990003622696,-4.917990003622696,-22.943081927893463,true,0.0,7.155750342489469,0.13536987497119982,0.13536987497119982,60.0164798364915,-22.019810132387537,37.996669704103965,157.95194764137239,-155.0722148583711,100.0,0.08,0.6,0.27,1.0,false
0.02,0.02,0.0,0.003,0.75,0.35,0.15,1.0,7.0,8.0,7.8812999721024735,82.7056979005546,7.688760564979233,-5.0029220188374,-5.0029220188374,-23.207773097153922,true,0.0,7.688760564979233,0.13936715647337417,0.13936715647337417,62.857860369696546,-21.95548727045649,40.90237309924005,153.67778348015807,-159.11206917262112,100.0,0.08,0.6,0.27,1.0,false
