gross_delta,delta,iota,kappa,lambda,sigmah,sigmal,mu_b,m,c,p,vb,debt_diff,eq_deriv,eq_deriv_min_val,eq_min_val,eq_negative,eq_vb,abs_debt_diff,debt_per_diff,abs_debt_per_diff,debt,equity,firm_value,leverage,ROE,V0,r,alpha,pi,xi,opt
0.02,0.02,0.0,0.003,0.75,0.35,0.15,1.0,7.0,5.0,14.424083197793461,91.21193104058273,0.23232786231699265,-3.36270802450128,-3.36270802450128,-16.707581279602323,true,0.0,0.23232786231699265,0.0023009916236333455,0.0023009916236333455,101.20091024687122,-15.236925145107714,85.9639851017635,117.72477756477943,1168.781341886717,100.0,0.08,0.6,0.27,1.0,false
0.02,0.02,0.0,0.003,0.75,0.35,0.15,1.0,7.0,5.0,14.424083197793461,91.21193104058273,0.23232786231699268,-3.3627080245012806,-3.3627080245012806,-16.707581279602326,true,0.0,0.23232786231699268,0.002300991623633347,0.002300991623633347,101.20091024687125,-15.236925145107715,85.96398510176353,117.72477756477943,1168.781341886687,100.0,0.08,0.6,0.27,1.0,false
0.02,0.02,0.0,0.003,0.75,0.35,0.15,1.0,7.0,5.0,14.738660708176079,84.71938888772326,2.2321754291162534,-3.7714213849502323,-3.7714213849502323,-17.58977280395601,true,0.0,2.2321754291162534,0.02163576531635395,0.02163576531635395,105.4028003863488,-17.263097770788296,88.13970261556051,119.58606310039966,219.5212951862294,100.0,0.08,0.6,0.27,1.0,false
0.02,0.02,0.0,0.003,0.75,0.35,0.15,1.0,7.0,5.0,15.053238218558697,84.08966383178905,3.6703350893517808,-3.8518205642310672,-3.8518205642310672,-17.865579374212054,true,0.0,3.6703350893517808,0.034831946228465055,0.034831946228465055,109.04300261926265,-17.327115547793753,91.7158870714689,118.89216372545329,91.60798992676365,100.0,0.08,0.6,0.27,1.0,false
0.02,0.02,0.0,0.003,0.75,0.35,0.15,1.0,7.0,5.0,15.367815728941313,83.2615747289303,3.286939639024723,-3.9462777287305686,-3.9462777287305686,-18.1628388642357,true,0.0,3.286939639024723,0.030554947681384552,0.030554947681384552,110.86164974161392,-17.265476373966653,93.59617336764727,118.44677592335702,58.95813973652588,100.0,0.08,0.6,0.27,1.0,false
0.02,0.02,0.0,0.003,0.75,0.35,0.15,1.0,7.0,5.0,15.68239323932393,82.5785163737,2.5843326776449658,-4.0329590006594636,-4.0329590006594636,-18.44459632005408,true,0.0,2.5843326776449658,0.02354171183483378,0.02354171183483378,112.36108535291248,-17.183000754913024,95.17808459799946,118.05352653133157,39.0088351009114,100.0,0.08,0.6,0.27,1.0,false
