gross_delta,delta,iota,kappa,lambda,sigmah,sigmal,mu_b,m,c,p,vb,debt_diff,eq_deriv,eq_deriv_min_val,eq_min_val,eq_negative,eq_vb,abs_debt_diff,debt_per_diff,abs_debt_per_diff,debt,equity,firm_value,leverage,ROE,V0,r,alpha,pi,xi,opt
0.02,0.02,0.0,0.0025,0.5,0.2,0.15,1.0,5.0,11.0,15.695680094325223,91.21193104058273,48.83387650489769,-1.4772573082149356,-1.4772573082149356,-2.2799630383740532,true,0.0,48.83387650489769,0.6222588153099984,0.6222588153099984,127.3122769765238,1.1377805858131105,128.45005756233692,99.1142233741227,-104.16582105838737,100.0,0.08,0.6,0.27,1.0,false
0.02,0.02,0.0,0.0025,0.5,0.2,0.15,1.0,5.0,11.0,16.179939046536234,91.21193104058273,45.48805534308718,-1.6072444934578243,-1.6072444934578243,-2.651435443750772,true,0.0,45.48805534308718,0.5622772151644807,0.5622772151644807,126.38775057576835,0.47720797533416454,126.86495855110252,99.62384571690697,-101.80844507364861,100.0,0.08,0.6,0.27,1.0,false
0.02,0.02,0.0,0.0025,0.5,0.2,0.15,1.0,5.0,11.0,16.527993963808026,91.40625818815968,43.0478253471598,-1.6766442346137207,-1.6766442346137207,-2.870357394544119,true,0.0,43.0478253471598,0.5212697476059144,0.5212697476059144,125.68779516619995,-0.1350494048876153,125.55274576131234,100.10756388007982,-99.47426626530675,100.0,0.08,0.6,0.27,1.0,false
0.02,0.02,0.0,0.0025,0.5,0.2,0.15,1.0,5.0,11.0,16.664197998747245,91.21193104058273,43.640222154996465,-1.6958507868659287,-1.6958507868659287,-2.9271654719274203,true,0.0,43.640222154996465,0.5237602452668552,0.5237602452668552,126.96121214873268,-0.05037720442524903,126.91083494430744,100.0396949594157,-99.81314933413475,100.0,0.08,0.6,0.27,1.0,false
0.02,0.02,0.0,0.0025,0.5,0.2,0.15,1.0,5.0,11.0,17.148456950958252,89.31018540373677,53.14527423348176,-1.713050845120705,-1.713050845120705,-2.947536492674447,true,0.0,53.14527423348176,0.6198257299239045,0.6198257299239045,138.887558988273,1.7688010676611639,140.6563600559342,98.74246634353557,-104.54850114967249,100.0,0.08,0.6,0.27,1.0,false
0.02,0.02,0.0,0.0025,0.5,0.2,0.15,1.0,5.0,11.0,17.632715903169263,89.42106555001847,56.91679560653094,-1.6145712629021747,-1.6145712629021747,-2.6789274898606896,true,0.0,56.91679560653094,0.6455817234178978,0.6455817234178978,145.08037512237726,1.833403764499889,146.91377888687714,98.75205458712514,-104.06696652262286,100.0,0.08,0.6,0.27,1.0,false
