gross_delta,delta,iota,kappa,lambda,sigmah,sigmal,mu_b,m,c,p,vb,debt_diff,eq_deriv,eq_deriv_min_val,eq_min_val,eq_negative,eq_vb,abs_debt_diff,debt_per_diff,abs_debt_per_diff,debt,equity,firm_value,leverage,ROE,V0,r,alpha,pi,xi,opt
0.02,0.02,0.0,0.005,0.3,0.225,0.15,1.0,5.0,3.0,16.733123312331234,91.21193104058273,-2.3858321977332366,-0.07356443346085217,-0.07356443346085217,-0.016847843511624536,true,0.0,2.3858321977332366,-0.02851628059150239,0.02851628059150239,81.27978436392293,3.5688212422611,84.84860560618402,95.79389523638679,-80.9360035608598,100.0,0.08,0.6,0.27,1.0,false
0.02,0.02,0.0,0.005,0.3,0.225,0.15,1.0,5.0,3.0,18.76170117011701,85.2367801984868,-1.2080033512014978,-0.5350980462834692,-0.5350980462834692,-0.6377772583378218,true,0.0,1.2080033512014978,-0.012877332820176923,0.012877332820176923,92.60050249938355,7.018492092433504,99.61899459181706,92.9546647994277,-5.149071381552639,100.0,0.08,0.6,0.27,1.0,false
0.02,0.02,0.0,0.005,0.3,0.225,0.15,1.0,5.0,3.0,20.384563456345635,79.19014171240936,-0.7776557413361047,-0.9519432278232492,-0.9519432278232492,-1.5595340600781662,true,0.0,0.7776557413361047,-0.007629849351461324,0.007629849351461324,101.14516154039207,12.717686703407775,113.86284824379985,88.83069684312038,-1210.558314685773,100.0,0.08,0.6,0.27,1.0,false
0.02,0.02,0.0,0.005,0.3,0.225,0.15,1.0,5.0,3.0,21.219631825031122,75.84356209150762,2.088530120780349e-5,-0.9868615309185297,-0.9868615309185297,-1.4833955333974482,true,0.0,2.088530120780349e-5,-0.00016332041146816802,0.00016332041146816802,106.09818001045682,17.963478096147394,124.06165810660421,85.5205239311636,-394.5711354099852,100.0,0.08,0.6,0.27,1.0,false
0.02,0.02,0.0,0.005,0.3,0.225,0.15,1.0,5.0,3.0,22.007425742574256,73.8952495282505,0.6577421263457808,-0.9604436111916763,-0.9604436111916763,-1.2738514576821047,true,0.0,0.6577421263457808,0.005977456282616026,0.005977456282616026,110.69487083921706,21.643246440165004,132.33811727938206,83.64549316167658,-302.3703396286125,100.0,0.08,0.6,0.27,1.0,false
0.02,0.02,0.0,0.005,0.3,0.225,0.15,1.0,5.0,3.0,22.818856885688568,74.67062865951254,0.6246577909541742,-0.9712924970129163,-0.9712924970129163,-1.2896227265398854,true,0.0,0.6246577909541742,0.005474926233889869,0.005474926233889869,114.71894221939702,20.718062411307255,135.43700463070428,84.70280521353884,-240.75782146902122,100.0,0.08,0.6,0.27,1.0,false
