gross_delta,delta,iota,kappa,lambda,sigmah,sigmal,mu_b,m,c,p,vb,debt_diff,eq_deriv,eq_deriv_min_val,eq_min_val,eq_negative,eq_vb,abs_debt_diff,debt_per_diff,abs_debt_per_diff,debt,equity,firm_value,leverage,ROE,V0,r,alpha,pi,xi,opt
0.02,0.02,0.0,0.004,0.5,0.275,0.15,1.0,10.0,5.0,4.723684210526316,90.65012358387196,2.938843679126272,-4.2351368650438195,-4.2351368650438195,-21.648357480229773,true,0.0,2.938843679126272,0.06221507510128041,0.06221507510128041,50.17568578438943,-20.173616956606637,30.002068827782793,167.2407528707663,-140.4895025133853,100.0,0.08,0.6,0.27,1.0,false
0.02,0.02,0.0,0.004,0.5,0.275,0.15,1.0,10.0,5.0,5.0394736842105265,90.39890281331267,2.3549530257394693,-4.294069328335497,-4.294069328335497,-21.916641188658268,true,0.0,2.3549530257394693,0.046730138369764924,0.046730138369764924,52.74968986784474,-20.61593033813277,32.133759529711966,164.15660862548805,-143.63131221884404,100.0,0.08,0.6,0.27,1.0,false
0.02,0.02,0.0,0.004,0.5,0.275,0.15,1.0,10.0,5.0,5.355263157894737,90.20141116463923,2.017646260094537,-4.348191691057158,-4.348191691057158,-22.16215056633128,true,0.0,2.017646260094537,0.03767594981994713,0.03767594981994713,55.57027783904191,-20.989366670903504,34.5809111681384,160.69639567578068,-147.24172389569335,100.0,0.08,0.6,0.27,1.0,false
0.02,0.02,0.0,0.004,0.5,0.275,0.15,1.0,10.0,5.0,5.5131578947368425,90.0957112211989,1.6812515040226756,-4.376617722644381,-4.376617722644381,-22.29389426733646,true,0.0,1.6812515040226756,0.030495254010912493,0.030495254010912493,56.8128304513911,-21.186776064890687,35.626054386500414,159.46989199263916,-149.05803340745476,100.0,0.08,0.6,0.27,1.0,false
0.02,0.02,0.0,0.004,0.5,0.275,0.15,1.0,10.0,5.0,5.671052631578948,89.99557336496271,1.3658309247041132,-4.404746212902397,-4.404746212902397,-22.424980722089426,true,0.0,1.3658309247041132,0.02408425760499132,0.02408425760499132,58.07635724049359,-21.378086588466676,36.69827065202692,158.2536621171437,-150.99291278456255,100.0,0.08,0.6,0.27,1.0,false
0.02,0.02,0.0,0.004,0.5,0.275,0.15,1.0,10.0,5.0,5.671052631578948,89.99557336496271,1.3658309247041132,-4.404746212902397,-4.404746212902397,-22.424980722089426,true,0.0,1.3658309247041132,0.02408425760499132,0.02408425760499132,58.07635724049359,-21.378086588466676,36.69827065202692,158.2536621171437,-150.99291278456255,100.0,0.08,0.6,0.27,1.0,false
