gross_delta,delta,iota,kappa,lambda,sigmah,sigmal,V0,r,alpha,pi,xi,mu_b,m,c,p,vb,sg_debt,debt,debt_diff,abs_debt_diff,debt_per_diff,abs_debt_per_diff,eq_vb,eq_min_val,sg_equity,equity,eq_negative,firm_value,leverage,ROE,cvml_vb,cvmh_vb,eq_deriv
0.02,0.019,0.001,0.0025,NaN,NaN,0.25,100.0,0.08,0.6,0.27,1.0,1.0,3.0,1.4493949394939494,16.79075355744061,45.342995585656034,50.37192095085895,50.37628089155351,0.004020219231684052,0.004020219231684052,7.981018080240843e-5,7.981018080240843e-5,5.577760475716786e-13,NaN,52.3315710425594,52.33727829032582,false,102.71355918187933,49.045404806146436,5.46827047756977,NaN,NaN,NaN
