gross_delta,delta,iota,kappa,lambda,sigmah,sigmal,mu_b,m,c,p,vb,debt_diff,eq_deriv,eq_deriv_min_val,eq_min_val,eq_negative,eq_vb,abs_debt_diff,debt_per_diff,abs_debt_per_diff,debt,equity,firm_value,leverage,ROE,V0,r,alpha,pi,xi,opt
0.02,0.02,0.0,0.003,0.1,0.35,0.15,1.0,7.0,5.0,13.794928177028227,91.21193104058273,20.572703083190774,-1.7890798510011419,-1.7890798510011419,-4.907751978307773,true,0.0,20.572703083190774,0.21304624029917152,0.21304624029917152,117.13720032238837,-4.52197101643991,112.61522930594846,104.01541695941923,-73.61312856609186,100.0,0.08,0.6,0.27,1.0,false
0.02,0.02,0.0,0.003,0.1,0.35,0.15,1.0,7.0,5.0,14.109505687410845,91.21193104058273,20.362919617880863,-1.8327139843205273,-1.8327139843205273,-5.11294606706804,true,0.0,20.362919617880863,0.20617224878655088,0.20617224878655088,119.12945942975678,-4.773522634325633,114.35593679543115,104.17426743909665,-75.04622306838324,100.0,0.08,0.6,0.27,1.0,false
0.02,0.02,0.0,0.003,0.1,0.35,0.15,1.0,7.0,5.0,14.33614532116234,91.2119310405827,20.323928687769286,-1.860263501684112,-1.860263501684112,-5.241165818203218,true,0.0,20.323928687769286,0.20252407255269841,0.20252407255269841,120.67694593590564,-4.9297716042862865,115.74717433161935,104.25908591959431,-76.15812499791998,100.0,0.08,0.6,0.27,1.0,false
0.02,0.02,0.0,0.003,0.1,0.35,0.15,1.0,7.0,5.0,14.424083197793461,91.21193104058273,20.329100602853615,-1.870490563852833,-1.870490563852833,-5.2884305267699485,true,0.0,20.329100602853615,0.2013408539839367,0.2013408539839367,121.29768298740784,-4.986828162289951,116.31085482511789,104.28750022496871,-76.58511414017013,100.0,0.08,0.6,0.27,1.0,false
0.02,0.02,0.0,0.003,0.1,0.35,0.15,1.0,7.0,5.0,14.738660708176079,91.21193104058273,20.41763038449018,-1.9057852453464117,-1.9057852453464117,-5.449889574934375,true,0.0,20.41763038449018,0.1979015867448116,0.1979015867448116,123.58825534172273,-5.178866768205173,118.40938857351756,104.3736960646408,-78.04472313369936,100.0,0.08,0.6,0.27,1.0,false
0.02,0.02,0.0,0.003,0.1,0.35,0.15,1.0,7.0,5.0,15.053238218558697,91.21193104058273,20.574715867939673,-1.9376931144706753,-1.9376931144706753,-5.592555433275115,true,0.0,20.574715867939673,0.19525666712479664,0.19525666712479664,125.94738339785054,-5.345883362640869,120.60150003520968,104.43268397248802,-79.39721597098027,100.0,0.08,0.6,0.27,1.0,false
