gross_delta,delta,iota,kappa,lambda,sigmah,sigmal,mu_b,m,c,p,vb,debt_diff,eq_deriv,eq_deriv_min_val,eq_min_val,eq_negative,eq_vb,abs_debt_diff,debt_per_diff,abs_debt_per_diff,debt,equity,firm_value,leverage,ROE,V0,r,alpha,pi,xi,opt
0.02,0.02,0.0,0.001,0.1,0.35,0.15,1.0,7.0,4.0,15.42223959238029,91.21193104058273,0.010288603879729408,-1.7600820429612547,-1.7600820429612547,-5.24076653909279,true,0.0,0.010288603879729408,9.530396317881397e-5,9.530396317881397e-5,107.96596575054176,-5.04982715845387,102.91613859208789,104.90673982480925,-36.60747087557541,100.0,0.08,0.6,0.27,1.0,false
0.02,0.02,0.0,0.001,0.1,0.35,0.15,1.0,7.0,4.0,15.425306877778617,91.21193104058273,3.5970422285187394e-6,-1.760663369816157,-1.760663369816157,-5.243694584907646,true,0.0,3.5970422285187394e-6,3.7870372489490864e-8,3.7870372489490864e-8,107.97715174149255,-5.05324102266697,102.92391071882558,104.90968618212706,-36.65356775924267,100.0,0.08,0.6,0.27,1.0,false
0.02,0.02,0.0,0.001,0.1,0.35,0.15,1.0,7.0,4.0,15.758561382454035,91.21193104058273,-1.035725932638229,-1.82249566033296,-1.82249566033296,-5.559189801926673,true,0.0,1.035725932638229,-0.009389235725825215,0.009389235725825215,109.27420374454002,-5.415086369980608,103.8591173745594,105.21387674656577,-41.61130681252694,100.0,0.08,0.6,0.27,1.0,false
0.02,0.02,0.0,0.001,0.1,0.35,0.15,1.0,7.0,4.0,16.09488317252778,91.21193104058273,-1.9111254621587932,-1.881623585045996,-1.881623585045996,-5.866590227034844,true,0.0,1.9111254621587932,-0.01696302608965524,0.01696302608965524,110.75305674553567,-5.7586440998951,104.99441264564058,105.4847148098544,-46.44644554409233,100.0,0.08,0.6,0.27,1.0,false
0.02,0.02,0.0,0.001,0.1,0.35,0.15,1.0,7.0,4.0,16.431204962601523,91.21193104058273,-2.6085542239462427,-1.9367253025194842,-1.9367253025194842,-6.155401537827911,true,0.0,2.6085542239462427,-0.022679444646273264,0.022679444646273264,112.40988051426442,-6.07600604080774,106.33387447345667,105.71408318458711,-51.038964204177994,100.0,0.08,0.6,0.27,1.0,false
0.02,0.02,0.0,0.001,0.1,0.35,0.15,1.0,7.0,4.0,16.767526752675266,91.21193104058273,-3.1254601464175806,-1.9877497026016524,-1.9877497026016524,-6.422221586071128,true,0.0,3.1254601464175806,-0.026628513150267947,0.026628513150267947,114.24722712230928,-6.365230892534155,107.88199622977513,105.90017900575089,-55.32301943465868,100.0,0.08,0.6,0.27,1.0,false
