gross_delta,delta,iota,kappa,lambda,sigmah,sigmal,mu_b,m,c,p,vb,debt_diff,eq_deriv,eq_deriv_min_val,eq_min_val,eq_negative,eq_vb,abs_debt_diff,debt_per_diff,abs_debt_per_diff,debt,equity,firm_value,leverage,ROE,V0,r,alpha,pi,xi,opt
0.02,0.02,0.0,0.001,0.75,0.25,0.15,1.0,5.0,7.0,15.52935293529353,62.79725525026378,0.8858161194948906,-3.110845159422302e-5,-0.4088490427143397,0.04553133222219616,false,0.0,0.8858161194948906,0.011408281120093525,0.011408281120093525,78.53258079596253,30.809010176060376,109.34159097202291,71.82315539569619,43.51520265773723,100.0,0.08,0.6,0.27,1.0,false
0.02,0.02,0.0,0.001,0.75,0.25,0.15,1.0,5.0,7.0,16.034953495349534,89.25411880541623,29.88558906746411,-6.672079871361536e-5,-0.8550796837323547,-3.23190729023123,true,0.0,29.88558906746411,0.37275554401990063,0.37275554401990063,110.06035654421177,-4.87078839066746,105.18956815354431,104.63048615577317,-51.58433630794259,100.0,0.08,0.6,0.27,1.0,false
0.02,0.02,0.0,0.001,0.75,0.25,0.15,1.0,5.0,7.0,17.551755175517552,64.7482066648658,6.184560742199309,-9.460153340945521e-5,-0.8579385603082668,0.03954851706462806,false,0.0,6.184560742199309,0.07047227676495828,0.07047227676495828,93.94333661978708,27.831144524963765,121.77448114475084,77.14533926703294,359.5128171707199,100.0,0.08,0.6,0.27,1.0,false
0.02,0.02,0.0,0.001,0.75,0.25,0.15,1.0,5.0,7.0,17.842210433805505,65.13575356950972,-0.0003266663376482182,-0.2833326513155113,-0.9859944355869605,-0.3223624686294424,true,0.0,0.0003266663376482182,-0.004535311219430474,0.004535311219430474,89.21072550268991,28.62274265830823,117.83346816099814,75.70915707988802,165.28885390249604,100.0,0.08,0.6,0.27,1.0,false
0.02,0.02,0.0,0.001,0.75,0.25,0.15,1.0,5.0,7.0,19.068556855685568,96.02280084044087,-8.743313668817663,-1.9832104366324073,-1.9832104366324073,-6.320146737475846,true,0.0,8.743313668817663,-0.09170398929492891,0.09170398929492891,86.59947060961018,-4.9922698911255,81.60720071848468,106.11743797994863,-137.2542736610518,100.0,0.08,0.6,0.27,1.0,false
0.02,0.02,0.0,0.001,0.75,0.25,0.15,1.0,5.0,7.0,20.079757975797577,96.34908067669686,-14.72835085906705,-2.112363797549509,-2.112363797549509,-7.015484532283866,true,0.0,14.72835085906705,-0.14669848986047884,0.14669848986047884,85.67043901992083,-5.115203384217356,80.55523563570348,106.34993286761639,-135.69686043646746,100.0,0.08,0.6,0.27,1.0,false
