gross_delta,delta,iota,kappa,lambda,sigmah,sigmal,mu_b,m,c,p,vb,debt_diff,eq_deriv,eq_deriv_min_val,eq_min_val,eq_negative,eq_vb,abs_debt_diff,debt_per_diff,abs_debt_per_diff,debt,equity,firm_value,leverage,ROE,V0,r,alpha,pi,xi,opt
0.02,0.02,0.0,0.001,0.75,0.25,0.15,1.0,5.0,6.0,17.69660518683447,78.5249325652912,25.13721702178026,-3.1084005244763624e-6,-0.8641930330727846,-2.3559529089128883,true,0.0,25.13721702178026,0.28409083839968685,0.28409083839968685,113.62024295595262,2.0663412256209286,115.68658418157355,98.21384541670126,-115.17110401263326,100.0,0.08,0.6,0.27,1.0,false
0.02,0.02,0.0,0.001,0.75,0.25,0.15,1.0,5.0,6.0,18.675458335307212,64.01648703266753,5.262750777630131,-0.2435117306459794,-1.020302902219808,-0.04507743000382963,true,0.0,5.262750777630131,0.0563600708816934,0.0563600708816934,98.64004245416619,28.982213556519167,127.62225601068536,77.29062746383939,2031.1116398673892,100.0,0.08,0.6,0.27,1.0,false
0.02,0.02,0.0,0.001,0.75,0.25,0.15,1.0,5.0,6.0,18.929385169820872,81.15401367170121,-0.0001339837578915315,-1.0873717635398634,-1.416185989168933,-2.921445397374309,true,0.0,0.0001339837578915315,-4.816066592553889e-5,4.816066592553889e-5,94.64679186534647,9.845061425820107,104.49185329116658,90.57815407064622,83.90955812252017,100.0,0.08,0.6,0.27,1.0,false
0.02,0.02,0.0,0.001,0.75,0.25,0.15,1.0,5.0,6.0,19.164884909543584,94.33568042392204,-4.317840314258191,-1.7222759801931147,-1.7222759801931147,-5.173277661046706,true,0.0,4.317840314258191,-0.045059913843865824,0.045059913843865824,91.50658423345973,-4.940282809477068,86.56630142398267,105.70693529492574,-158.16603054967905,100.0,0.08,0.6,0.27,1.0,false
0.02,0.02,0.0,0.001,0.75,0.25,0.15,1.0,5.0,6.0,20.143738058016325,94.1015242576915,-6.646117061173413,-1.8975507083468202,-1.8975507083468202,-5.970066069250169,true,0.0,6.646117061173413,-0.06598692896057144,0.06598692896057144,94.07257322890821,-5.683993161443606,88.3885800674646,106.43068726424292,-195.8930979824936,100.0,0.08,0.6,0.27,1.0,false
0.02,0.02,0.0,0.001,0.75,0.25,0.15,1.0,5.0,6.0,20.633164632252697,87.4186133172609,10.557636739072777,-1.8544637368328858,-1.8544637368328858,-5.709580429947948,true,0.0,10.557636739072777,0.1023365724768136,0.1023365724768136,113.72345990033627,-4.857011972903742,108.86644792743252,104.46144065997387,-64.60796323830311,100.0,0.08,0.6,0.27,1.0,false
