gross_delta,delta,iota,kappa,lambda,sigmah,sigmal,mu_b,m,c,p,vb,debt_diff,eq_deriv,eq_deriv_min_val,eq_min_val,eq_negative,eq_vb,abs_debt_diff,debt_per_diff,abs_debt_per_diff,debt,equity,firm_value,leverage,ROE,V0,r,alpha,pi,xi,opt
0.02,0.02,0.0,0.001,0.75,0.25,0.15,1.0,5.0,11.0,16.72809123017565,100.0,-23.640453766692744,-2.7951709831061615,-2.7951709831061615,-9.97281839377108,true,0.0,23.640453766692744,-0.28264376899198096,0.28264376899198096,60.00000238418551,0.46738715690159494,60.4673895410871,99.22704260850553,-98.8315320380999,100.0,0.08,0.6,0.27,1.0,false
0.02,0.02,0.0,0.001,0.75,0.25,0.15,1.0,5.0,11.0,22.014224723626427,95.23355979856618,0.0005443632880242077,-0.3917741521961131,-0.2322639323430687,-0.16291615589711722,true,0.0,0.0005443632880242077,0.008478291734548317,0.008478291734548317,110.07166798142025,0.85513793935931,110.92680592077956,99.22909712196164,-108.49052948267189,100.0,0.08,0.6,0.27,1.0,false
0.02,0.02,0.0,0.001,0.75,0.25,0.15,1.0,5.0,11.0,22.593914654623358,94.01832183756365,9.234957664236475,-0.17379850598513116,-0.4283824967866996,-0.032510656357830285,true,0.0,9.234957664236475,0.08174730059314214,0.08174730059314214,122.20453093735327,3.052917546701996,125.25744848405526,97.56268582535384,-113.7490747060379,100.0,0.08,0.6,0.27,1.0,false
0.02,0.02,0.0,0.001,0.75,0.25,0.15,1.0,5.0,11.0,23.7670793395129,94.09369191287713,4.530207999100128,-1.3932136713773469e-5,-0.6759430038661687,0.017898487726050055,false,0.0,4.530207999100128,0.03812170552709547,0.03812170552709547,123.36560469666463,4.064137667663044,127.42974236432768,96.81068360317053,-117.39367639067859,100.0,0.08,0.6,0.27,1.0,false
0.02,0.02,0.0,0.001,0.75,0.25,0.15,1.0,5.0,11.0,24.353661681957668,95.37661058998214,-9.339124500015075,2.4007747724472117e-6,-0.6974191180491865,0.006980888894824072,false,0.0,9.339124500015075,-0.07669585479159328,0.07669585479159328,112.42918390977327,2.8327111304550496,115.26189504022832,97.54236980967008,-122.7908055027462,100.0,0.08,0.6,0.27,1.0,false
0.02,0.02,0.0,0.001,0.75,0.25,0.15,1.0,5.0,11.0,24.94024402440244,95.04653116286246,-8.35235516446842,0.3811013281533269,-0.8456676844527187,0.07214076799882953,false,0.0,8.35235516446842,-0.06697893698470772,0.06697893698470772,116.34886495754377,4.068113283905637,120.4169782414494,96.62164476860679,-124.88315424018785,100.0,0.08,0.6,0.27,1.0,false
