gross_delta,delta,iota,kappa,lambda,sigmah,sigmal,mu_b,m,c,p,vb,debt_diff,eq_deriv,eq_deriv_min_val,eq_min_val,eq_negative,eq_vb,abs_debt_diff,debt_per_diff,abs_debt_per_diff,debt,equity,firm_value,leverage,ROE,V0,r,alpha,pi,xi,opt
0.02,0.02,0.0,0.005,0.3,0.225,0.15,1.0,3.0,8.0,29.210022318021277,90.77492830699993,3.176264335506886,-1.2767877362694765e-6,-1.2767877362694765e-6,0.001811307259261517,false,0.0,3.176264335506886,0.03624628447644461,0.03624628447644461,90.80633128957072,7.659848255382009,98.46617954495272,92.22083329445614,-16.68344274040794,100.0,0.08,0.6,0.27,1.0,false
0.02,0.02,0.0,0.005,0.3,0.225,0.15,1.0,3.0,8.0,29.52322537478116,91.79505960977947,0.000283655873358676,0.014170627868494318,0.014170627868494318,0.01813981793775856,false,0.0,0.000283655873358676,-0.0002646760406148381,0.0002646760406148381,88.56995978021685,6.443781109764589,95.01374088998143,93.21805346320804,-43.624160669079096,100.0,0.08,0.6,0.27,1.0,false
0.02,0.02,0.0,0.005,0.3,0.225,0.15,1.0,3.0,8.0,29.944027297466587,93.14480050076607,-4.063553566268936,-5.300250448610384e-7,-5.300250448610384e-7,0.0018897730747837048,false,0.0,4.063553566268936,-0.045234992673733564,0.045234992673733564,85.76852832613082,4.5358104370105945,90.30433876314142,94.9771954491494,-68.12831068385621,100.0,0.08,0.6,0.27,1.0,false
0.02,0.02,0.0,0.005,0.3,0.225,0.15,1.0,3.0,8.0,33.61405219469315,90.36622754327877,-4.989694046892822,-0.6353250957020214,-0.6353250957020214,-0.5812006739883666,true,0.0,4.989694046892822,-0.04948023937521161,0.04948023937521161,95.85246253718663,5.194638773269042,101.04710131045567,94.85919070819348,25.24633761223203,100.0,0.08,0.6,0.27,1.0,false
0.02,0.02,0.0,0.005,0.3,0.225,0.15,1.0,3.0,8.0,34.34805717413846,84.18515097527003,6.802281417452662,-0.627389667761403,-0.627389667761403,-0.4839516860570304,true,0.0,6.802281417452662,0.06601325739198116,0.06601325739198116,109.84645293986804,15.04244068147503,124.88889362134307,87.95534154775767,-252.77014751747365,100.0,0.08,0.6,0.27,1.0,false
0.02,0.02,0.0,0.005,0.3,0.225,0.15,1.0,3.0,8.0,36.5500721124744,86.28552818575918,8.594988232848209,-0.4859690776496057,-0.4859690776496057,-0.291683747746944,true,0.0,8.594988232848209,0.07838551094508667,0.07838551094508667,118.24520457027143,12.316220105066105,130.56142467533752,90.56672356655696,-167.50387510115422,100.0,0.08,0.6,0.27,1.0,false
