gross_delta,delta,iota,kappa,lambda,sigmah,sigmal,V0,r,alpha,pi,xi,mu_b,m,c,p,vb,sg_debt,debt,debt_diff,abs_debt_diff,debt_per_diff,abs_debt_per_diff,eq_vb,eq_min_val,sg_equity,equity,eq_negative,firm_value,leverage,ROE,cvml_vb,cvmh_vb,eq_deriv
0.02,0.015,0.005,0.005,NaN,NaN,0.15,100.0,0.08,0.6,0.27,1.0,1.0,1.0,4.3676367636763676,51.33772413610023,64.54312253879785,51.33766048785784,51.337209754034994,-0.0005143820652335762,0.0005143820652335762,-1.001957281686095e-5,1.001957281686095e-5,-2.255973186038318e-13,NaN,33.37205631606982,33.372469845447526,false,84.70967959948251,60.60371140200678,-31.420969334542658,NaN,NaN,NaN
