gross_delta,delta,iota,kappa,lambda,sigmah,sigmal,V0,r,alpha,pi,xi,mu_b,m,c,p,vb,sg_debt,debt,debt_diff,abs_debt_diff,debt_per_diff,abs_debt_per_diff,eq_vb,eq_min_val,sg_equity,equity,eq_negative,firm_value,leverage,ROE,cvml_vb,cvmh_vb,eq_deriv
0.02,0.01975,0.00025,0.005,NaN,NaN,0.15,100.0,0.08,0.6,0.27,1.0,1.0,7.0,1.1982448244824482,12.379858627455526,70.41796212903898,86.66221015351962,86.61446763187841,-0.044542760310278595,0.044542760310278595,-0.0005140003342836882,0.0005140003342836882,-1.1368683772161603e-13,NaN,28.06572434943549,27.913903446684017,false,114.52837107856243,75.62708420297355,108.53786520409585,NaN,NaN,NaN
