gross_delta,delta,iota,kappa,lambda,sigmah,sigmal,mu_b,m,c,p,vb,debt_diff,eq_deriv,eq_deriv_min_val,eq_min_val,eq_negative,eq_vb,abs_debt_diff,debt_per_diff,abs_debt_per_diff,debt,equity,firm_value,leverage,ROE,V0,r,alpha,pi,xi,opt
0.02,0.02,0.0,0.005,0.1,0.2,0.15,1.0,3.0,5.0,30.04413994030982,83.96104004804403,1.303792681046815,0.09396442728640772,0.09396442728640772,0.009651292177235147,false,0.0,1.303792681046815,0.014465302092600248,0.014465302092600248,91.43621250197627,18.28333240635562,109.7195449083319,83.33630309747373,113.49586746021987,100.0,0.08,0.6,0.27,1.0,false
0.02,0.02,0.0,0.005,0.1,0.2,0.15,1.0,3.0,5.0,30.48868428184811,84.77033058168034,1.54956683729448e-5,0.06366367761158873,0.06366367761158873,0.02283840869991693,false,0.0,1.54956683729448e-5,0.0001698212365338519,0.0001698212365338519,91.46606834121272,16.75436511943758,108.2204334606503,84.51829790024858,96.32645056614464,100.0,0.08,0.6,0.27,1.0,false
0.02,0.02,0.0,0.005,0.1,0.2,0.15,1.0,3.0,5.0,31.279316089503684,85.121212120246,-1.2293747629851595,-0.04692486126907826,-0.04692486126907826,-0.0037620588012239873,false,0.0,1.2293747629851595,-0.013101040524323754,0.013101040524323754,92.6085735055259,15.528566951062995,108.1371404565889,85.63993195538876,110.08890452570003,100.0,0.08,0.6,0.27,1.0,false
0.02,0.02,0.0,0.005,0.1,0.2,0.15,1.0,3.0,5.0,33.13208031329449,83.20302558840409,-1.1170059500331604,-0.4114751711673863,-0.4114751711673863,-0.2551681861648643,true,0.0,1.1170059500331604,-0.011237909396480544,0.011237909396480544,98.2792349898503,16.696150374162066,114.97538536401237,85.47850018392892,870.2748647073847,100.0,0.08,0.6,0.27,1.0,false
0.02,0.02,0.0,0.005,0.1,0.2,0.15,1.0,3.0,5.0,33.74966838789142,82.56119541018757,-0.9204208549715105,-0.5105240434186434,-0.5105240434186434,-0.37619464387694046,true,0.0,0.9204208549715105,-0.009090665666132744,0.009090665666132744,100.32858430870274,17.258549848765895,117.58713415746864,85.32275663283549,-5352.396231853827,100.0,0.08,0.6,0.27,1.0,false
0.02,0.02,0.0,0.005,0.1,0.2,0.15,1.0,3.0,5.0,36.220020686279156,81.81261764142128,-0.9773207813043143,-0.7587413673981079,-0.7587413673981079,-0.7434298158478031,true,0.0,0.9773207813043143,-0.008994296181932168,0.008994296181932168,107.68274127753315,17.47885299211365,125.1615942696468,86.03497095566122,-327.5080255953371,100.0,0.08,0.6,0.27,1.0,false
