gross_delta,delta,iota,kappa,lambda,sigmah,sigmal,mu_b,m,c,p,vb,debt_diff,eq_deriv,eq_deriv_min_val,eq_min_val,eq_negative,eq_vb,abs_debt_diff,debt_per_diff,abs_debt_per_diff,debt,equity,firm_value,leverage,ROE,V0,r,alpha,pi,xi,opt
0.02,0.02,0.0,0.005,0.1,0.2,0.15,1.0,3.0,4.0,23.91841684168417,87.59439401832759,1.3137072386744393,1.1658800127216113,1.0399729955091128,0.09436697965303589,false,0.0,1.3137072386744393,0.018308168796871162,0.018308168796871162,73.06895776372694,17.189849769141507,90.25880753286845,80.95493366353008,-36.170870706263536,100.0,0.08,0.6,0.27,1.0,false
0.02,0.02,0.0,0.005,0.1,0.2,0.15,1.0,3.0,4.0,27.476433169632752,82.8513536118774,1.0223048601469742,0.39827016923066305,0.39827016923066305,0.03452151839865877,false,0.0,1.0223048601469742,0.012402202447888281,0.012402202447888281,83.45160436904523,20.033055907055992,103.48466027610122,80.64152130991492,21.05739041906245,100.0,0.08,0.6,0.27,1.0,false
0.02,0.02,0.0,0.005,0.1,0.2,0.15,1.0,3.0,4.0,30.262067589291174,80.50822238825268,1.3079838232510355e-6,-0.1864632501203404,-0.1748156717955343,-0.18993989871484274,true,0.0,1.3079838232510355e-6,0.0005635717379914247,0.0005635717379914247,90.78620407585734,20.506151156988377,111.29235523284572,81.57451954890753,122.5592071478018,100.0,0.08,0.6,0.27,1.0,false
0.02,0.02,0.0,0.005,0.1,0.2,0.15,1.0,3.0,4.0,33.4064603828804,77.18559221283947,-0.5139581691946233,-0.7920753883944346,-0.7920753883944346,-0.8294409750453966,true,0.0,0.5139581691946233,-0.005128331100272333,0.005128331100272333,99.70542297944657,23.45330814247918,123.15873112192574,80.95684493593826,7861.689645178893,100.0,0.08,0.6,0.27,1.0,false
0.02,0.02,0.0,0.005,0.1,0.2,0.15,1.0,3.0,4.0,33.999463104205155,76.34853793635548,-0.4352893799933213,-0.89633675409378,-0.89633675409378,-1.007775811166553,true,0.0,0.4352893799933213,-0.0042676103311710175,0.0042676103311710175,101.56309993262215,24.570395985237194,126.13349591785935,80.52032427513312,-1671.9018005470416,100.0,0.08,0.6,0.27,1.0,false
0.02,0.02,0.0,0.005,0.1,0.2,0.15,1.0,3.0,4.0,34.59246582552992,75.65619872317718,-0.3962044234278892,-0.9943270250695077,-0.9943270250695077,-1.1828311133396452,true,0.0,0.3962044234278892,-0.003817829634022818,0.003817829634022818,103.38119305316187,25.519169032325905,128.90036208548776,80.202407022409,-854.7385976219867,100.0,0.08,0.6,0.27,1.0,false
