gross_delta,delta,iota,kappa,lambda,sigmah,sigmal,V0,r,alpha,pi,xi,mu_b,m,c,p,vb,sg_debt,debt,debt_diff,abs_debt_diff,debt_per_diff,abs_debt_per_diff,eq_vb,eq_min_val,sg_equity,equity,eq_negative,firm_value,leverage,ROE,cvml_vb,cvmh_vb,eq_deriv
0.02,0.0199,0.0001,0.0025,NaN,NaN,0.2,100.0,0.08,0.6,0.27,1.0,1.0,5.0,1.386913691369137,14.632065271684034,59.6444829723768,73.15968518220872,73.18263582752415,0.022309469103973356,0.022309469103973356,0.0003049394421052321,0.0003049394421052321,1.7763568394002505e-14,NaN,39.06911135709213,39.03261822285204,false,112.21525405037619,65.21629919820943,45.549793677759666,NaN,NaN,NaN
