gross_delta,delta,iota,kappa,lambda,sigmah,sigmal,V0,r,alpha,pi,xi,mu_b,m,c,p,vb,sg_debt,debt,debt_diff,abs_debt_diff,debt_per_diff,abs_debt_per_diff,eq_vb,eq_min_val,sg_equity,equity,eq_negative,firm_value,leverage,ROE,cvml_vb,cvmh_vb,eq_deriv
0.02,0.01975,0.00025,0.0025,NaN,NaN,0.2,100.0,0.08,0.6,0.27,1.0,1.0,3.0,1.7225972597259727,20.061275789589875,53.79051683845811,60.18419992929892,60.1992488308795,0.015421462109870276,0.015421462109870276,0.0002562393052103018,0.0002562393052103018,3.197442310920451e-14,NaN,49.23461345659163,49.223026923028634,false,109.42227575390814,55.015533552115336,23.67361287698113,NaN,NaN,NaN
