gross_delta,delta,iota,kappa,lambda,sigmah,sigmal,mu_b,m,c,p,vb,debt_diff,eq_deriv,eq_deriv_min_val,eq_min_val,eq_negative,eq_vb,abs_debt_diff,debt_per_diff,abs_debt_per_diff,debt,equity,firm_value,leverage,ROE,V0,r,alpha,pi,xi,opt
0.02,0.02,0.0,0.001,0.75,0.35,0.15,1.0,7.0,3.0,10.478572857285728,91.21193104058273,-7.638826651047495,-1.6622438979543357,-1.6622438979543357,-7.538308631274973,true,0.0,7.638826651047495,-0.10414213509914098,0.10414213509914098,65.7111833499526,-7.1703688340103895,58.540814515942216,112.24849516239257,-120.91168355907809,100.0,0.08,0.6,0.27,1.0,false
0.02,0.02,0.0,0.001,0.75,0.35,0.15,1.0,7.0,3.0,10.478572857285728,91.21193104058274,-7.638826651047497,-1.6622438979543361,-1.6622438979543361,-7.538308631274974,true,0.0,7.638826651047497,-0.10414213509914101,0.10414213509914101,65.71118334995262,-7.17036883401039,58.54081451594223,112.24849516239257,-120.91168355907809,100.0,0.08,0.6,0.27,1.0,false
0.02,0.02,0.0,0.001,0.75,0.35,0.15,1.0,7.0,3.0,10.828607860786079,91.21193104058273,-9.382344267546912,-1.7046791887404087,-1.7046791887404087,-7.76496835769088,true,0.0,9.382344267546912,-0.1237772124169012,0.1237772124169012,66.41791075795564,-7.372944283940047,59.044966474015595,112.48699884889378,-121.95498984830644,100.0,0.08,0.6,0.27,1.0,false
0.02,0.02,0.0,0.001,0.75,0.35,0.15,1.0,7.0,3.0,11.178642864286429,91.21193104058273,-11.170870864331647,-1.7471144795670588,-1.7471144795670588,-7.991628084524337,true,0.0,11.170870864331647,-0.1427578208087238,0.1427578208087238,67.07962918567335,-7.575519734174003,59.50410945149935,112.73108664931564,-123.01164764182184,100.0,0.08,0.6,0.27,1.0,false
0.02,0.02,0.0,0.001,0.75,0.35,0.15,1.0,7.0,3.0,11.52867786778678,91.21193104058273,-13.004709773592793,-1.7894614394380883,-1.7894614394380883,-8.218466321053848,true,0.0,13.004709773592793,-0.16114733217873164,0.16114733217873164,67.69603530091466,-7.777059692005881,59.91897560890878,112.97929347585438,-124.0746291189022,100.0,0.08,0.6,0.27,1.0,false
0.02,0.02,0.0,0.001,0.75,0.35,0.15,1.0,7.0,3.0,11.878712871287128,91.21193104058273,-14.87483120465545,-1.8318950712258473,-1.8318950712258473,-8.446043462622004,true,0.0,14.87483120465545,-0.178889405729789,0.178889405729789,68.27615889435445,-7.979600067442591,60.29655882691186,113.23392283521343,-125.15332251497928,100.0,0.08,0.6,0.27,1.0,false
