gross_delta,delta,iota,kappa,lambda,sigmah,sigmal,mu_b,m,c,p,vb,debt_diff,eq_deriv,eq_deriv_min_val,eq_min_val,eq_negative,eq_vb,abs_debt_diff,debt_per_diff,abs_debt_per_diff,debt,equity,firm_value,leverage,ROE,V0,r,alpha,pi,xi,opt
0.02,0.02,0.0,0.001,0.75,0.35,0.15,1.0,7.0,8.0,7.0587492959822296,85.36683356159254,6.380799964210411,-4.694077158035303,-4.694077158035303,-22.360303079956733,true,0.0,6.380799964210411,0.1291365954233422,0.1291365954233422,55.792045036086016,-22.23212067006905,33.559924366016965,166.2460392568151,-150.289864546362,100.0,0.08,0.6,0.27,1.0,false
0.02,0.02,0.0,0.001,0.75,0.35,0.15,1.0,7.0,8.0,7.410752917397002,84.55778221941725,7.017859279926917,-4.799072068286635,-4.799072068286635,-22.68454665333519,true,0.0,7.017859279926917,0.13528332908661964,0.13528332908661964,58.89312970170593,-22.33559613508404,36.55753356662189,161.0971090114162,-154.33543340323567,100.0,0.08,0.6,0.27,1.0,false
0.02,0.02,0.0,0.001,0.75,0.35,0.15,1.0,7.0,8.0,8.466763781641323,82.54053710668337,6.7581334067250936,-5.092205239842171,-5.092205239842171,-23.59836249124158,true,0.0,6.7581334067250936,0.11402793965098663,0.11402793965098663,66.02547987821436,-22.23384977858831,43.79163009962605,150.7719162954342,-165.44271912859543,100.0,0.08,0.6,0.27,1.0,false
0.02,0.02,0.0,0.001,0.75,0.35,0.15,1.0,7.0,8.0,9.170771024470868,81.77295278652629,7.381751538831395,-5.248478656814589,-5.248478656814589,-24.14884377184145,true,0.0,7.381751538831395,0.11498879770358403,0.11498879770358403,71.57714871012747,-22.21915110586814,49.35799760425934,145.0163138383692,-178.1735473308589,100.0,0.08,0.6,0.27,1.0,false
0.02,0.02,0.0,0.001,0.75,0.35,0.15,1.0,7.0,8.0,9.874778267300414,81.10504279575795,6.368480100627721,-5.399581799365968,-5.399581799365968,-24.69210032396138,true,0.0,6.368480100627721,0.09213197976616078,0.09213197976616078,75.49192797173062,-22.18738790561988,53.30454006611074,141.6238239333874,-190.53093968398386,100.0,0.08,0.6,0.27,1.0,false
0.02,0.02,0.0,0.001,0.75,0.35,0.15,1.0,7.0,8.0,9.874778267300414,81.10504279575795,6.368480100627721,-5.399581799365968,-5.399581799365968,-24.69210032396138,true,0.0,6.368480100627721,0.09213197976616078,0.09213197976616078,75.49192797173062,-22.18738790561988,53.30454006611074,141.6238239333874,-190.53093968398386,100.0,0.08,0.6,0.27,1.0,false
