gross_delta,delta,iota,kappa,lambda,sigmah,sigmal,V0,r,alpha,pi,xi,mu_b,m,c,p,vb,sg_debt,debt,debt_diff,abs_debt_diff,debt_per_diff,abs_debt_per_diff,eq_vb,eq_min_val,sg_equity,equity,eq_negative,firm_value,leverage,ROE,cvml_vb,cvmh_vb,eq_deriv
0.02,0.02,0.0,0.01,NaN,NaN,0.25,100.0,0.08,0.6,0.27,1.0,1.0,7.0,0.8552105210521053,8.473090377111445,46.17372283324716,59.3133117467135,59.41752528136353,0.10589264158341649,0.10589264158341649,0.001785360423755974,0.001785360423755974,5.329070518200751e-15,NaN,47.337141602184815,47.31715874102597,false,106.7346840223895,55.66843226790239,16.595055055370423,NaN,NaN,NaN
