gross_delta,delta,iota,kappa,lambda,sigmah,sigmal,V0,r,alpha,pi,xi,mu_b,m,c,p,vb,sg_debt,debt,debt_diff,abs_debt_diff,debt_per_diff,abs_debt_per_diff,eq_vb,eq_min_val,sg_equity,equity,eq_negative,firm_value,leverage,ROE,cvml_vb,cvmh_vb,eq_deriv
0.02,0.015,0.005,0.01,NaN,NaN,0.15,100.0,0.08,0.6,0.27,1.0,1.0,1.0,4.4105160516051605,48.983652687372675,62.88481003774594,48.983628515853475,48.98355908417878,-9.360319389628557e-5,9.360319389628557e-5,-1.910906777281132e-6,1.910906777281132e-6,2.753353101070388e-13,NaN,33.43116855468611,33.43004778745293,false,82.41360687163171,59.43625202628988,-34.47201100795411,NaN,NaN,NaN
