gross_delta,delta,iota,kappa,lambda,sigmah,sigmal,mu_b,m,c,p,vb,debt_diff,eq_deriv,eq_deriv_min_val,eq_min_val,eq_negative,eq_vb,abs_debt_diff,debt_per_diff,abs_debt_per_diff,debt,equity,firm_value,leverage,ROE,V0,r,alpha,pi,xi,opt
0.02,0.02,0.0,0.0025,0.2,0.225,0.15,1.0,3.0,7.0,31.9426034708734,89.42346355772001,-1.9809032554157113,-0.19834175869828408,-0.19834175869828408,-0.06379226392434383,true,0.0,1.9809032554157113,-0.020671486146727536,0.020671486146727536,93.8469071572045,8.686021308398855,102.53292846560335,91.52855434992014,41.16512671459351,100.0,0.08,0.6,0.27,1.0,false
0.02,0.02,0.0,0.0025,0.2,0.225,0.15,1.0,3.0,7.0,34.138779667440424,87.13324314050266,-1.6872866646964724,-0.5709803256600269,-0.5709803256600269,-0.45761327497872456,true,0.0,1.6872866646964724,-0.01647478010962909,0.01647478010962909,100.72905233762481,10.330089184106203,111.05914152173101,90.6985692104554,-1516.9201099828833,100.0,0.08,0.6,0.27,1.0,false
0.02,0.02,0.0,0.0025,0.2,0.225,0.15,1.0,3.0,7.0,34.870838399629434,86.88255269342291,-1.735325170586563,-0.6138906353288681,-0.6138906353288681,-0.5165116153742723,true,0.0,1.735325170586563,-0.016588122054874407,0.016588122054874407,102.87719002830174,10.45722974452926,113.334419772831,90.77312102934847,-463.4528703931882,100.0,0.08,0.6,0.27,1.0,false
0.02,0.02,0.0,0.0025,0.2,0.225,0.15,1.0,3.0,7.0,35.7090393888211,86.22547955631538,-8.050165910588811e-5,-0.6171104420487364,-0.6171104420487364,-0.504749054609476,true,0.0,8.050165910588811e-5,-0.0002492923574553518,0.0002492923574553518,107.12703766480422,11.594108032573564,118.72114569737778,90.23416766704128,-262.67779935876143,100.0,0.08,0.6,0.27,1.0,false
0.02,0.02,0.0,0.0025,0.2,0.225,0.15,1.0,3.0,7.0,36.33495586400745,85.706486834282,1.8981718479316925,-0.5992823018725028,-0.5992823018725028,-0.461533631823329,true,0.0,1.8981718479316925,0.017413642985523083,0.017413642985523083,110.90303943995404,12.66229485850247,123.56533429845652,89.75255080205724,-216.1354586327704,100.0,0.08,0.6,0.27,1.0,false
0.02,0.02,0.0,0.0025,0.2,0.225,0.15,1.0,3.0,7.0,38.53113206057448,87.50303684049464,1.9780830684580053,-0.5565546579551456,-0.5565546579551456,-0.39455157073685493,true,0.0,1.9780830684580053,0.017112422800938186,0.017112422800938186,117.57147925018144,10.223185539688803,127.79466478987024,92.0003033330863,-158.18056291181767,100.0,0.08,0.6,0.27,1.0,false
