gross_delta,delta,iota,kappa,lambda,sigmah,sigmal,mu_b,m,c,p,vb,debt_diff,eq_deriv,eq_deriv_min_val,eq_min_val,eq_negative,eq_vb,abs_debt_diff,debt_per_diff,abs_debt_per_diff,debt,equity,firm_value,leverage,ROE,V0,r,alpha,pi,xi,opt
0.02,0.02,0.0,0.003,0.5,0.35,0.15,1.0,7.0,2.0,10.434684257899475,94.32559212838413,-1.7876235510700695,-1.0574912086458579,-1.0574912086458579,-4.956280176443317,true,0.0,1.7876235510700695,-0.024473648334560862,0.024473648334560862,71.25516625422625,-3.7823408535695298,67.47282540065672,105.60572472118935,-113.15833268343613,100.0,0.08,0.6,0.27,1.0,false
0.02,0.02,0.0,0.003,0.5,0.35,0.15,1.0,7.0,2.0,10.79570325453598,92.23795681281351,-1.4776634744860075,-1.1624543013847788,-1.1624543013847788,-5.44692204273966,true,0.0,1.4776634744860075,-0.01955359248882049,0.01955359248882049,74.09225930726585,-4.866984728659545,69.2252745786063,107.03064705526451,-118.78583233629666,100.0,0.08,0.6,0.27,1.0,false
0.02,0.02,0.0,0.003,0.5,0.35,0.15,1.0,7.0,2.0,11.156722251172486,91.05724167189683,-1.8176882970898305,-1.2437541572845963,-1.2437541572845963,-5.835955310921988,true,0.0,1.8176882970898305,-0.023274735256569583,0.023274735256569583,76.27936746111757,-5.488226476435264,70.79114098468231,107.75270238633784,-123.13693139269817,100.0,0.08,0.6,0.27,1.0,false
0.02,0.02,0.0,0.003,0.5,0.35,0.15,1.0,7.0,2.0,11.517741247808992,87.77243810509744,-0.9622338097599936,-1.399684619814464,-1.399684619814464,-6.489179588096381,true,0.0,0.9622338097599936,-0.011934803002195026,0.011934803002195026,79.66195492490294,-6.485651206294199,73.17630371860875,108.86304838685763,-131.88925573891842,100.0,0.08,0.6,0.27,1.0,false
0.02,0.02,0.0,0.003,0.5,0.35,0.15,1.0,7.0,2.0,11.719693683861847,85.80328152578636,-0.6562595006905063,-1.4968657112093893,-1.4968657112093893,-6.881938529392377,true,0.0,0.6562595006905063,-0.007833114592084744,0.007833114592084744,81.38159628634239,-6.900190659105659,74.48140562723673,109.26431315439939,-137.0611292204605,100.0,0.08,0.6,0.27,1.0,false
0.02,0.02,0.0,0.003,0.5,0.35,0.15,1.0,7.0,2.0,11.878760244445496,84.72647290029185,-0.9432101893315945,-1.56236708057879,-1.56236708057879,-7.143346483308857,true,0.0,0.9432101893315945,-0.011343297615983348,0.011343297615983348,82.20811152178688,-6.957971398012207,75.25014012377467,109.2464564007023,-139.10754840068,100.0,0.08,0.6,0.27,1.0,false
