gross_delta,delta,iota,kappa,lambda,sigmah,sigmal,mu_b,m,c,p,vb,debt_diff,eq_deriv,eq_deriv_min_val,eq_min_val,eq_negative,eq_vb,abs_debt_diff,debt_per_diff,abs_debt_per_diff,debt,equity,firm_value,leverage,ROE,V0,r,alpha,pi,xi,opt
0.02,0.02,0.0,0.003,0.5,0.35,0.15,1.0,7.0,5.0,12.53661813549776,97.41231750610093,-8.435122946905153,-3.469575778868784,-3.469575778868784,-20.946820729395675,true,0.0,8.435122946905153,-0.09611982680014436,0.09611982680014436,79.32120400157916,-7.047724589086937,72.27347941249222,109.75146713065091,-134.08189040418574,100.0,0.08,0.6,0.27,1.0,false
0.02,0.02,0.0,0.003,0.5,0.35,0.15,1.0,7.0,5.0,13.480350666645611,97.03508585402932,-11.54488487195556,-3.625373688593692,-3.625373688593692,-21.907437322731035,true,0.0,11.54488487195556,-0.12234616948823182,0.12234616948823182,82.81756979456372,-8.340451364843119,74.4771184297206,111.19867623868058,-148.54058049486108,100.0,0.08,0.6,0.27,1.0,false
0.02,0.02,0.0,0.003,0.5,0.35,0.15,1.0,7.0,5.0,14.738660708176079,97.39469454501051,-21.819842796552834,-3.6959296120746443,-3.6959296120746443,-22.852642428160497,true,0.0,21.819842796552834,-0.21149278494336776,0.21149278494336776,81.35078216067971,-7.544658271977677,73.80612388870203,110.22226595093227,-140.45562841820856,100.0,0.08,0.6,0.27,1.0,false
0.02,0.02,0.0,0.003,0.5,0.35,0.15,1.0,7.0,5.0,15.053238218558697,97.48456117653957,-24.44184130532352,-3.693504358460362,-3.693504358460362,-23.04071575048165,true,0.0,24.44184130532352,-0.2319561787537125,0.2319561787537125,80.93082622458735,-7.295906374881503,73.63491984970585,109.90821527309728,-138.26021232387464,100.0,0.08,0.6,0.27,1.0,false
0.02,0.02,0.0,0.003,0.5,0.35,0.15,1.0,7.0,5.0,15.263456742057114,95.16873628995938,0.0016802240388678058,-3.683047626730154,-3.683047626730154,-23.001489293354638,true,0.0,0.0016802240388678058,-0.0016259887627183556,0.0016259887627183556,106.84587741843868,-11.765665751544685,95.08021166689399,112.37446314566985,71.86497847383389,100.0,0.08,0.6,0.27,1.0,false
0.02,0.02,0.0,0.003,0.5,0.35,0.15,1.0,7.0,5.0,15.367815728941313,92.72303078238834,26.44411644041847,-3.6740380604938756,-3.6740380604938756,-22.894228615466417,true,0.0,26.44411644041847,0.24582094076944197,0.24582094076944197,134.01882654300766,-16.514061204079336,117.50476533892832,114.0539502006123,-51.45611156457222,100.0,0.08,0.6,0.27,1.0,false
