gross_delta,delta,iota,kappa,lambda,sigmah,sigmal,mu_b,m,c,p,vb,debt_diff,eq_deriv,eq_deriv_min_val,eq_min_val,eq_negative,eq_vb,abs_debt_diff,debt_per_diff,abs_debt_per_diff,debt,equity,firm_value,leverage,ROE,V0,r,alpha,pi,xi,opt
0.02,0.02,0.0,0.003,0.5,0.35,0.15,1.0,7.0,3.0,10.384638463846384,97.91822808334135,-4.986707531019121,-1.6494544587194286,-1.6494544587194286,-9.045850314547453,true,0.0,4.986707531019121,-0.06860005696161006,0.06860005696161006,67.70576171590557,-2.724390227781641,64.98137148812393,104.19257114060689,-108.4361495193508,100.0,0.08,0.6,0.27,1.0,false
0.02,0.02,0.0,0.003,0.5,0.35,0.15,1.0,7.0,3.0,10.723152578415736,96.93540559148357,-3.671551091340305,-1.7279506440559134,-1.7279506440559134,-9.46022634029121,true,0.0,3.671551091340305,-0.04891353498211556,0.04891353498211556,71.39051695756984,-4.051386634262607,67.33913032330723,106.01639286817513,-114.16099210270272,100.0,0.08,0.6,0.27,1.0,false
0.02,0.02,0.0,0.003,0.5,0.35,0.15,1.0,7.0,3.0,12.077209036693143,92.44682798616809,-1.632069328853376,-2.093090951509643,-2.093090951509643,-11.273787854949186,true,0.0,1.632069328853376,-0.0193051855405003,0.0193051855405003,82.90839392799862,-9.194340306601575,73.71405362139704,112.47298154816536,-153.79447822439158,100.0,0.08,0.6,0.27,1.0,false
0.02,0.02,0.0,0.003,0.5,0.35,0.15,1.0,7.0,3.0,12.754237265831847,90.03996072980867,-1.426927715961284,-2.3012172992415327,-2.3012172992415327,-12.24165051820467,true,0.0,1.426927715961284,-0.015982674017833758,0.015982674017833758,87.85273314486165,-11.325363399189376,76.52736974567227,114.79910185967137,-193.2338404535724,100.0,0.08,0.6,0.27,1.0,false
0.02,0.02,0.0,0.003,0.5,0.35,0.15,1.0,7.0,3.0,13.092751380401198,86.70836667418983,-0.7728991216307151,-2.519865185980573,-2.519865185980573,-13.08351755933942,true,0.0,0.7728991216307151,-0.008433228205817798,0.008433228205817798,90.87636054117768,-13.023065238358843,77.85329530281884,116.7276994348206,-242.73980572265899,100.0,0.08,0.6,0.27,1.0,false
0.02,0.02,0.0,0.003,0.5,0.35,0.15,1.0,7.0,3.0,13.092751380401198,86.70836667418983,-0.7728991216307151,-2.519865185980573,-2.519865185980573,-13.08351755933942,true,0.0,0.7728991216307151,-0.008433228205817798,0.008433228205817798,90.87636054117768,-13.023065238358843,77.85329530281884,116.7276994348206,-242.73980572265899,100.0,0.08,0.6,0.27,1.0,false
