gross_delta,delta,iota,kappa,lambda,sigmah,sigmal,mu_b,m,c,p,vb,debt_diff,eq_deriv,eq_deriv_min_val,eq_min_val,eq_negative,eq_vb,abs_debt_diff,debt_per_diff,abs_debt_per_diff,debt,equity,firm_value,leverage,ROE,V0,r,alpha,pi,xi,opt
0.02,0.02,0.0,0.004,0.1,0.35,0.15,1.0,3.0,7.0,31.789009164074297,89.33401231853627,-2.2982606111629877,-0.6679232005316632,-0.6679232005316632,-0.725353705518363,true,0.0,2.2982606111629877,-0.02409911131339822,0.02409911131339822,93.0687668810599,4.760097471751828,97.82886435281173,95.13426072842374,-31.32394495945441,100.0,0.08,0.6,0.27,1.0,false
0.02,0.02,0.0,0.004,0.1,0.35,0.15,1.0,3.0,7.0,34.38430027213247,86.93058569230254,-1.8311765007606766,-1.2340237590054501,-1.2340237590054501,-2.0876075233824576,true,0.0,1.8311765007606766,-0.01775206015795911,0.01775206015795911,101.32172431563674,4.656534608135374,105.97825892377212,95.60614162242021,-452.3075540826439,100.0,0.08,0.6,0.27,1.0,false
0.02,0.02,0.0,0.004,0.1,0.35,0.15,1.0,3.0,7.0,36.114494344171256,85.99068634076073,-1.5994678628179315,-1.478638357408407,-1.478638357408407,-2.799528191510602,true,0.0,1.5994678628179315,-0.014762935601192854,0.014762935601192854,106.74401516969584,4.433349643812457,111.1773648135083,96.01236308195551,-165.73753961488202,100.0,0.08,0.6,0.27,1.0,false
0.02,0.02,0.0,0.004,0.1,0.35,0.15,1.0,3.0,7.0,38.709785452229426,86.22174587452604,-1.7082982789311387,-1.6685266482308723,-1.6685266482308723,-3.368893903909437,true,0.0,1.7082982789311387,-0.014710305236551431,0.014710305236551431,114.42105807775714,3.0707693309587265,117.49182740871586,97.3863975063759,-121.29364790295827,100.0,0.08,0.6,0.27,1.0,false
0.02,0.02,0.0,0.004,0.1,0.35,0.15,1.0,3.0,7.0,39.57488248824882,86.26153427980853,-1.3757121725993358,-1.718876949230888,-1.718876949230888,-3.5027160484378266,true,0.0,1.3757121725993358,-0.01158741846765924,0.01158741846765924,117.34893529214712,2.8382885780458342,120.18722387019295,97.63844401538778,-116.36001593325769,100.0,0.08,0.6,0.27,1.0,false
0.02,0.02,0.0,0.004,0.1,0.35,0.15,1.0,3.0,7.0,39.57488248824882,86.26153427980853,-1.3757121725993358,-1.718876949230888,-1.718876949230888,-3.5027160484378266,true,0.0,1.3757121725993358,-0.01158741846765924,0.01158741846765924,117.34893529214712,2.8382885780458342,120.18722387019295,97.63844401538778,-116.36001593325769,100.0,0.08,0.6,0.27,1.0,false
