gross_delta,delta,iota,kappa,lambda,sigmah,sigmal,mu_b,m,c,p,vb,debt_diff,eq_deriv,eq_deriv_min_val,eq_min_val,eq_negative,eq_vb,abs_debt_diff,debt_per_diff,abs_debt_per_diff,debt,equity,firm_value,leverage,ROE,V0,r,alpha,pi,xi,opt
0.02,0.02,0.0,0.004,0.1,0.35,0.15,1.0,3.0,3.0,26.806953063727423,78.15042390004436,-0.5559952034315074,-0.6091379533308551,-0.6091379533308551,-0.7706951338792765,true,0.0,0.5559952034315074,-0.006913569551772078,0.006913569551772078,79.86486398775077,13.71940715996414,93.5842711477149,85.34005021173996,-31.86334995890804,100.0,0.08,0.6,0.27,1.0,false
0.02,0.02,0.0,0.004,0.1,0.35,0.15,1.0,3.0,3.0,27.562210168385256,76.01382397119868,-0.4304532233333589,-0.8711801643010862,-0.8711801643010862,-1.3733366741939594,true,0.0,0.4304532233333589,-0.005205838243783786,0.005205838243783786,82.2561772818224,15.292292088198506,97.54846937002091,84.32339104144036,-13.816248442719326,100.0,0.08,0.6,0.27,1.0,false
0.02,0.02,0.0,0.004,0.1,0.35,0.15,1.0,3.0,3.0,28.317467273043093,73.21774520357074,-0.2523837364621073,-1.2095750034145851,-1.2095750034145851,-2.2510227995341414,true,0.0,0.2523837364621073,-0.002970884060458388,0.002970884060458388,84.70001808266717,17.808166521036902,102.50818460370408,82.62756618909684,16.393382797809952,100.0,0.08,0.6,0.27,1.0,false
0.02,0.02,0.0,0.004,0.1,0.35,0.15,1.0,3.0,3.0,29.072724377700926,69.8415642323236,-0.13965075871357158,-1.6191781117173778,-1.6191781117173778,-3.380465082297019,true,0.0,0.13965075871357158,-0.0016011658315802139,0.0016011658315802139,87.07852237438921,21.493185968084386,108.5717083424736,80.20369551496115,66.33690504160445,100.0,0.08,0.6,0.27,1.0,false
0.02,0.02,0.0,0.004,0.1,0.35,0.15,1.0,3.0,3.0,29.827981482358762,65.1990377802281,-0.09189725568590745,-2.101336662728265,-2.101336662728265,-4.619947206307379,true,0.0,0.09189725568590745,-0.0010269692094346432,0.0010269692094346432,89.39204719139038,27.895331117283483,117.28737830867385,76.21625487793813,162.96620677500638,100.0,0.08,0.6,0.27,1.0,false
0.02,0.02,0.0,0.004,0.1,0.35,0.15,1.0,3.0,3.0,29.827981482358762,65.1990377802281,-0.09189725568590745,-2.101336662728265,-2.101336662728265,-4.619947206307379,true,0.0,0.09189725568590745,-0.0010269692094346432,0.0010269692094346432,89.39204719139038,27.895331117283483,117.28737830867385,76.21625487793813,162.96620677500638,100.0,0.08,0.6,0.27,1.0,false
