gross_delta,delta,iota,kappa,lambda,sigmah,sigmal,mu_b,m,c,p,vb,debt_diff,eq_deriv,eq_deriv_min_val,eq_min_val,eq_negative,eq_vb,abs_debt_diff,debt_per_diff,abs_debt_per_diff,debt,equity,firm_value,leverage,ROE,V0,r,alpha,pi,xi,opt
0.02,0.02,0.0,0.004,0.1,0.35,0.15,1.0,3.0,9.0,31.310162595206886,91.21193104058273,-0.11853383747060775,-0.4308540885437971,-0.4308540885437971,-0.281479337813612,true,0.0,0.11853383747060775,-0.0012619314587308413,0.0012619314587308413,93.81195394815005,4.958023883011037,98.76997783116109,94.98023185599337,-19.877391967229997,100.0,0.08,0.6,0.27,1.0,false
0.02,0.02,0.0,0.004,0.1,0.35,0.15,1.0,3.0,9.0,36.77268253141103,89.54646101544097,-2.3869367095175846,-1.2655446540783413,-1.2655446540783413,-1.9895647009810151,true,0.0,2.3869367095175846,-0.02163686506034904,0.02163686506034904,107.93111088471551,2.545464876371426,110.47657576108693,97.69592344907923,-132.09468274207254,100.0,0.08,0.6,0.27,1.0,false
0.02,0.02,0.0,0.004,0.1,0.35,0.15,1.0,3.0,9.0,37.68310252077839,89.67379036021484,-2.494689998684777,-1.3183808814538085,-1.3183808814538085,-2.1282573299295877,true,0.0,2.494689998684777,-0.022067273585989984,0.022067273585989984,110.5546175636504,2.112193543153934,112.66681110680433,98.1252744065405,-120.01203293644886,100.0,0.08,0.6,0.27,1.0,false
0.02,0.02,0.0,0.004,0.1,0.35,0.15,1.0,3.0,9.0,38.19956163273793,89.03858084459472,-0.00013079588458649385,-1.3396551931845881,-1.3396551931845881,-2.13927205306823,true,0.0,0.00013079588458649385,-0.0002039424077720498,0.0002039424077720498,114.59855410232919,2.9290997084798853,117.52765381080907,97.50773574260657,-120.0643138214116,100.0,0.08,0.6,0.27,1.0,false
0.02,0.02,0.0,0.004,0.1,0.35,0.15,1.0,3.0,9.0,38.593522510145746,88.39058923112704,2.5084038304553786,-1.3524787674478143,-1.3524787674478143,-2.1268479758926206,true,0.0,2.5084038304553786,0.021665154040603155,0.021665154040603155,118.28897136089262,3.810685266929139,122.09965662782176,96.87903686859278,-120.83597372281716,100.0,0.08,0.6,0.27,1.0,false
0.02,0.02,0.0,0.004,0.1,0.35,0.15,1.0,3.0,9.0,40.414362488880464,88.9001726516082,2.2272695401697717,-1.3918747080650964,-1.3918747080650964,-2.1910485573205443,true,0.0,2.2272695401697717,0.018370280621421646,0.018370280621421646,123.47035700681116,3.167871762457758,126.63822876926892,97.49848699461083,-113.49733095895573,100.0,0.08,0.6,0.27,1.0,false
