gross_delta,delta,iota,kappa,lambda,sigmah,sigmal,mu_b,m,c,p,vb,debt_diff,eq_deriv,eq_deriv_min_val,eq_min_val,eq_negative,eq_vb,abs_debt_diff,debt_per_diff,abs_debt_per_diff,debt,equity,firm_value,leverage,ROE,V0,r,alpha,pi,xi,opt
0.02,0.02,0.0,0.005,0.2,0.2,0.15,1.0,3.0,11.0,28.34055905590559,89.79931383237,15.47048322261881,0.610890401980537,0.610890401980537,0.060050345039236105,false,0.0,15.47048322261881,0.18195928071497797,0.18195928071497797,100.49216039033558,15.628585246110294,116.12074563644587,86.54109120601007,-3275.506512308678,100.0,0.08,0.6,0.27,1.0,false
0.02,0.02,0.0,0.005,0.2,0.2,0.15,1.0,3.0,11.0,35.77121001573842,93.74077360892352,-11.104877849102564,-0.23973195783182205,-0.23973195783182205,-0.07201812703654667,true,0.0,11.104877849102564,-0.103480590901796,0.103480590901796,96.20875219811269,4.35468711090141,100.5634393090141,95.66971143705597,14.861579576349971,100.0,0.08,0.6,0.27,1.0,false
0.02,0.02,0.0,0.005,0.2,0.2,0.15,1.0,3.0,11.0,36.526246010126975,91.36777099798691,-0.00017674752925866954,-0.18879118422593721,-0.18879118422593721,-0.04345352282432178,true,0.0,0.00017674752925866954,-0.002185284414932716,0.002185284414932716,109.57856128285165,8.96723371372915,118.54579499658081,92.43563745640425,-193.61775165319503,100.0,0.08,0.6,0.27,1.0,false
0.02,0.02,0.0,0.005,0.2,0.2,0.15,1.0,3.0,11.0,38.00040530368826,89.29038950069032,13.2079525885257,-0.061227033877299705,-0.061227033877299705,-0.003947875802651861,false,0.0,13.2079525885257,0.11585799750442624,0.11585799750442624,127.20916849959048,13.464356473081414,140.67352497267188,90.42864926026623,-149.4846304225874,100.0,0.08,0.6,0.27,1.0,false
0.02,0.02,0.0,0.005,0.2,0.2,0.15,1.0,3.0,11.0,38.743470399671544,89.99053225224985,13.308628582955208,-7.315977397037525e-7,-7.315977397037525e-7,0.0029478818748953453,false,0.0,13.308628582955208,0.11450212079322003,0.11450212079322003,129.53903978196985,12.50503479826876,142.0440745802386,91.1963699751482,-142.33392449642736,100.0,0.08,0.6,0.27,1.0,false
0.02,0.02,0.0,0.005,0.2,0.2,0.15,1.0,3.0,11.0,39.48653549565483,91.44642522394302,8.080853246668582,1.1221956868134062e-6,1.1221956868134062e-6,0.0029524373583280374,false,0.0,8.080853246668582,0.06821610746746667,0.06821610746746667,126.54045973363306,9.680600931702271,136.22106066533533,92.89346237327769,-136.47488034819025,100.0,0.08,0.6,0.27,1.0,false
