gross_delta,delta,iota,kappa,lambda,sigmah,sigmal,mu_b,m,c,p,vb,debt_diff,eq_deriv,eq_deriv_min_val,eq_min_val,eq_negative,eq_vb,abs_debt_diff,debt_per_diff,abs_debt_per_diff,debt,equity,firm_value,leverage,ROE,V0,r,alpha,pi,xi,opt
0.02,0.02,0.0,0.005,0.2,0.2,0.15,1.0,3.0,10.0,28.725872587258724,89.09904220965083,13.212470026331161,0.4989479125987547,0.4989479125987547,0.049138089253436434,false,0.0,13.212470026331161,0.15331672387202508,0.15331672387202508,99.39008778810734,15.714972751792962,115.1050605399003,86.34727901789732,2476.595851889354,100.0,0.08,0.6,0.27,1.0,false
0.02,0.02,0.0,0.005,0.2,0.2,0.15,1.0,3.0,10.0,30.175717571757176,88.10551647809349,12.836327513723361,0.27527627466329524,0.27527627466329524,0.02869775203963793,false,0.0,12.836327513723361,0.14179533022646287,0.14179533022646287,103.36348022899489,16.69773359319141,120.06121382218629,86.09231652620039,-596.4421508783837,100.0,0.08,0.6,0.27,1.0,false
0.02,0.02,0.0,0.005,0.2,0.2,0.15,1.0,3.0,10.0,32.25558449603898,91.40164887819549,-0.0001811020373827521,0.138799940282387,0.138799940282387,0.0361697300235124,false,0.0,0.0001811020373827521,0.002506313346021815,0.002506313346021815,96.76657238607957,10.07626409187528,106.84283647795485,90.56907844827357,211.62794702733848,100.0,0.08,0.6,0.27,1.0,false
0.02,0.02,0.0,0.005,0.2,0.2,0.15,1.0,3.0,10.0,33.8003300330033,93.6767721311892,-9.374886958135917,-0.011849254824314568,-0.011849254824314568,0.0007351847182930839,false,0.0,9.374886958135917,-0.09245360374669019,0.09245360374669019,92.02610314087399,5.079042027482318,97.1051451683563,94.7695438602388,-36.30414191187556,100.0,0.08,0.6,0.27,1.0,false
0.02,0.02,0.0,0.005,0.2,0.2,0.15,1.0,3.0,10.0,35.25017501750175,92.91850042826671,-9.584872388903577,-0.24316622876570318,-0.24316622876570318,-0.07818685261204522,true,0.0,9.584872388903577,-0.09063664113388258,0.09063664113388258,96.16565266360168,5.202219472747577,101.36787213634925,94.86797999887962,35.674184322438606,100.0,0.08,0.6,0.27,1.0,false
0.02,0.02,0.0,0.005,0.2,0.2,0.15,1.0,3.0,10.0,36.7000200020002,87.71606846440464,10.17566335066256,-0.2056117953582237,-0.2056117953582237,-0.04719496777333049,true,0.0,10.17566335066256,0.09242196007983985,0.09242196007983985,120.27572335666316,14.901927297155282,135.17765065381843,88.9760421008365,-173.4964027424358,100.0,0.08,0.6,0.27,1.0,false
