gross_delta,delta,iota,kappa,lambda,sigmah,sigmal,mu_b,m,c,p,vb,debt_diff,eq_deriv,eq_deriv_min_val,eq_min_val,eq_negative,eq_vb,abs_debt_diff,debt_per_diff,abs_debt_per_diff,debt,equity,firm_value,leverage,ROE,V0,r,alpha,pi,xi,opt
0.02,0.02,0.0,0.005,0.1,0.225,0.15,1.0,10.0,1.0,7.394063090519578,83.47915975539787,4.281916371473926,0.3952710394319858,0.3952710394319858,0.03608247384887877,false,0.0,4.281916371473926,0.057910195234390914,0.057910195234390914,78.2225472766697,11.877018568738535,90.09956584540824,86.81789589406348,-45.46185580274674,100.0,0.08,0.6,0.27,1.0,false
0.02,0.02,0.0,0.005,0.1,0.225,0.15,1.0,10.0,1.0,8.148411338204054,79.751693922543,-4.2861674159240526e-5,0.016240154995881443,0.016240154995881443,-0.38017625997697135,true,0.0,4.2861674159240526e-5,0.001476437236201248,0.001476437236201248,81.48407052036637,18.212913042464397,99.69698356283077,81.73173109998227,-1.636517559124051,100.0,0.08,0.6,0.27,1.0,false
0.02,0.02,0.0,0.005,0.1,0.225,0.15,1.0,10.0,1.0,9.35374590090588,76.25254160601031,-1.439094583239381,-0.3817952952489958,-0.3817952952489958,-0.4313569117213204,true,0.0,1.439094583239381,-0.01538522211833881,0.01538522211833881,92.09836442581941,13.9933198703192,106.09168429613861,86.8101633382886,77.09396667246742,100.0,0.08,0.6,0.27,1.0,false
0.02,0.02,0.0,0.005,0.1,0.225,0.15,1.0,10.0,1.0,9.74568246298314,70.34550726673386,-0.9271180488581052,-0.7836542295755385,-0.7836542295755385,-1.3817204976571311,true,0.0,0.9271180488581052,-0.009513115704103452,0.009513115704103452,96.5297065809733,19.055033370211767,115.58473995118507,83.5142308766198,449.08997797529304,100.0,0.08,0.6,0.27,1.0,false
0.02,0.02,0.0,0.005,0.1,0.225,0.15,1.0,10.0,1.0,9.941650744021771,66.15409044978308,-0.649184678300287,-1.0571410812747835,-1.0571410812747835,-2.1071035505820803,true,0.0,0.649184678300287,-0.006529948546931829,0.006529948546931829,98.76732276191743,23.75921316413333,122.52653592605076,80.60892443864333,1827.4480318214312,100.0,0.08,0.6,0.27,1.0,false
0.02,0.02,0.0,0.005,0.1,0.225,0.15,1.0,10.0,1.0,10.1376190250604,63.05157898113818,-0.8815364147000366,-1.266885264269679,-1.266885264269679,-2.641435010176416,true,0.0,0.8815364147000366,-0.008695694842357566,0.008695694842357566,100.49465383590397,27.94636321349356,128.44101704939754,78.24187019420316,-5749.680884900419,100.0,0.08,0.6,0.27,1.0,false
