gross_delta,delta,iota,kappa,lambda,sigmah,sigmal,V0,r,alpha,pi,xi,mu_b,m,c,p,vb,sg_debt,debt,debt_diff,abs_debt_diff,debt_per_diff,abs_debt_per_diff,eq_vb,eq_min_val,sg_equity,equity,eq_negative,firm_value,leverage,ROE,cvml_vb,cvmh_vb,eq_deriv
0.02,0.015,0.005,0.005,NaN,NaN,0.3,100.0,0.08,0.6,0.27,1.0,1.0,10.0,0.7192219221922193,6.0693382236363345,54.76708432673799,60.69594585562061,60.6194447342748,-0.07393750208854755,0.07393750208854755,-0.0012182135739380367,0.0012182135739380367,1.2789769243681803e-13,NaN,23.19686926828685,23.204614616893334,false,83.82405935116813,72.31747687178793,-41.075958781390185,NaN,NaN,NaN
