gross_delta,delta,iota,kappa,lambda,sigmah,sigmal,mu_b,m,c,p,vb,debt_diff,eq_deriv,eq_deriv_min_val,eq_min_val,eq_negative,eq_vb,abs_debt_diff,debt_per_diff,abs_debt_per_diff,debt,equity,firm_value,leverage,ROE,V0,r,alpha,pi,xi,opt
0.02,0.02,0.0,0.005,0.75,0.225,0.15,1.0,5.0,4.0,19.402665266526654,65.6484649975714,-0.31339449300647004,-0.472057183639119,-0.6852899340205465,-0.23308664885863584,true,0.0,0.31339449300647004,-0.0032304272500864725,0.0032304272500864725,96.6999318396268,26.676569013682364,123.37650085330917,78.37791732689844,708.3641827163215,100.0,0.08,0.6,0.27,1.0,false
0.02,0.02,0.0,0.005,0.75,0.225,0.15,1.0,5.0,4.0,19.81858185818582,65.56463848974629,-0.6508966254816642,-0.4281430740727572,-0.8276205984341931,-0.18738301467410787,true,0.0,0.6508966254816642,-0.006568548952081749,0.006568548952081749,98.44201266544744,27.37215905082547,125.81417171627291,78.24397786240392,1656.892270159978,100.0,0.08,0.6,0.27,1.0,false
0.02,0.02,0.0,0.005,0.75,0.225,0.15,1.0,5.0,4.0,20.206024515240653,65.91586034541669,2.2344413682956477e-5,-0.41162151660325297,-0.8932728387904659,-0.15886791681657209,true,0.0,2.2344413682956477e-5,-4.092069582615088e-6,4.092069582615088e-6,101.03014492061696,27.070765934367852,128.10091085498482,78.86762416153856,-2727.859963446206,100.0,0.08,0.6,0.27,1.0,false
0.02,0.02,0.0,0.005,0.75,0.225,0.15,1.0,5.0,4.0,20.234498449844985,66.1084824803001,0.05209854328704466,-0.419454365091651,-0.8983283684888785,-0.180079098532217,true,0.0,0.05209854328704466,0.0005149477108729008,0.0005149477108729008,101.22459079251196,26.790127232367563,128.01471802487953,79.07261942555625,-2287.6799495947457,100.0,0.08,0.6,0.27,1.0,false
0.02,0.02,0.0,0.005,0.75,0.225,0.15,1.0,5.0,4.0,21.066331633163315,80.00563680504212,0.9773902367611669,-1.084616419020078,-1.084616419020078,-1.9673558510682307,true,0.0,0.9773902367611669,0.00927916880623418,0.00927916880623418,106.30904840257774,6.173382059892019,112.48243046246976,94.51169215093392,-197.84965443234995,100.0,0.08,0.6,0.27,1.0,false
0.02,0.02,0.0,0.005,0.75,0.225,0.15,1.0,5.0,4.0,21.89816481648165,82.84472299826668,1.5362932317136426,-1.0823864846950406,-1.0823864846950406,-2.05377502769335,true,0.0,1.5362932317136426,0.014031250970924758,0.014031250970924758,111.0271173141219,3.6587668099236175,114.68588412404551,96.80974965849654,-133.17972146027694,100.0,0.08,0.6,0.27,1.0,false
