gross_delta,delta,iota,kappa,lambda,sigmah,sigmal,mu_b,m,c,p,vb,debt_diff,eq_deriv,eq_deriv_min_val,eq_min_val,eq_negative,eq_vb,abs_debt_diff,debt_per_diff,abs_debt_per_diff,debt,equity,firm_value,leverage,ROE,V0,r,alpha,pi,xi,opt
0.02,0.02,0.0,0.005,0.75,0.225,0.15,1.0,5.0,3.0,16.327407740774078,91.21193104058273,0.03192121560890371,-0.43256273613110785,-0.43256273613110785,-0.5964590987139176,true,0.0,0.03192121560890371,0.0003910138843312837,0.0003910138843312837,81.66895991947929,0.784653311734788,82.45361323121408,99.04837000952949,-95.71953741692708,100.0,0.08,0.6,0.27,1.0,false
0.02,0.02,0.0,0.005,0.75,0.225,0.15,1.0,5.0,3.0,16.341039920300194,91.20842075867378,2.54346268972372e-6,-0.43369778259632596,-0.43369778259632596,-0.5988785448406455,true,0.0,2.54346268972372e-6,9.862183286534822e-6,9.862183286534822e-6,81.7052021449637,0.7795943526550931,82.4847964976188,99.05486297383591,-95.73871021241985,100.0,0.08,0.6,0.27,1.0,false
0.02,0.02,0.0,0.005,0.75,0.225,0.15,1.0,5.0,3.0,16.733123312331234,90.43372838680823,-0.3011450542052785,-0.487693127892029,-0.487693127892029,-0.7180295440927218,true,0.0,0.3011450542052785,-0.0035993884534796204,0.0035993884534796204,83.36447150745089,0.9495321168060278,84.31400362425691,98.87381446024365,-94.29214336513978,100.0,0.08,0.6,0.27,1.0,false
0.02,0.02,0.0,0.005,0.75,0.225,0.15,1.0,5.0,3.0,17.138838883888386,88.94591753483745,-0.07631604206312659,-0.5641964060826044,-0.5641964060826044,-0.8908268178545609,true,0.0,0.07631604206312659,-0.00089056257054693,0.00089056257054693,85.6178783773788,1.4566505926902007,87.074528970069,98.32712205288999,-89.87179617227629,100.0,0.08,0.6,0.27,1.0,false
0.02,0.02,0.0,0.005,0.75,0.225,0.15,1.0,5.0,3.0,17.9502700270027,85.53488633805206,-0.3342939510996672,-0.7546896377691045,-0.7546896377691045,-1.3531255297238,true,0.0,0.3342939510996672,-0.003724667657888007,0.003724667657888007,89.41705618391383,3.0067722989616166,92.42382848287545,96.74675638488756,-71.58850740196414,100.0,0.08,0.6,0.27,1.0,false
0.02,0.02,0.0,0.005,0.75,0.225,0.15,1.0,5.0,3.0,18.355985598559855,82.283996727906,-0.25339351747514627,-0.9538640101650295,-0.9538640101650295,-1.865964541977708,true,0.0,0.25339351747514627,-0.002760881633019222,0.002760881633019222,91.52653447532413,5.033276119582871,96.55981059490699,94.78740058770543,-40.599556286323555,100.0,0.08,0.6,0.27,1.0,false
