gross_delta,delta,iota,kappa,lambda,sigmah,sigmal,mu_b,m,c,p,vb,debt_diff,eq_deriv,eq_deriv_min_val,eq_min_val,eq_negative,eq_vb,abs_debt_diff,debt_per_diff,abs_debt_per_diff,debt,equity,firm_value,leverage,ROE,V0,r,alpha,pi,xi,opt
0.02,0.02,0.0,0.005,0.75,0.3,0.15,1.0,5.0,7.0,14.568331833183317,61.8471079688885,-2.2492010390485575,-0.5413930036304294,-0.5413930036304294,-0.23952679307263178,true,0.0,2.2492010390485575,-0.0308779490308615,0.0308779490308615,70.59245812686802,23.74153924264412,94.33399736951215,74.8324677161225,-19.267175253653434,100.0,0.08,0.6,0.27,1.0,false
0.02,0.02,0.0,0.005,0.75,0.3,0.15,1.0,5.0,7.0,15.067400161068736,63.03402641550846,3.2576400330273287,-0.5349872696943394,-0.5468364165865153,-0.23947509255106803,true,0.0,3.2576400330273287,0.04324090417993204,0.04324090417993204,78.594640838371,21.011566397166582,99.6062072355376,78.90536445436499,-1.8396923942688104,100.0,0.08,0.6,0.27,1.0,false
0.02,0.02,0.0,0.005,0.75,0.3,0.15,1.0,5.0,7.0,15.566468488954158,61.029723058828445,-7.558838369485926,-0.051925923455495966,-0.9414002110278125,-0.0008083249116843589,false,0.0,7.558838369485926,-0.09711693278214796,0.09711693278214796,70.27350407528486,26.74990022475249,97.02340430003736,72.42943553904736,-10.013274714588382,100.0,0.08,0.6,0.27,1.0,false
0.02,0.02,0.0,0.005,0.75,0.3,0.15,1.0,5.0,7.0,16.065536816839575,61.72625390397675,-3.1757677102277313,1.5297318545806323e-7,-1.0251591315009465,0.03752504466173415,false,0.0,3.1757677102277313,-0.039535158350873845,0.039535158350873845,77.15191637397014,25.293465410354113,102.44538178432425,75.31029220662789,10.702787263691249,100.0,0.08,0.6,0.27,1.0,false
0.02,0.02,0.0,0.005,0.75,0.3,0.15,1.0,5.0,7.0,16.23162342654266,62.27552698389995,-0.00011305385828874748,-0.03795496120955168,-1.0109579845133445,0.02012010443208989,false,0.0,0.00011305385828874748,0.0010843987775522226,0.0010843987775522226,81.15800407885501,23.972817108151204,105.13082118700622,77.1971560409402,27.23077326032257,100.0,0.08,0.6,0.27,1.0,false
0.02,0.02,0.0,0.005,0.75,0.3,0.15,1.0,5.0,7.0,16.564605144724997,62.91182000670187,3.6504674533587718,-0.05712497169753948,-1.0197165669795487,-0.0015732365465723423,false,0.0,3.6504674533587718,0.04407551428439892,0.04407551428439892,86.47349317698375,22.59271328541399,109.06620646239774,79.28532217428578,67.02548249168802,100.0,0.08,0.6,0.27,1.0,false
