gross_delta,delta,iota,kappa,lambda,sigmah,sigmal,mu_b,m,c,p,vb,debt_diff,eq_deriv,eq_deriv_min_val,eq_min_val,eq_negative,eq_vb,abs_debt_diff,debt_per_diff,abs_debt_per_diff,debt,equity,firm_value,leverage,ROE,V0,r,alpha,pi,xi,opt
0.02,0.02,0.0,0.005,0.75,0.3,0.15,1.0,5.0,2.0,12.487323732373238,63.61019666236914,1.527388976084488,-0.9499310664928284,-0.9499310664928284,-1.8691125173230108,true,0.0,1.527388976084488,0.02446303161220607,0.02446303161220607,63.96400763795068,15.231660879762503,79.19566851771319,80.76705309160216,-57.73208983193297,100.0,0.08,0.6,0.27,1.0,false
0.02,0.02,0.0,0.005,0.75,0.3,0.15,1.0,5.0,2.0,13.26263110267182,88.64357799901101,-2.199764883650812e-6,-0.3482078031682466,-0.3482078031682466,-0.5896739048904565,true,0.0,2.199764883650812e-6,0.00019923317188767285,0.00019923317188767285,66.3131533135942,2.1206726993024967,68.4338260128967,96.90113380639737,-93.70474559686738,100.0,0.08,0.6,0.27,1.0,false
0.02,0.02,0.0,0.005,0.75,0.3,0.15,1.0,5.0,2.0,13.82225196203831,90.65791929868156,-0.29851308004272425,-0.32196543942264594,-0.32196543942264594,-0.5596790590774768,true,0.0,0.29851308004272425,-0.0043193118004586535,0.0043193118004586535,68.81274673014883,0.1332241841408995,68.94597091428973,99.80677016745979,-99.57282488782143,100.0,0.08,0.6,0.27,1.0,false
0.02,0.02,0.0,0.005,0.75,0.3,0.15,1.0,5.0,2.0,14.267228038593332,88.19687276012517,-0.3046418432026883,-0.4076862392594004,-0.4076862392594004,-0.7772245256649257,true,0.0,0.3046418432026883,-0.004270512006657801,0.004270512006657801,71.03149834976398,0.525992463975161,71.55749081373914,99.26493724417435,-98.18426071763751,100.0,0.08,0.6,0.27,1.0,false
0.02,0.02,0.0,0.005,0.75,0.3,0.15,1.0,5.0,2.0,14.712204115148356,85.31890656388394,-0.25879422161976606,-0.5104723112434246,-0.5104723112434246,-1.0450427480085807,true,0.0,0.25879422161976606,-0.0035180890585021145,0.0035180890585021145,73.30222635412201,1.2576047172048395,74.55983107132685,98.31329457278173,-95.2894771905484,100.0,0.08,0.6,0.27,1.0,false
0.02,0.02,0.0,0.005,0.75,0.3,0.15,1.0,5.0,2.0,15.15718019170338,81.6186557846319,-0.19000137717884513,-0.6484885650098764,-0.6484885650098764,-1.4083153777240387,true,0.0,0.19000137717884513,-0.0025070807996707277,0.0025070807996707277,75.59589958133806,2.641603678536802,78.23750325987486,96.62360943477145,-89.17557445995119,100.0,0.08,0.6,0.27,1.0,false
