gross_delta,delta,iota,kappa,lambda,sigmah,sigmal,V0,r,alpha,pi,xi,mu_b,m,c,p,vb,sg_debt,debt,debt_diff,abs_debt_diff,debt_per_diff,abs_debt_per_diff,eq_vb,eq_min_val,sg_equity,equity,eq_negative,firm_value,leverage,ROE,cvml_vb,cvmh_vb,eq_deriv
0.02,0.02,0.0,0.015000000000000001,NaN,NaN,0.3,100.0,0.08,0.6,0.27,1.0,1.0,7.0,0.6579657965796579,6.386020798908646,33.73030010543168,44.702340118219404,44.76787953793242,0.06573394557189971,0.06573394557189971,0.0014704874833375663,0.0014704874833375663,1.0658141036401503e-14,NaN,58.50569211917254,58.46196621243307,false,103.22984575036548,43.36718631372548,5.847767066237641,NaN,NaN,NaN
