gross_delta,delta,iota,kappa,lambda,sigmah,sigmal,mu_b,m,c,p,vb,debt_diff,eq_deriv,eq_deriv_min_val,eq_min_val,eq_negative,eq_vb,abs_debt_diff,debt_per_diff,abs_debt_per_diff,debt,equity,firm_value,leverage,ROE,V0,r,alpha,pi,xi,opt
0.02,0.02,0.0,0.0025,0.2,0.275,0.15,1.0,3.0,9.0,31.53939341302551,91.21193104058273,-0.2791099627679472,-0.4615003003984773,-0.4615003003984773,-0.31776682258241057,true,0.0,0.2791099627679472,-0.0029498555358252075,0.0029498555358252075,94.33907027630859,4.994721277123716,99.3337915534323,94.971780298513,-11.768534129289087,100.0,0.08,0.6,0.27,1.0,false
0.02,0.02,0.0,0.0025,0.2,0.275,0.15,1.0,3.0,9.0,33.24198209294613,90.68636328353669,-2.4827372246081296,-0.7687115322891089,-0.7687115322891089,-0.8139951217114426,true,0.0,2.4827372246081296,-0.024895599563089437,0.024895599563089437,97.24320905423026,4.15687434703105,101.40008340126131,95.90052176724409,50.78670921383157,100.0,0.08,0.6,0.27,1.0,false
0.02,0.02,0.0,0.0025,0.2,0.275,0.15,1.0,3.0,9.0,34.09327643290644,90.22482329044104,-2.4609747988907884,-0.8902359589800465,-0.8902359589800465,-1.0539375806828968,true,0.0,2.4609747988907884,-0.024061193842074613,0.024061193842074613,99.81885449982855,4.089311020424471,103.90816552025302,96.06449502794136,2157.473145374274,100.0,0.08,0.6,0.27,1.0,false
0.02,0.02,0.0,0.0025,0.2,0.275,0.15,1.0,3.0,9.0,35.51483301499839,89.33248043394292,-2.7433180565902826e-5,-0.9634322874395057,-0.9634322874395057,-1.1760411776142639,true,0.0,2.7433180565902826e-5,-0.0004459793502399178,0.0004459793502399178,106.54447161181457,4.843555868574867,111.38802748038944,95.65163691454397,-174.00988430954328,100.0,0.08,0.6,0.27,1.0,false
0.02,0.02,0.0,0.0025,0.2,0.275,0.15,1.0,3.0,9.0,36.64715945278738,88.82659558276276,2.9402583241414817,-0.9340555525790805,-0.9340555525790805,-1.0850798335379581,true,0.0,2.9402583241414817,0.02674384925548753,0.02674384925548753,112.88173668250361,5.691875077406104,118.57361175990972,95.19971181367812,-144.18561889358438,100.0,0.08,0.6,0.27,1.0,false
0.02,0.02,0.0,0.0025,0.2,0.275,0.15,1.0,3.0,9.0,39.20104247266831,90.00572854052675,5.766519485314674,-0.7823942227444068,-0.7823942227444068,-0.7433016071168426,true,0.0,5.766519485314674,0.04903372564930467,0.04903372564930467,123.3696469033196,5.299129698621949,128.66877660194154,95.88157295144285,-122.67526642804869,100.0,0.08,0.6,0.27,1.0,false
