gross_delta,delta,iota,kappa,lambda,sigmah,sigmal,mu_b,m,c,p,vb,debt_diff,eq_deriv,eq_deriv_min_val,eq_min_val,eq_negative,eq_vb,abs_debt_diff,debt_per_diff,abs_debt_per_diff,debt,equity,firm_value,leverage,ROE,V0,r,alpha,pi,xi,opt
0.02,0.02,0.0,0.0025,0.2,0.275,0.15,1.0,3.0,4.0,22.03972897289729,84.76116588612612,4.836510517082758,0.41726879459802113,0.41726879459802113,0.05277759859873403,false,0.0,4.836510517082758,0.07314836649504348,0.07314836649504348,70.95569743577462,12.789418825252435,83.74511626102706,84.72816159764014,-55.96582566590704,100.0,0.08,0.6,0.27,1.0,false
0.02,0.02,0.0,0.0025,0.2,0.275,0.15,1.0,3.0,4.0,26.07330869687019,85.90182029743133,3.645936124436512e-5,0.46039921961506014,0.46039921961506014,2.0422114953059642,false,0.0,3.645936124436512e-5,0.0013166925603228293,0.0013166925603228293,78.21996254997205,13.06703061963823,91.28699316961028,85.68576949910069,-40.00455394248432,100.0,0.08,0.6,0.27,1.0,false
0.02,0.02,0.0,0.0025,0.2,0.275,0.15,1.0,3.0,4.0,29.96736778941052,81.60493489602263,-1.3312925021331523,-0.7529431567923173,-0.7529431567923173,-0.9939129487969522,true,0.0,1.3312925021331523,-0.014808246439800063,0.014808246439800063,88.57081086609841,11.826840408998283,100.39765127509669,88.22000289967751,3.479260605786738,100.0,0.08,0.6,0.27,1.0,false
0.02,0.02,0.0,0.0025,0.2,0.275,0.15,1.0,3.0,4.0,32.12945110300504,76.15939034559368,-0.8910052877507582,-1.2990711856074904,-1.2990711856074904,-2.2666301302605967,true,0.0,0.8910052877507582,-0.009243910256400482,0.009243910256400482,95.49734802126436,17.858470097299836,113.3558181185642,84.2456519711932,296.6211508603991,100.0,0.08,0.6,0.27,1.0,false
0.02,0.02,0.0,0.0025,0.2,0.275,0.15,1.0,3.0,4.0,32.850145540869875,73.90189275344594,-0.6257220512535184,-1.3954088689608195,-1.3954088689608195,-2.380501276746231,true,0.0,0.6257220512535184,-0.006349257016989858,0.006349257016989858,97.9247145713561,21.463409486445187,119.38812405780129,82.02215701450022,934.2389143295126,100.0,0.08,0.6,0.27,1.0,false
0.02,0.02,0.0,0.0025,0.2,0.275,0.15,1.0,3.0,4.0,34.29153441659955,71.46325609951805,-0.9189906177980447,-1.5014653646780227,-1.5014653646780227,-2.409001877475772,true,0.0,0.9189906177980447,-0.008933114576068543,0.008933114576068543,101.95561263200062,26.049825529869167,128.0054381618698,79.64943841141519,-1432.0544725270968,100.0,0.08,0.6,0.27,1.0,false
