gross_delta,delta,iota,kappa,lambda,sigmah,sigmal,V0,r,alpha,pi,xi,mu_b,m,c,p,vb,sg_debt,debt,debt_diff,abs_debt_diff,debt_per_diff,abs_debt_per_diff,eq_vb,eq_min_val,sg_equity,equity,eq_negative,firm_value,leverage,ROE,cvml_vb,cvmh_vb,eq_deriv
0.02,0.015,0.005,0.0025,NaN,NaN,0.2,100.0,0.08,0.6,0.27,1.0,1.0,5.0,2.0386788678867886,14.957235220509657,77.5434765829179,74.78698108158959,74.78327997176376,-0.0028961307845207784,0.0028961307845207784,-3.872548290942896e-5,3.872548290942896e-5,4.902744876744691e-13,NaN,12.99646907146704,12.99526556466323,false,87.77854553642699,85.19539656843556,-48.4656785255502,NaN,NaN,NaN
