gross_delta,delta,iota,kappa,lambda,sigmah,sigmal,mu_b,m,c,p,vb,debt_diff,eq_deriv,eq_deriv_min_val,eq_min_val,eq_negative,eq_vb,abs_debt_diff,debt_per_diff,abs_debt_per_diff,debt,equity,firm_value,leverage,ROE,V0,r,alpha,pi,xi,opt
0.02,0.02,0.0,0.001,0.3,0.35,0.15,1.0,1.0,5.0,53.94179549533901,61.266632934744344,0.3071172248273868,8.881784197001252e-16,-0.007649502539076647,-0.01276157986906131,true,0.0,0.3071172248273868,0.005693492810300023,0.005693492810300023,54.248912720166395,47.762751609519064,102.01166432968546,53.179127187693496,4.396976004922548,100.0,0.08,0.6,0.27,1.0,false
0.02,0.02,0.0,0.001,0.3,0.35,0.15,1.0,1.0,5.0,55.34985077455114,62.92084468708707,0.25089621419877517,6.38378239159465e-16,-0.007173794000843073,-0.012722167641949864,true,0.0,0.25089621419877517,0.004532915819786323,0.004532915819786323,55.60074698874992,45.69670305632046,101.29745004507038,54.888594889616094,2.9222339500658334,100.0,0.08,0.6,0.27,1.0,false
0.02,0.02,0.0,0.001,0.3,0.35,0.15,1.0,1.0,5.0,56.75790605376327,64.57553781466665,0.1966298352118585,-1.3739009929736312e-15,-0.006721578512566051,-0.012416969404273148,true,0.0,0.1966298352118585,0.0034643602782950303,0.0034643602782950303,56.95453588897513,43.5887312120513,100.54326710102643,56.64679250152762,1.262077462157718,100.0,0.08,0.6,0.27,1.0,false
0.02,0.02,0.0,0.001,0.3,0.35,0.15,1.0,1.0,5.0,58.16596133297541,66.2300194176059,0.1319474948828656,1.3877787807814457e-17,-0.006378280102497483,-0.012191677461298194,true,0.0,0.1319474948828656,0.0022684658150412453,0.0022684658150412453,58.29790882785827,41.43201018452818,99.72991901238646,58.455786794149176,-0.6476437512418332,100.0,0.08,0.6,0.27,1.0,false
0.02,0.02,0.0,0.001,0.3,0.35,0.15,1.0,1.0,5.0,59.574016612187535,67.88499963919816,0.035582404175585225,4.85722573273506e-16,-0.0058744238302680385,-0.011859291548677733,true,1.272454555651892e-7,0.035582404175585225,0.0005972805964589913,0.0005972805964589913,59.60959901636312,39.224501533787844,98.83410055015096,60.31278545011464,-2.886575576017103,100.0,0.08,0.6,0.27,1.0,true
