gross_delta,delta,iota,kappa,lambda,sigmah,sigmal,mu_b,m,c,p,vb,debt_diff,eq_deriv,eq_deriv_min_val,eq_min_val,eq_negative,eq_vb,abs_debt_diff,debt_per_diff,abs_debt_per_diff,debt,equity,firm_value,leverage,ROE,V0,r,alpha,pi,xi,opt
0.02,0.02,0.0,0.004,0.5,0.35,0.15,1.0,5.0,11.0,12.29945494549455,91.21193104058273,48.63733703022898,-3.0958791297175634,-3.0958791297175634,-11.117491451911393,true,0.0,48.63733703022898,0.7908860554515137,0.7908860554515137,110.13461175770172,-11.03954368353058,99.09506807417114,111.14035632456265,8.929122767245268,100.0,0.08,0.6,0.27,1.0,false
0.02,0.02,0.0,0.004,0.5,0.35,0.15,1.0,5.0,11.0,12.910734494502082,91.21193104058273,46.352116117590384,-3.2120546375857435,-3.2120546375857435,-11.845646664836675,true,0.0,46.352116117590384,0.7180399556249725,0.7180399556249725,110.9057885901008,-11.710644489867175,99.19514410023362,111.80566306555686,7.380079790808947,100.0,0.08,0.6,0.27,1.0,false
0.02,0.02,0.0,0.004,0.5,0.35,0.15,1.0,5.0,11.0,13.241006024750662,91.41530748868229,45.14734528029848,-3.2534142997297852,-3.2534142997297852,-12.176521135808137,true,0.0,45.14734528029848,0.6827901669003051,0.6827901669003051,111.35237540405177,-11.969723227959383,99.38265217609239,112.04407707569595,5.438049764345143,100.0,0.08,0.6,0.27,1.0,false
0.02,0.02,0.0,0.004,0.5,0.35,0.15,1.0,5.0,11.0,13.522014043509614,91.21193104058273,46.580772147210496,-3.2583695648820536,-3.2583695648820536,-12.34368934103386,true,0.0,46.580772147210496,0.688962043632378,0.688962043632378,114.19084236475857,-12.130001083006483,102.06084128175209,111.88506868125852,-14.522332281485706,100.0,0.08,0.6,0.27,1.0,false
0.02,0.02,0.0,0.004,0.5,0.35,0.15,1.0,5.0,11.0,14.133293592517147,89.40601600227343,58.650383572594734,-3.156596932094163,-3.156596932094163,-12.230114779615146,true,0.0,58.650383572594734,0.8299605918276134,0.8299605918276134,129.31685153518046,-12.215142950974098,117.10170858420636,110.43122521324302,-58.33405597352148,100.0,0.08,0.6,0.27,1.0,false
0.02,0.02,0.0,0.004,0.5,0.35,0.15,1.0,5.0,11.0,14.744573141524677,89.52305619869338,65.45199979238762,-2.9961418108917317,-2.9961418108917317,-11.68058265018135,true,0.0,65.45199979238762,0.8878113888296599,0.8878113888296599,139.174865500011,-11.631422137595886,127.54344336241512,109.1195766955618,-70.3089672698618,100.0,0.08,0.6,0.27,1.0,false
