gross_delta,delta,iota,kappa,lambda,sigmah,sigmal,mu_b,m,c,p,vb,debt_diff,eq_deriv,eq_deriv_min_val,eq_min_val,eq_negative,eq_vb,abs_debt_diff,debt_per_diff,abs_debt_per_diff,debt,equity,firm_value,leverage,ROE,V0,r,alpha,pi,xi,opt
0.02,0.02,0.0,0.001,0.3,0.225,0.15,1.0,7.0,2.0,13.258874571667693,88.13669558014969,-3.3058844344105296,-0.5638119741255417,-0.5638119741255417,-0.9428885121126598,true,0.0,3.3058844344105296,-0.03561910193531518,0.03561910193531518,89.50623756726333,1.8445461665968808,91.35078373386021,97.98080969729745,-82.42245163810288,100.0,0.08,0.6,0.27,1.0,false
0.02,0.02,0.0,0.001,0.3,0.225,0.15,1.0,7.0,2.0,13.556964907017017,86.6154818039516,-2.819672406492657,-0.649195419937407,-0.649195419937407,-1.164049136710088,true,0.0,2.819672406492657,-0.029712428006372776,0.029712428006372776,92.07908194262646,2.5031514312440963,94.58223337387055,97.35346550620191,-68.39821579881229,100.0,0.08,0.6,0.27,1.0,false
0.02,0.02,0.0,0.001,0.3,0.225,0.15,1.0,7.0,2.0,14.153145577715666,82.9647357505265,-2.0133400159589883,-0.8763823501967808,-0.8763823501967808,-1.791374793246489,true,0.0,2.0133400159589883,-0.02032198430380857,0.02032198430380857,97.05867902805068,4.585086220210631,101.6437652482613,95.4890629946542,55.88527277157114,100.0,0.08,0.6,0.27,1.0,false
0.02,0.02,0.0,0.001,0.3,0.225,0.15,1.0,7.0,2.0,14.749326248414313,78.0966335657225,-1.3465056747875508,-1.1455795862388818,-1.1455795862388818,-2.5565053116906773,true,0.0,1.3465056747875508,-0.01304181291411592,0.01304181291411592,101.89877806411263,8.703195644619566,110.6019737087322,92.1310666050687,-558.3577095771263,100.0,0.08,0.6,0.27,1.0,false
0.02,0.02,0.0,0.001,0.3,0.225,0.15,1.0,7.0,2.0,15.047416583763638,75.48023415573621,-1.0707875707349785,-1.2295131552302374,-1.2295131552302374,-2.722778105994139,true,0.0,1.0707875707349785,-0.010165841565601106,0.010165841565601106,104.2611285156105,11.716117244362588,115.97724575997309,89.89791733060267,-374.9533885551915,100.0,0.08,0.6,0.27,1.0,false
0.02,0.02,0.0,0.001,0.3,0.225,0.15,1.0,7.0,2.0,15.047416583763638,75.48023415573621,-1.0707875707349785,-1.2295131552302374,-1.2295131552302374,-2.722778105994139,true,0.0,1.0707875707349785,-0.010165841565601106,0.010165841565601106,104.2611285156105,11.716117244362588,115.97724575997309,89.89791733060267,-374.9533885551915,100.0,0.08,0.6,0.27,1.0,false
