gross_delta,delta,iota,kappa,lambda,sigmah,sigmal,mu_b,m,c,p,vb,debt_diff,eq_deriv,eq_deriv_min_val,eq_min_val,eq_negative,eq_vb,abs_debt_diff,debt_per_diff,abs_debt_per_diff,debt,equity,firm_value,leverage,ROE,V0,r,alpha,pi,xi,opt
0.02,0.02,0.0,0.001,0.3,0.225,0.15,1.0,7.0,8.0,8.61675772840442,100.0,-0.3173017146451116,-2.6267095713191533,-2.6267095713191533,-9.574351285449707,true,0.0,0.3173017146451116,-0.005260542051501628,0.005260542051501628,60.00000238418582,0.38622390402712503,60.386226288212946,99.36041059730452,-99.03444018238034,100.0,0.08,0.6,0.27,1.0,false
0.02,0.02,0.0,0.001,0.3,0.225,0.15,1.0,7.0,8.0,8.621822519210554,99.9662976247708,0.001316877174491671,-2.627516818466251,-2.627516818466251,-9.578327264814433,true,0.0,0.001316877174491671,-0.0006093976523779222,0.0006093976523779222,60.35407451164836,0.327699051649145,60.68177356329751,99.45997120320268,-99.1734357374368,100.0,0.08,0.6,0.27,1.0,false
0.02,0.02,0.0,0.001,0.3,0.225,0.15,1.0,7.0,8.0,10.209443312752327,96.04586388066416,31.69213296841221,-2.581064830695132,-2.581064830695132,-9.212149607428083,true,0.0,31.69213296841221,0.44345684952880077,0.44345684952880077,103.1582361576785,-6.660027000219758,96.49820915745875,106.90171046527135,110.87805558895533,100.0,0.08,0.6,0.27,1.0,false
0.02,0.02,0.0,0.001,0.3,0.225,0.15,1.0,7.0,8.0,11.165054663361072,96.63075034436291,20.378937512743917,-2.3398688144488036,-2.3398688144488036,-7.71006970695616,true,0.0,20.378937512743917,0.26074899544275487,0.26074899544275487,98.53432015627142,-5.276226158222535,93.25809399804888,105.65766029738172,-459.98490262376873,100.0,0.08,0.6,0.27,1.0,false
0.02,0.02,0.0,0.001,0.3,0.225,0.15,1.0,7.0,8.0,12.75774024770898,96.27478400474187,14.76070802628331,-1.7834325575139252,-1.7834325575139252,-4.243078461601102,true,0.0,14.76070802628331,0.16528574294824688,0.16528574294824688,104.06488976024617,-3.753834248100778,100.3110555121454,103.74219394755175,-7.652249642473907,100.0,0.08,0.6,0.27,1.0,false
0.02,0.02,0.0,0.001,0.3,0.225,0.15,1.0,7.0,8.0,13.394814481448144,96.21271852845075,11.736234157635423,-1.5607292233148482,-1.5607292233148482,-3.16226498482753,true,0.0,11.736234157635423,0.12516820460517059,0.12516820460517059,105.49993552777242,-3.018601454471696,102.48133407330073,102.94551342619388,-45.11569382533677,100.0,0.08,0.6,0.27,1.0,false
