gross_delta,delta,iota,kappa,lambda,sigmah,sigmal,mu_b,m,c,p,vb,debt_diff,eq_deriv,eq_deriv_min_val,eq_min_val,eq_negative,eq_vb,abs_debt_diff,debt_per_diff,abs_debt_per_diff,debt,equity,firm_value,leverage,ROE,V0,r,alpha,pi,xi,opt
0.02,0.02,0.0,0.0025,0.3,0.35,0.15,1.0,3.0,8.0,32.796829682968294,88.30980603095496,-1.7303785967047673,-1.6694830211671237,-1.6694830211671237,-3.795921478428086,true,0.0,1.7303785967047673,-0.017586848215020913,0.017586848215020913,96.66011045220012,-0.7926214357074869,95.86748901649263,100.82678856392195,-123.73196551453678,100.0,0.08,0.6,0.27,1.0,false
0.02,0.02,0.0,0.0025,0.3,0.35,0.15,1.0,3.0,8.0,34.6028602860286,86.55420206436165,-1.9098313869766343,-1.9472088836003383,-1.9472088836003383,-4.822907688647991,true,0.0,1.9098313869766343,-0.018397625429322828,0.018397625429322828,101.89874947110917,-0.8351251763322239,101.06362429477694,100.82633606518641,-56.01709498597628,100.0,0.08,0.6,0.27,1.0,false
0.02,0.02,0.0,0.0025,0.3,0.35,0.15,1.0,3.0,8.0,35.63838537800319,85.82303739439753,5.9719416344694576e-5,-1.9352391462013743,-1.9352391462013743,-4.7077619882616855,true,0.0,5.9719416344694576e-5,-0.0005172273129402092,0.0005172273129402092,106.9152158534259,-0.20642430067895864,106.70879155274694,100.1934463858837,-97.01492614179654,100.0,0.08,0.6,0.27,1.0,false
0.02,0.02,0.0,0.0025,0.3,0.35,0.15,1.0,3.0,8.0,37.311906190619055,86.13371435853196,2.5109171608097824,-1.844375021814561,-1.844375021814561,-4.310516641309621,true,0.0,2.5109171608097824,0.022431777745705886,0.022431777745705886,114.44663573266695,-0.18818239236166648,114.25845334030528,100.16469887947915,-98.69739643302458,100.0,0.08,0.6,0.27,1.0,false
0.02,0.02,0.0,0.0025,0.3,0.35,0.15,1.0,3.0,8.0,38.21492149214921,87.29463057388342,2.468585256813043,-1.8228571911002984,-1.8228571911002984,-4.269182885665379,true,0.0,2.468585256813043,0.021532472660975147,0.021532472660975147,117.11334973326066,-1.2106500215157798,115.90269971174489,101.0445399671679,-92.92569812230963,100.0,0.08,0.6,0.27,1.0,false
0.02,0.02,0.0,0.0025,0.3,0.35,0.15,1.0,3.0,8.0,39.11793679367936,88.32964209330618,2.5889794132893655,-1.79590856448798,-1.79590856448798,-4.181958059967283,true,0.0,2.5889794132893655,0.022061315306960757,0.022061315306960757,119.94278979432745,-1.9091784777601373,118.03361131656732,101.61748713477867,-90.42672315433428,100.0,0.08,0.6,0.27,1.0,false
