gross_delta,delta,iota,kappa,lambda,sigmah,sigmal,mu_b,m,c,p,vb,debt_diff,eq_deriv,eq_deriv_min_val,eq_min_val,eq_negative,eq_vb,abs_debt_diff,debt_per_diff,abs_debt_per_diff,debt,equity,firm_value,leverage,ROE,V0,r,alpha,pi,xi,opt
0.02,0.02,0.0,0.0025,0.3,0.35,0.15,1.0,3.0,1.0,11.631589474736947,45.94280983445148,0.12795382614331174,-0.025879049774424116,-0.025879049774424116,-0.0021525821663657373,false,0.0,0.12795382614331174,0.0036668484108504434,0.0036668484108504434,35.02272225035415,32.822873265257904,67.84559551561205,51.62121724216426,-49.48561342978577,100.0,0.08,0.6,0.27,1.0,false
0.02,0.02,0.0,0.0025,0.3,0.35,0.15,1.0,3.0,1.0,11.841651270390196,46.738552988831984,0.06222630684753483,-0.027150465763633395,-0.027150465763633395,-0.002412984955368758,false,0.0,0.06222630684753483,0.001751622456099244,0.001751622456099244,35.587180118018125,32.14863501973126,67.73581513774938,52.53820308450865,-50.0896947554315,100.0,0.08,0.6,0.27,1.0,false
0.02,0.02,0.0,0.0025,0.3,0.35,0.15,1.0,3.0,1.0,12.023930015119838,47.68451553354548,-3.055345863776926e-7,-0.014255753852178824,-0.014255753852178824,0.006187628208761925,false,0.0,3.055345863776926e-7,9.132609856980691e-7,9.132609856980691e-7,36.07178973982492,31.213940642194824,67.28573038201975,53.60986576949473,-51.17344828650715,100.0,0.08,0.6,0.27,1.0,false
0.02,0.02,0.0,0.0025,0.3,0.35,0.15,1.0,3.0,1.0,12.051713066043446,47.534081090997454,-0.007432905117553901,-0.028384470758891146,-0.028384470758891146,-0.002670968980499548,false,0.0,0.007432905117553901,-0.00020558363990307284,0.00020558363990307284,36.14770629301278,31.477363600662486,67.62506989367526,53.453114872704255,-50.70284593830028,100.0,0.08,0.6,0.27,1.0,false
0.02,0.02,0.0,0.0025,0.3,0.35,0.15,1.0,3.0,1.0,12.261774861696695,43.99430866965105,-0.04813687691868296,-0.26820491998179957,-0.26820491998179957,-0.16056504463471524,true,0.0,0.04813687691868296,-0.0013085891578130564,0.0013085891578130564,36.737187708171405,36.80273239862784,73.53992010679924,49.955435979287685,-41.825645959496015,100.0,0.08,0.6,0.27,1.0,false
0.02,0.02,0.0,0.0025,0.3,0.35,0.15,1.0,3.0,1.0,12.471836657349945,43.0659161859797,-0.12007459573710833,-0.37587517670488757,-0.37587517670488757,-0.27626019270714497,true,0.0,0.12007459573710833,-0.003209219808224091,0.003209219808224091,37.295435376312724,38.67821688014939,75.97365225646212,49.08995983293731,-38.31674438332946,100.0,0.08,0.6,0.27,1.0,false
