gross_delta,delta,iota,kappa,lambda,sigmah,sigmal,V0,r,alpha,pi,xi,mu_b,m,c,p,vb,sg_debt,debt,debt_diff,abs_debt_diff,debt_per_diff,abs_debt_per_diff,eq_vb,eq_min_val,sg_equity,equity,eq_negative,firm_value,leverage,ROE,cvml_vb,cvmh_vb,eq_deriv
0.02,0.01975,0.00025,0.005,NaN,NaN,0.25,100.0,0.08,0.6,0.27,1.0,1.0,7.0,0.9532203220322032,9.434839725372134,50.70459901342912,66.04547877829445,66.08937339607043,0.04549531846548405,0.04549531846548405,0.0006888650362418862,0.0006888650362418862,-2.327027459614328e-13,NaN,42.05740120830333,42.04378430214894,false,108.13315769821938,61.11850870064689,23.984097354535173,NaN,NaN,NaN
