gross_delta,delta,iota,kappa,lambda,sigmah,sigmal,mu_b,m,c,p,vb,debt_diff,eq_deriv,eq_deriv_min_val,eq_min_val,eq_negative,eq_vb,abs_debt_diff,debt_per_diff,abs_debt_per_diff,debt,equity,firm_value,leverage,ROE,V0,r,alpha,pi,xi,opt
0.02,0.02,0.0,0.0025,0.1,0.25,0.15,1.0,5.0,1.0,11.178694185207993,64.18862493495313,0.4739983750489358,0.6094002280351598,0.6094002280351598,0.046945665385566986,false,0.0,0.4739983750489358,0.008480388982751594,0.008480388982751594,56.3674693010889,31.91827450053859,88.28574380162749,63.84662673029414,-26.847528691854794,100.0,0.08,0.6,0.27,1.0,false
0.02,0.02,0.0,0.0025,0.1,0.25,0.15,1.0,5.0,1.0,11.409806770150698,65.4115598055333,0.1925351261601307,0.6114124043620137,0.6114124043620137,0.047484070420029494,false,0.0,0.1925351261601307,0.003374905991639116,0.003374905991639116,57.24156897691362,30.77993667103216,88.02150564794579,65.03134496001375,-28.014344926703984,100.0,0.08,0.6,0.27,1.0,false
0.02,0.02,0.0,0.0025,0.1,0.25,0.15,1.0,5.0,1.0,11.640919355093404,59.986562697375525,0.138089316529026,0.2842667278812443,0.2842667278812443,0.022115910579428747,false,0.0,0.138089316529026,0.0023724812846264757,0.0023724812846264757,58.34268609199604,35.40074876624336,93.7434348582394,62.2365568108561,-15.01912762684987,100.0,0.08,0.6,0.27,1.0,false
0.02,0.02,0.0,0.0025,0.1,0.25,0.15,1.0,5.0,1.0,11.872031940036107,56.03929974142468,-0.008725437569204075,-5.339595311245e-8,-5.339595311245e-8,0.0005981758598894707,false,0.0,0.008725437569204075,-0.00014699147733555605,0.00014699147733555605,59.351434262611335,39.61565691540753,98.96709117801886,59.970878759942394,-2.541070769026088,100.0,0.08,0.6,0.27,1.0,false
0.02,0.02,0.0,0.0025,0.1,0.25,0.15,1.0,5.0,1.0,12.086541230843588,45.51765320483616,-7.827399514763467e-7,-0.9177000640794107,-0.9177000640794107,-1.0116195609008116,true,0.0,7.827399514763467e-7,-7.584366655770809e-6,7.584366655770809e-6,60.432705371478,54.99066534699001,115.42337071846802,52.35742553289394,38.980099254372846,100.0,0.08,0.6,0.27,1.0,false
0.02,0.02,0.0,0.0025,0.1,0.25,0.15,1.0,5.0,1.0,12.103144524978813,44.095729559923335,0.016316176911345792,-1.0411455863761916,-1.0411455863761916,-1.1643172680460385,true,0.0,0.016316176911345792,0.0002696188065452247,0.0002696188065452247,60.53203880180541,57.08672483753033,117.61876363933575,51.46461068696476,44.64067335746162,100.0,0.08,0.6,0.27,1.0,false
