gross_delta,delta,iota,kappa,lambda,sigmah,sigmal,mu_b,m,c,p,vb,debt_diff,eq_deriv,eq_deriv_min_val,eq_min_val,eq_negative,eq_vb,abs_debt_diff,debt_per_diff,abs_debt_per_diff,debt,equity,firm_value,leverage,ROE,V0,r,alpha,pi,xi,opt
0.02,0.02,0.0,0.001,0.3,0.225,0.15,1.0,10.0,2.0,9.034353435343533,90.60944980888137,-0.0038586998645229187,-1.9837217835537087,-1.9837217835537087,-9.419473441065463,true,0.0,0.0038586998645229187,-4.2711411415754415e-5,4.2711411415754415e-5,90.33967565357081,-9.093964265870287,81.24571138770052,111.19316221194045,-194.13725605633257,100.0,0.08,0.6,0.27,1.0,false
0.02,0.02,0.0,0.001,0.3,0.225,0.15,1.0,10.0,2.0,9.844689031198742,84.8134133983441,-8.69295540842363e-6,-2.379159597522691,-2.379159597522691,-11.07125391383378,true,0.0,8.69295540842363e-6,-6.83977826598397e-5,6.83977826598397e-5,98.44688161903208,-10.515451106548511,87.93143051248357,111.9586944568764,-777.0540633222816,100.0,0.08,0.6,0.27,1.0,false
0.02,0.02,0.0,0.001,0.3,0.225,0.15,1.0,10.0,2.0,10.004575457545753,84.4203391700132,-0.32938341430312335,-2.4068295662949413,-2.4068295662949413,-11.199019594973784,true,0.0,0.32938341430312335,-0.0032923277524454313,0.0032923277524454313,99.71637116115441,-10.541735078613911,89.1746360825405,111.82145006889226,-3816.7359713914825,100.0,0.08,0.6,0.27,1.0,false
0.02,0.02,0.0,0.001,0.3,0.225,0.15,1.0,10.0,2.0,10.198619861986197,84.12208837458522,-0.6991591898671174,-2.428896972756947,-2.428896972756947,-11.304814738848844,true,0.0,0.6991591898671174,-0.006855429453480533,0.006855429453480533,101.28703942999485,-10.551598103425306,90.73544132656954,111.62897093920404,719.8348751030525,100.0,0.08,0.6,0.27,1.0,false
0.02,0.02,0.0,0.001,0.3,0.225,0.15,1.0,10.0,2.0,10.974797479747973,84.13356498203962,-1.3196828089213142,-2.4509142600196547,-2.4509142600196547,-11.427072598757967,true,0.0,1.3196828089213142,-0.012024666617826458,0.012024666617826458,108.42829198855843,-10.761332118491511,97.66695987006692,111.01839571213034,27.68105486972012,100.0,0.08,0.6,0.27,1.0,false
0.02,0.02,0.0,0.001,0.3,0.225,0.15,1.0,10.0,2.0,11.556930693069305,85.29661114683044,-1.6211228598518943,-2.423269007598528,-2.423269007598528,-11.357981217389764,true,0.0,1.6211228598518943,-0.014027278547444108,0.014027278547444108,113.94818407084115,-11.07568308807991,102.87250098276124,110.76641763568664,-20.594085711603416,100.0,0.08,0.6,0.27,1.0,false
