gross_delta,delta,iota,kappa,lambda,sigmah,sigmal,mu_b,m,c,p,vb,debt_diff,eq_deriv,eq_deriv_min_val,eq_min_val,eq_negative,eq_vb,abs_debt_diff,debt_per_diff,abs_debt_per_diff,debt,equity,firm_value,leverage,ROE,V0,r,alpha,pi,xi,opt
0.02,0.02,0.0,0.001,0.3,0.225,0.15,1.0,10.0,1.0,7.393189318931893,89.22251086711492,-0.5448622135768346,-0.43553711278494045,-0.43553711278494045,-1.0330905668395807,true,0.0,0.5448622135768346,-0.00736978575919319,0.00736978575919319,73.38703097574209,-0.29515833859367474,73.09187263714841,100.40381827410407,-101.10907707563419,100.0,0.08,0.6,0.27,1.0,false
0.02,0.02,0.0,0.001,0.3,0.225,0.15,1.0,10.0,1.0,7.600499523636574,87.30150894629925,-0.4051104010012381,-0.500769052337533,-0.500769052337533,-1.2448505390496392,true,0.0,0.4051104010012381,-0.0053300496860949325,0.0053300496860949325,75.5998848353645,-0.0030476721294277476,75.59683716323508,100.00403148100344,-100.01249040059386,100.0,0.08,0.6,0.27,1.0,false
0.02,0.02,0.0,0.001,0.3,0.225,0.15,1.0,10.0,1.0,7.807809728341255,85.44891848616719,-0.3672972135914989,-0.5656543949542823,-0.5656543949542823,-1.4533966976644468,true,0.0,0.3672972135914989,-0.004704228540025271,0.004704228540025271,77.71080006982105,0.4257410840127095,78.13654115383376,99.4551319040671,-98.0899220907599,100.0,0.08,0.6,0.27,1.0,false
0.02,0.02,0.0,0.001,0.3,0.225,0.15,1.0,10.0,1.0,8.015119933045936,83.6647499874983,-0.4615824601001606,-0.633400119973588,-0.633400119973588,-1.6730868512842842,true,0.0,0.4615824601001606,-0.005758896485092872,0.005758896485092872,79.6896168703592,0.9506797197111561,80.64029659007036,98.82108603277605,-95.3192428048108,100.0,0.08,0.6,0.27,1.0,false
0.02,0.02,0.0,0.001,0.3,0.225,0.15,1.0,10.0,1.0,8.222430137750617,80.09645130810402,-0.07551959178503864,-0.7536288181440992,-0.7536288181440992,-2.044540781115888,true,0.0,0.07551959178503864,-0.0009184582966331931,0.0009184582966331931,82.14878178572114,2.5231415299718387,84.67192331569298,97.02009659026582,-85.86571796005707,100.0,0.08,0.6,0.27,1.0,false
0.02,0.02,0.0,0.001,0.3,0.225,0.15,1.0,10.0,1.0,8.222430137750617,80.09645130810402,-0.07551959178503864,-0.7536288181440992,-0.7536288181440992,-2.044540781115888,true,0.0,0.07551959178503864,-0.0009184582966331931,0.0009184582966331931,82.14878178572114,2.5231415299718387,84.67192331569298,97.02009659026582,-85.86571796005707,100.0,0.08,0.6,0.27,1.0,false
