gross_delta,delta,iota,kappa,lambda,sigmah,sigmal,mu_b,m,c,p,vb,debt_diff,eq_deriv,eq_deriv_min_val,eq_min_val,eq_negative,eq_vb,abs_debt_diff,debt_per_diff,abs_debt_per_diff,debt,equity,firm_value,leverage,ROE,V0,r,alpha,pi,xi,opt
0.02,0.02,0.0,0.004,0.3,0.275,0.15,1.0,3.0,9.0,32.11335870429148,91.21193104058273,-2.4283134547957985,-0.8759602012147031,-0.8759602012147031,-1.0993909072241599,true,0.0,2.4283134547957985,-0.02520564185511672,0.02520564185511672,93.91176265807864,2.413122381501547,96.3248850395802,97.49480896809793,-60.36418677560948,100.0,0.08,0.6,0.27,1.0,false
0.02,0.02,0.0,0.004,0.3,0.275,0.15,1.0,3.0,9.0,33.788163026829,89.72785943105376,-1.867804681809119,-1.1657647531840152,-1.1657647531840152,-1.7873760876887919,true,0.0,1.867804681809119,-0.01842661763259139,0.01842661763259139,99.49668439867787,2.5682709495760374,102.0649553482539,97.48368973384362,410.27048293945285,100.0,0.08,0.6,0.27,1.0,false
0.02,0.02,0.0,0.004,0.3,0.275,0.15,1.0,3.0,9.0,34.166052905021914,88.77363928301335,-1.601771582038225e-5,-1.1773079062559881,-1.1773079062559881,-1.7883200295072432,true,0.0,1.601771582038225e-5,-0.00017777986994163596,0.00017777986994163596,102.49814269734993,3.6263140304063053,106.12445672775624,96.58296104195003,-245.16040393741923,100.0,0.08,0.6,0.27,1.0,false
0.02,0.02,0.0,0.004,0.3,0.275,0.15,1.0,3.0,9.0,34.62556518809775,87.97056111301305,1.8444139401849924,-1.1764182999722181,-1.1764182999722181,-1.7593473494440524,true,0.0,1.8444139401849924,0.01775580105013462,0.01775580105013462,105.72110950447825,4.549954779550414,110.27106428402867,95.87384522939676,-179.52923774643529,100.0,0.08,0.6,0.27,1.0,false
0.02,0.02,0.0,0.004,0.3,0.275,0.15,1.0,3.0,9.0,36.30036951063527,89.21326324107639,2.689390787252563,-1.097848470758692,-1.097848470758692,-1.5546181918800366,true,0.0,2.689390787252563,0.0246957154386048,0.0246957154386048,111.59049931915837,3.2871012494762013,114.87760056863456,97.13860558263289,-128.36030751533568,100.0,0.08,0.6,0.27,1.0,false
0.02,0.02,0.0,0.004,0.3,0.275,0.15,1.0,3.0,9.0,37.13777167190403,89.73965984080066,4.269138011538246,-1.0310750930309485,-1.0310750930309485,-1.3718139728643217,true,0.0,4.269138011538246,0.03831802339725903,0.03831802339725903,115.68245302725032,3.086131086280523,118.76858411353084,97.40155941967744,-119.67887983415584,100.0,0.08,0.6,0.27,1.0,false
