gross_delta,delta,iota,kappa,lambda,sigmah,sigmal,mu_b,m,c,p,vb,debt_diff,eq_deriv,eq_deriv_min_val,eq_min_val,eq_negative,eq_vb,abs_debt_diff,debt_per_diff,abs_debt_per_diff,debt,equity,firm_value,leverage,ROE,V0,r,alpha,pi,xi,opt
0.02,0.02,0.0,0.004,0.3,0.275,0.15,1.0,3.0,1.0,11.404503608255562,40.97595269163908,0.17418251796257067,0.026172230039478397,0.026172230039478397,0.0018837223770881337,false,0.0,0.17418251796257067,0.005091044846426061,0.005091044846426061,34.38769334272926,45.73637304933403,80.12406639206328,42.91805807067169,-30.292996269373184,100.0,0.08,0.6,0.27,1.0,false
0.02,0.02,0.0,0.004,0.3,0.275,0.15,1.0,3.0,1.0,11.59561745648249,41.64715394351882,0.10763953236087787,0.025212897749299325,0.025212897749299325,0.0018388610832926564,false,0.0,0.10763953236087787,0.003094259038377824,0.003094259038377824,34.89449190180835,45.11406632226244,80.00855822407078,43.61344920637534,-30.70622188491067,100.0,0.08,0.6,0.27,1.0,false
0.02,0.02,0.0,0.004,0.3,0.275,0.15,1.0,3.0,1.0,11.786731304709418,44.54004246715293,0.04109654675904295,0.14182415082083688,0.14182415082083688,0.008770906278244577,false,0.0,0.04109654675904295,0.001162226283567487,0.001162226283567487,35.401290460887296,40.98327404960351,76.3845645104908,46.346131168981415,-36.55713195820221,100.0,0.08,0.6,0.27,1.0,false
0.02,0.02,0.0,0.004,0.3,0.275,0.15,1.0,3.0,1.0,11.904760575390112,43.62753957225466,5.187507533680261e-7,0.06982783754154084,0.06982783754154084,0.00524676786616288,false,0.0,5.187507533680261e-7,1.306920040375012e-8,1.306920040375012e-8,35.714282244921094,42.6555172930643,78.36979953798539,45.571486025826296,-33.6469766806107,100.0,0.08,0.6,0.27,1.0,false
0.02,0.02,0.0,0.004,0.3,0.275,0.15,1.0,3.0,1.0,11.977845152936347,42.586608860665216,-0.02544643884282749,-4.703443814927516e-7,-4.703443814927516e-7,0.0016461135757533242,false,0.0,0.02544643884282749,-0.000708152941755397,0.000708152941755397,35.90808901996621,44.43817466200181,80.34626368196803,44.69167248660127,-30.664924820473203,100.0,0.08,0.6,0.27,1.0,false
0.02,0.02,0.0,0.004,0.3,0.275,0.15,1.0,3.0,1.0,12.168959001163275,43.26720485268577,-0.09198942444455582,4.6293347279527386e-7,4.6293347279527386e-7,0.001835945771293617,false,0.0,0.09198942444455582,-0.002519783448903674,0.002519783448903674,36.41488757904527,43.78996089138757,80.20484847043284,45.40235194443321,-31.131739452651473,100.0,0.08,0.6,0.27,1.0,false
