gross_delta,delta,iota,kappa,lambda,sigmah,sigmal,mu_b,m,c,p,vb,debt_diff,eq_deriv,eq_deriv_min_val,eq_min_val,eq_negative,eq_vb,abs_debt_diff,debt_per_diff,abs_debt_per_diff,debt,equity,firm_value,leverage,ROE,V0,r,alpha,pi,xi,opt
0.02,0.02,0.0,0.004,0.3,0.275,0.15,1.0,3.0,11.0,32.13109732025834,91.21193104058273,2.289440413058486,-0.9617740722929651,-0.9617740722929651,-1.162435309271853,true,0.0,2.289440413058486,0.023751034605085587,0.023751034605085587,98.68273237383352,2.978640713375633,101.66137308720916,97.07003690495067,126.12266894040988,100.0,0.08,0.6,0.27,1.0,false
0.02,0.02,0.0,0.004,0.3,0.275,0.15,1.0,3.0,11.0,33.0194374700628,91.21193104058273,0.685285310561909,-1.0896386296583032,-1.0896386296583032,-1.4567351208554509,true,0.0,0.685285310561909,0.006917999044080482,0.006917999044080482,99.7435977207503,2.3012765475605,102.0448742683108,97.744838666262,797.5257764067658,100.0,0.08,0.6,0.27,1.0,false
0.02,0.02,0.0,0.004,0.3,0.275,0.15,1.0,3.0,11.0,33.2696765092516,91.34551167880986,-2.823184181000027e-5,-1.118192605249708,-1.118192605249708,-1.5313671228999004,true,0.0,2.823184181000027e-5,0.00017265677445544615,0.00017265677445544615,99.80900129591298,1.967157045902147,101.77615834181512,98.06717302170568,929.9321428934298,100.0,0.08,0.6,0.27,1.0,false
0.02,0.02,0.0,0.004,0.3,0.275,0.15,1.0,3.0,11.0,33.90777761986725,91.21193104058273,0.20760385247304214,-1.1568886547009916,-1.1568886547009916,-1.6264193352629064,true,0.0,0.20760385247304214,0.002040867583050748,0.002040867583050748,101.93093671207478,1.8509286990851732,103.78186541115996,98.2165201099901,-195.85651810909738,100.0,0.08,0.6,0.27,1.0,false
0.02,0.02,0.0,0.004,0.3,0.275,0.15,1.0,3.0,11.0,34.7961177696717,89.46512935186969,6.792239462885675,-1.1108074257903136,-1.1108074257903136,-1.4586430296744128,true,0.0,6.792239462885675,0.06506702373950647,0.06506702373950647,111.18059277190079,4.107670798297136,115.28826357019793,96.43704339792055,-136.73929354283064,100.0,0.08,0.6,0.27,1.0,false
0.02,0.02,0.0,0.004,0.3,0.275,0.15,1.0,3.0,11.0,35.68445791947616,89.59940606522667,9.696979966179995,-1.009645942402769,-1.009645942402769,-1.2056631935102808,true,0.0,9.696979966179995,0.09058079746334512,0.09058079746334512,116.75035372460847,4.416999217753294,121.16735294236177,96.35462927059699,-126.36958771362626,100.0,0.08,0.6,0.27,1.0,false
