gross_delta,delta,iota,kappa,lambda,sigmah,sigmal,V0,r,alpha,pi,xi,mu_b,m,c,p,vb,sg_debt,debt,debt_diff,abs_debt_diff,debt_per_diff,abs_debt_per_diff,eq_vb,eq_min_val,sg_equity,equity,eq_negative,firm_value,leverage,ROE,cvml_vb,cvmh_vb,eq_deriv
0.02,0.018000000000000002,0.002,0.005,NaN,NaN,0.2,100.0,0.08,0.6,0.27,1.0,1.0,1.0,3.56028102810281,41.882121428891956,48.078960069928755,41.8821333419195,41.88210584891838,-1.5579973577928286e-5,1.5579973577928286e-5,-3.7199580743253847e-7,3.7199580743253847e-7,-2.0605739337042905e-13,NaN,55.292083248396054,55.29202250528974,false,97.17412835420811,43.10005817212425,-4.862309082372862,NaN,NaN,NaN
