gross_delta,delta,iota,kappa,lambda,sigmah,sigmal,mu_b,m,c,p,vb,debt_diff,eq_deriv,eq_deriv_min_val,eq_min_val,eq_negative,eq_vb,abs_debt_diff,debt_per_diff,abs_debt_per_diff,debt,equity,firm_value,leverage,ROE,V0,r,alpha,pi,xi,opt
0.02,0.02,0.0,0.001,0.5,0.35,0.15,1.0,7.0,1.0,11.353281380769655,44.805953964024745,1.64464588813766,-2.2684284816118545,-2.2684284816118545,-5.095425478695934,true,0.0,1.64464588813766,0.02069440584719893,0.02069440584719893,81.11761555352524,45.560920261688665,126.6785358152139,64.03422255515456,141.28796016646427,100.0,0.08,0.6,0.27,1.0,false
0.02,0.02,0.0,0.001,0.5,0.35,0.15,1.0,7.0,1.0,11.674256899374146,44.88304709640141,1.1127108356940454,-2.2383560879734357,-2.2383560879734357,-4.866352970090383,true,0.0,1.1127108356940454,0.013616172077038734,0.013616172077038734,82.83250913131307,46.8383905435324,129.6708996748455,63.87902709013249,172.83189431581087,100.0,0.08,0.6,0.27,1.0,false
0.02,0.02,0.0,0.001,0.5,0.35,0.15,1.0,7.0,1.0,11.99523241797864,43.92205568042671,0.5807757832522782,-2.236035085442111,-2.236035085442111,-4.5187146261246465,true,0.0,0.5807757832522782,0.006916745432267412,0.006916745432267412,84.54740270910276,51.5228289387013,136.07023164780406,62.13512072790478,233.4250415562966,100.0,0.08,0.6,0.27,1.0,false
0.02,0.02,0.0,0.001,0.5,0.35,0.15,1.0,7.0,1.0,12.316207936583131,44.9042541938414,0.048840730811591015,-2.186306822256381,-2.186306822256381,-4.411103027713289,true,0.0,0.048840730811591015,0.000566509374859938,0.000566509374859938,86.26229628689352,50.136114172215045,136.39841045910856,63.24288970563513,264.95265307245336,100.0,0.08,0.6,0.27,1.0,false
0.02,0.02,0.0,0.001,0.5,0.35,0.15,1.0,7.0,1.0,12.322290483486155,44.9437584752096,-2.1386403968981504e-5,-2.1848444095150703,-2.1848444095150703,-4.411331030868243,true,0.0,2.1386403968981504e-5,1.0957549511633052e-5,1.0957549511633052e-5,86.25601199799911,50.0518792567648,136.30789125476392,63.28027761561052,264.17289690210805,100.0,0.08,0.6,0.27,1.0,false
0.02,0.02,0.0,0.001,0.5,0.35,0.15,1.0,7.0,1.0,12.637183455187623,47.79065823698369,-7.277258948726498,-2.088640660610948,-2.088640660610948,-4.485153743945097,true,0.0,7.277258948726498,-0.08226583280468865,0.08226583280468865,81.18302523758686,44.10421749540526,125.28724273299213,64.79751925788753,134.38527208689956,100.0,0.08,0.6,0.27,1.0,false
