gross_delta,delta,iota,kappa,lambda,sigmah,sigmal,mu_b,m,c,p,vb,debt_diff,eq_deriv,eq_deriv_min_val,eq_min_val,eq_negative,eq_vb,abs_debt_diff,debt_per_diff,abs_debt_per_diff,debt,equity,firm_value,leverage,ROE,V0,r,alpha,pi,xi,opt
0.02,0.02,0.0,0.001,0.5,0.35,0.15,1.0,7.0,5.0,9.813806380638065,65.82255256162517,-6.0901137337962155,-3.793779026437257,-3.793779026437257,-18.133489332988386,true,0.0,6.0901137337962155,-0.08865227353594965,0.08865227353594965,62.60653093067023,-1.1176614561079932,61.488869474562236,101.8176646694901,-102.98892155214531,100.0,0.08,0.6,0.27,1.0,false
0.02,0.02,0.0,0.001,0.5,0.35,0.15,1.0,7.0,5.0,10.144803954079618,65.95791423809412,-5.301092050152235,-3.7127244458621584,-3.7127244458621584,-17.727248207321026,true,0.0,5.301092050152235,-0.07464894025901042,0.07464894025901042,65.71253562840509,-1.4036683508065977,64.3088672775985,102.18269798587411,-104.09382372401224,100.0,0.08,0.6,0.27,1.0,false
0.02,0.02,0.0,0.001,0.5,0.35,0.15,1.0,7.0,5.0,11.137796674404283,67.15149278675987,-5.887610252910179,-3.5425622306595432,-3.5425622306595432,-16.93977633708134,true,0.0,5.887610252910179,-0.07551647813073,0.07551647813073,72.0769664679198,-3.755561711171429,68.32140475674838,105.49690353197907,-113.44969094012205,100.0,0.08,0.6,0.27,1.0,false
0.02,0.02,0.0,0.001,0.5,0.35,0.15,1.0,7.0,5.0,11.468794247845837,65.79712843920662,-0.884350895292954,-3.4026050445073555,-3.4026050445073555,-15.615042127184214,true,0.0,0.884350895292954,-0.011015616764459536,0.011015616764459536,79.39720883962791,-1.032122980552446,78.36508585907546,101.31706992883096,-105.0096269603395,100.0,0.08,0.6,0.27,1.0,false
0.02,0.02,0.0,0.001,0.5,0.35,0.15,1.0,7.0,5.0,11.542822595429516,65.55478177504153,-2.7098940986004967e-5,-3.3757951194348834,-3.3757951194348834,-15.356805930454861,true,0.0,2.7098940986004967e-5,0.00029772870322857133,0.00029772870322857133,80.79973106906563,-0.542380576184979,80.25735049288065,100.6758017463249,-102.8248592670029,100.0,0.08,0.6,0.27,1.0,false
0.02,0.02,0.0,0.001,0.5,0.35,0.15,1.0,7.0,5.0,11.799791821287393,65.63683746121866,-0.014250269528233162,-3.3372876406172245,-3.3372876406172245,-15.026454377939967,true,0.0,0.014250269528233162,-0.00017252446658211362,0.00017252446658211362,82.58429247948352,-0.6768270026423532,81.90746547684117,100.8263312735928,-103.88630207440623,100.0,0.08,0.6,0.27,1.0,false
