gross_delta,delta,iota,kappa,lambda,sigmah,sigmal,mu_b,m,c,p,vb,debt_diff,eq_deriv,eq_deriv_min_val,eq_min_val,eq_negative,eq_vb,abs_debt_diff,debt_per_diff,abs_debt_per_diff,debt,equity,firm_value,leverage,ROE,V0,r,alpha,pi,xi,opt
0.02,0.02,0.0,0.005,0.5,0.25,0.15,1.0,3.0,11.0,31.513531616319526,91.21193104058273,3.7442618960022855,-0.89884932779542,-0.89884932779542,-1.0251048148406927,true,0.0,3.7442618960022855,0.03960480576607596,0.03960480576607596,98.28485674496086,3.308563589963536,101.5934203349244,96.7433288700625,92.90304645066155,100.0,0.08,0.6,0.27,1.0,false
0.02,0.02,0.0,0.005,0.5,0.25,0.15,1.0,3.0,11.0,32.35547502118633,91.21193104058273,1.208305819060996,-1.0521611657291248,-1.0521611657291248,-1.36156889725944,true,0.0,1.208305819060996,0.012448236537709087,0.012448236537709087,98.27473088261999,2.5726569275663382,100.84738781018633,97.44896027212071,49.116268392560784,100.0,0.08,0.6,0.27,1.0,false
0.02,0.02,0.0,0.005,0.5,0.25,0.15,1.0,3.0,11.0,32.66889158781366,91.38834987764096,-5.277899596145552e-6,-1.101982465992004,-1.101982465992004,-1.4839222917694856,true,0.0,5.277899596145552e-6,0.000192268874854587,0.000192268874854587,98.0066694855414,2.1086283281410516,100.11529781368245,97.89380007432503,5.784179434676484,100.0,0.08,0.6,0.27,1.0,false
0.02,0.02,0.0,0.005,0.5,0.25,0.15,1.0,3.0,11.0,33.19741842605313,91.21193104058273,-0.2829092521369603,-1.154567251263403,-1.154567251263403,-1.6090735416115036,true,0.0,0.2829092521369603,-0.0028406752246627988,0.0028406752246627988,99.30934602602244,2.002556487519116,101.31190251354155,98.02337490676236,189.9507659365438,100.0,0.08,0.6,0.27,1.0,false
0.02,0.02,0.0,0.005,0.5,0.25,0.15,1.0,3.0,11.0,34.03936183091994,89.34436959364753,5.230251057781032,-1.127271951452895,-1.127271951452895,-1.5048688544791156,true,0.0,5.230251057781032,0.051217676404165045,0.051217676404165045,107.34833655054084,4.145478346323225,111.49381489686407,96.28187594965878,-156.41383349566533,100.0,0.08,0.6,0.27,1.0,false
0.02,0.02,0.0,0.005,0.5,0.25,0.15,1.0,3.0,11.0,34.88130523578673,89.47522871006818,7.794168082459763,-1.006826618304439,-1.006826618304439,-1.2189618922027115,true,0.0,7.794168082459763,0.07448276404579873,0.07448276404579873,112.43808378981997,4.341368511903532,116.7794523017235,96.28242089996559,-134.9038371606465,100.0,0.08,0.6,0.27,1.0,false
