gross_delta,delta,iota,kappa,lambda,sigmah,sigmal,mu_b,m,c,p,vb,debt_diff,eq_deriv,eq_deriv_min_val,eq_min_val,eq_negative,eq_vb,abs_debt_diff,debt_per_diff,abs_debt_per_diff,debt,equity,firm_value,leverage,ROE,V0,r,alpha,pi,xi,opt
0.02,0.02,0.0,0.003,0.3,0.3,0.15,1.0,3.0,11.0,31.974211894873697,91.21193104058273,2.2795173190284856,-1.1578442982390407,-1.1578442982390407,-1.6866390400271907,true,0.0,2.2795173190284856,0.023764123063957383,0.023764123063957383,98.20215300364958,1.539591473380892,99.74174447703048,98.4564221515742,-14.364710873270958,100.0,0.08,0.6,0.27,1.0,false
0.02,0.02,0.0,0.003,0.3,0.3,0.15,1.0,3.0,11.0,32.90413909812034,91.21193104058273,0.41344017396033905,-1.304582761368714,-1.304582761368714,-2.0848661034758127,true,0.0,0.41344017396033905,0.004188329951716793,0.004188329951716793,99.12585746832136,0.7749084687978347,99.90076593711919,99.22432179420368,-11.352160464066008,100.0,0.08,0.6,0.27,1.0,false
0.02,0.02,0.0,0.003,0.3,0.3,0.15,1.0,3.0,11.0,33.83406630136698,91.21193104058273,-0.35822286202703424,-1.3929535600674359,-1.3929535600674359,-2.348268567458657,true,0.0,0.35822286202703424,-0.003529212823906233,0.003529212823906233,101.1439760420739,0.2286706810919036,101.3726467231658,99.77442565772563,-119.98911451653733,100.0,0.08,0.6,0.27,1.0,false
0.02,0.02,0.0,0.003,0.3,0.3,0.15,1.0,3.0,11.0,33.92469791291151,91.09584148089637,3.521474888887994e-5,-1.3956970637629016,-1.3956970637629016,-2.353027380151029,true,0.0,3.521474888887994e-5,-7.218208288995104e-5,7.218208288995104e-5,101.7741289534834,0.3260502331835068,102.1001791866669,99.68065655145678,-118.37804588800189,100.0,0.08,0.6,0.27,1.0,false
0.02,0.02,0.0,0.003,0.3,0.3,0.15,1.0,3.0,11.0,34.763993504613616,89.43800031365461,5.932080264012242,-1.3713047805086322,-1.3713047805086322,-2.226095273722941,true,0.0,5.932080264012242,0.05687954370782115,0.05687954370782115,110.2240607778531,2.0975535002779253,112.32161427813102,98.13254687109112,-120.51585515631471,100.0,0.08,0.6,0.27,1.0,false
0.02,0.02,0.0,0.003,0.3,0.3,0.15,1.0,3.0,11.0,35.69392070786026,89.57474810103699,8.599629420012576,-1.2775406270767395,-1.2775406270767395,-1.942190905910705,true,0.0,8.599629420012576,0.08030900173353449,0.08030900173353449,115.68139154359335,2.347686216540446,118.0290777601338,98.01092556080836,-114.97115998930335,100.0,0.08,0.6,0.27,1.0,false
