gross_delta,delta,iota,kappa,lambda,sigmah,sigmal,mu_b,m,c,p,vb,debt_diff,eq_deriv,eq_deriv_min_val,eq_min_val,eq_negative,eq_vb,abs_debt_diff,debt_per_diff,abs_debt_per_diff,debt,equity,firm_value,leverage,ROE,V0,r,alpha,pi,xi,opt
0.02,0.02,0.0,0.005,0.75,0.3,0.15,1.0,1.0,6.5,58.47511724856696,66.0314607897765,0.7476175690917657,1.6705387073656652e-15,0.03017454500403933,0.05244634146609614,false,-2.5901541133502993e-7,0.7476175690917657,0.012785225652712777,0.012785225652712777,59.222734817658726,41.38162739419358,100.6043622118523,58.86696512517787,1.4821057987822739,100.0,0.08,0.6,0.27,1.0,false
0.02,0.02,0.0,0.005,0.75,0.3,0.15,1.0,1.0,6.5,60.13191187539806,67.98325928097974,0.6295912158827335,-7.979727989493313e-16,0.009267716088271837,-0.017658178282718182,true,0.0,0.6295912158827335,0.010470167939900809,0.010470167939900809,60.761503091280794,38.55231623754323,99.31381932882402,61.18131746610401,-1.7487435178066169,100.0,0.08,0.6,0.27,1.0,false
0.02,0.02,0.0,0.005,0.75,0.3,0.15,1.0,1.0,6.5,61.78870650222917,69.93162411485316,0.4081244977874974,-1.2490009027033011e-15,-0.005355123599038114,-0.012796059894434473,true,0.0,0.4081244977874974,0.006605163320141252,0.006605163320141252,62.196831000016665,35.64676536001014,97.84359636002681,63.56760515134403,-5.704293309309971,100.0,0.08,0.6,0.27,1.0,false
0.02,0.02,0.0,0.005,0.75,0.3,0.15,1.0,1.0,6.5,63.445501129060276,71.89110865475676,0.09523708376826079,-1.4137996329210978e-16,0.013278741882086132,0.04763919726664478,false,0.0,0.09523708376826079,0.001501084900795887,0.001501084900795887,63.540738212828536,32.67818396768112,96.21892218050965,66.03767405918782,-10.370692203155773,100.0,0.08,0.6,0.27,1.0,false
0.02,0.02,0.0,0.005,0.75,0.3,0.15,1.0,1.0,6.5,63.88785314999812,72.41436939476104,5.006854364636437e-6,4.9763754548677647e-17,0.016561965767307226,0.05280819756732595,false,2.6760616959498012e-9,5.006854364636437e-6,-9.251172033758383e-7,9.251172033758383e-7,63.88785815685247,31.877582295666613,95.76544045251907,66.71285367139134,-11.726137889781384,100.0,0.08,0.6,0.27,1.0,true
0.02,0.02,0.0,0.005,0.75,0.3,0.15,1.0,1.0,6.5,65.10229575589138,73.84521311008172,-0.2780430775948588,-5.689893001203927e-16,0.0005155638384065631,-0.008006225850596804,true,0.0,0.2780430775948588,-0.004270864404496789,0.004270864404496789,64.82425267829652,29.66795634634294,94.49220902463946,68.60274867888121,-15.65792170664766,100.0,0.08,0.6,0.27,1.0,false
