gross_delta,delta,iota,kappa,lambda,sigmah,sigmal,mu_b,m,c,p,vb,debt_diff,eq_deriv,eq_deriv_min_val,eq_min_val,eq_negative,eq_vb,abs_debt_diff,debt_per_diff,abs_debt_per_diff,debt,equity,firm_value,leverage,ROE,V0,r,alpha,pi,xi,opt
0.02,0.02,0.0,0.001,0.3,0.35,0.15,1.0,5.0,6.0,20.15398513535564,91.21193104058273,-1.1773015022490938,-2.134028335294942,-2.134028335294942,-6.914573705254291,true,0.0,1.1773015022490938,-0.011683064112057747,0.011683064112057747,99.5926241745291,-6.883149676431255,92.70947449809785,107.42442961055991,-1789.6313541616987,100.0,0.08,0.6,0.27,1.0,false
0.02,0.02,0.0,0.001,0.3,0.35,0.15,1.0,5.0,6.0,21.239322616472172,91.21193104058273,-3.3105293374032385,-2.2726709902805458,-2.2726709902805458,-7.728256555821057,true,0.0,3.3105293374032385,-0.031173586815200546,0.031173586815200546,102.88608374495763,-7.726372970178726,95.1597107747789,108.11937416294303,167.71132278048825,100.0,0.08,0.6,0.27,1.0,false
0.02,0.02,0.0,0.001,0.3,0.35,0.15,1.0,5.0,6.0,21.78199135703044,91.21193104058273,-3.1714819971834913,-2.3086068642617477,-2.3086068642617477,-7.990886519475501,true,0.0,3.1714819971834913,-0.029120220876038973,0.029120220876038973,105.7384747879687,-7.9909719960678895,97.74750279190081,108.17511626161973,39.25254168270953,100.0,0.08,0.6,0.27,1.0,false
0.02,0.02,0.0,0.001,0.3,0.35,0.15,1.0,5.0,6.0,22.03565354305145,90.5111782641627,5.7781744945556435e-6,-2.317358620442195,-2.317358620442195,-8.007592293786443,true,0.0,5.7781744945556435e-6,-0.00025881189403529313,0.00025881189403529313,110.17827349343175,-7.942294920669497,102.23597857276225,107.76859089289871,-21.96815181086629,100.0,0.08,0.6,0.27,1.0,false
0.02,0.02,0.0,0.001,0.3,0.35,0.15,1.0,5.0,6.0,22.324660097588705,89.56876637048975,4.540920244995732,-2.3193076168958324,-2.3193076168958324,-7.96256265083839,true,0.0,4.540920244995732,0.040680755945629817,0.040680755945629817,116.16422073293926,-7.810988426981371,108.35323230595789,107.20881902712918,-51.67729669105401,100.0,0.08,0.6,0.27,1.0,false
0.02,0.02,0.0,0.001,0.3,0.35,0.15,1.0,5.0,6.0,22.86732883814697,89.67170284671623,7.0864914368735015,-2.292242827633526,-2.292242827633526,-7.827413784722299,true,0.0,7.0864914368735015,0.06197917987737957,0.06197917987737957,121.42313562760836,-7.702461455191567,113.72067417241679,106.77314086576162,-64.04605941407908,100.0,0.08,0.6,0.27,1.0,false
