gross_delta,delta,iota,kappa,lambda,sigmah,sigmal,mu_b,m,c,p,vb,debt_diff,eq_deriv,eq_deriv_min_val,eq_min_val,eq_negative,eq_vb,abs_debt_diff,debt_per_diff,abs_debt_per_diff,debt,equity,firm_value,leverage,ROE,V0,r,alpha,pi,xi,opt
0.02,0.02,0.0,0.001,0.3,0.35,0.15,1.0,5.0,7.0,18.44790531684747,91.21193104058273,10.16381792251083,-2.143332000742792,-2.143332000742792,-6.5648786498462535,true,0.0,10.16381792251083,0.11018939817767567,0.11018939817767567,102.40334450674818,-6.466665259619785,95.9366792471284,106.74055565646792,169.0694256051301,100.0,0.08,0.6,0.27,1.0,false
0.02,0.02,0.0,0.001,0.3,0.35,0.15,1.0,5.0,7.0,19.00522683847332,91.21193104058273,8.329724640617442,-2.2407510338557084,-2.2407510338557084,-7.072216499012088,true,0.0,8.329724640617442,0.08765719779524152,0.08765719779524152,103.35585883298404,-7.015003525427656,96.34085530755638,107.28144202481191,109.03750349921282,100.0,0.08,0.6,0.27,1.0,false
0.02,0.02,0.0,0.001,0.3,0.35,0.15,1.0,5.0,7.0,19.562548360099164,91.21193104058273,7.384616383080157,-2.310477062329978,-2.310477062329978,-7.482211733653628,true,0.0,7.384616383080157,0.07549748884600559,0.07549748884600559,105.19735818357597,-7.454981824214324,97.74237635936164,107.62717472389373,43.437907507945226,100.0,0.08,0.6,0.27,1.0,false
0.02,0.02,0.0,0.001,0.3,0.35,0.15,1.0,5.0,7.0,19.88297800003913,91.29605054171584,6.944293473166832,-2.3383080955410787,-2.3383080955410787,-7.676564801391196,true,0.0,6.944293473166832,0.06998615641249695,0.06998615641249695,106.35918347336248,-7.673667170859564,98.68551630250292,107.7758798437425,20.67063645833198,100.0,0.08,0.6,0.27,1.0,false
0.02,0.02,0.0,0.001,0.3,0.35,0.15,1.0,5.0,7.0,20.119869881725013,91.21193104058273,7.452110400152776,-2.3521437924943465,-2.3521437924943465,-7.777856063400359,true,0.0,7.452110400152776,0.07407712320169196,0.07407712320169196,108.05145980877784,-7.767890227204652,100.28356958157319,107.74592513969704,-3.521964815175893,100.0,0.08,0.6,0.27,1.0,false
0.02,0.02,0.0,0.001,0.3,0.35,0.15,1.0,5.0,7.0,20.67719140335086,89.51725673593664,15.655905931836983,-2.356866844512362,-2.356866844512362,-7.754584712178316,true,0.0,15.655905931836983,0.15143164878088666,0.15143164878088666,119.04186294859129,-7.490740150805305,111.55112279778598,106.71507373743259,-60.66172637084615,100.0,0.08,0.6,0.27,1.0,false
