gross_delta,delta,iota,kappa,lambda,sigmah,sigmal,mu_b,m,c,p,vb,debt_diff,eq_deriv,eq_deriv_min_val,eq_min_val,eq_negative,eq_vb,abs_debt_diff,debt_per_diff,abs_debt_per_diff,debt,equity,firm_value,leverage,ROE,V0,r,alpha,pi,xi,opt
0.02,0.02,0.0,0.001,0.3,0.35,0.15,1.0,5.0,8.0,17.082845126617926,91.21193104058273,20.26268980776281,-2.213259083370582,-2.213259083370582,-6.545130033754132,true,0.0,20.26268980776281,0.23722851384035737,0.23722851384035737,105.67691544085244,-6.382496319879519,99.29441912097292,106.42785000041499,12.428948191645596,100.0,0.08,0.6,0.27,1.0,false
0.02,0.02,0.0,0.001,0.3,0.35,0.15,1.0,5.0,8.0,17.65945015554187,91.21193104058273,18.464026016254607,-2.315044680420434,-2.315044680420434,-7.069247863395447,true,0.0,18.464026016254607,0.20911212810847624,0.20911212810847624,106.76127679396394,-6.9652889075654745,99.79598788639846,106.97952799013757,3.017360771025679,100.0,0.08,0.6,0.27,1.0,false
0.02,0.02,0.0,0.001,0.3,0.35,0.15,1.0,5.0,8.0,18.236055184465815,91.21193104058273,17.792347945262364,-2.3815201025387975,-2.3815201025387975,-7.468098812815317,true,0.0,17.792347945262364,0.19513373660350164,0.19513373660350164,108.97262386759144,-7.4075429627141185,101.56508090487732,107.29339542362182,-17.442845347951053,100.0,0.08,0.6,0.27,1.0,false
0.02,0.02,0.0,0.001,0.3,0.35,0.15,1.0,5.0,8.0,18.438733878919525,91.25072006326609,17.671628688656586,-2.397712524505559,-2.397712524505559,-7.584148061989336,true,0.0,17.671628688656586,0.19180574375822046,0.19180574375822046,109.86529808325419,-7.545105989838196,102.320192093416,107.37401468416878,-23.51872263600827,100.0,0.08,0.6,0.27,1.0,false
0.02,0.02,0.0,0.001,0.3,0.35,0.15,1.0,5.0,8.0,18.81266021338976,91.14779634237344,18.689469022801177,-2.413233593735173,-2.413233593735173,-7.717793682587439,true,0.0,18.689469022801177,0.19869033736652617,0.19869033736652617,112.75277008974997,-7.678130722398052,105.07463936735192,107.30731103968343,-39.79244769284014,100.0,0.08,0.6,0.27,1.0,false
0.02,0.02,0.0,0.001,0.3,0.35,0.15,1.0,5.0,8.0,19.389265242313705,89.53392626737379,28.16999262258804,-2.379597282627958,-2.379597282627958,-7.51272581685559,true,0.0,28.16999262258804,0.29057308021256956,0.29057308021256956,125.11631883415657,-7.149466125474809,117.96685270868177,106.06057206860501,-71.53457808573445,100.0,0.08,0.6,0.27,1.0,false
