gross_delta,delta,iota,kappa,lambda,sigmah,sigmal,mu_b,m,c,p,vb,debt_diff,eq_deriv,eq_deriv_min_val,eq_min_val,eq_negative,eq_vb,abs_debt_diff,debt_per_diff,abs_debt_per_diff,debt,equity,firm_value,leverage,ROE,V0,r,alpha,pi,xi,opt
0.02,0.02,0.0,0.001,0.2,0.225,0.15,1.0,5.0,1.0,11.536065448650128,70.00185679757845,0.0888228714848438,0.5005434389567665,0.5005434389567665,0.035396596184814826,false,0.0,0.0888228714848438,0.0015399162197928975,0.0015399162197928975,57.76915011473548,23.13576377283205,80.90491388756753,71.40375947376508,-45.21596454798144,100.0,0.08,0.6,0.27,1.0,false
0.02,0.02,0.0,0.001,0.2,0.225,0.15,1.0,5.0,1.0,11.759393044567615,65.34386354819009,0.07370399851105702,0.32615311091951477,0.32615311091951477,0.02266448497496321,false,0.0,0.07370399851105702,0.0012535340596529414,0.0012535340596529414,58.87066922134913,27.579709680915215,86.45037890226435,68.09764164007287,-32.94393767468956,100.0,0.08,0.6,0.27,1.0,false
0.02,0.02,0.0,0.001,0.2,0.225,0.15,1.0,5.0,1.0,11.9827206404851,57.88938127535658,0.042428055566915646,0.00549604304721182,0.00549604304721182,0.000784143682539647,false,0.0,0.042428055566915646,0.0007081539633589925,0.0007081539633589925,59.956031257992414,36.30269846927173,96.25872972726415,62.28633125314407,-9.342905786486455,100.0,0.08,0.6,0.27,1.0,false
0.02,0.02,0.0,0.001,0.2,0.225,0.15,1.0,5.0,1.0,12.058049791879583,54.99387830075929,9.548586568157392e-7,-0.1589194624473256,-0.1589194624473256,-0.09502476145096683,true,0.0,9.548586568157392e-7,5.63985141234328e-6,5.63985141234328e-6,60.290249914256556,40.401117341393864,100.69136725565042,59.876284886650296,1.74105164136662,100.0,0.08,0.6,0.27,1.0,false
0.02,0.02,0.0,0.001,0.2,0.225,0.15,1.0,5.0,1.0,12.206048236402587,49.2568578030623,-0.09582577398685999,-0.5395043450308353,-0.5395043450308353,-0.42490579402730055,true,0.0,0.09582577398685999,-0.0015701359216503002,0.0015701359216503002,60.93441540802608,49.80289687833683,110.73731228636291,55.02609206411996,27.485349057259214,100.0,0.08,0.6,0.27,1.0,false
0.02,0.02,0.0,0.001,0.2,0.225,0.15,1.0,5.0,1.0,12.429375832320073,42.07694649776455,-0.07438021433325304,-1.1088253139066437,-1.1088253139066437,-1.1534685497126045,true,0.0,0.07438021433325304,-0.0011968455268661579,0.0011968455268661579,62.072498947267114,65.56407691500502,127.63657586227214,48.632218882342336,72.86685148026845,100.0,0.08,0.6,0.27,1.0,false
