gross_delta,delta,iota,kappa,lambda,sigmah,sigmal,V0,r,alpha,pi,xi,mu_b,m,c,p,vb,sg_debt,debt,debt_diff,abs_debt_diff,debt_per_diff,abs_debt_per_diff,eq_vb,eq_min_val,sg_equity,equity,eq_negative,firm_value,leverage,ROE,cvml_vb,cvmh_vb,eq_deriv
0.02,0.02,0.0,0.015000000000000001,NaN,NaN,0.2,100.0,0.08,0.6,0.27,1.0,1.0,10.0,0.6346884688468847,6.23403012728569,50.059560651526624,62.33846382746159,62.65407361016913,0.31377233731222276,0.31377233731222276,0.0050332181735676,0.0050332181735676,6.394884621840902e-14,NaN,43.89027274864275,43.841005429559985,false,106.49507903972912,58.83283450758824,17.391666689242168,NaN,NaN,NaN
