gross_delta,delta,iota,kappa,lambda,sigmah,sigmal,V0,r,alpha,pi,xi,mu_b,m,c,p,vb,sg_debt,debt,debt_diff,abs_debt_diff,debt_per_diff,abs_debt_per_diff,eq_vb,eq_min_val,sg_equity,equity,eq_negative,firm_value,leverage,ROE,cvml_vb,cvmh_vb,eq_deriv
0.02,0.02,0.0,0.005,NaN,NaN,0.25,100.0,0.08,0.6,0.27,1.0,1.0,3.0,1.3464846484648465,15.498332101984468,40.873344337631714,46.495112255885495,46.49949711015964,0.004500804206230669,0.004500804206230669,9.680190480312755e-5,9.680190480312755e-5,1.8829382497642655e-13,NaN,60.18131653918805,60.20002786554895,false,106.69952497570858,43.57985391288837,12.52235888231401,NaN,NaN,NaN
