gross_delta,delta,iota,kappa,lambda,sigmah,sigmal,mu_b,m,c,p,vb,debt_diff,eq_deriv,eq_deriv_min_val,eq_min_val,eq_negative,eq_vb,abs_debt_diff,debt_per_diff,abs_debt_per_diff,debt,equity,firm_value,leverage,ROE,V0,r,alpha,pi,xi,opt
0.02,0.02,0.0,0.003,0.5,0.225,0.15,1.0,5.0,6.0,19.109942573204687,91.21193104058273,4.398596726228433,-1.261473852784279,-1.261473852784279,-2.5087429984875866,true,0.0,4.398596726228433,0.04603464096638361,0.04603464096638361,99.94830959225187,-1.0911199724503153,98.85718961980156,101.10373355407603,-2210.875150699269,100.0,0.08,0.6,0.27,1.0,false
0.02,0.02,0.0,0.003,0.5,0.225,0.15,1.0,5.0,6.0,19.561585105879008,91.21193104058273,2.8134427331256404,-1.322588826883263,-1.322588826883263,-2.7261198498553045,true,0.0,2.8134427331256404,0.02876497704963687,0.02876497704963687,100.62136826252068,-1.4330281219323242,99.18834014058835,101.44475461521098,130.62460836332798,100.0,0.08,0.6,0.27,1.0,false
0.02,0.02,0.0,0.003,0.5,0.225,0.15,1.0,5.0,6.0,19.854527898424823,91.40950277465028,1.6850812853745647,-1.3484250855844646,-1.3484250855844646,-2.833763445909267,true,0.0,1.6850812853745647,0.017141647992511683,0.017141647992511683,100.95772077749868,-1.737339575714399,99.22038120178428,101.75099062780374,81.40355900515017,100.0,0.08,0.6,0.27,1.0,false
0.02,0.02,0.0,0.003,0.5,0.225,0.15,1.0,5.0,6.0,20.013227638553328,91.21193104058273,2.224168067473542,-1.3569451644621748,-1.3569451644621748,-2.865122207186027,true,0.0,2.224168067473542,0.022226980151756448,0.022226980151756448,102.29030626024019,-1.6806041519825883,100.6097021082576,101.67041956865575,-26.6209859721406,100.0,0.08,0.6,0.27,1.0,false
0.02,0.02,0.0,0.003,0.5,0.225,0.15,1.0,5.0,6.0,20.46487017122765,89.42352500521699,8.525393195987817,-1.3565790457684097,-1.3565790457684097,-2.8296860027087374,true,0.0,8.525393195987817,0.08331734454855225,0.08331734454855225,110.84974405212606,-0.6039268579652178,110.24581719416084,100.54780024615502,-94.43372253701344,100.0,0.08,0.6,0.27,1.0,false
0.02,0.02,0.0,0.003,0.5,0.225,0.15,1.0,5.0,6.0,20.91651270390197,89.52432520683298,10.779793943180238,-1.3137902299846058,-1.3137902299846058,-2.6858084147497934,true,0.0,10.779793943180238,0.10307448565428663,0.10307448565428663,115.36235746269008,-0.5473049228908573,114.81505253979923,100.47668394586253,-96.4373637039753,100.0,0.08,0.6,0.27,1.0,false
