gross_delta,delta,iota,kappa,lambda,sigmah,sigmal,mu_b,m,c,p,vb,debt_diff,eq_deriv,eq_deriv_min_val,eq_min_val,eq_negative,eq_vb,abs_debt_diff,debt_per_diff,abs_debt_per_diff,debt,equity,firm_value,leverage,ROE,V0,r,alpha,pi,xi,opt
0.02,0.02,0.0,0.0025,0.3,0.3,0.15,1.0,5.0,1.0,11.104424916175828,68.03977163386249,0.13247668988880434,-0.0344484424682897,-0.0344484424682897,-0.005822167358857938,true,0.0,0.13247668988880434,0.0023860162212601464,0.0023860162212601464,55.65460127076795,15.814403820874443,71.46900509164239,77.87236047207298,-64.33811787907153,100.0,0.08,0.6,0.27,1.0,false
0.02,0.02,0.0,0.0025,0.3,0.3,0.15,1.0,5.0,1.0,11.347997258889954,61.03043248017037,1.2981349486428095e-6,-0.29551396887726344,-0.29551396887726344,-0.27704577350978177,true,0.0,1.2981349486428095e-6,1.804564154487718e-6,1.804564154487718e-6,56.739987592584704,22.68349697292424,79.42348456550894,71.4398114147022,-47.5647469554678,100.0,0.08,0.6,0.27,1.0,false
0.02,0.02,0.0,0.0025,0.3,0.3,0.15,1.0,5.0,1.0,11.363299487843522,60.903211745608694,-0.01033469782532137,-0.2971080470259667,-0.2971080470259667,-0.2747234249187878,true,0.0,0.01033469782532137,-0.00018189607404746217,0.00018189607404746217,56.806162741392285,22.716549238581347,79.52271197997364,71.43388514679667,-47.40789269873362,100.0,0.08,0.6,0.27,1.0,false
0.02,0.02,0.0,0.0025,0.3,0.3,0.15,1.0,5.0,1.0,11.622174059511213,57.388882798041756,-0.2608103235853605,-0.4881379897052288,-0.4881379897052288,-0.5828259402370698,true,0.0,0.2608103235853605,-0.004488150362400084,0.004488150362400084,57.8500599739707,27.130775296612665,84.98083527058337,68.07424260984624,-35.6327072355066,100.0,0.08,0.6,0.27,1.0,false
0.02,0.02,0.0,0.0025,0.3,0.3,0.15,1.0,5.0,1.0,11.881048631178906,45.570457548557165,-0.5414721399836679,-1.316264073545008,-1.316264073545008,-2.0409095523087566,true,0.0,0.5414721399836679,-0.00911488803374993,0.00911488803374993,58.863771015910864,47.272428477714925,106.13619949362578,55.460598077516465,14.916776878111925,100.0,0.08,0.6,0.27,1.0,false
0.02,0.02,0.0,0.0025,0.3,0.3,0.15,1.0,5.0,1.0,12.1399232028466,44.818364739800714,-0.016896157881959084,-1.4602591713220503,-1.4602591713220503,-2.3362314155243484,true,0.0,0.016896157881959084,-0.0002783569154374425,0.0002783569154374425,60.68271985635104,49.64159128159941,110.32431113795045,55.00394176989046,26.258965778481436,100.0,0.08,0.6,0.27,1.0,false
