gross_delta,delta,iota,kappa,lambda,sigmah,sigmal,mu_b,m,c,p,vb,debt_diff,eq_deriv,eq_deriv_min_val,eq_min_val,eq_negative,eq_vb,abs_debt_diff,debt_per_diff,abs_debt_per_diff,debt,equity,firm_value,leverage,ROE,V0,r,alpha,pi,xi,opt
0.02,0.02,0.0,0.005,0.5,0.2,0.15,1.0,3.0,8.0,31.96879819560903,91.21193104058273,-2.174538868302335,-0.23875801684497372,-0.23875801684497372,-0.0896554224165393,true,0.0,2.174538868302335,-0.022673554538990164,0.022673554538990164,93.73185571852476,6.252257608875036,99.9841133273998,93.74674895760499,-0.2534509718794986,100.0,0.08,0.6,0.27,1.0,false
0.02,0.02,0.0,0.005,0.5,0.2,0.15,1.0,3.0,8.0,32.65640643011669,90.08578615099248,-1.9686552230784429,-0.4151538629113369,-0.4151538629113369,-0.25374049353514866,true,0.0,1.9686552230784429,-0.020094630102583198,0.020094630102583198,96.00056406727163,7.1085421555876565,103.10910622285928,93.10580566936221,77.73861802402425,100.0,0.08,0.6,0.27,1.0,false
0.02,0.02,0.0,0.005,0.5,0.2,0.15,1.0,3.0,8.0,33.433294610592284,87.63978576423447,-2.717416968134323e-5,-0.5407758986789383,-0.5407758986789383,-0.38839271503128775,true,0.0,2.717416968134323e-5,-0.00022326530481281653,0.00022326530481281653,100.2998566576072,10.29651774786194,110.59637440546913,90.69000425808464,-3533.8132859968623,100.0,0.08,0.6,0.27,1.0,false
0.02,0.02,0.0,0.005,0.5,0.2,0.15,1.0,3.0,8.0,34.03162289913202,86.13904548632553,1.5364139812723039,-0.5768329984373718,-0.5768329984373718,-0.4298843770145423,true,0.0,1.5364139812723039,0.015048885422695984,0.015048885422695984,103.63128267866836,12.409785780920718,116.04106845958907,89.30569500465916,-441.7466190065811,100.0,0.08,0.6,0.27,1.0,false
0.02,0.02,0.0,0.005,0.5,0.2,0.15,1.0,3.0,8.0,36.094447602654995,87.82315997894938,2.425650823678424,-0.41680006524576874,-0.41680006524576874,-0.22685079106035957,true,0.0,2.425650823678424,0.022400959933239158,0.022400959933239158,110.70899363164341,10.139433711961043,120.84842734360446,91.6097925849445,-194.68148045209958,100.0,0.08,0.6,0.27,1.0,false
0.02,0.02,0.0,0.005,0.5,0.2,0.15,1.0,3.0,8.0,36.78205583716266,88.83762879048194,2.9597789145545335,-0.3783861033407337,-0.3783861033407337,-0.18898139274088435,true,0.0,2.9597789145545335,0.026822670703505812,0.026822670703505812,113.30594642604251,8.783646698617261,122.08959312465977,92.80557296177676,-166.01294201384903,100.0,0.08,0.6,0.27,1.0,false
