gross_delta,delta,iota,kappa,lambda,sigmah,sigmal,mu_b,m,c,p,vb,debt_diff,eq_deriv,eq_deriv_min_val,eq_min_val,eq_negative,eq_vb,abs_debt_diff,debt_per_diff,abs_debt_per_diff,debt,equity,firm_value,leverage,ROE,V0,r,alpha,pi,xi,opt
0.02,0.02,0.0,0.005,0.5,0.2,0.15,1.0,3.0,6.0,27.885678041488358,88.21186483742972,3.772683032765798,0.09301827535470841,0.09301827535470841,0.009280785108923344,false,0.0,3.772683032765798,0.04509702109631085,0.04509702109631085,87.42971715723087,10.367184821504642,97.7969019787355,89.39927072152159,-17.52624064884737,100.0,0.08,0.6,0.27,1.0,false
0.02,0.02,0.0,0.005,0.5,0.2,0.15,1.0,3.0,6.0,29.172082997773458,89.12988015692846,0.8665406602563195,-3.607917915134616e-7,-3.607917915134616e-7,0.0010799430732446771,false,0.0,0.8665406602563195,0.009901483098555305,0.009901483098555305,88.3827896535767,8.77007562556814,97.15286527914483,90.97291098891475,-24.507903670107332,100.0,0.08,0.6,0.27,1.0,false
0.02,0.02,0.0,0.005,0.5,0.2,0.15,1.0,3.0,6.0,33.03129786662876,82.0101071436789,1.2095431245918462,-0.558658035656639,-0.558658035656639,-0.42875489962782487,true,0.0,1.2095431245918462,0.012206030872857277,0.012206030872857277,100.30343672447813,17.36620892029335,117.66964564477148,85.24155586163695,-5823.173076746312,100.0,0.08,0.6,0.27,1.0,false
0.02,0.02,0.0,0.005,0.5,0.2,0.15,1.0,3.0,6.0,35.2229807715303,82.60124747166253,0.07883352102093877,-0.4118658010149491,-0.4118658010149491,-0.23540001111463668,true,0.0,0.07883352102093877,0.0014726305390516435,0.0014726305390516435,105.74777583561183,16.973662509079077,122.72143834469091,86.168950805967,-395.30835917285356,100.0,0.08,0.6,0.27,1.0,false
0.02,0.02,0.0,0.005,0.5,0.2,0.15,1.0,3.0,6.0,36.24731025734152,84.2275357748633,0.8842981142349231,-0.3367934203438774,-0.3367934203438774,-0.15176153612160492,true,0.0,0.8842981142349231,0.008132080311217186,0.008132080311217186,109.62622888625947,14.782733416302653,124.40896230256212,88.11762983734958,-253.5672337627833,100.0,0.08,0.6,0.27,1.0,false
0.02,0.02,0.0,0.005,0.5,0.2,0.15,1.0,3.0,6.0,36.890512735484066,85.44064320857174,2.509367649900085,-0.3369372209457503,-0.3369372209457503,-0.15430052602387734,true,0.0,2.509367649900085,0.022674010776094804,0.022674010776094804,113.18090585635228,12.937108649959846,126.11801450631214,89.74206127443249,-198.1503759373644,100.0,0.08,0.6,0.27,1.0,false
