gross_delta,delta,iota,kappa,lambda,sigmah,sigmal,mu_b,m,c,p,vb,debt_diff,eq_deriv,eq_deriv_min_val,eq_min_val,eq_negative,eq_vb,abs_debt_diff,debt_per_diff,abs_debt_per_diff,debt,equity,firm_value,leverage,ROE,V0,r,alpha,pi,xi,opt
0.02,0.02,0.0,0.0025,0.1,0.225,0.15,1.0,10.0,1.0,7.516967486222307,83.2643712664943,4.399658190449145,0.40221697831951075,0.40221697831951075,0.03668178150715714,false,0.0,4.399658190449145,0.05852969563209082,0.05852969563209082,79.56933305267222,12.263559610650292,91.83289266332251,86.64578752233047,-39.97474657940964,100.0,0.08,0.6,0.27,1.0,false
0.02,0.02,0.0,0.0025,0.1,0.225,0.15,1.0,10.0,1.0,8.126750832978034,78.99467951125254,4.0223508079761245,0.0960139442896235,0.0960139442896235,0.009256092641349628,false,0.0,4.0223508079761245,0.04949519052132845,0.04949519052132845,85.28985913775647,14.31138270871755,99.60124184647401,85.63132101226488,-2.7107704627728935,100.0,0.08,0.6,0.27,1.0,false
0.02,0.02,0.0,0.0025,0.1,0.225,0.15,1.0,10.0,1.0,8.53327306414852,79.06406758577239,1.95673266903529,-1.6140023568953204e-6,-1.6140023568953204e-6,0.0010075460244533647,false,0.0,1.95673266903529,0.022930622919548393,0.022930622919548393,87.28946331052049,13.635467105142741,100.92493041566323,86.48949565881836,7.276879318784335,100.0,0.08,0.6,0.27,1.0,false
0.02,0.02,0.0,0.0025,0.1,0.225,0.15,1.0,10.0,1.0,9.227166701636328,76.403357776586,-1.9034597234318662e-5,-0.3040670404181431,-0.3040670404181431,-0.4272833638224576,true,0.0,1.9034597234318662e-5,-0.0009559174135225317,0.0009559174135225317,92.27164798176605,14.282616347929272,106.55426432969533,86.59592233330365,84.8080459356855,100.0,0.08,0.6,0.27,1.0,false
0.02,0.02,0.0,0.0025,0.1,0.225,0.15,1.0,10.0,1.0,10.159361988830462,66.2764372529269,-0.7253347440690163,-1.0523671744223881,-1.0523671744223881,-2.0658755421043433,true,0.0,0.7253347440690163,-0.007139569835846713,0.007139569835846713,100.8682851442356,24.079873663634,124.9481588078696,80.72810844643084,-2873.267955060186,100.0,0.08,0.6,0.27,1.0,false
0.02,0.02,0.0,0.0025,0.1,0.225,0.15,1.0,10.0,1.0,10.362623104415704,63.20425931169411,-0.9533903798694183,-1.2645128804416776,-1.2645128804416776,-2.6062740929672175,true,0.0,0.9533903798694183,-0.009200280375565924,0.009200280375565924,102.67284066428762,28.1911610670342,130.86400173132182,78.45766544346263,-1154.7265852282994,100.0,0.08,0.6,0.27,1.0,false
