gross_delta,delta,iota,kappa,lambda,sigmah,sigmal,mu_b,m,c,p,vb,debt_diff,eq_deriv,eq_deriv_min_val,eq_min_val,eq_negative,eq_vb,abs_debt_diff,debt_per_diff,abs_debt_per_diff,debt,equity,firm_value,leverage,ROE,V0,r,alpha,pi,xi,opt
0.02,0.02,0.0,0.003,0.1,0.35,0.15,1.0,5.0,7.0,14.945099773135206,97.75994120407434,-1.6088575805582792,-7.605038578595551e-7,-7.605038578595551e-7,0.005747292983761855,false,0.0,1.6088575805582792,-0.021530235394618187,0.021530235394618187,73.11664128511775,0.458028327082363,73.57466961220011,99.37746464986313,-98.29623845762693,100.0,0.08,0.6,0.27,1.0,false
0.02,0.02,0.0,0.003,0.1,0.35,0.15,1.0,5.0,7.0,16.016567446218303,100.0,-20.08283484690601,-0.11524150893181578,-0.11524150893181578,-0.027319063930473547,true,0.0,20.08283484690601,-0.2507757659603625,0.2507757659603625,60.00000238418551,0.03194702609051441,60.03194941027602,99.94678329388876,-99.92013243001323,100.0,0.08,0.6,0.27,1.0,false
0.02,0.02,0.0,0.003,0.1,0.35,0.15,1.0,5.0,7.0,18.1595027923845,97.86829743392475,-16.349504762820445,-0.5970173130752788,-0.5970173130752788,-0.6376696387713837,true,0.0,16.349504762820445,-0.18006555520536488,0.18006555520536488,74.44800919910206,-0.6244278202904037,73.82358137881165,100.84583788625245,-102.44375409006668,100.0,0.08,0.6,0.27,1.0,false
0.02,0.02,0.0,0.003,0.1,0.35,0.15,1.0,5.0,7.0,21.909639648175343,95.2163376682971,-14.929283655974075,-1.3985098433742853,-1.3985098433742853,-2.8978104057686034,true,0.0,14.929283655974075,-0.13628050388512347,0.13628050388512347,94.61891458490264,-2.897295977381673,91.72161860752097,103.1587929011363,-153.84222241209775,100.0,0.08,0.6,0.27,1.0,false
0.02,0.02,0.0,0.003,0.1,0.35,0.15,1.0,5.0,7.0,23.241455139942357,92.7628364183843,0.0006267330007752037,-1.5315628151939595,-1.5315628151939595,-3.1945639576668383,true,0.0,0.0006267330007752037,-0.009046847278084483,0.009046847278084483,116.20790243271254,-2.020502592697392,114.18739984001515,101.76946195073036,-87.53384282089831,100.0,0.08,0.6,0.27,1.0,false
0.02,0.02,0.0,0.003,0.1,0.35,0.15,1.0,5.0,7.0,24.052574994341537,90.12756920292105,18.5771987670055,-1.549949523084787,-1.549949523084787,-3.034351119664117,true,0.0,18.5771987670055,0.15447160041181335,0.15447160041181335,138.8400737387132,-0.522879854424635,138.31719388428854,100.37802954191079,-98.65376194200304,100.0,0.08,0.6,0.27,1.0,false
