gross_delta,delta,iota,kappa,lambda,sigmah,sigmal,mu_b,m,c,p,vb,debt_diff,eq_deriv,eq_deriv_min_val,eq_min_val,eq_negative,eq_vb,abs_debt_diff,debt_per_diff,abs_debt_per_diff,debt,equity,firm_value,leverage,ROE,V0,r,alpha,pi,xi,opt
0.02,0.02,0.0,0.003,0.1,0.35,0.15,1.0,5.0,11.0,19.252471299761556,94.48926229904154,16.86491206283506,-0.7492814550636763,-0.7492814550636763,-0.6297544413848306,true,0.0,16.86491206283506,0.17519737388772458,0.17519737388772458,113.12726856164284,1.1750095780248568,114.30227813966769,98.97201560883232,-108.95090682808282,100.0,0.08,0.6,0.27,1.0,false
0.02,0.02,0.0,0.003,0.1,0.35,0.15,1.0,5.0,11.0,22.37352024676152,93.88430281057893,10.805386626622024,-0.39198678327662684,-0.39198678327662684,-0.15669669006895454,true,0.0,10.805386626622024,0.09659084942778338,0.09659084942778338,122.67298786042961,3.927566507743073,126.60055436817268,96.8976703717101,-117.32266841900321,100.0,0.08,0.6,0.27,1.0,false
0.02,0.02,0.0,0.003,0.1,0.35,0.15,1.0,5.0,11.0,22.99773003616151,93.77046761032473,9.607012783021304,-0.31086946275776695,-0.31086946275776695,-0.09787197207976486,true,0.0,9.607012783021304,0.08354748723387297,0.08354748723387297,124.59566296382886,4.580611993414185,129.17627495724304,96.45398352373115,-118.62365735028398,100.0,0.08,0.6,0.27,1.0,false
0.02,0.02,0.0,0.003,0.1,0.35,0.15,1.0,5.0,11.0,23.621939825561505,93.8941085399694,6.438057304791883,-0.24663246666901664,-0.24663246666901664,-0.06153634577855285,true,0.0,6.438057304791883,0.054509133054561475,0.054509133054561475,124.5477564325994,4.765360740798322,129.31311717339773,96.31486670110318,-119.41261212152948,100.0,0.08,0.6,0.27,1.0,false
0.02,0.02,0.0,0.003,0.1,0.35,0.15,1.0,5.0,11.0,24.115114185616356,93.86098303270859,5.037423696606308,-0.18738215809613468,-0.18738215809613468,-0.034607097877018544,true,0.0,5.037423696606308,0.04164569470506739,0.04164569470506739,125.6129946246881,5.177087207050471,130.79008183173858,96.04168211033708,-120.21273686623246,100.0,0.08,0.6,0.27,1.0,false
0.02,0.02,0.0,0.003,0.1,0.35,0.15,1.0,5.0,11.0,24.246149614961496,93.79169286961836,5.172325690488691,-0.16753978725106755,-0.16753978725106755,-0.02577814349402339,true,0.0,5.172325690488691,0.04266513052692721,0.04266513052692721,126.40307376529617,5.408230403388606,131.81130416868479,95.89699044592757,-120.48333633979051,100.0,0.08,0.6,0.27,1.0,false
