gross_delta,delta,iota,kappa,lambda,sigmah,sigmal,mu_b,m,c,p,vb,debt_diff,eq_deriv,eq_deriv_min_val,eq_min_val,eq_negative,eq_vb,abs_debt_diff,debt_per_diff,abs_debt_per_diff,debt,equity,firm_value,leverage,ROE,V0,r,alpha,pi,xi,opt
0.02,0.02,0.0,0.003,0.1,0.35,0.15,1.0,5.0,3.0,17.59193814118254,90.97827839966337,-5.9671235965289355,-0.36230345856892987,-0.36230345856892987,-0.38126667735784103,true,0.0,5.9671235965289355,-0.06783929716714912,0.06783929716714912,81.99256710938376,1.9374052296115536,83.92997233899531,97.69164081004777,-89.24108038397219,100.0,0.08,0.6,0.27,1.0,false
0.02,0.02,0.0,0.003,0.1,0.35,0.15,1.0,5.0,3.0,19.634831904243057,85.52154880711912,-3.2638367433821713,-0.999673196463414,-0.999673196463414,-2.1112506830967384,true,0.0,3.2638367433821713,-0.03324537494692645,0.03324537494692645,94.91032277783312,2.53734251579256,97.44766529362568,97.39619978770438,-50.14728036697955,100.0,0.08,0.6,0.27,1.0,false
0.02,0.02,0.0,0.003,0.1,0.35,0.15,1.0,5.0,3.0,20.656278785773313,83.73365906358964,-3.541166529824764,-1.3174388161752988,-1.3174388161752988,-3.2461285874879353,true,0.0,3.541166529824764,-0.03428658730403742,0.03428658730403742,99.7402273990418,2.32374837279211,102.06397577183391,97.72324333319438,794.5317420777646,100.0,0.08,0.6,0.27,1.0,false
0.02,0.02,0.0,0.003,0.1,0.35,0.15,1.0,5.0,3.0,21.167002226538443,82.53307594774496,-3.367569821836014,-1.5032569417096036,-1.5032569417096036,-3.9433484035665667,true,0.0,3.367569821836014,-0.03181905293715964,0.03181905293715964,102.4674413108562,2.4674064817657557,104.93484779262195,97.64863004648183,-199.9985884531359,100.0,0.08,0.6,0.27,1.0,false
0.02,0.02,0.0,0.003,0.1,0.35,0.15,1.0,5.0,3.0,22.62813020779999,78.89819598455054,-2.6272609980082544,-2.009880966575531,-2.009880966575531,-5.904990263914425,true,0.0,2.6272609980082544,-0.023153635622470574,0.023153635622470574,110.51339004099168,3.711701766619856,114.22509180761153,96.75053728748895,-135.30451882930188,100.0,0.08,0.6,0.27,1.0,false
0.02,0.02,0.0,0.003,0.1,0.35,0.15,1.0,5.0,3.0,22.699172548833833,78.75888297286912,-2.6307026533556126,-2.028686356157117,-2.028686356157117,-5.980259458053008,true,0.0,2.6307026533556126,-0.02317884185157899,0.02317884185157899,110.86516009081355,3.7912232712059812,114.65638336201953,96.69340410011411,-134.89339539885333,100.0,0.08,0.6,0.27,1.0,false
