gross_delta,delta,iota,kappa,lambda,sigmah,sigmal,mu_b,m,c,p,vb,debt_diff,eq_deriv,eq_deriv_min_val,eq_min_val,eq_negative,eq_vb,abs_debt_diff,debt_per_diff,abs_debt_per_diff,debt,equity,firm_value,leverage,ROE,V0,r,alpha,pi,xi,opt
0.02,0.02,0.0,0.003,0.1,0.35,0.15,1.0,5.0,10.0,15.408109231975828,100.0,-17.040543775693635,-0.35960823156860666,-0.35960823156860666,-0.19228444748959597,true,0.0,17.040543775693635,-0.22118929090053543,0.22118929090053543,60.00000238418551,0.0948604557765892,60.0948628399621,99.84214881057434,-99.76284884642321,100.0,0.08,0.6,0.27,1.0,false
0.02,0.02,0.0,0.003,0.1,0.35,0.15,1.0,5.0,10.0,17.80141698380364,98.9418455073356,-18.641227832616195,-0.873855053730179,-0.873855053730179,-1.0377130859055026,true,0.0,18.641227832616195,-0.20943532584598903,0.20943532584598903,70.36585708640202,-0.5844637123190528,69.78139337408297,100.83756383193135,-101.97226460715645,100.0,0.08,0.6,0.27,1.0,false
0.02,0.02,0.0,0.003,0.1,0.35,0.15,1.0,5.0,10.0,18.99807085971755,94.3365706267276,14.378058676777144,-1.0020612764201784,-1.0020612764201784,-1.2187599009638161,true,0.0,14.378058676777144,0.15136335455263067,0.15136335455263067,109.3684129753649,-0.16395982808816767,109.20445314727674,100.15014024003861,-98.24986549462203,100.0,0.08,0.6,0.27,1.0,false
0.02,0.02,0.0,0.003,0.1,0.35,0.15,1.0,5.0,10.0,20.79305167358841,93.82000361254204,11.832663804107867,-0.9262359853822865,-0.9262359853822865,-0.9944699190912355,true,0.0,11.832663804107867,0.11381363341810825,0.11381363341810825,115.79792217204991,0.7933408865694653,116.59126305861938,99.31955374205819,-105.02180525976425,100.0,0.08,0.6,0.27,1.0,false
0.02,0.02,0.0,0.003,0.1,0.35,0.15,1.0,5.0,10.0,21.805161726590025,94.82285835604131,5.3369491866517293e-5,-0.8247966840169179,-0.8247966840169179,-0.7721052550751991,true,0.0,5.3369491866517293e-5,-0.0185390808821475,0.0185390808821475,109.02586200244204,1.365903465829247,110.39176546827129,98.76267631010772,-115.13321902616822,100.0,0.08,0.6,0.27,1.0,false
0.02,0.02,0.0,0.003,0.1,0.35,0.15,1.0,5.0,10.0,23.186359425416224,93.74387807169123,4.238638198576552,-0.7461120289148818,-0.7461120289148818,-0.6115602378775454,true,0.0,4.238638198576552,0.03656148100533867,0.03656148100533867,120.17043532565768,2.0375564079021182,122.2079917335598,98.3327142693381,-110.10169773237494,100.0,0.08,0.6,0.27,1.0,false
