gross_delta,delta,iota,kappa,lambda,sigmah,sigmal,mu_b,m,c,p,vb,debt_diff,eq_deriv,eq_deriv_min_val,eq_min_val,eq_negative,eq_vb,abs_debt_diff,debt_per_diff,abs_debt_per_diff,debt,equity,firm_value,leverage,ROE,V0,r,alpha,pi,xi,opt
0.02,0.02,0.0,0.003,0.1,0.35,0.15,1.0,5.0,2.0,15.377778567330417,86.83989247915822,-2.201826709883534,-0.025480192130292033,-0.025480192130292033,-0.002531460655022883,false,0.0,2.201826709883534,-0.028636473080204734,0.028636473080204734,74.68706612676854,5.859725148884542,80.54679127565308,92.72506693801003,-76.85086533931482,100.0,0.08,0.6,0.27,1.0,false
0.02,0.02,0.0,0.003,0.1,0.35,0.15,1.0,5.0,2.0,17.34326985330112,79.47076256065255,-1.4801076091166152,-0.7140581519053454,-0.7140581519053454,-1.2774889450054758,true,0.0,1.4801076091166152,-0.01706838008790933,0.01706838008790933,85.23624165738899,8.320287505122966,93.55652916251195,91.1066736019351,-43.643838431647616,100.0,0.08,0.6,0.27,1.0,false
0.02,0.02,0.0,0.003,0.1,0.35,0.15,1.0,5.0,2.0,18.817388317779148,71.71658230257383,-0.8515740955297559,-1.510833393334637,-1.510833393334637,-3.7846171023050665,true,0.0,0.8515740955297559,-0.009050927590468726,0.009050927590468726,93.23536749336598,13.528363592663355,106.76373108602934,87.32868975723385,99.98667450739134,100.0,0.08,0.6,0.27,1.0,false
0.02,0.02,0.0,0.003,0.1,0.35,0.15,1.0,5.0,2.0,19.308761139271823,66.4533810427629,-0.41815686318179246,-2.0161540886689706,-2.0161540886689706,-5.363300484562376,true,0.0,0.41815686318179246,-0.004331265586286724,0.004331265586286724,96.12564883317732,19.359011536148877,115.4846603693262,83.23672470937896,399.6710598132239,100.0,0.08,0.6,0.27,1.0,false
0.02,0.02,0.0,0.003,0.1,0.35,0.15,1.0,5.0,2.0,19.532357663929094,64.02044498357346,-0.3435857289719064,-2.243513138137488,-2.243513138137488,-6.008616100248959,true,0.0,0.3435857289719064,-0.0034907412753463624,0.0034907412753463624,97.3182025906736,22.535986443213424,119.85418903388702,81.19716413346077,740.3314271555597,100.0,0.08,0.6,0.27,1.0,false
0.02,0.02,0.0,0.003,0.1,0.35,0.15,1.0,5.0,2.0,19.800133960764498,61.47213832386546,-0.48621016923829075,-2.474129551681629,-2.474129551681629,-6.553377466792426,true,0.0,0.48621016923829075,-0.004911180603138887,0.004911180603138887,98.5144596345842,26.524769865583863,125.03922950016806,78.7868415603535,1685.53006590027,100.0,0.08,0.6,0.27,1.0,false
