gross_delta,delta,iota,kappa,lambda,sigmah,sigmal,mu_b,m,c,p,vb,debt_diff,eq_deriv,eq_deriv_min_val,eq_min_val,eq_negative,eq_vb,abs_debt_diff,debt_per_diff,abs_debt_per_diff,debt,equity,firm_value,leverage,ROE,V0,r,alpha,pi,xi,opt
0.02,0.02,0.0,0.001,0.5,0.3,0.15,1.0,7.0,5.0,10.192721903769325,99.23229590024661,-5.880380640684265,-2.77888584572362,-2.77888584572362,-15.645872692537669,true,0.0,5.880380640684265,-0.08241708006670452,0.08241708006670452,65.46867268570101,-1.5445523584148078,63.924120327286204,102.41622778773775,-104.4729017924985,100.0,0.08,0.6,0.27,1.0,false
0.02,0.02,0.0,0.001,0.5,0.3,0.15,1.0,7.0,5.0,12.491070159647544,97.49199119022421,-8.567824147915175,-3.2249358375836668,-3.2249358375836668,-18.067212215021264,true,0.0,8.567824147915175,-0.09798799163162598,0.09798799163162598,78.86966696961763,-6.400374004999216,72.4692929646184,108.8318427614908,-130.2899816855532,100.0,0.08,0.6,0.27,1.0,false
0.02,0.02,0.0,0.001,0.5,0.3,0.15,1.0,7.0,5.0,13.804412020149384,97.81358354478614,-19.056637151650193,-3.3584025870959096,-3.3584025870959096,-19.07541900908974,true,0.0,19.056637151650193,-0.1972106259923534,0.1972106259923534,77.57424698939549,-5.8570808261598595,71.71716616323563,108.16691615063058,-126.11765510567344,100.0,0.08,0.6,0.27,1.0,false
0.02,0.02,0.0,0.001,0.5,0.3,0.15,1.0,7.0,5.0,14.132747485274843,97.89400273399292,-21.72870283077667,-3.3667075998315097,-3.3667075998315097,-19.266192958580355,true,0.0,21.72870283077667,-0.21963884995687383,0.21963884995687383,77.20052956614722,-5.662727471671419,71.53780209447581,107.91571351911678,-124.83710087960364,100.0,0.08,0.6,0.27,1.0,false
0.02,0.02,0.0,0.001,0.5,0.3,0.15,1.0,7.0,5.0,15.068946325684774,95.94967326974657,0.0008373844572044931,-3.3102563364323805,-3.3102563364323805,-19.232196724870285,true,0.0,0.0008373844572044931,-0.006277144891354919,0.006277144891354919,105.48346166425063,-8.89587603060981,96.58758563364081,109.21016502509143,62.231024402092295,100.0,0.08,0.6,0.27,1.0,false
0.02,0.02,0.0,0.001,0.5,0.3,0.15,1.0,7.0,5.0,15.446089345776683,93.30834644590028,34.17669726349234,-3.2456247437477623,-3.2456247437477623,-18.779970210013904,true,0.0,34.17669726349234,0.3160920032287011,0.3160920032287011,142.29932268392912,-13.478553007584098,128.820769676345,110.46302784981663,-68.13529826872373,100.0,0.08,0.6,0.27,1.0,false
