gross_delta,delta,iota,kappa,lambda,sigmah,sigmal,mu_b,m,c,p,vb,debt_diff,eq_deriv,eq_deriv_min_val,eq_min_val,eq_negative,eq_vb,abs_debt_diff,debt_per_diff,abs_debt_per_diff,debt,equity,firm_value,leverage,ROE,V0,r,alpha,pi,xi,opt
0.02,0.02,0.0,0.005,0.2,0.275,0.15,1.0,5.0,1.0,10.960894773687894,62.5098659156478,0.3239096705651505,0.028032881264928863,0.028032881264928863,0.0028878436140226072,false,0.0,0.3239096705651505,0.005910277897069312,0.005910277897069312,55.12838353900462,24.61940858426675,79.74779212327138,69.12841355380607,-45.13367129158996,100.0,0.08,0.6,0.27,1.0,false
0.02,0.02,0.0,0.005,0.2,0.275,0.15,1.0,5.0,1.0,11.194602354972337,62.92495142839002,0.06387679875253127,-1.2070870111201282e-6,-1.2070870111201282e-6,0.0004976559840414005,false,0.0,0.06387679875253127,0.0011412071054789888,0.0011412071054789888,56.03688857361422,24.322061603633557,80.35895017724778,69.73322629279454,-44.67620508534812,100.0,0.08,0.6,0.27,1.0,false
0.02,0.02,0.0,0.005,0.2,0.275,0.15,1.0,5.0,1.0,11.428309936256783,52.7858085106142,-0.04920555694033624,-0.5070112615546153,-0.5070112615546153,-0.5007786304752327,true,0.0,0.04920555694033624,-0.0008611169493090065,0.0008611169493090065,57.092344124343576,37.024370020792674,94.11671414513626,60.66121691871027,-13.711506104908477,100.0,0.08,0.6,0.27,1.0,false
0.02,0.02,0.0,0.005,0.2,0.275,0.15,1.0,5.0,1.0,11.662017517541226,44.6963707225145,0.09517042899852157,-1.1779260325473333,-1.1779260325473333,-1.5945436798374453,true,0.0,0.09517042899852157,0.0016321434752669952,0.0016321434752669952,58.40525801670466,51.93859750486343,110.34385552156809,52.93023135782002,24.86818051599462,100.0,0.08,0.6,0.27,1.0,false
0.02,0.02,0.0,0.005,0.2,0.275,0.15,1.0,5.0,1.0,11.84318710917303,42.17992780208191,-9.653848835333712e-7,-1.4659659321270013,-1.4659659321270013,-2.103887798956944,true,0.0,9.653848835333712e-7,3.114108716491043e-5,3.114108716491043e-5,59.21593458048027,58.22679513790273,117.44272971838299,50.42111565566869,42.76849190722096,100.0,0.08,0.6,0.27,1.0,false
0.02,0.02,0.0,0.005,0.2,0.275,0.15,1.0,5.0,1.0,11.89572509882567,42.15507429252976,-0.12142740674536157,-1.4663068044327718,-1.4663068044327718,-2.0822746103036343,true,0.0,0.12142740674536157,-0.0020415301419053253,0.0020415301419053253,59.35719808738299,58.39122642145638,117.74842450883938,50.41018453960464,43.66929363531309,100.0,0.08,0.6,0.27,1.0,false
