gross_delta,delta,iota,kappa,lambda,sigmah,sigmal,mu_b,m,c,p,vb,debt_diff,eq_deriv,eq_deriv_min_val,eq_min_val,eq_negative,eq_vb,abs_debt_diff,debt_per_diff,abs_debt_per_diff,debt,equity,firm_value,leverage,ROE,V0,r,alpha,pi,xi,opt
0.02,0.02,0.0,0.005,0.2,0.275,0.15,1.0,5.0,2.0,14.552453929603487,84.5184130752117,1.2856803909764238,5.624980778037858e-9,5.624980778037858e-9,0.0009458573920944767,false,0.0,1.2856803909764238,0.017669602627787943,0.017669602627787943,74.04795003899386,7.762716944691112,81.81066698368497,90.51136333329347,-70.08823211902387,100.0,0.08,0.6,0.27,1.0,false
0.02,0.02,0.0,0.005,0.2,0.275,0.15,1.0,5.0,2.0,14.846612770808177,85.92710473818786,2.6861672575233557e-5,-0.04618865446781941,-0.04618865446781941,-0.13982716575153237,true,0.0,2.6861672575233557e-5,0.001021067429428782,0.001021067429428782,74.23309071571339,5.609917539503374,79.84300825521676,92.97381491241991,-78.22820937657254,100.0,0.08,0.6,0.27,1.0,false
0.02,0.02,0.0,0.005,0.2,0.275,0.15,1.0,5.0,2.0,16.682259015375223,81.2783982352969,-1.4738120627369113,-0.4222801488726098,-0.4222801488726098,-0.5097638692853202,true,0.0,1.4738120627369113,-0.01766921447962858,0.01766921447962858,81.9374830141392,8.697049530123921,90.63453254426312,90.4042650345479,-51.850290095605686,100.0,0.08,0.6,0.27,1.0,false
0.02,0.02,0.0,0.005,0.2,0.275,0.15,1.0,5.0,2.0,17.10822003252957,78.6325441343695,-1.1055824613132046,-0.5956468096066899,-0.5956468096066899,-0.8841312069981434,true,0.0,1.1055824613132046,-0.012924576130199986,0.012924576130199986,84.43551770133465,10.71234193198366,95.1478596333183,88.74137371742572,-31.174441099770867,100.0,0.08,0.6,0.27,1.0,false
0.02,0.02,0.0,0.005,0.2,0.275,0.15,1.0,5.0,2.0,17.960142066838262,70.82989687863048,-0.47736396976756623,-1.161164184723973,-1.161164184723973,-2.319684178976053,true,0.0,0.47736396976756623,-0.005315815075304717,0.005315815075304717,89.32334636442374,18.774317772939202,108.09766413736294,82.63207820190998,75.84458964164835,100.0,0.08,0.6,0.27,1.0,false
0.02,0.02,0.0,0.005,0.2,0.275,0.15,1.0,5.0,2.0,18.38610308399261,62.010545073993455,-0.09982817652009146,-1.6226495619293375,-1.6226495619293375,-3.249450181520627,true,0.0,0.09982817652009146,-0.0010859090266605142,0.0010859090266605142,91.83068724344295,32.54904090022483,124.37972814366779,73.83091168793335,298.43058859632407,100.0,0.08,0.6,0.27,1.0,false
