gross_delta,delta,iota,kappa,lambda,sigmah,sigmal,V0,r,alpha,pi,xi,mu_b,m,c,p,vb,sg_debt,debt,debt_diff,abs_debt_diff,debt_per_diff,abs_debt_per_diff,eq_vb,eq_min_val,sg_equity,equity,eq_negative,firm_value,leverage,ROE,cvml_vb,cvmh_vb,eq_deriv
0.02,0.0195,0.0005,0.01,NaN,NaN,0.15,100.0,0.08,0.6,0.27,1.0,1.0,10.0,0.804980498049805,8.025444303615307,66.64766639356867,80.2494784169303,81.12618818708154,0.8717451509284615,0.8717451509284615,0.01086226653564535,0.01086226653564535,-2.3092638912203256e-14,NaN,28.84412370274332,28.95795396025564,false,110.08414214733718,73.69470897861187,53.42928205120143,NaN,NaN,NaN
