gross_delta,delta,iota,kappa,lambda,sigmah,sigmal,mu_b,m,c,p,vb,debt_diff,eq_deriv,eq_deriv_min_val,eq_min_val,eq_negative,eq_vb,abs_debt_diff,debt_per_diff,abs_debt_per_diff,debt,equity,firm_value,leverage,ROE,V0,r,alpha,pi,xi,opt
0.02,0.02,0.0,0.0025,0.75,0.2,0.15,1.0,7.0,5.0,10.799190445360326,99.25371995360112,-10.148680765982576,-1.8264213595654828,-1.8264213595654828,-6.584336414563245,true,0.0,10.148680765982576,-0.13425187242812223,0.13425187242812223,65.4456523515397,-1.0984391372067484,64.34721321433295,101.70705005288727,-103.17887389564333,100.0,0.08,0.6,0.27,1.0,false
0.02,0.02,0.0,0.0025,0.75,0.2,0.15,1.0,7.0,5.0,12.462769961206646,97.48535057715893,-8.45064817116483,-2.039127096927103,-2.039127096927103,-7.394222872041529,true,0.0,8.45064817116483,-0.09686734624656929,0.09686734624656929,78.7887415572817,-3.9200819053651315,74.86865965191656,105.23594508515393,-118.48113781627545,100.0,0.08,0.6,0.27,1.0,false
0.02,0.02,0.0,0.0025,0.75,0.2,0.15,1.0,7.0,5.0,13.152535742989718,95.5963165205569,-1.1789056267197395e-5,-2.1728232727641412,-2.1728232727641412,-7.82421029608785,true,0.0,1.1789056267197395e-5,-0.0007656039654996422,0.0007656039654996422,92.06773841187174,-6.161027876281592,85.90671053559015,107.17176555576431,-177.6705080616912,100.0,0.08,0.6,0.27,1.0,false
0.02,0.02,0.0,0.0025,0.75,0.2,0.15,1.0,7.0,5.0,13.294559719129806,95.44132682857564,0.21959110259096803,-2.1917783125402654,-2.1917783125402654,-7.894113957826944,true,0.0,0.21959110259096803,0.002359623648751323,0.002359623648751323,93.28150913649961,-6.374284277424133,86.90722485907547,107.33458499884259,-194.8767276302148,100.0,0.08,0.6,0.27,1.0,false
0.02,0.02,0.0,0.0025,0.75,0.2,0.15,1.0,7.0,5.0,13.849086224411913,95.75486613677312,-4.90708675919754,-2.231964471801304,-2.231964471801304,-8.09387446650095,true,0.0,4.90708675919754,-0.050617952896805284,0.050617952896805284,92.03651681168586,-6.240174199137393,85.79634261254846,107.2732403376653,-178.35985901614526,100.0,0.08,0.6,0.27,1.0,false
0.02,0.02,0.0,0.0025,0.75,0.2,0.15,1.0,7.0,5.0,15.235402487617181,95.24129383913126,-9.16482578308704,-2.3828353031225262,-2.3828353031225262,-8.702149390497297,true,0.0,9.16482578308704,-0.08593542751623491,0.08593542751623491,97.48299163023323,-7.133171868361756,90.34981976187147,107.89505932293184,-383.39881400643594,100.0,0.08,0.6,0.27,1.0,false
