gross_delta,delta,iota,kappa,lambda,sigmah,sigmal,mu_b,m,c,p,vb,debt_diff,eq_deriv,eq_deriv_min_val,eq_min_val,eq_negative,eq_vb,abs_debt_diff,debt_per_diff,abs_debt_per_diff,debt,equity,firm_value,leverage,ROE,V0,r,alpha,pi,xi,opt
0.02,0.02,0.0,0.0025,0.75,0.2,0.15,1.0,7.0,6.0,10.214489870039637,99.31853197574155,-5.526977647893361,-2.227722532936438,-2.227722532936438,-8.36644399442058,true,0.0,5.526977647893361,-0.0772988416904929,0.0772988416904929,65.9744514423841,-1.1993969406340783,64.77505450175002,101.85163401229045,-103.52498928445819,100.0,0.08,0.6,0.27,1.0,false
0.02,0.02,0.0,0.0025,0.75,0.2,0.15,1.0,7.0,6.0,11.319337196877584,97.58671289948786,1.6926464737048974,-2.394556062738663,-2.394556062738663,-8.957465384301353,true,0.0,1.6926464737048974,0.0213622613139753,0.0213622613139753,80.92800685184798,-4.46850182696004,76.45950502488795,105.8442725015098,-123.42965306378066,100.0,0.08,0.6,0.27,1.0,false
0.02,0.02,0.0,0.0025,0.75,0.2,0.15,1.0,7.0,6.0,11.380198320487688,97.74532991350885,0.00047705730796651635,-2.3939777262992497,-2.3939777262992497,-8.969739064410254,true,0.0,0.00047705730796651635,0.00037037365957918794,0.00037037365957918794,79.66186530072179,-4.2070884391046075,75.45477686161718,105.57564227751988,-120.68571430620878,100.0,0.08,0.6,0.27,1.0,false
0.02,0.02,0.0,0.0025,0.75,0.2,0.15,1.0,7.0,6.0,11.59554902858707,98.24856358158074,-5.503231772459785,-2.3942260651078793,-2.3942260651078793,-9.017827661774186,true,0.0,5.503231772459785,-0.06779980538705474,0.06779980538705474,75.66561142764971,-3.3805895277906903,72.28502189985902,104.67674967640465,-113.89223122553345,100.0,0.08,0.6,0.27,1.0,false
0.02,0.02,0.0,0.0025,0.75,0.2,0.15,1.0,7.0,6.0,13.25282001884399,97.20031289932349,-6.982663415926751,-2.588818215849531,-2.588818215849531,-9.782049886852525,true,0.0,6.982663415926751,-0.07526876119301623,0.07526876119301623,85.78707671598117,-5.451371357379479,80.3357053586017,106.78573908456481,-138.35503258860942,100.0,0.08,0.6,0.27,1.0,false
0.02,0.02,0.0,0.0025,0.75,0.2,0.15,1.0,7.0,6.0,14.08145551397245,96.73575194791884,-8.032109502658528,-2.6849295798622266,-2.6849295798622266,-10.159412984974974,true,0.0,8.032109502658528,-0.08148619391844418,0.08148619391844418,90.53807909514862,-6.352324794655345,84.18575430049327,107.5456053668906,-167.13567845825406,100.0,0.08,0.6,0.27,1.0,false
