gross_delta,delta,iota,kappa,lambda,sigmah,sigmal,mu_b,m,c,p,vb,debt_diff,eq_deriv,eq_deriv_min_val,eq_min_val,eq_negative,eq_vb,abs_debt_diff,debt_per_diff,abs_debt_per_diff,debt,equity,firm_value,leverage,ROE,V0,r,alpha,pi,xi,opt
0.02,0.02,0.0,0.001,0.1,0.3,0.15,1.0,7.0,2.0,12.692986403903546,88.73756755462809,-2.447147796156756,-0.28146423999114983,-0.28146423999114983,-0.2547595420904661,true,0.0,2.447147796156756,-0.027542182051073165,0.027542182051073165,86.40375703116807,3.58661603386871,89.99037306503678,96.0144447547999,-73.6205358929619,100.0,0.08,0.6,0.27,1.0,false
0.02,0.02,0.0,0.001,0.1,0.3,0.15,1.0,7.0,2.0,13.383481769229553,86.51692804786587,-2.0286588591763746,-0.5089789122361085,-0.5089789122361085,-0.7282679180205484,true,0.0,2.0286588591763746,-0.021654186365768942,0.021654186365768942,91.6557135254305,3.979646941259833,95.63536046669033,95.83872856039902,-52.306923385379676,100.0,0.08,0.6,0.27,1.0,false
0.02,0.02,0.0,0.001,0.1,0.3,0.15,1.0,7.0,2.0,15.109720182544569,80.38243454341219,-1.2523941692892606,-1.200987305689636,-1.200987305689636,-2.886649671486881,true,0.0,1.2523941692892606,-0.011840950765077539,0.011840950765077539,104.51564710852273,5.713397857445238,110.22904496596797,94.81679455790514,-226.52445419532236,100.0,0.08,0.6,0.27,1.0,false
0.02,0.02,0.0,0.001,0.1,0.3,0.15,1.0,7.0,2.0,16.382505754921585,75.02540938958293,-0.7148618527311232,-1.7568475292413441,-1.7568475292413441,-4.860644002040598,true,0.0,0.7148618527311232,-0.006245313736581977,0.006245313736581977,113.96267843171997,9.282074277940943,123.2447527096609,92.46858460594459,-166.47774868791808,100.0,0.08,0.6,0.27,1.0,false
0.02,0.02,0.0,0.001,0.1,0.3,0.15,1.0,7.0,2.0,16.49071091319658,74.62756281532269,-0.7217477092825533,-1.7975849538814883,-1.7975849538814883,-4.99951712209571,true,0.0,0.7217477092825533,-0.006252417870552978,0.006252417870552978,114.7132286830935,9.618148739204942,124.33137742229844,92.26410183928361,-165.37075543627515,100.0,0.08,0.6,0.27,1.0,false
0.02,0.02,0.0,0.001,0.1,0.3,0.15,1.0,7.0,2.0,16.835958595859584,73.50591434997017,-0.8489191199373778,-1.9137773926156239,-1.9137773926156239,-5.377266104084692,true,0.0,0.8489191199373778,-0.007203282147586093,0.007203282147586093,117.00279105107971,10.653242033986622,127.65603308506633,91.65472890193321,-162.6558428082907,100.0,0.08,0.6,0.27,1.0,false
