gross_delta,delta,iota,kappa,lambda,sigmah,sigmal,mu_b,m,c,p,vb,debt_diff,eq_deriv,eq_deriv_min_val,eq_min_val,eq_negative,eq_vb,abs_debt_diff,debt_per_diff,abs_debt_per_diff,debt,equity,firm_value,leverage,ROE,V0,r,alpha,pi,xi,opt
0.02,0.02,0.0,0.001,0.1,0.3,0.15,1.0,7.0,4.0,15.457227301677536,91.21193104058273,2.4362957291262717,-1.3721034620842445,-1.3721034620842445,-3.24637178439878,true,0.0,2.4362957291262717,0.022516473376843375,0.022516473376843375,110.63688684086902,-2.4371344562501007,108.19975238461892,102.25243995715148,-77.08789711961448,100.0,0.08,0.6,0.27,1.0,false
0.02,0.02,0.0,0.001,0.1,0.3,0.15,1.0,7.0,4.0,15.784802164426969,91.21193104058273,1.9735485189116275,-1.4187852052588228,-1.4187852052588228,-3.4369041063001977,true,0.0,1.9735485189116275,0.017861199637778043,0.017861199637778043,112.46716366990042,-2.700167696280091,109.76699597362033,102.4599085292714,-78.34176427153892,100.0,0.08,0.6,0.27,1.0,false
0.02,0.02,0.0,0.001,0.1,0.3,0.15,1.0,7.0,4.0,16.1123770271764,91.21193104058273,1.6786229351956052,-1.4613251709192343,-1.4613251709192343,-3.6101080192695845,true,0.0,1.6786229351956052,0.014883171865457467,0.014883171865457467,114.46526212543041,-2.933828915023152,111.53143321040726,102.63049512641733,-79.71810749377723,100.0,0.08,0.6,0.27,1.0,false
0.02,0.02,0.0,0.001,0.1,0.3,0.15,1.0,7.0,4.0,16.439951889925833,91.21193104058273,1.492716469657097,-1.5002732865127053,-1.5002732865127053,-3.7666255431085482,true,0.0,1.492716469657097,0.012971157785546044,0.012971157785546044,116.57237969913793,-3.141396742827784,113.43098295631015,102.76943447103666,-81.04438348711504,100.0,0.08,0.6,0.27,1.0,false
0.02,0.02,0.0,0.001,0.1,0.3,0.15,1.0,7.0,4.0,16.767526752675266,91.21193104058273,1.3571626521364664,-1.5361782426664141,-1.5361782426664141,-3.910413461461261,true,0.0,1.3571626521364664,0.011562848936305072,0.011562848936305072,118.72984992086333,-3.32615664879474,115.4036932720686,102.8821925490315,-82.24141323690102,100.0,0.08,0.6,0.27,1.0,false
0.02,0.02,0.0,0.001,0.1,0.3,0.15,1.0,7.0,4.0,16.767526752675266,91.21193104058273,1.3571626521364664,-1.5361782426664141,-1.5361782426664141,-3.910413461461261,true,0.0,1.3571626521364664,0.011562848936305072,0.011562848936305072,118.72984992086333,-3.32615664879474,115.4036932720686,102.8821925490315,-82.24141323690102,100.0,0.08,0.6,0.27,1.0,false
