gross_delta,delta,iota,kappa,lambda,sigmah,sigmal,V0,r,alpha,pi,xi,mu_b,m,c,p,vb,sg_debt,debt,debt_diff,abs_debt_diff,debt_per_diff,abs_debt_per_diff,eq_vb,eq_min_val,sg_equity,equity,eq_negative,firm_value,leverage,ROE,cvml_vb,cvmh_vb,eq_deriv
0.02,0.015,0.005,0.015000000000000001,NaN,NaN,0.3,100.0,0.08,0.6,0.27,1.0,1.0,1.0,2.3314831483148315,24.540693215227893,30.568497101084667,24.540712897605037,24.54071359837636,2.0383148466862622e-5,2.0383148466862622e-5,8.305856842794706e-7,8.305856842794706e-7,2.1316282072803006e-14,NaN,52.42342925981578,52.42342593685674,false,76.9641395352331,31.885906535915947,-30.52753552712002,NaN,NaN,NaN
